phase,model,reference,dwell_scale,contrast,chunk_size,feature,n_observations,mean_g,uncertainty_method,cluster_unit,se_mean_g,mean_g_ci_low,mean_g_ci_high,phi_ci_low,phi_ci_high,g_q025,g_q975,degrees_of_freedom,phi,rho_at_n,implied_delta_at_n,mean_raw_delta,mean_excess_delta,excess_delta_cv,excess_delta_skew,raw_delta_gamma_shape,raw_delta_gamma_scale,raw_delta_gamma_ks_d
baseline,iid,estimated,,,1000,f1,250,9.258421805370915,monte_carlo_standard_error,independent_simulation_replicate,0.2605099864401705,8.74782223194818,9.76902137879365,0.9719802479942423,1.085446819865961,2.877902079477286,17.769964962265725,9,1.0287135339301017,2.8713533930101674e-05,0.00012921090268545754,0.0046292109026854576,0.00012921090268545765,15.93915244861213,0.6842817808426702,,,
baseline,iid,estimated,,,1000,f3,250,61.8047388927939,monte_carlo_standard_error,independent_simulation_replicate,0.7915755746216309,60.2532507665355,63.3562270190523,0.6694805640726167,0.70395807798947,41.233561925602736,89.47865695885045,90,0.6867193210310434,-0.0003132806789689566,-0.01409763055360305,0.030933302749146095,-0.01409763055360305,nan,0.40809725253182555,,,
baseline,iid,estimated,,,2000,f1,250,10.16289678566593,monte_carlo_standard_error,independent_simulation_replicate,0.2876449676340271,9.599112649103237,10.726680922228624,1.0665680721225819,1.1918534358031805,3.7099761878836763,20.14096917769305,9,1.129210753962881,6.460537698144053e-05,0.0002907241964164826,0.002540724196416483,0.00029072419641648276,3.910980176491123,0.9720447161322202,,,
baseline,iid,estimated,,,2000,f3,250,71.66106312115463,monte_carlo_standard_error,independent_simulation_replicate,0.6869841829291174,70.31457412261355,73.0075521196957,0.7812730458068172,0.8111950235521744,51.35493385444228,93.62605465698265,90,0.7962340346794958,-0.00010188298266025209,-0.004584734219711344,0.017924227894235773,-0.0045847342197113455,nan,0.2809325313652514,,,
baseline,iid,estimated,,,4000,f1,250,10.776224909346704,monte_carlo_standard_error,independent_simulation_replicate,0.32403233541241017,10.14112153193838,11.411328286755028,1.1267912813264866,1.267925365195003,3.158104936108996,23.6263082140607,9,1.1973583232607448,4.933958081518619e-05,0.00022202811366833796,0.0013470281136683379,0.00022202811366833815,2.884432624649231,1.148489691273555,,,
baseline,iid,estimated,,,4000,f3,250,83.14213078300638,monte_carlo_standard_error,independent_simulation_replicate,0.9124976893867671,81.35363531180832,84.93062625420444,0.9039292812423146,0.943673625046716,60.77116069806733,112.96329699353875,90,0.9238014531445153,-1.9049636713871165e-05,-0.0008572336521242025,0.01039536518917309,-0.0008572336521242033,nan,0.5334844131761012,,,
baseline,iid,oracle,,,1000,f1,250,8.922820177386072,monte_carlo_standard_error,independent_simulation_replicate,0.24964564089495822,8.433514721231953,9.41212563354019,0.9370571912479948,1.0457917370600212,3.0702480544819544,17.35793865930852,9,0.991424464154008,-8.575535845992022e-06,-3.8589911306964094e-05,0.004461410088693036,-3.858991130696446e-05,nan,0.7184019110706729,,,
baseline,iid,oracle,,,1000,f3,250,59.35492969099158,monte_carlo_standard_error,independent_simulation_replicate,0.7537334629859276,57.877612103539164,60.832247278444,0.6430845789282129,0.6759138586493778,39.752041716603706,85.88818121700373,90,0.6594992187887954,-0.00034050078121120465,-0.015322535154504208,0.0297071720175133,-0.01532253515450421,nan,0.4153512003071816,,,
baseline,iid,oracle,,,2000,f1,250,9.46085969362275,monte_carlo_standard_error,independent_simulation_replicate,0.262596912708437,8.946169744714213,9.975549642531286,0.9940188605238015,1.1083944047256984,3.215749372238474,19.38662210145234,9,1.05120663262475,2.5603316312375e-05,0.0001152149234056874,0.002365214923405687,0.00011521492340568725,9.00929677923656,0.946625341895323,,,
baseline,iid,oracle,,,2000,f3,250,66.55681739551545,monte_carlo_standard_error,independent_simulation_replicate,0.6472489154705513,65.28820952119317,67.82542526983774,0.7254245502354796,0.7536158363315304,48.0164275528127,87.60923987924073,90,0.739520193283505,-0.00013023990335824748,-0.005860795651121137,0.01664752811293533,-0.005860795651121136,nan,0.3657266711973634,,,
baseline,iid,oracle,,,4000,f1,250,9.606282797221164,monte_carlo_standard_error,independent_simulation_replicate,0.28833376701440233,9.041148613872936,10.171416980569392,1.004572068208104,1.1301574422854879,3.080486585139961,19.622284304096432,9,1.067364755246796,1.6841188811698993e-05,7.57853496526455e-05,0.0012007853496526452,7.578534965264525e-05,7.519522525469514,1.340492307062662,,,
baseline,iid,oracle,,,4000,f3,250,73.56755756719336,monte_carlo_standard_error,independent_simulation_replicate,0.709972739535791,72.17601099770322,74.95910413668351,0.801955677752258,0.832878934852039,53.167134253255405,96.28020885114192,90,0.8174173063021485,-4.564567342446288e-05,-0.00205405530410083,0.009198244256963412,-0.002054055304100829,nan,0.3259873199337117,,,
baseline,markov,estimated,,,1000,f1,250,10.096761252249776,monte_carlo_standard_error,independent_simulation_replicate,0.274536188005167,9.558670323759648,10.634852180739903,1.0620744804177387,1.1816502423044337,3.6679197868532185,20.577398043527257,9,1.121862361361086,0.00012186236136108608,0.0005483806261248878,0.005048380626124887,0.0005483806261248874,3.957833359154871,0.97791350317846,,,
baseline,markov,estimated,,,1000,f3,250,58.075177761933574,monte_carlo_standard_error,independent_simulation_replicate,0.6837295578374494,56.73506782857217,59.41528769529498,0.6303896425396908,0.6601698632810553,39.2364243493787,80.97938213427179,90,0.6452797529103731,-0.0003547202470896269,-0.015962411119033213,0.02906665553650329,-0.015962411119033213,nan,0.3467594334427589,,,
baseline,markov,estimated,,,2000,f1,250,11.212040148659224,monte_carlo_standard_error,independent_simulation_replicate,0.3484096909840494,10.529157154330488,11.89492314298796,1.1699063504811653,1.3216581269986623,3.3651183454085447,23.702615603558517,9,1.2457822387399138,0.0001228911193699569,0.0005530100371648059,0.0028030100371648054,0.0005530100371648056,2.4903892071146165,1.2053212786534062,,,
baseline,markov,estimated,,,2000,f3,250,68.43193382392589,monte_carlo_standard_error,independent_simulation_replicate,0.7352909876516661,66.99076348812862,69.87310415972316,0.7443418165347625,0.776367823996924,48.20239393239154,92.81320525464864,90,0.7603548202658432,-0.00011982258986707839,-0.005392016544018528,0.017116541726844896,-0.005392016544018524,nan,0.3737937415242706,,,
baseline,markov,estimated,,,4000,f1,250,11.883761482365422,monte_carlo_standard_error,independent_simulation_replicate,0.3929710195229895,11.113538284100363,12.653984680630481,1.2348375871222625,1.4059982978478311,2.8366048980134106,26.46821045679781,9,1.3204179424850468,8.010448562126171e-05,0.0003604701852956778,0.0014854701852956777,0.00036047018529567783,2.1546225021214704,0.7867794739263564,,,
baseline,markov,estimated,,,4000,f3,250,80.31897290891376,monte_carlo_standard_error,independent_simulation_replicate,0.9214711791646794,78.512889397751,82.12505642007653,0.8723654377527889,0.9125006268897392,57.6045124358721,115.93060775007268,90,0.892433032321264,-2.6891741919683994e-05,-0.0012101283863857795,0.010042382209166513,-0.0012101283863857777,nan,0.6073132966569845,,,
baseline,markov,oracle,,,1000,f1,250,9.786674823302679,monte_carlo_standard_error,independent_simulation_replicate,0.2653431640858889,9.266602221694336,10.306747424911022,1.0296224690771485,1.1451941583234468,3.508596844791537,20.675118156705892,9,1.0874083137002977,8.740831370029767e-05,0.0003933374116513395,0.004893337411651339,0.00039333741165133905,5.333135974432695,0.9305126730154963,,,
baseline,markov,oracle,,,1000,f3,250,55.80454999416757,monte_carlo_standard_error,independent_simulation_replicate,0.6381844928481125,54.55370838818527,57.055391600149875,0.6061523154242808,0.6339487955572208,38.17960542521813,77.69462605868218,90,0.6200505554907508,-0.00037994944450924916,-0.017097725002916214,0.027930205202286076,-0.01709772500291621,nan,0.24648993038399564,,,
baseline,markov,oracle,,,2000,f1,250,10.619563610494566,monte_carlo_standard_error,independent_simulation_replicate,0.32862347834400574,9.975461592940315,11.263665628048818,1.1083846214378128,1.2515184031165354,3.3844701351071325,22.962678176290837,9,1.179951512277174,8.9975756138587e-05,0.00040489090262364156,0.002654890902623642,0.0004048909026236418,3.2082675772664953,0.8192420026526921,,,
baseline,markov,oracle,,,2000,f3,250,63.50498853596969,monte_carlo_standard_error,independent_simulation_replicate,0.6707188947123226,62.190379502333535,64.81959756960583,0.6910042166925948,0.7202177507733981,46.124862998456486,86.90178075845516,90,0.7056109837329966,-0.0001471945081335017,-0.006623752866007578,0.015884189228606724,-0.00662375286600758,nan,0.3943860032643875,,,
baseline,markov,oracle,,,4000,f1,250,10.534162558535499,monte_carlo_standard_error,independent_simulation_replicate,0.3304329375882297,9.886514000862569,11.18181111620843,1.0985015556513966,1.242423457356492,2.4611717705046234,22.539580663804617,9,1.1704625065039442,4.2615626625986056e-05,0.00019177031981693738,0.0013167703198169373,0.0001917703198169375,3.4055084023056352,0.9608221852662151,,,
baseline,markov,oracle,,,4000,f3,250,69.93570251195014,monte_carlo_standard_error,independent_simulation_replicate,0.7315541175954974,68.50185644146296,71.36954858243732,0.7611317382384774,0.7929949842493035,49.87074511035155,95.24623752163315,90,0.7770633612438904,-5.5734159689027394e-05,-0.0025080371860062324,0.008744148851206569,-0.0025080371860062333,nan,0.35241206436493444,,,
observed,human,estimated,,,1000,f1,1003,77.16577210248299,author_cluster_bootstrap,author,14.267453332642738,52.22813581792049,108.11202846499316,5.803126201991166,12.012447607221462,7.932240996095667,361.4261363740864,9,8.573974678053666,0.007573974678053666,0.0340828860512415,0.038582886051241494,0.034082886051241504,1.4453893784644818,3.933981243863048,0.6134045280736412,0.06289957815017873,0.1863618696068138
observed,human,estimated,,,1000,f3,1003,136.0663090276632,author_cluster_bootstrap,author,15.896331711740414,108.56189524387985,169.7405162500451,1.2062432804875538,1.886005736111612,39.101123687468565,417.36346875822284,90,1.5118478780851468,0.0005118478780851468,0.023033154513831606,0.0681012557696012,0.023033154513831602,2.3303056400551734,3.61814479019344,1.6066031066060458,0.042388350607304205,0.14384146956070254
observed,human,estimated,,,2000,f1,485,120.66616773777332,author_cluster_bootstrap,author,24.94891480534708,77.45178106370909,174.30652641645435,8.605753451523233,19.367391824050483,13.198514273887975,527.8119555360872,9,13.407351970863703,0.006203675985431851,0.02791654193444333,0.03016654193444333,0.02791654193444333,1.4606228106852748,4.243570025444219,0.5473330319172831,0.055115515006962545,0.22413005504122147
observed,human,estimated,,,2000,f3,485,201.62270017216642,author_cluster_bootstrap,author,27.604351752260563,154.07047176834874,260.8261996239667,1.7118941307594304,2.8980688847107414,55.17601639979274,612.6094765210918,90,2.2402522241351823,0.0006201261120675911,0.027905675043041603,0.05043089048828576,0.02790567504304161,1.5448071840110102,3.690971768695292,1.3671785764633113,0.03688683494349583,0.16003663798005552
observed,human,estimated,,,4000,f1,225,201.4186848211237,author_cluster_bootstrap,author,43.928537881530914,128.15098523317312,295.1029188018483,14.238998359241457,32.78921320020537,22.587910880185895,901.1529225607753,9,22.379853869013743,0.005344963467253436,0.024052335602640463,0.025177335602640467,0.024052335602640463,1.385080757113552,3.718243892626377,0.5711561224971824,0.044081354661071104,0.20579430538669863
observed,human,estimated,,,4000,f3,225,319.9732578450142,author_cluster_bootstrap,author,48.30097963060705,238.4689981019098,424.63119827322083,2.6496555344656643,4.71812442525801,89.73327823772793,983.4348129129075,90,3.5552584205001576,0.0006388146051250394,0.028746657230626773,0.040006658895350614,0.028746657230626783,1.2272360282182846,3.2394916480198033,1.2853354871357197,0.03112546046985963,0.1770607603945839
sweep,two_state_hsmm,estimated,0.25,0.0,1000,f1,250,10.508656480728446,monte_carlo_standard_error,independent_simulation_replicate,0.30182340987036693,9.917082597382526,11.100230364074365,1.1018980663758362,1.233358929341596,3.5037401926319767,20.40012698874551,9,1.1676284978587161,0.00016762849785871613,0.0007543282403642228,0.005254328240364224,0.0007543282403642228,3.1632430528123123,1.0293231957964517,,,
sweep,two_state_hsmm,estimated,0.25,0.0,1000,f3,250,58.11465669180379,monte_carlo_standard_error,independent_simulation_replicate,0.7349319623983709,56.67419004550298,59.55512333810459,0.6297132227278109,0.6617235926456065,39.11127084977723,82.11699963509166,90,0.6457184076867087,-0.00035428159231329126,-0.015942671654098108,0.02908641476066255,-0.015942671654098108,nan,0.35764262616620446,,,
sweep,two_state_hsmm,estimated,0.25,0.0,2000,f1,250,10.57101002663843,monte_carlo_standard_error,independent_simulation_replicate,0.34102905398081457,9.902593080836033,11.239426972440826,1.1002881200928925,1.248825219160092,2.877491623620885,22.654776758223814,9,1.1745566696264922,8.72783348132461e-05,0.00039275250665960735,0.002642752506659607,0.000392752506659607,3.432277772215929,1.3764741898179071,,,
sweep,two_state_hsmm,estimated,0.25,0.0,2000,f3,250,68.75455381285661,monte_carlo_standard_error,independent_simulation_replicate,0.7939156477470465,67.19847914327241,70.31062848244082,0.7466497682585823,0.7812292053604536,47.487118073750175,97.05990572179029,90,0.763939486809518,-0.00011803025659524102,-0.005311361546785846,0.017197237071750027,-0.00531136154678585,nan,0.48560167699484647,,,
sweep,two_state_hsmm,estimated,0.25,0.0,4000,f1,250,11.620437345999337,monte_carlo_standard_error,independent_simulation_replicate,0.3849822984293111,10.865872041077887,12.375002650920786,1.207319115675321,1.375000294546754,4.27084010573304,25.534255192540364,9,1.2911597051110375,7.278992627775938e-05,0.0003275546682499171,0.001452554668249917,0.00032755466824991696,2.322934611930224,1.241824946681804,,,
sweep,two_state_hsmm,estimated,0.25,0.0,4000,f3,250,77.5537835030368,monte_carlo_standard_error,independent_simulation_replicate,0.8739933210293165,75.84075659381934,79.26681041225426,0.8426750732646593,0.8807423379139362,55.31721989178807,106.48051894035117,90,0.8617087055892978,-3.457282360267555e-05,-0.0015557770621204003,0.009696647099654515,-0.0015557770621203997,nan,0.3389224395761523,,,
sweep,two_state_hsmm,estimated,0.25,0.25,1000,f1,250,10.917906895190608,monte_carlo_standard_error,independent_simulation_replicate,0.3494703696882419,10.232944970601654,11.602868819779562,1.136993885622406,1.2892076466421736,3.171219032798125,25.245254019996228,9,1.21310076613229,0.0002131007661322899,0.000958953447595304,0.0054589534475953045,0.0009589534475953037,2.8810635848047297,0.9393245709926958,,,
sweep,two_state_hsmm,estimated,0.25,0.25,1000,f3,250,59.13128645786103,monte_carlo_standard_error,independent_simulation_replicate,0.73488210593158,57.69091753023513,60.57165538548693,0.6410101947803903,0.673018393172077,40.55570262180776,84.89104443209999,90,0.6570142939762337,-0.00034298570602376633,-0.015434356771069484,0.02959523846739791,-0.015434356771069486,nan,0.5871556449603735,,,
sweep,two_state_hsmm,estimated,0.25,0.25,2000,f1,250,10.752878342223742,monte_carlo_standard_error,independent_simulation_replicate,0.3495252155517135,10.067808919742383,11.4379477647051,1.1186454355269315,1.2708830849672335,3.4565590296301214,23.679153407492567,9,1.1947642602470825,9.738213012354124e-05,0.00043821958555593545,0.002688219585555935,0.00043821958555593523,3.152802319990211,0.954513938240383,,,
sweep,two_state_hsmm,estimated,0.25,0.25,2000,f3,250,67.41871985915854,monte_carlo_standard_error,independent_simulation_replicate,0.7982846552305054,65.85408193490676,68.98335778341033,0.731712021498964,0.7664817531490036,46.07255298736406,95.36075289043761,90,0.7490968873239838,-0.00012545155633800808,-0.005645320035210365,0.016863111520549916,-0.005645320035210363,nan,0.6423974356463662,,,
sweep,two_state_hsmm,estimated,0.25,0.25,4000,f1,250,11.59953262218645,monte_carlo_standard_error,independent_simulation_replicate,0.3614943157918525,10.89100376323442,12.30806148113848,1.2101115292482687,1.3675623867931646,3.698767746260135,25.290469518949312,9,1.2888369580207166,7.220923950517916e-05,0.0003249415777733062,0.0014499415777733061,0.00032494157777330634,2.198751785897836,1.0221072699082812,,,
sweep,two_state_hsmm,estimated,0.25,0.25,4000,f3,250,80.86984700522788,monte_carlo_standard_error,independent_simulation_replicate,0.9050983383991448,79.09585426196556,82.64383974849021,0.8788428251329506,0.9182648860943357,53.4824151128332,112.94913299849328,90,0.8985538556136431,-2.5361536096589226e-05,-0.0011412691243465147,0.010111258690326069,-0.0011412691243465147,nan,0.5912544917253811,,,
sweep,two_state_hsmm,estimated,0.25,0.5,1000,f1,250,11.21059745356092,monte_carlo_standard_error,independent_simulation_replicate,0.36065826620273317,10.503707251803563,11.917487655318277,1.1670785835337292,1.3241652950353642,3.456017791008177,22.878542211713956,9,1.2456219392845467,0.0002456219392845467,0.0011052987267804603,0.0056052987267804595,0.0011052987267804596,2.579622934810673,2.0498376145239714,,,
sweep,two_state_hsmm,estimated,0.25,0.5,1000,f3,250,59.898987269797104,monte_carlo_standard_error,independent_simulation_replicate,0.7066084855788269,58.514034638062604,61.2839399015316,0.6501559404229178,0.6809326655725734,41.65504695016524,84.28055550781393,90,0.6655443029977456,-0.0003344556970022544,-0.015050506365101447,0.029979473108006558,-0.015050506365101447,nan,0.5439427173473226,,,
sweep,two_state_hsmm,estimated,0.25,0.5,2000,f1,250,12.174332458146392,monte_carlo_standard_error,independent_simulation_replicate,0.43492829567386226,11.321872998625622,13.026791917667161,1.2579858887361803,1.44742132418524,3.1683708970910973,30.51885231611795,9,1.35270360646071,0.00017635180323035505,0.0007935831145365979,0.003043583114536597,0.0007935831145365975,2.166383092065423,1.293821103007123,,,
sweep,two_state_hsmm,estimated,0.25,0.5,2000,f3,250,70.79381205693106,monte_carlo_standard_error,independent_simulation_replicate,0.785068593760375,69.25507761316072,72.3325465007014,0.7695008623684525,0.8036949611189044,47.53970496214376,98.34670430144584,90,0.7865979117436784,-0.00010670104412816078,-0.004801546985767235,0.017707306667566546,-0.004801546985767239,nan,0.33137305497228225,,,
sweep,two_state_hsmm,estimated,0.25,0.5,4000,f1,250,12.401734888843096,monte_carlo_standard_error,independent_simulation_replicate,0.4209163770243503,11.57673878987537,13.226730987810823,1.2863043099861522,1.4696367764234248,3.840460122622491,30.867248605259675,9,1.3779705432047884,9.44926358011971e-05,0.00042521686110538704,0.0015502168611053872,0.00042521686110538715,1.9564347301558747,1.17065242919875,,,
sweep,two_state_hsmm,estimated,0.25,0.5,4000,f3,250,83.61901439994197,monte_carlo_standard_error,independent_simulation_replicate,0.9278138616423286,81.80049923112301,85.43752956876094,0.9088944359013668,0.9493058840973437,57.709610668571635,113.98513892042648,90,0.9291001599993552,-1.7724960000161188e-05,-0.0007976232000072532,0.010454990547629656,-0.0007976232000072517,nan,0.42819224856387716,,,
sweep,two_state_hsmm,estimated,0.25,0.75,1000,f1,250,12.874817165022634,monte_carlo_standard_error,independent_simulation_replicate,0.44474365414956407,12.003119602889488,13.74651472715578,1.3336799558766097,1.5273905252395312,4.43898157118997,29.543011837845345,9,1.4305352405580705,0.0004305352405580705,0.001937408582511317,0.006437408582511317,0.0019374085825113166,1.8147990758302055,1.9976132111091487,,,
sweep,two_state_hsmm,estimated,0.25,0.75,1000,f3,250,63.11385604818429,monte_carlo_standard_error,independent_simulation_replicate,0.7841534037485576,61.576915376837114,64.65079671953146,0.6841879486315234,0.7183421857725717,42.309998903319666,89.19781829205748,90,0.7012650672020476,-0.00029873493279795237,-0.013443071975907855,0.03158851654063277,-0.013443071975907859,nan,0.5113550819770117,,,
sweep,two_state_hsmm,estimated,0.25,0.75,2000,f1,250,13.16092346298174,monte_carlo_standard_error,independent_simulation_replicate,0.42790327500305414,12.322233043975753,13.999613881987727,1.3691370048861948,1.5555126535541919,3.997867644471996,28.24114846153903,9,1.4623248292201934,0.00023116241461009667,0.001040230865745435,0.0032902308657454353,0.001040230865745435,1.6260200161016307,0.9054066386083608,,,
sweep,two_state_hsmm,estimated,0.25,0.75,2000,f3,250,71.44115428833868,monte_carlo_standard_error,independent_simulation_replicate,0.8495940991414574,69.77594985402142,73.10635872265594,0.7752883317113491,0.8122928746961772,49.762675435047484,98.13299616865751,90,0.7937906032037632,-0.00010310469839811842,-0.00463971142791533,0.01786922318367651,-0.0046397114279153285,nan,0.44918730344084173,,,
sweep,two_state_hsmm,estimated,0.25,0.75,4000,f1,250,12.718983045928953,monte_carlo_standard_error,independent_simulation_replicate,0.43045936625950043,11.875282688060333,13.562683403797573,1.3194758542289258,1.5069648226441748,3.804216291884729,27.26040147576984,9,1.4132203384365503,0.00010330508460913757,0.0004648728807411191,0.0015898728807411193,0.0004648728807411193,1.830113260428481,1.8765150882264723,,,
sweep,two_state_hsmm,estimated,0.25,0.75,4000,f3,250,82.22121296526382,monte_carlo_standard_error,independent_simulation_replicate,0.9393206874485939,80.38014441786457,84.06228151266306,0.8931127157540508,0.9340253501407006,57.28890660657762,112.14219695909942,90,0.9135690329473758,-2.160774176315605e-05,-0.0009723483793420229,0.010280221676076996,-0.0009723483793420231,nan,0.30780939386001605,,,
sweep,two_state_hsmm,estimated,0.25,1.0,1000,f1,250,12.375883733959794,monte_carlo_standard_error,independent_simulation_replicate,0.509986855765162,11.376309496660078,13.375457971259511,1.2640343885177865,1.4861619968066124,3.629535335450125,30.109462665859304,9,1.3750981926621995,0.00037509819266219943,0.001687941866979897,0.0061879418669798965,0.0016879418669798966,2.388589430291222,3.463670000377553,,,
sweep,two_state_hsmm,estimated,0.25,1.0,1000,f3,250,62.60639828209418,monte_carlo_standard_error,independent_simulation_replicate,0.7596103998877726,61.11756189831415,64.09523466587422,0.6790840210923794,0.7121692740652691,41.786672955919805,87.53811963103594,90,0.6956266475788243,-0.00030437335242117566,-0.013696800858952909,0.031334533674721804,-0.013696800858952913,nan,0.6602067789789824,,,
sweep,two_state_hsmm,estimated,0.25,1.0,2000,f1,250,12.746980006542119,monte_carlo_standard_error,independent_simulation_replicate,0.44142684888714956,11.881783382723306,13.612176630360931,1.3201981536359229,1.5124640700401035,3.4886753912678743,29.138559629067466,9,1.416331111838013,0.00020816555591900653,0.0009367450016355296,0.0031867450016355293,0.0009367450016355293,1.8627191236637646,1.3163631228213697,,,
sweep,two_state_hsmm,estimated,0.25,1.0,2000,f3,250,73.17992847488603,monte_carlo_standard_error,independent_simulation_replicate,0.8612032563829732,71.4919700923754,74.86788685739666,0.7943552232486155,0.8318654095266295,48.36642909297214,101.24111587783644,90,0.8131103163876225,-9.344484180618873e-05,-0.004205017881278494,0.018304134185814412,-0.004205017881278494,nan,0.4151731698149467,,,
sweep,two_state_hsmm,estimated,0.25,1.0,4000,f1,250,14.32629453887897,monte_carlo_standard_error,independent_simulation_replicate,0.5531589514085704,13.242102994118174,15.410486083639768,1.4713447771242416,1.7122762315155298,3.9553856912090617,36.2604537657568,9,1.5918105043198856,0.0001479526260799714,0.0006657868173598713,0.0017907868173598713,0.0006657868173598712,1.6420817341145886,2.252323123739341,,,
sweep,two_state_hsmm,estimated,0.25,1.0,4000,f3,250,86.01280153171416,monte_carlo_standard_error,independent_simulation_replicate,1.053704089844136,83.94754151561965,88.07806154780867,0.9327504612846628,0.9786451283089852,59.208983491359085,126.1721059174163,90,0.955697794796824,-1.107555130079399e-05,-0.00049839980853573,0.010754288763655183,-0.0004983998085357313,nan,0.6353096738883811,,,
sweep,two_state_hsmm,estimated,0.25,1.25,1000,f1,250,13.581144980647677,monte_carlo_standard_error,independent_simulation_replicate,0.5965336795938416,12.411938968643748,14.750350992651606,1.3791043298493053,1.6389278880724008,4.149273857804664,35.46894413945483,9,1.509016108960853,0.0005090161089608529,0.0022905724903238387,0.006790572490323838,0.0022905724903238387,2.058879533922707,3.0264504158840695,,,
sweep,two_state_hsmm,estimated,0.25,1.25,1000,f3,250,64.83049914449713,monte_carlo_standard_error,independent_simulation_replicate,0.9073907605735797,63.052013253772905,66.60898503522134,0.7005779250419212,0.7400998337246816,42.40568729870095,97.02247994578114,90,0.7203388793833014,-0.00027966112061669855,-0.012584750427751437,0.032447697269518086,-0.012584750427751434,nan,0.8849841863885967,,,
sweep,two_state_hsmm,estimated,0.25,1.25,2000,f1,250,13.576185005375388,monte_carlo_standard_error,independent_simulation_replicate,0.5084730867684099,12.579577755309305,14.57279225544147,1.397730861701034,1.6191991394934968,4.248162939749101,33.52750526609874,9,1.5084650005972653,0.00025423250029863267,0.001144046251343847,0.0033940462513438476,0.001144046251343847,1.7568488612193907,1.798472211195468,,,
sweep,two_state_hsmm,estimated,0.25,1.25,2000,f3,250,73.71871765991324,monte_carlo_standard_error,independent_simulation_replicate,0.8646085291046078,72.02408494286821,75.41335037695826,0.8002676104763135,0.8379261152995363,51.081764076203875,104.55511398196387,90,0.8190968628879248,-9.045156855603758e-05,-0.0040703205850216905,0.018438898864410518,-0.00407032058502169,nan,0.5002641660282839,,,
sweep,two_state_hsmm,estimated,0.25,1.25,4000,f1,250,13.917308410015853,monte_carlo_standard_error,independent_simulation_replicate,0.4742706489163134,12.987737938139878,14.846878881891827,1.4430819931266532,1.6496532090990919,4.0169590662744685,32.49528527138634,9,1.5463676011128724,0.0001365919002782181,0.0006146635512519816,0.0017396635512519814,0.0006146635512519814,1.5249963525643329,1.3332366420232384,,,
sweep,two_state_hsmm,estimated,0.25,1.25,4000,f3,250,86.93977012854134,monte_carlo_standard_error,independent_simulation_replicate,0.9459700802028124,85.08566877134383,88.79387148573885,0.9453963196815981,0.986598572063765,63.724297860589466,118.94607888573573,90,0.9659974458726815,-8.500638531829613e-06,-0.0003825287339323324,0.010870188813270985,-0.0003825287339323332,nan,0.5407295918354588,,,
sweep,two_state_hsmm,estimated,0.25,1.5,1000,f1,250,14.43127033346637,monte_carlo_standard_error,independent_simulation_replicate,0.6454316053027225,13.166224387073035,15.696316279859706,1.4629138207858927,1.744035142206634,3.719518545034719,43.1575176541903,9,1.6034744814962634,0.0006034744814962633,0.002715635166733185,0.007215635166733186,0.0027156351667331864,1.8789655285974094,2.634629545087891,,,
sweep,two_state_hsmm,estimated,0.25,1.5,1000,f3,250,67.61573065659023,monte_carlo_standard_error,independent_simulation_replicate,0.9368987659897425,65.77940907525033,69.45205223793013,0.730882323058337,0.7716894693103348,43.1152869920183,101.71234926630218,90,0.7512858961843359,-0.00024871410381566405,-0.011192134671704886,0.033841707035330446,-0.01119213467170489,nan,0.8483388330683904,,,
sweep,two_state_hsmm,estimated,0.25,1.5,2000,f1,250,14.941489421008809,monte_carlo_standard_error,independent_simulation_replicate,0.6133537565482987,13.739316058174143,16.143662783843475,1.5265906731304604,1.7937403093159416,4.142392777638062,41.637710430546754,9,1.660165491223201,0.00033008274561160044,0.0014853723552522022,0.0037353723552522025,0.0014853723552522026,1.632246348242857,2.097038889825912,,,
sweep,two_state_hsmm,estimated,0.25,1.5,2000,f3,250,76.94867090728845,monte_carlo_standard_error,independent_simulation_replicate,1.0013544441656628,74.98601619672375,78.91132561785314,0.833177957741375,0.8767925068650348,51.505376131103,109.05223843839954,90,0.854985232303205,-7.25073838483975e-05,-0.0032628322731778885,0.0192467911223833,-0.003262832273177891,nan,0.5535141031403468,,,
sweep,two_state_hsmm,estimated,0.25,1.5,4000,f1,250,14.314381277664914,monte_carlo_standard_error,independent_simulation_replicate,0.5697774933297399,13.197617390738625,15.431145164591204,1.4664019323042916,1.7145716849545782,3.9060793273675936,36.96219562470346,9,1.5904868086294348,0.0001476217021573587,0.0006642976597081143,0.0017892976597081143,0.0006642976597081143,1.695206407184116,1.6959591362168687,,,
sweep,two_state_hsmm,estimated,0.25,1.5,4000,f3,250,86.701103537861,monte_carlo_standard_error,independent_simulation_replicate,1.045692764892729,84.65154571867126,88.75066135705075,0.9405727302074585,0.9861184595227861,57.873225475291356,123.52385038445293,90,0.9633455948651223,-9.16360128371943e-06,-0.00041236205776737475,0.010840348029239933,-0.0004123620577673758,nan,0.40036098425474803,,,
sweep,two_state_hsmm,estimated,0.25,2.0,1000,f1,250,14.893962100593118,monte_carlo_standard_error,independent_simulation_replicate,0.6932476417048856,13.535196722851541,16.252727478334695,1.5039107469835047,1.805858608703855,4.39272826962054,39.877322711494806,9,1.6548846778436799,0.0006548846778436798,0.002946981050296559,0.007446981050296559,0.0029469810502965586,1.859735007548797,4.649307479973279,,,
sweep,two_state_hsmm,estimated,0.25,2.0,1000,f3,250,70.23652030847077,monte_carlo_standard_error,independent_simulation_replicate,1.0058454457483175,68.26506323480407,72.20797738213747,0.7585007026089342,0.8023108598015275,44.13877094029311,101.92502876231134,90,0.7804057812052309,-0.00021959421879476915,-0.009881739845764613,0.03515341356780319,-0.009881739845764613,nan,1.7291321975005396,,,
sweep,two_state_hsmm,estimated,0.25,2.0,2000,f1,250,15.571569353265348,monte_carlo_standard_error,independent_simulation_replicate,0.7041254878675304,14.191483397044989,16.95165530948571,1.5768314885605543,1.8835172566095233,4.234750068081183,45.59224518132211,9,1.7301743725850387,0.00036508718629251933,0.001642892338316337,0.0038928923383163374,0.0016428923383163374,1.694146542889528,2.272688234670346,,,
sweep,two_state_hsmm,estimated,0.25,2.0,2000,f3,250,80.1057431763654,monte_carlo_standard_error,independent_simulation_replicate,1.081452508320102,77.98609626005799,82.2253900926728,0.8665121806673111,0.9136154454741422,53.278910228064895,121.13291002280394,90,0.8900638130707266,-5.496809346463671e-05,-0.0024735642059086514,0.020036454021101897,-0.0024735642059086544,nan,1.1118822226306706,,,
sweep,two_state_hsmm,estimated,0.25,2.0,4000,f1,250,16.331932428106676,monte_carlo_standard_error,independent_simulation_replicate,0.7724679663946086,14.817895213973243,17.845969642240107,1.6464328015525824,1.9828855158044563,4.752933378117682,49.05286615922691,9,1.8146591586785195,0.00020366478966962986,0.0009164915535133344,0.0020414915535133344,0.0009164915535133343,1.6658351787048333,2.7059247188933044,,,
sweep,two_state_hsmm,estimated,0.25,2.0,4000,f3,250,90.69114351153216,monte_carlo_standard_error,independent_simulation_replicate,1.1900904684590057,88.35856619335252,93.0237208297118,0.9817618465928057,1.033596898107909,59.64570297393063,136.3631342856977,90,1.0076793723503574,1.919843087589357e-06,8.639293894152011e-05,0.011339227745877992,8.639293894152091e-05,27.225868717513656,0.7255848078379253,,,
sweep,two_state_hsmm,estimated,0.5,0.0,1000,f1,250,10.855619327802692,monte_carlo_standard_error,independent_simulation_replicate,0.3448474864400621,10.179718254380171,11.531520401225213,1.1310798060422413,1.2812800445805792,2.8275377570221205,23.987997229291235,9,1.2061799253114103,0.00020617992531141028,0.0009278096639013463,0.005427809663901346,0.0009278096639013463,2.938381504750578,1.014099476926183,,,
sweep,two_state_hsmm,estimated,0.5,0.0,1000,f3,250,57.88310244238425,monte_carlo_standard_error,independent_simulation_replicate,0.7667324105092782,56.380306917786065,59.385897966982434,0.6264478546420674,0.6598433107442493,37.83905406366801,84.27338583571589,90,0.6431455826931584,-0.0003568544173068416,-0.016058448778807875,0.028970521742935063,-0.016058448778807875,nan,0.29887326106962325,,,
sweep,two_state_hsmm,estimated,0.5,0.0,2000,f1,250,10.571413720304637,monte_carlo_standard_error,independent_simulation_replicate,0.3087150724893118,9.966332178225587,11.176495262383687,1.1073702420250653,1.2418328069315208,3.7550926444879122,22.759488995882283,9,1.174601524478293,8.730076223914651e-05,0.00039285343007615923,0.0026428534300761597,0.0003928534300761593,3.106256374358741,0.8620894532959568,,,
sweep,two_state_hsmm,estimated,0.5,0.0,2000,f3,250,66.65275275749654,monte_carlo_standard_error,independent_simulation_replicate,0.7969856248240099,65.09066093284149,68.2148445821516,0.723229565920461,0.7579427175794622,43.258712799259285,89.93239981321862,90,0.7405861417499616,-0.00012970692912501919,-0.005836811810625864,0.016671523951349812,-0.00583681181062586,nan,0.1385097146199518,,,
sweep,two_state_hsmm,estimated,0.5,0.0,4000,f1,250,11.26414035987339,monte_carlo_standard_error,independent_simulation_replicate,0.33793376291880656,10.601790184552529,11.92649053519425,1.1779766871725033,1.3251656150215831,3.804574421649568,24.33077049252014,9,1.2515711510970433,6.289278777426083e-05,0.00028301754498417367,0.0014080175449841734,0.0002830175449841734,2.359925223793411,0.9224699020300283,,,
sweep,two_state_hsmm,estimated,0.5,0.0,4000,f3,250,80.2222371449787,monte_carlo_standard_error,independent_simulation_replicate,0.8809136406303827,78.49564640934315,81.94882788061426,0.8721738489927017,0.9105425320068251,54.99473476409075,110.9839273496787,90,0.8913581904997634,-2.7160452375059153e-05,-0.0012222203568776617,0.01003028721492607,-0.0012222203568776604,nan,0.3356421457559602,,,
sweep,two_state_hsmm,estimated,0.5,0.25,1000,f1,250,10.448216069497489,monte_carlo_standard_error,independent_simulation_replicate,0.3638436510133368,9.73508251351135,11.161349625483629,1.0816758348345943,1.2401499583870699,2.826965691727537,24.645356365409093,9,1.1609128966108322,0.0001609128966108322,0.0007241080347487446,0.005224108034748744,0.0007241080347487446,3.972386005193302,1.452847877056466,,,
sweep,two_state_hsmm,estimated,0.5,0.25,1000,f3,250,58.77723119732222,monte_carlo_standard_error,independent_simulation_replicate,0.7679961215970953,57.27195879899192,60.28250359565253,0.6363550977665768,0.6698055955072503,37.153559779222086,84.2262385212898,90,0.6530803466369136,-0.0003469196533630864,-0.015611384401338888,0.0294180336322934,-0.015611384401338892,nan,0.4853652697916498,,,
sweep,two_state_hsmm,estimated,0.5,0.25,2000,f1,250,12.020602569925655,monte_carlo_standard_error,independent_simulation_replicate,0.42849774545524294,11.180746988833379,12.860458151017932,1.2423052209814864,1.428939794557548,3.194531128097572,27.960118639733714,9,1.3356225077695172,0.0001678112538847586,0.0007551506424814139,0.0030051506424814134,0.0007551506424814136,2.2429777114289196,1.4444249879328588,,,
sweep,two_state_hsmm,estimated,0.5,0.25,2000,f3,250,68.39507629492282,monte_carlo_standard_error,independent_simulation_replicate,0.831196060119343,66.7659320170889,70.02422057275673,0.7418436890787655,0.7780468952528525,47.00103412089289,95.87706199204791,90,0.7599452921658091,-0.00012002735391709545,-0.0054012309262692956,0.017107322735098254,-0.005401230926269294,nan,0.5441398144367169,,,
sweep,two_state_hsmm,estimated,0.5,0.25,4000,f1,250,12.550783009962778,monte_carlo_standard_error,independent_simulation_replicate,0.4110677223215562,11.745090274212528,13.356475745713029,1.3050100304680585,1.484052860634781,4.252696733408308,29.173129397891856,9,1.3945314455514197,9.863286138785493e-05,0.00044384787624534726,0.0015688478762453475,0.0004438478762453475,1.8304558057567444,1.1497856184173056,,,
sweep,two_state_hsmm,estimated,0.5,0.25,4000,f3,250,80.58297551587076,monte_carlo_standard_error,independent_simulation_replicate,0.8884985019029163,78.84151845214105,82.32443257960047,0.8760168716904561,0.9147159175511164,57.5987827088544,109.95788220728572,90,0.8953663946207862,-2.615840134480346e-05,-0.0011771280605161554,0.010075390787180638,-0.0011771280605161552,nan,0.4752140683121694,,,
sweep,two_state_hsmm,estimated,0.5,0.5,1000,f1,250,14.058384063627337,monte_carlo_standard_error,independent_simulation_replicate,0.5667807380984891,12.947493816954298,15.169274310300375,1.4386104241060331,1.6854749233667083,3.6546317512393576,40.14671671304102,9,1.5620426737363706,0.0005620426737363706,0.0025291920318136684,0.007029192031813668,0.0025291920318136676,1.771631062171006,3.0646726535677584,,,
sweep,two_state_hsmm,estimated,0.5,0.5,1000,f3,250,63.91180224008813,monte_carlo_standard_error,independent_simulation_replicate,0.8310233263628368,62.282996520416965,65.54060795975928,0.6920332946712996,0.7282289773306587,43.82949509331842,97.84109720599903,90,0.7101311360009792,-0.0002898688639990208,-0.013044098879955935,0.03198788900905312,-0.013044098879955937,nan,0.8791167625759396,,,
sweep,two_state_hsmm,estimated,0.5,0.5,2000,f1,250,14.428079009184486,monte_carlo_standard_error,independent_simulation_replicate,0.5725124404484093,13.305954625905605,15.550203392463368,1.4784394028784005,1.7278003769403742,4.12919173974325,39.38262184500151,9,1.6031198899093875,0.0003015599449546937,0.0013570197522961216,0.0036070197522961216,0.0013570197522961218,1.6676648382744201,1.6954854320652302,,,
sweep,two_state_hsmm,estimated,0.5,0.5,2000,f3,250,72.38667359403122,monte_carlo_standard_error,independent_simulation_replicate,0.9425331173860219,70.53930868395462,74.23403850410783,0.7837700964883846,0.8248226500456426,48.627547141810474,106.74470674867194,90,0.8042963732670135,-9.785181336649324e-05,-0.0044033316014921945,0.018105721259137376,-0.004403331601492191,nan,0.6714608703439706,,,
sweep,two_state_hsmm,estimated,0.5,0.5,4000,f1,250,14.192861510094984,monte_carlo_standard_error,independent_simulation_replicate,0.5396064387386849,13.135232890167162,15.250490130022806,1.4594703211296847,1.6944989033358673,3.499683769697658,33.997574702814575,9,1.576984612232776,0.000144246153058194,0.000649107688761873,0.001774107688761873,0.0006491076887618732,1.6430106822501682,2.496152208529153,,,
sweep,two_state_hsmm,estimated,0.5,0.5,4000,f3,250,82.53544642120163,monte_carlo_standard_error,independent_simulation_replicate,0.9676707999119523,80.6388116533742,84.43208118902905,0.8959867961486023,0.9381342354336561,58.93525682708508,113.7213267855683,90,0.9170605157911292,-2.073487105221769e-05,-0.0009330691973497967,0.010319510680320287,-0.0009330691973497947,nan,0.8727573570362585,,,
sweep,two_state_hsmm,estimated,0.5,0.75,1000,f1,250,14.911172489413865,monte_carlo_standard_error,independent_simulation_replicate,0.7364836796380384,13.467664477323309,16.35468050150442,1.4964071641470342,1.8171867223893798,3.7098173834061163,46.101577330046155,9,1.6567969432682073,0.0006567969432682072,0.0029555862447069323,0.007455586244706931,0.0029555862447069323,1.9699694869070792,3.0804483756148335,,,
sweep,two_state_hsmm,estimated,0.5,0.75,1000,f3,250,64.32443843959787,monte_carlo_standard_error,independent_simulation_replicate,0.9415135780418777,62.47907182663579,66.16980505255995,0.6942119091848421,0.735220056139555,41.66798535075437,98.43138832314935,90,0.7147159826621986,-0.0002852840173378014,-0.012837780780201065,0.03219441363343237,-0.012837780780201062,nan,1.6944378067988044,,,
sweep,two_state_hsmm,estimated,0.5,0.75,2000,f1,250,15.991250833434773,monte_carlo_standard_error,independent_simulation_replicate,0.7404577527741888,14.539953637997362,17.44254802887218,1.615550404221929,1.9380608920969091,3.7776672403780513,46.69010423650319,9,1.7768056481594192,0.0003884028240797096,0.0017478127083586932,0.003997812708358693,0.001747812708358693,1.6746166499263715,2.5827642398759743,,,
sweep,two_state_hsmm,estimated,0.5,0.75,2000,f3,250,75.22587801526274,monte_carlo_standard_error,independent_simulation_replicate,0.9800129439493929,73.30505264512193,77.14670338540354,0.8145005849457992,0.8571855931711505,48.60044010109702,111.34830261153778,90,0.8358430890584748,-8.20784554707626e-05,-0.003693530496184316,0.018815877442536953,-0.0036935304961843167,nan,0.7213331248921442,,,
sweep,two_state_hsmm,estimated,0.5,0.75,4000,f1,250,16.32319997899411,monte_carlo_standard_error,independent_simulation_replicate,0.8157850481450832,14.724261284629748,17.922138673358475,1.6360290316255275,1.991348741484275,4.413663430797784,49.4587253596705,9,1.8136888865549012,0.0002034222216387253,0.0009153999973742639,0.0020403999973742644,0.0009153999973742641,1.761346706800519,3.4189851359336134,,,
sweep,two_state_hsmm,estimated,0.5,0.75,4000,f3,250,85.99523070958453,monte_carlo_standard_error,independent_simulation_replicate,1.0940481009169707,83.85089643178728,88.13956498738179,0.9316766270198586,0.9793284998597976,59.20017714636983,126.38371244321583,90,0.9555025634398281,-1.1124359140042977e-05,-0.0005005961613019334,0.010752091861663484,-0.0005005961613019331,nan,1.1154779801101293,,,
sweep,two_state_hsmm,estimated,0.5,1.0,1000,f1,250,16.891900836573512,monte_carlo_standard_error,independent_simulation_replicate,0.8880732983840659,15.151277171740743,18.63252450140628,1.683475241304527,2.070280500156253,4.071896394348468,51.49726503198827,9,1.8768778707303904,0.0008768778707303903,0.003945950418286756,0.008445950418286755,0.003945950418286757,1.779250911933211,3.1711814346050313,,,
sweep,two_state_hsmm,estimated,0.5,1.0,1000,f3,250,65.16930867311788,monte_carlo_standard_error,independent_simulation_replicate,1.0015897292308202,63.20619280382547,67.13242454241029,0.7022910311536164,0.7459158282490033,41.58638767316636,103.55415624385805,90,0.7241034297013098,-0.0002758965702986902,-0.012415345663441059,0.03261727160816712,-0.012415345663441055,nan,1.304832703791748,,,
sweep,two_state_hsmm,estimated,0.5,1.0,2000,f1,250,19.06737877498381,monte_carlo_standard_error,independent_simulation_replicate,1.4122709489334173,16.29932771507431,21.835429834893308,1.8110364127860343,2.4261588705437007,3.71384378609692,66.12573923677063,9,2.1185976416648677,0.0005592988208324339,0.002516844693745952,0.004766844693745951,0.002516844693745952,2.218051476822539,5.418838270795484,,,
sweep,two_state_hsmm,estimated,0.5,1.0,2000,f3,250,77.77311588684381,monte_carlo_standard_error,independent_simulation_replicate,1.3233553538938019,75.17933939321196,80.36689238047566,0.8353259932579107,0.892965470894174,50.32945988750142,120.27631999842706,90,0.8641457320760424,-6.79271339619788e-05,-0.003056721028289047,0.019453005474448178,-0.0030567210282890487,nan,2.5873213683464824,,,
sweep,two_state_hsmm,estimated,0.5,1.0,4000,f1,250,16.53334336402907,monte_carlo_standard_error,independent_simulation_replicate,0.8147655428785171,14.936402899987176,18.13028382807096,1.6596003222207973,2.0144759808967736,3.2669325715801354,48.53325610745874,9,1.8370381515587855,0.00020925953788969638,0.0009416679205036336,0.0020666679205036337,0.0009416679205036337,1.710073967172588,2.935125717494778,,,
sweep,two_state_hsmm,estimated,0.5,1.0,4000,f3,250,85.7201497511958,monte_carlo_standard_error,independent_simulation_replicate,1.129473157948937,83.50638236161589,87.93391714077572,0.9278486929068432,0.9770435237863969,55.96142915699381,126.22854307222356,90,0.95244610834662,-1.1888472913344993e-05,-0.0005349812811005244,0.010717698143435333,-0.0005349812811005242,nan,0.7558092295371143,,,
sweep,two_state_hsmm,estimated,0.5,1.25,1000,f1,250,16.089888139250643,monte_carlo_standard_error,independent_simulation_replicate,0.8529971477847581,14.418013729592516,17.76176254890877,1.6020015255102795,1.9735291721009744,3.1766139457535068,44.71460430185905,9,1.787765348805627,0.0007877653488056271,0.0035449440696253215,0.008044944069625323,0.0035449440696253224,1.9022964619807,3.5635376941984647,,,
sweep,two_state_hsmm,estimated,0.5,1.25,1000,f3,250,65.00629812849732,monte_carlo_standard_error,independent_simulation_replicate,0.969453689735841,63.106168896615074,66.90642736037957,0.7011796544068342,0.7434047484486619,44.02752231165427,97.0209942195104,90,0.722292201427748,-0.00027770779857225203,-0.01249685093575134,0.03253568474899765,-0.012496850935751347,nan,1.6379937185581686,,,
sweep,two_state_hsmm,estimated,0.5,1.25,2000,f1,250,17.943998838758812,monte_carlo_standard_error,independent_simulation_replicate,1.1238066261585866,15.741337851487982,20.14665982602964,1.7490375390542203,2.238517758447738,2.7138893858261777,55.443829389062685,9,1.993777648750979,0.0004968888243754895,0.002235999709689703,0.004485999709689703,0.002235999709689703,1.9866888694406777,4.908522394748568,,,
sweep,two_state_hsmm,estimated,0.5,1.25,2000,f3,250,77.24216301303153,monte_carlo_standard_error,independent_simulation_replicate,1.144723073001166,74.99850578994925,79.48582023611381,0.8333167309994362,0.8831757804012645,52.55642429636334,117.97331035743412,90,0.8582462557003503,-7.087687214982486e-05,-0.0031894592467421176,0.01932020085368473,-0.0031894592467421145,nan,1.8910219194918472,,,
sweep,two_state_hsmm,estimated,0.5,1.25,4000,f1,250,18.001340967028902,monte_carlo_standard_error,independent_simulation_replicate,0.833432131482007,16.36781398932417,19.634867944733635,1.8186459988137966,2.1816519938592926,3.9405933108002777,59.512970710754516,9,2.0001489963365446,0.0002500372490841362,0.0011251676208786127,0.002250167620878613,0.0011251676208786125,1.4639728793219955,1.771803448326181,,,
sweep,two_state_hsmm,estimated,0.5,1.25,4000,f3,250,87.8716759611648,monte_carlo_standard_error,independent_simulation_replicate,1.0671208575689886,85.78011908032958,89.96323284200001,0.9531124342258843,0.9995914760222223,58.95379611474996,125.30564560670196,90,0.9763519551240533,-5.912011218986685e-06,-0.00026604050485440036,0.010986706171688525,-0.0002660405048543989,nan,0.41550947314211256,,,
sweep,two_state_hsmm,estimated,0.5,1.5,1000,f1,250,18.840892899443652,monte_carlo_standard_error,independent_simulation_replicate,1.2433926276801566,16.403843349190545,21.27794244969676,1.8226492610211718,2.3642158277440846,3.51170853672674,74.79159003164911,9,2.093432544382628,0.0010934325443826278,0.004920446449721826,0.009420446449721826,0.004920446449721828,1.9977621794630582,3.4597773535574903,,,
sweep,two_state_hsmm,estimated,0.5,1.5,1000,f3,250,69.33339145599105,monte_carlo_standard_error,independent_simulation_replicate,1.2247255269402384,66.93292942318818,71.73385348879391,0.7436992158132021,0.7970428165421546,43.14232149159521,123.12536011932347,90,0.7703710161776783,-0.00022962898382232166,-0.010333304272004476,0.034701397125120645,-0.010333304272004474,nan,1.9386241631428114,,,
sweep,two_state_hsmm,estimated,0.5,1.5,2000,f1,250,18.81310999618674,monte_carlo_standard_error,independent_simulation_replicate,1.0527374825793536,16.749744530331206,20.876475462042272,1.8610827255923563,2.3196083846713638,4.434831822256889,71.67466936787491,9,2.0903455551318597,0.0005451727775659298,0.002453277499046685,0.004703277499046685,0.002453277499046685,1.696224858620874,2.6789928369296265,,,
sweep,two_state_hsmm,estimated,0.5,1.5,2000,f3,250,79.49355419727287,monte_carlo_standard_error,independent_simulation_replicate,1.1387398510420883,77.26162408923038,81.72548430531536,0.8584624898803376,0.9080609367257263,50.920958242446325,122.0897473456682,90,0.8832617133030319,-5.836914334848403e-05,-0.0026266114506817823,0.019883330214425426,-0.0026266114506817827,nan,0.8616649456546295,,,
sweep,two_state_hsmm,estimated,0.5,1.5,4000,f1,250,22.32048872065713,monte_carlo_standard_error,independent_simulation_replicate,1.457646460726605,19.463501657632985,25.177475783681277,2.162611295292554,2.7974973092979196,4.038255610526467,87.48534906073097,9,2.480054302295237,0.0003700135755738092,0.0016650610900821414,0.0027900610900821418,0.0016650610900821418,1.73022286788583,3.1067829118729455,,,
sweep,two_state_hsmm,estimated,0.5,1.5,4000,f3,250,91.72307424978884,monte_carlo_standard_error,independent_simulation_replicate,1.452095750282923,88.8769665792343,94.56918192034337,0.9875218508803811,1.0507686880038152,60.715046112556536,148.39196999757564,90,1.0191452694420982,4.786317360524539e-06,0.00021538428122360465,0.01146825134405962,0.00021538428122360476,13.324817407340014,2.1458309955574846,,,
sweep,two_state_hsmm,estimated,0.5,2.0,1000,f1,250,20.401405138331814,monte_carlo_standard_error,independent_simulation_replicate,1.5013497129432323,17.45875970096308,23.34405057570055,1.9398621889958976,2.593783397300061,3.804855351876224,67.73990465889426,9,2.266822793147979,0.0012668227931479793,0.005700702569165907,0.010200702569165908,0.005700702569165907,2.082061201991128,6.093697648880496,,,
sweep,two_state_hsmm,estimated,0.5,2.0,1000,f3,250,72.10391726902654,monte_carlo_standard_error,independent_simulation_replicate,1.4206977238626892,69.31934973025567,74.88848480779741,0.7702149970028407,0.8320942756421934,45.61286927213479,120.20499241506103,90,0.801154636322517,-0.00019884536367748294,-0.00894804136548673,0.036088046681194454,-0.008948041365486738,nan,3.5167208893341595,,,
sweep,two_state_hsmm,estimated,0.5,2.0,2000,f1,250,22.441429775051585,monte_carlo_standard_error,independent_simulation_replicate,1.5588588467982087,19.386066435327095,25.496793114776075,2.1540073817030105,2.832977012752897,4.256812931639266,95.59738846312828,9,2.493492197227954,0.0007467460986139769,0.0033603574437628962,0.005610357443762895,0.0033603574437628954,1.8337128523840018,3.807054716944083,,,
sweep,two_state_hsmm,estimated,0.5,2.0,2000,f3,250,82.53622913605062,monte_carlo_standard_error,independent_simulation_replicate,1.3776030389052867,79.83612717979626,85.23633109230498,0.887068079775514,0.9470703454700553,53.210155236481484,127.06850257430627,90,0.9170692126227847,-4.146539368860763e-05,-0.0018659427159873445,0.020644379473749527,-0.0018659427159873469,nan,1.7435988276576377,,,
sweep,two_state_hsmm,estimated,0.5,2.0,4000,f1,250,23.222009870893192,monte_carlo_standard_error,independent_simulation_replicate,1.4068387425860098,20.464605935424615,25.97941380636177,2.2738451039360683,2.8866015340401967,4.614602953798096,81.94102541106227,9,2.5802233189881325,0.00039505582974703313,0.001777751233861649,0.0029027512338616487,0.0017777512338616485,1.5640597804126373,3.014515624802386,,,
sweep,two_state_hsmm,estimated,0.5,2.0,4000,f3,250,94.62608094798462,monte_carlo_standard_error,independent_simulation_replicate,1.513945512804608,91.65874774288758,97.59341415308165,1.0184305304765287,1.084371268367574,60.884180725190994,151.175613008562,90,1.0514008994220514,1.2850224855512848e-05,0.0005782601184980774,0.011831217922978823,0.000578260118498079,5.1744836803383985,1.209561576589261,,,
sweep,two_state_hsmm,estimated,0.75,0.0,1000,f1,250,10.133692376755869,monte_carlo_standard_error,independent_simulation_replicate,0.3311611475122534,9.484616527631852,10.782768225879886,1.0538462808479836,1.1980853584310984,3.3754207086994032,23.044408384717133,9,1.125965819639541,0.00012596581963954102,0.0005668461883779345,0.005066846188377935,0.0005668461883779345,4.618640471458487,1.562629075814031,,,
sweep,two_state_hsmm,estimated,0.75,0.0,1000,f3,250,58.03619294949039,monte_carlo_standard_error,independent_simulation_replicate,0.7565299799306996,56.55339418882622,59.518991710154566,0.6283710465425135,0.6613221301128285,36.767470379803314,84.43372810250101,90,0.644846588327671,-0.00035515341167232896,-0.015981903525254804,0.029047143618363556,-0.01598190352525481,nan,0.48452766538241926,,,
sweep,two_state_hsmm,estimated,0.75,0.0,2000,f1,250,10.775193394184258,monte_carlo_standard_error,independent_simulation_replicate,0.33851560322805196,10.111702811857276,11.438683976511241,1.1235225346508084,1.2709648862790268,3.5375067801312086,23.552206313627742,9,1.1972437104649176,9.862185523245882e-05,0.0004437983485460646,0.0026937983485460643,0.0004437983485460645,3.015109038861656,0.983633166505982,,,
sweep,two_state_hsmm,estimated,0.75,0.0,2000,f3,250,67.46593862719124,monte_carlo_standard_error,independent_simulation_replicate,0.8291531804794484,65.84079839345152,69.09107886093095,0.7315644265939057,0.7676786540103439,44.68277056195665,94.1893305917182,90,0.7496215403021248,-0.0001251892298489376,-0.005633515343202191,0.016874922117856742,-0.005633515343202189,nan,0.43038194118771295,,,
sweep,two_state_hsmm,estimated,0.75,0.0,4000,f1,250,11.62766046694588,monte_carlo_standard_error,independent_simulation_replicate,0.37811441335295876,10.88655621677408,12.36876471711768,1.2096173574193423,1.3743071907908533,3.1224606127055305,25.967048313395953,9,1.2919622741050978,7.299056852627444e-05,0.000328457558368235,0.001453457558368235,0.0003284575583682349,2.2752231069706945,1.1466390312690489,,,
sweep,two_state_hsmm,estimated,0.75,0.0,4000,f3,250,79.66178044437929,monte_carlo_standard_error,independent_simulation_replicate,0.8201796584059896,78.05422831390355,81.26933257485503,0.8672692034878172,0.9029925841650559,58.19162186111726,106.92315974847814,90,0.8851308938264365,-2.8717276543390875e-05,-0.0012922774444525888,0.009960212608699587,-0.001292277444452589,nan,0.7246643139497677,,,
sweep,two_state_hsmm,estimated,0.75,0.25,1000,f1,250,12.655546142858908,monte_carlo_standard_error,independent_simulation_replicate,0.4668795374034454,11.740462249548155,13.57063003616966,1.3044958055053506,1.507847781796629,3.3934000384687337,32.5624210910217,9,1.4061717936509899,0.00040617179365098986,0.001827773071429454,0.006327773071429453,0.0018277730714294535,2.0194010325992036,1.5110322498481321,,,
sweep,two_state_hsmm,estimated,0.75,0.25,1000,f3,250,60.36444839427154,monte_carlo_standard_error,independent_simulation_replicate,0.8671505353226237,58.6648333450392,62.06406344350388,0.6518314816115467,0.6896007049278209,37.505293458453316,89.32852789968443,90,0.6707160932696838,-0.00032928390673031614,-0.01481777580286423,0.03021243663376954,-0.01481777580286423,nan,0.7392690117810352,,,
sweep,two_state_hsmm,estimated,0.75,0.25,2000,f1,250,13.12328211650795,monte_carlo_standard_error,independent_simulation_replicate,0.4900758661005394,12.162733418950893,14.083830814065006,1.351414824327877,1.5648700904516675,2.9770645963997087,32.55047293909546,9,1.458142457389772,0.00022907122869488604,0.0010308205291269875,0.003280820529126987,0.0010308205291269872,1.879274712919608,1.6841003545167514,,,
sweep,two_state_hsmm,estimated,0.75,0.25,2000,f3,250,69.9910073556426,monte_carlo_standard_error,independent_simulation_replicate,0.8526459173810487,68.31982135757573,71.66219335370945,0.7591091261952859,0.7962465928189939,47.77483992136846,96.93029156770466,90,0.77767785950714,-0.00011116107024643001,-0.005002248161089352,0.017506505091456376,-0.005002248161089352,nan,0.47410802737270175,,,
sweep,two_state_hsmm,estimated,0.75,0.25,4000,f1,250,12.637677406240753,monte_carlo_standard_error,independent_simulation_replicate,0.42757450813759906,11.79963137029106,13.475723442190446,1.3110701522545622,1.4973026046878273,3.16982739061722,29.36466131496766,9,1.4041863784711948,0.00010104659461779869,0.00045470967578009413,0.0015797096757800939,0.000454709675780094,1.8584788645927635,1.306564399638648,,,
sweep,two_state_hsmm,estimated,0.75,0.25,4000,f3,250,80.05764058973067,monte_carlo_standard_error,independent_simulation_replicate,0.8932044057251737,78.30695995450932,81.80832122495201,0.8700773328278814,0.9089813469439112,52.73569831233539,109.29063052172881,90,0.8895293398858963,-2.7617665028525917e-05,-0.0012427949262836667,0.010009707500591481,-0.0012427949262836658,nan,0.2823171993516879,,,
sweep,two_state_hsmm,estimated,0.75,0.5,1000,f1,250,13.67912014537504,monte_carlo_standard_error,independent_simulation_replicate,0.46940321362685233,12.75908984666641,14.59915044408367,1.417676649629601,1.6221278271204076,3.771266807794052,33.77920895372594,9,1.5199022383750043,0.0005199022383750042,0.0023395600726875197,0.006839560072687521,0.002339560072687521,1.586177796193844,1.8946547281684583,,,
sweep,two_state_hsmm,estimated,0.75,0.5,1000,f3,250,61.98756312960775,monte_carlo_standard_error,independent_simulation_replicate,0.7936089561424577,60.43208957556853,63.54303668364697,0.6714676619507615,0.7060337409294107,40.91176779395978,87.84116002366375,90,0.6887507014400861,-0.0003112492985599139,-0.014006218435196125,0.031024806371175054,-0.014006218435196125,nan,0.45077403433601954,,,
sweep,two_state_hsmm,estimated,0.75,0.5,2000,f1,250,15.6797350320631,monte_carlo_standard_error,independent_simulation_replicate,0.8124535034307777,14.087326165338775,17.272143898787423,1.5652584628154194,1.9191270998652692,3.976832363383026,48.61099632275565,9,1.7421927813403444,0.00037109639067017217,0.001669933758015775,0.003919933758015776,0.0016699337580157753,1.9231328424648293,3.4750293323725576,,,
sweep,two_state_hsmm,estimated,0.75,0.5,2000,f3,250,73.54823126189795,monte_carlo_standard_error,independent_simulation_replicate,0.9717406958358523,71.64361949805968,75.45284302573623,0.7960402166451075,0.8383649225081803,48.76465015563727,106.42247591758462,90,0.817202569576644,-9.139871521167803e-05,-0.004112942184525512,0.018396255943446214,-0.00411294218452551,nan,0.8209567878985794,,,
sweep,two_state_hsmm,estimated,0.75,0.5,4000,f1,250,16.858002586994502,monte_carlo_standard_error,independent_simulation_replicate,0.9522805946405023,14.991532621499118,18.724472552489885,1.6657258468332354,2.080496950276654,3.295349650678463,52.84328458476402,9,1.8731113985549446,0.00021827784963873614,0.0009822503233743126,0.0021072503233743123,0.0009822503233743124,1.9161202973052855,3.9696126242807006,,,
sweep,two_state_hsmm,estimated,0.75,0.5,4000,f3,250,84.00026821113902,monte_carlo_standard_error,independent_simulation_replicate,1.199299663314753,81.6496408710421,86.35089555123594,0.9072182319004677,0.9594543950137326,54.1016523375496,131.1526516732199,90,0.9333363134571002,-1.6665921635724946e-05,-0.000749966473607623,0.010502659191190176,-0.000749966473607622,nan,1.548397870661524,,,
sweep,two_state_hsmm,estimated,0.75,0.75,1000,f1,250,16.854323807462738,monte_carlo_standard_error,independent_simulation_replicate,0.8332443684882758,15.221164845225717,18.487482769699756,1.691240538358413,2.054164752188862,4.865247855277312,48.91055469829598,9,1.8727026452736375,0.0008727026452736375,0.003927161903731369,0.008427161903731368,0.0039271619037313694,1.6773882236864242,3.770013246600112,,,
sweep,two_state_hsmm,estimated,0.75,0.75,1000,f3,250,65.44303297830778,monte_carlo_standard_error,independent_simulation_replicate,0.915004461601258,63.64962423356932,67.23644172304625,0.7072180470396591,0.747071574700514,40.50855756494098,95.91470019910693,90,0.7271448108700865,-0.00027285518912991346,-0.012278483510846108,0.03275427075991381,-0.012278483510846108,nan,0.818339510303483,,,
sweep,two_state_hsmm,estimated,0.75,0.75,2000,f1,250,17.32235996405031,monte_carlo_standard_error,independent_simulation_replicate,0.857155730983794,15.642334731322073,19.002385196778548,1.7380371923691191,2.111376132975394,4.346796947683018,58.17565319455026,9,1.9247066626722567,0.00046235333133612833,0.0020805899910125774,0.004330589991012577,0.0020805899910125766,1.628483045124245,2.4299249650479235,,,
sweep,two_state_hsmm,estimated,0.75,0.75,2000,f3,250,74.74272614419719,monte_carlo_standard_error,independent_simulation_replicate,1.0263278239374038,72.73112360927988,76.75432867911451,0.8081235956586653,0.8528258742123834,49.683970640222626,113.34367644910891,90,0.8304747349355244,-8.476263253223781e-05,-0.0038143184639507018,0.01869502905057458,-0.003814318463950704,nan,1.2727015290928894,,,
sweep,two_state_hsmm,estimated,0.75,0.75,4000,f1,250,20.433056353126915,monte_carlo_standard_error,independent_simulation_replicate,1.192833079771787,18.095103516774213,22.771009189479617,2.010567057419357,2.530112132164402,3.8353435844274726,73.62295560341315,9,2.2703395947918796,0.0003175848986979699,0.0014291320441408644,0.0025541320441408643,0.0014291320441408644,1.6496329957476836,2.915697530779071,,,
sweep,two_state_hsmm,estimated,0.75,0.75,4000,f3,250,88.76984650612961,monte_carlo_standard_error,independent_simulation_replicate,1.3073810920212872,86.2073795657679,91.33231344649133,0.9578597729529766,1.0148034827387926,56.940284653929176,136.65170196390855,90,0.9863316278458846,-3.4170930385288567e-06,-0.0001537691867337987,0.011099005564657365,-0.00015376918673379861,nan,1.3208143428840868,,,
sweep,two_state_hsmm,estimated,0.75,1.0,1000,f1,250,20.06617625148857,monte_carlo_standard_error,independent_simulation_replicate,1.2810759696747762,17.55526735092601,22.577085152051133,1.9505852612140009,2.50856501689457,3.866423658438843,68.98964445921196,9,2.2295751390542855,0.0012295751390542856,0.005533088125744285,0.010033088125744286,0.005533088125744283,1.8304054751234207,4.083489402623241,,,
sweep,two_state_hsmm,estimated,0.75,1.0,1000,f3,250,67.83097238083117,monte_carlo_standard_error,independent_simulation_replicate,1.216936445235445,65.4457769481697,70.21616781349265,0.7271752994241077,0.7801796423721405,40.73749934375957,106.78762895688476,90,0.7536774708981241,-0.0002463225291018759,-0.011084513809584414,0.03394943562604163,-0.011084513809584414,nan,1.9783770126347082,,,
sweep,two_state_hsmm,estimated,0.75,1.0,2000,f1,250,19.476486767567067,monte_carlo_standard_error,independent_simulation_replicate,1.240511883664139,17.045083475585354,21.90789005954878,1.8938981639539283,2.434210006616531,4.176063951850207,63.090652899007864,9,2.1640540852852297,0.0005820270426426149,0.002619121691891767,0.0048691216918917675,0.0026191216918917677,1.8722130347306754,4.701208239524267,,,
sweep,two_state_hsmm,estimated,0.75,1.0,2000,f3,250,75.79240715475977,monte_carlo_standard_error,independent_simulation_replicate,1.3505771540228055,73.14527593287508,78.43953837664446,0.8127252881430564,0.8715504264071607,47.92902659017214,120.16271288648753,90,0.8421378572751086,-7.89310713624457e-05,-0.003551898211310057,0.01895758057897943,-0.0035518982113100605,nan,2.7127273399372194,,,
sweep,two_state_hsmm,estimated,0.75,1.0,4000,f1,250,20.784327024711114,monte_carlo_standard_error,independent_simulation_replicate,1.0810808849251325,18.665408490257853,22.903245559164375,2.073934276695317,2.544805062129375,5.323205472371817,69.54730415357916,9,2.3093696694123462,0.00032734241735308655,0.0014730408780888893,0.0025980408780888887,0.0014730408780888895,1.4505189494762918,2.5241909685714394,,,
sweep,two_state_hsmm,estimated,0.75,1.0,4000,f3,250,88.86069381910798,monte_carlo_standard_error,independent_simulation_replicate,1.168030267266166,86.57135449526629,91.15003314294967,0.9619039388362921,1.012778146032774,58.75590773030335,131.99957945158852,90,0.9873410424345331,-3.1647393913667164e-06,-0.0001424132726115026,0.011110364318468112,-0.00014241327261150337,nan,0.7152561357567403,,,
sweep,two_state_hsmm,estimated,0.75,1.25,1000,f1,250,18.140022591159106,monte_carlo_standard_error,independent_simulation_replicate,0.9169026798071453,16.342893338737102,19.93715184358111,1.8158770376374558,2.2152390937312343,4.147156832908749,62.50807258374923,9,2.015558065684345,0.001015558065684345,0.004570011295579553,0.009070011295579552,0.004570011295579551,1.5861562878998055,2.082722908435276,,,
sweep,two_state_hsmm,estimated,0.75,1.25,1000,f3,250,66.2480174634281,monte_carlo_standard_error,independent_simulation_replicate,1.0956271752728541,64.10058819989331,68.39544672696289,0.7122287577765923,0.7599494080773654,40.545901935634596,108.00804410561112,90,0.7360890829269788,-0.00026391091707302116,-0.011875991268285951,0.03315716589761166,-0.011875991268285951,nan,1.1053010067686253,,,
sweep,two_state_hsmm,estimated,0.75,1.25,2000,f1,250,22.01972183242808,monte_carlo_standard_error,independent_simulation_replicate,1.2899909096390463,19.491339649535547,24.54810401532061,2.16570440550395,2.7275671128134014,4.128749370928418,71.58967997453662,9,2.4466357591586756,0.0007233178795793378,0.00325493045810702,0.005504930458107021,0.0032549304581070207,1.5665885523036098,3.0812887153284243,,,
sweep,two_state_hsmm,estimated,0.75,1.25,2000,f3,250,78.90340462946533,monte_carlo_standard_error,independent_simulation_replicate,1.3972559572078833,76.16478295333788,81.64202630559278,0.8462753661481986,0.9071336256176975,49.75222601069199,128.0454465656605,90,0.8767044958829481,-6.164775205852596e-05,-0.002774148842633668,0.019735719016874775,-0.002774148842633666,nan,1.9830317624602343,,,
sweep,two_state_hsmm,estimated,0.75,1.25,4000,f1,250,25.10382556559168,monte_carlo_standard_error,independent_simulation_replicate,1.5803792456989953,22.006282244021648,28.201368887161713,2.445142471557961,3.1334854319068572,4.225415853375487,101.4939905660079,9,2.789313951732409,0.0004473284879331022,0.00201297819569896,0.0031379781956989597,0.0020129781956989595,1.5516803640576657,2.773024597536175,,,
sweep,two_state_hsmm,estimated,0.75,1.25,4000,f3,250,92.53477740192163,monte_carlo_standard_error,independent_simulation_replicate,1.4999752453061486,89.59482592112158,95.47472888272168,0.9954980657902398,1.0608303209191297,62.49703771014268,155.5313725541982,90,1.0281641933546848,7.041048338671196e-06,0.0003168471752402038,0.011569739610142743,0.0003168471752402053,9.356518259633454,1.6018149071987164,,,
sweep,two_state_hsmm,estimated,0.75,1.5,1000,f1,250,22.71273860570443,monte_carlo_standard_error,independent_simulation_replicate,1.9720213102085873,18.8475768376956,26.577900373713263,2.0941752041884,2.9531000415236957,4.13748980974383,80.35550918161496,9,2.523637622856048,0.001523637622856048,0.006856369302852215,0.011356369302852217,0.006856369302852215,2.273826955344433,6.572424116289988,,,
sweep,two_state_hsmm,estimated,0.75,1.5,1000,f3,250,71.22973709837508,monte_carlo_standard_error,independent_simulation_replicate,1.6605913481279433,67.9749780560443,74.48449614070586,0.7552775339560479,0.8276055126745095,43.18155404679631,116.80744289520726,90,0.7914415233152787,-0.00020855847668472128,-0.009385131450812458,0.0356505190682558,-0.009385131450812455,nan,4.847235319255801,,,
sweep,two_state_hsmm,estimated,0.75,1.5,2000,f1,250,24.86837344679501,monte_carlo_standard_error,independent_simulation_replicate,2.1717428806370216,20.61175740074645,29.124989492843575,2.2901952667496053,3.236109943649286,3.7579678140423183,101.05530496172719,9,2.763152605199446,0.000881576302599723,0.003967093361698753,0.0062170933616987525,0.003967093361698753,2.163943903291253,6.726269802204723,,,
sweep,two_state_hsmm,estimated,0.75,1.5,2000,f3,250,81.99497200099702,monte_carlo_standard_error,independent_simulation_replicate,2.011662351269097,78.05211379250959,85.93783020948446,0.8672457088056621,0.9548647801053829,50.54251542195694,145.8925404581412,90,0.9110552444555224,-4.447237777223878e-05,-0.0020012569997507443,0.020508997498998757,-0.0020012569997507447,nan,5.8551589267271025,,,
sweep,two_state_hsmm,estimated,0.75,1.5,4000,f1,250,22.904686538316756,monte_carlo_standard_error,independent_simulation_replicate,1.2291138540249935,20.49562338442777,25.313749692205743,2.277291487158641,2.812638854689527,4.508636818384712,72.59543745734065,9,2.544965170924084,0.000386241292731021,0.0017380858172895946,0.0028630858172895945,0.0017380858172895946,1.3976580024569236,2.1318246117780486,,,
sweep,two_state_hsmm,estimated,0.75,1.5,4000,f3,250,93.67117807141273,monte_carlo_standard_error,independent_simulation_replicate,1.2768693203927295,91.16851420344298,96.17384193938247,1.0129834911493665,1.0685982437709163,65.76463423352205,133.88176634677166,90,1.0407908674601414,1.0197716865035344e-05,0.0004588972589265907,0.011711825215230396,0.00045889725892658964,5.499345507474261,1.4556111343189948,,,
sweep,two_state_hsmm,estimated,0.75,2.0,1000,f1,250,27.26636142056108,monte_carlo_standard_error,independent_simulation_replicate,2.064772775394319,23.219406780788212,31.313316060333946,2.5799340867542457,3.479257340037105,3.941297358682408,106.64288990643303,9,3.0295957133956755,0.0020295957133956754,0.00913318071028054,0.01363318071028054,0.009133180710280537,1.7872702369733247,4.4273816259558085,,,
sweep,two_state_hsmm,estimated,0.75,2.0,1000,f3,250,74.13871123332214,monte_carlo_standard_error,independent_simulation_replicate,1.6900453405449805,70.82622236585398,77.4512001007903,0.7869580262872664,0.8605688900087811,44.8004620456392,133.110602493328,90,0.8237634581480238,-0.00017623654185197624,-0.007930644383338929,0.03710646207873981,-0.007930644383338927,nan,3.57797479431402,,,
sweep,two_state_hsmm,estimated,0.75,2.0,2000,f1,250,23.488327476979073,monte_carlo_standard_error,independent_simulation_replicate,1.253275489262232,21.031907518025097,25.94474743593305,2.3368786131138997,2.8827497151036723,4.030958770562508,78.09398712503814,9,2.6098141641087858,0.0008049070820543929,0.0036220818692447683,0.0058720818692447685,0.003622081869244768,1.3677234615340539,1.8974597917144063,,,
sweep,two_state_hsmm,estimated,0.75,2.0,2000,f3,250,81.26287338124614,monte_carlo_standard_error,independent_simulation_replicate,1.2086044411471026,78.89400867659782,83.63173808589445,0.8766000964066425,0.9292415342877162,55.243240645312206,132.5466134552805,90,0.9029208153471793,-4.8539592326410363e-05,-0.0021842816546884655,0.020325881285954514,-0.0021842816546884655,nan,1.0183603813436648,,,
sweep,two_state_hsmm,estimated,0.75,2.0,4000,f1,250,26.2236933479294,monte_carlo_standard_error,independent_simulation_replicate,1.5309410817766953,23.22304882764708,29.224337868211723,2.5803387586274535,3.2471486520235247,3.916795525653093,81.82267669064711,9,2.913743705325489,0.0004784359263313722,0.0021529616684911753,0.0032779616684911754,0.002152961668491175,1.4054072736143037,2.4582772297282545,,,
sweep,two_state_hsmm,estimated,0.75,2.0,4000,f3,250,94.05541693040611,monte_carlo_standard_error,independent_simulation_replicate,1.5740222623075208,90.97033329628337,97.14050056452885,1.0107814810698152,1.0793388951614316,61.66956788174192,160.57940205273962,90,1.0450601881156234,1.126504702890585e-05,0.0005069271163007638,0.01175986708307153,0.0005069271163007642,6.136847976570827,1.938388164481186,,,
sweep,two_state_hsmm,estimated,1.0,0.0,1000,f1,250,10.252778258301205,monte_carlo_standard_error,independent_simulation_replicate,0.344877102947954,9.576819136523216,10.928737380079195,1.0640910151692462,1.2143041533421328,2.902526441673845,22.323825478166214,9,1.1391975842556894,0.0001391975842556894,0.0006263891291506027,0.005126389129150603,0.0006263891291506025,4.3527142610009015,1.119622932281682,,,
sweep,two_state_hsmm,estimated,1.0,0.0,1000,f3,250,58.52450700708891,monte_carlo_standard_error,independent_simulation_replicate,0.6868358707495956,57.1783087004197,59.870705313758116,0.6353145411157745,0.6652300590417568,39.307404082105364,81.19781772073237,90,0.6502723000787657,-0.00034972769992123434,-0.015737746496455547,0.029291545048593052,-0.015737746496455547,nan,0.31871039048900185,,,
sweep,two_state_hsmm,estimated,1.0,0.0,2000,f1,250,10.529795347325406,monte_carlo_standard_error,independent_simulation_replicate,0.33606757390791797,9.871102902465887,11.188487792184924,1.0967892113850986,1.2431653102427693,2.933442907268132,23.065157131164604,9,1.169977260813934,8.498863040696702e-05,0.00038244883683135147,0.002632448836831352,0.0003824488368313517,3.473467817554869,1.0288082832118912,,,
sweep,two_state_hsmm,estimated,1.0,0.0,2000,f3,250,67.07669948342242,monte_carlo_standard_error,independent_simulation_replicate,0.7965242616617987,65.5155119305653,68.63788703627954,0.7279501325618366,0.7626431892919948,44.271984340078156,93.29856043828485,90,0.7452966609269157,-0.00012735166953654214,-0.005730825129144396,0.01677756365268195,-0.005730825129144394,nan,0.35425085199200923,,,
sweep,two_state_hsmm,estimated,1.0,0.0,4000,f1,250,11.131229159215259,monte_carlo_standard_error,independent_simulation_replicate,0.33888847885011103,10.467007740669041,11.795450577761477,1.163000860074338,1.3106056197512752,3.100959120778875,23.85972663193226,9,1.2368032399128066,5.920080997820165e-05,0.0002664036449019074,0.0013914036449019073,0.0002664036449019075,2.5141816902288117,1.0703982800551732,,,
sweep,two_state_hsmm,estimated,1.0,0.0,4000,f3,250,80.26338771521687,monte_carlo_standard_error,independent_simulation_replicate,0.9329661548572414,78.43477405169668,82.09200137873705,0.8714974894632964,0.912133348652634,54.86764769519928,111.18856440036296,90,0.8918154190579651,-2.7046145235508717e-05,-0.0012170765355978919,0.010035432322482727,-0.0012170765355978932,nan,0.647548163316768,,,
sweep,two_state_hsmm,estimated,1.0,0.25,1000,f1,250,12.774340838115176,monte_carlo_standard_error,independent_simulation_replicate,0.49233689585020485,11.809360522248774,13.739321153981578,1.3121511691387526,1.5265912393312864,3.7030277586017437,35.024034139439976,9,1.4193712042350195,0.0004193712042350195,0.001887170419057588,0.006387170419057588,0.001887170419057588,2.0624872445293443,1.9084429985527918,,,
sweep,two_state_hsmm,estimated,1.0,0.25,1000,f3,250,60.66575429055751,monte_carlo_standard_error,independent_simulation_replicate,0.8516380138519447,58.996543783407695,62.33496479770732,0.6555171531489744,0.6926107199745258,38.10150767593186,90.2444165377184,90,0.6740639365617501,-0.00032593606343824986,-0.014667122854721246,0.03036324038566442,-0.01466712285472125,nan,0.5807062126491008,,,
sweep,two_state_hsmm,estimated,1.0,0.25,2000,f1,250,13.153747821843819,monte_carlo_standard_error,independent_simulation_replicate,0.5126123185054879,12.149027677573063,14.158467966114575,1.3498919641747849,1.573163107346064,4.645647628745198,32.22291878596628,9,1.4615275357604243,0.00023076376788021215,0.0010384369554609547,0.0032884369554609548,0.001038436955460955,1.9512769583800367,2.5567167177953167,,,
sweep,two_state_hsmm,estimated,1.0,0.25,2000,f3,250,70.45841569376636,monte_carlo_standard_error,independent_simulation_replicate,0.8591794163172203,68.7744240377846,72.14240734974811,0.7641602670864955,0.8015823038860901,46.23011099167324,99.32078610706361,90,0.7828712854862928,-0.00010856435725685359,-0.004885396076558411,0.017623415631257217,-0.00488539607655841,nan,0.626961717356865,,,
sweep,two_state_hsmm,estimated,1.0,0.25,4000,f1,250,13.49726902466051,monte_carlo_standard_error,independent_simulation_replicate,0.5141774067874647,12.489481307357078,14.50505674196394,1.3877201452618975,1.6116729713293267,2.936094731334965,33.41245872831971,9,1.499696558295612,0.00012492413957390303,0.0005621586280825637,0.0016871586280825634,0.0005621586280825636,1.8077323348140715,2.006318608544574,,,
sweep,two_state_hsmm,estimated,1.0,0.25,4000,f3,250,80.74483305038264,monte_carlo_standard_error,independent_simulation_replicate,0.9747592860191827,78.83430484978504,82.65536125098023,0.8759367205531672,0.9183929027886693,55.091095022461104,112.56576207330868,90,0.8971648116709182,-2.5708797082270445e-05,-0.0011568958687021701,0.010095628038307405,-0.0011568958687021712,nan,0.6851700097761909,,,
sweep,two_state_hsmm,estimated,1.0,0.5,1000,f1,250,17.7324364709202,monte_carlo_standard_error,independent_simulation_replicate,0.9712248238948853,15.828835816086224,19.636037125754175,1.7587595351206915,2.181781902861575,4.461603113039268,50.86545984569725,9,1.9702707189911333,0.0009702707189911333,0.004366218235460099,0.008866218235460098,0.0043662182354600974,1.7585484726006386,4.423562107408872,,,
sweep,two_state_hsmm,estimated,1.0,0.5,1000,f3,250,66.00732280117084,monte_carlo_standard_error,independent_simulation_replicate,1.002491031479729,64.04244037947058,67.97220522287111,0.7115826708830064,0.7552467246985679,39.323211412872524,99.93121525378073,90,0.7334146977907872,-0.00026658530220921285,-0.011996338599414577,0.0330366980986841,-0.011996338599414581,nan,1.626186821961933,,,
sweep,two_state_hsmm,estimated,1.0,0.5,2000,f1,250,17.35275213333083,monte_carlo_standard_error,independent_simulation_replicate,0.8479772722735147,15.690716679674743,19.01478758698692,1.7434129644083047,2.11275417633188,4.113473584190642,47.96555602927225,9,1.9280835703700925,0.00046404178518504627,0.002088188033332708,0.004338188033332708,0.0020881880333327085,1.6051832627360243,2.7412189376225373,,,
sweep,two_state_hsmm,estimated,1.0,0.5,2000,f3,250,72.49401588952647,monte_carlo_standard_error,independent_simulation_replicate,0.9658220520674201,70.60100466747433,74.3870271115786,0.7844556074163814,0.8265225234619845,48.27002546020045,102.53334665943686,90,0.805489065439183,-9.725546728040852e-05,-0.004376496027618384,0.018132570257510375,-0.004376496027618384,nan,1.2564339191764322,,,
sweep,two_state_hsmm,estimated,1.0,0.5,4000,f1,250,17.754557340004407,monte_carlo_standard_error,independent_simulation_replicate,0.9473336418468228,15.897783401984634,19.61133127802418,1.7664203779982928,2.1790368086693537,3.6523194385824165,60.7548946523238,9,1.972728593333823,0.00024318214833345575,0.0010943196675005508,0.0022193196675005513,0.0010943196675005516,1.7109557319643136,2.9478526867808066,,,
sweep,two_state_hsmm,estimated,1.0,0.5,4000,f3,250,86.60322774972984,monte_carlo_standard_error,independent_simulation_replicate,1.1138510386961957,84.4200797138853,88.78637578557438,0.9380008857098366,0.986515286506382,55.94889446328651,125.3842152426042,90,0.9622580861081094,-9.435478472972658e-06,-0.0004245965312837701,0.010828110496340315,-0.00042459653128377106,nan,0.825090344593053,,,
sweep,two_state_hsmm,estimated,1.0,0.75,1000,f1,250,17.25103515859162,monte_carlo_standard_error,independent_simulation_replicate,0.9735806303782624,15.342817123050226,19.159253194133015,1.7047574581166918,2.128805910459224,3.895065419537912,63.02435994004328,9,1.9167816842879577,0.0009167816842879577,0.00412551757929581,0.00862551757929581,0.0041255175792958105,1.8656642582670435,3.057810773805638,,,
sweep,two_state_hsmm,estimated,1.0,0.75,1000,f3,250,66.08730759326792,monte_carlo_standard_error,independent_simulation_replicate,1.1138497551471016,63.904162073179606,68.27045311335624,0.7100462452575512,0.7585605901484027,41.62843542684291,105.83031999059372,90,0.7343034177029769,-0.0002656965822970231,-0.011956346203366039,0.03307673052716112,-0.011956346203366046,nan,1.5480115702537367,,,
sweep,two_state_hsmm,estimated,1.0,0.75,2000,f1,250,20.04667882215046,monte_carlo_standard_error,independent_simulation_replicate,1.0743209533009632,17.941009753680575,22.152347890620348,1.9934455281867305,2.4613719878467055,4.431090702797816,64.82998605762923,9,2.227408758016718,0.000613704379008359,0.0027616697055376153,0.005011669705537614,0.0027616697055376145,1.5377025100350838,2.7989541369896487,,,
sweep,two_state_hsmm,estimated,1.0,0.75,2000,f3,250,77.2515855910859,monte_carlo_standard_error,independent_simulation_replicate,1.184374153208406,74.93021225079742,79.57295893137437,0.8325579138977491,0.884143988126382,51.37672278234231,120.60516241934033,90,0.8583509510120655,-7.082452449396726e-05,-0.0031871036022285255,0.019322557676609776,-0.0031871036022285268,nan,1.814848174971167,,,
sweep,two_state_hsmm,estimated,1.0,0.75,4000,f1,250,22.666156503898158,monte_carlo_standard_error,independent_simulation_replicate,1.265048814189894,20.186660828085966,25.14565217971035,2.242962314231774,2.79396135330115,4.554964970092938,70.2987415244889,9,2.518461833766462,0.0003796154584416155,0.0017082695629872698,0.00283326956298727,0.0017082695629872702,1.4636286372814873,2.6527505610924558,,,
sweep,two_state_hsmm,estimated,1.0,0.75,4000,f3,250,89.80208366653852,monte_carlo_standard_error,independent_simulation_replicate,1.2977881061920635,87.25841897840208,92.34574835467497,0.9695379886489119,1.0260638706074996,59.34049614655525,135.04799278238733,90,0.9978009296282058,-5.49767592948558e-07,-2.4739541682684772e-05,0.011228067475186112,-2.4739541682683234e-05,nan,1.2916569882695197,,,
sweep,two_state_hsmm,estimated,1.0,1.0,1000,f1,250,19.875269321549137,monte_carlo_standard_error,independent_simulation_replicate,1.2825975017173525,17.361378218183127,22.389160424915147,1.9290420242425697,2.4876844916572387,2.754772839790099,74.78550219620833,9,2.208363257949904,0.001208363257949904,0.005437634660774568,0.00993763466077457,0.005437634660774568,1.8647489578174459,3.128607813912739,,,
sweep,two_state_hsmm,estimated,1.0,1.0,1000,f3,250,67.53893000693289,monte_carlo_standard_error,independent_simulation_replicate,1.2995870125533073,64.99173946232841,70.08612055153736,0.7221304384703157,0.7787346727948596,41.24978296700042,123.68322383061503,90,0.7504325556325876,-0.0002495674443674124,-0.011230534996533557,0.03380326827173818,-0.011230534996533561,nan,2.394402335816537,,,
sweep,two_state_hsmm,estimated,1.0,1.0,2000,f1,250,25.117814255099283,monte_carlo_standard_error,independent_simulation_replicate,1.6560635549462253,21.87192968740468,28.363698822793886,2.430214409711631,3.1515220914215427,4.590849238842145,104.37086468917083,9,2.790868250566587,0.0008954341252832936,0.004029453563774821,0.00627945356377482,0.00402945356377482,1.6245790839687337,2.6982716175652994,,,
sweep,two_state_hsmm,estimated,1.0,1.0,2000,f3,250,81.42109969565121,monte_carlo_standard_error,independent_simulation_replicate,1.5578282527637666,78.36775632023422,84.4744430710682,0.8707528480026024,0.9386049230118688,52.28282056410486,142.41025735578484,90,0.9046788855072356,-4.7660557246382184e-05,-0.0021447250760871983,0.02036545765273917,-0.0021447250760872,nan,2.4575363215110113,,,
sweep,two_state_hsmm,estimated,1.0,1.0,4000,f1,250,27.233580805696306,monte_carlo_standard_error,independent_simulation_replicate,1.7820069455477303,23.740847192422756,30.726314418969856,2.637871910269195,3.4140349354410953,4.666203227033891,103.0678316732012,9,3.025953422855145,0.0005064883557137863,0.0022791976007120384,0.003404197600712038,0.0022791976007120384,1.5452808787865735,2.499054161413264,,,
sweep,two_state_hsmm,estimated,1.0,1.0,4000,f3,250,94.3620481696934,monte_carlo_standard_error,independent_simulation_replicate,1.6987371162123668,91.03252342191716,97.69157291746963,1.0114724824657462,1.0854619213052181,60.970063253409855,176.63261885803936,90,1.0484672018854821,1.2116800471370537e-05,0.0005452560212116744,0.011798205572604826,0.0005452560212116751,6.157518468525764,1.9590598426852381,,,
sweep,two_state_hsmm,estimated,1.0,1.25,1000,f1,250,26.748660556511798,monte_carlo_standard_error,independent_simulation_replicate,2.037632902027451,22.754900068537992,30.742421044485603,2.5283222298375545,3.4158245604984003,4.226273868373107,113.86786539700395,9,2.9720733951679774,0.0019720733951679773,0.008874330278255899,0.0133743302782559,0.0088743302782559,1.815224587001692,3.1847642905787645,,,
sweep,two_state_hsmm,estimated,1.0,1.25,1000,f3,250,73.81207490765804,monte_carlo_standard_error,independent_simulation_replicate,1.797457116408572,70.28905895949724,77.33509085581885,0.7809895439944138,0.8592787872868761,44.21520164282485,146.17473670740708,90,0.8201341656406449,-0.0001798658343593551,-0.008093962546170978,0.03694298043426328,-0.008093962546170985,nan,2.8003498720384017,,,
sweep,two_state_hsmm,estimated,1.0,1.25,2000,f1,250,26.57203699579451,monte_carlo_standard_error,independent_simulation_replicate,1.7038712756757375,23.23244929547006,29.911624696118956,2.581383255052229,3.3235138551243284,3.769539896550933,111.02709387182799,9,2.952448555088279,0.0009762242775441394,0.004393009248948627,0.006643009248948628,0.004393009248948627,1.533150104385027,2.7312197360628474,,,
sweep,two_state_hsmm,estimated,1.0,1.25,2000,f3,250,82.57465658954642,monte_carlo_standard_error,independent_simulation_replicate,1.5923502201614645,79.45365015802994,85.6956630210629,0.8828183350892216,0.9521740335673655,50.748341596133315,149.15959838129075,90,0.9174961843282936,-4.12519078358532e-05,-0.0018563358526133946,0.02065399114295808,-0.0018563358526133976,nan,2.1171313551271695,,,
sweep,two_state_hsmm,estimated,1.0,1.25,4000,f1,250,28.611293694610612,monte_carlo_standard_error,independent_simulation_replicate,2.3602448165285046,23.98521385421474,33.23737353500648,2.6650237615794157,3.693041503889609,4.557535673863025,95.54538101560078,9,3.1790326327345126,0.0005447581581836282,0.0024514117118263267,0.003576411711826326,0.002451411711826327,1.9029212381555984,7.19348869564855,,,
sweep,two_state_hsmm,estimated,1.0,1.25,4000,f3,250,94.3395530551188,monte_carlo_standard_error,independent_simulation_replicate,2.0558886088172734,90.31001138183694,98.36909472840065,1.0034445709092994,1.092989941426674,60.81176024444042,153.55886722123012,90,1.0482172561679866,1.2054314041996638e-05,0.0005424441318898498,0.011795392980134881,0.0005424441318898481,7.4907375677649775,5.5406406417929785,,,
sweep,two_state_hsmm,estimated,1.0,1.5,1000,f1,250,24.90437007846759,monte_carlo_standard_error,independent_simulation_replicate,1.6138118110639426,21.741298928782264,28.067441228152916,2.415699880975807,3.1186045809058793,3.8389898664380904,94.91663461569146,9,2.767152230940843,0.0017671522309408432,0.007952185039233796,0.012452185039233793,0.007952185039233796,1.6043769771028527,3.0840843078287445,,,
sweep,two_state_hsmm,estimated,1.0,1.5,1000,f3,250,71.59214161129094,monte_carlo_standard_error,independent_simulation_replicate,1.4397472105025633,68.77023707870592,74.41404614387596,0.7641137453189546,0.8268227349319551,41.93668548218287,129.33256048250806,90,0.7954682401254549,-0.00020453175987454508,-0.009203929194354529,0.035831902708353826,-0.009203929194354537,nan,2.105630860611224,,,
sweep,two_state_hsmm,estimated,1.0,1.5,2000,f1,250,27.294823540012686,monte_carlo_standard_error,independent_simulation_replicate,2.1296318713831326,23.120745072101748,31.468902007923624,2.568971674677972,3.4965446675470693,5.1438919829286265,131.9887712543331,9,3.032758171112521,0.0010163790855562604,0.004573705885003171,0.006823705885003172,0.004573705885003171,1.840544478750624,4.067492992286297,,,
sweep,two_state_hsmm,estimated,1.0,1.5,2000,f3,250,84.15399183732487,monte_carlo_standard_error,independent_simulation_replicate,1.883951528990101,80.46144684050427,87.84653683414547,0.894016076005603,0.9760726314905052,52.052708529349395,187.17632023316324,90,0.9350443537480541,-3.247782312597297e-05,-0.0014615020406687834,0.0210490224705665,-0.0014615020406687851,nan,2.774983505631083,,,
sweep,two_state_hsmm,estimated,1.0,1.5,4000,f1,250,30.857236138167604,monte_carlo_standard_error,independent_simulation_replicate,2.1390333632076057,26.664730746280696,35.04974153005451,2.962747860697855,3.8944157255616125,4.252274367576819,124.30654709419242,9,3.4285817931297338,0.0006071454482824334,0.0027321545172709506,0.003857154517270951,0.002732154517270951,1.547363393996191,2.8782305045154866,,,
sweep,two_state_hsmm,estimated,1.0,1.5,4000,f3,250,97.47074707014995,monte_carlo_standard_error,independent_simulation_replicate,1.873458927136875,93.79876757296168,101.14272656733823,1.042208528588463,1.1238080729704247,62.39998015793776,174.14544981859552,90,1.083008300779444,2.0752075194860996e-05,0.0009338433837687443,0.012186890106295319,0.0009338433837687436,3.9650635049601854,1.912342161629853,,,
sweep,two_state_hsmm,estimated,1.0,2.0,1000,f1,250,29.193617311257434,monte_carlo_standard_error,independent_simulation_replicate,2.0959616597814366,25.08553245808582,33.30170216442905,2.7872813842317576,3.700189129381006,4.12911301882207,121.2062896744387,9,3.2437352568063815,0.0022437352568063815,0.010096808655628717,0.014596808655628719,0.010096808655628719,1.641115762256553,3.496443010507667,,,
sweep,two_state_hsmm,estimated,1.0,2.0,1000,f3,250,73.78277889420391,monte_carlo_standard_error,independent_simulation_replicate,1.5733981330961542,70.69891855333546,76.86663923507237,0.7855435394815051,0.8540737692785819,44.368102898039695,134.82740317352884,90,0.8198086543800435,-0.00018019134561995655,-0.008108610552898042,0.03692831776486683,-0.008108610552898039,nan,2.399754348673402,,,
sweep,two_state_hsmm,estimated,1.0,2.0,2000,f1,250,35.35203254296033,monte_carlo_standard_error,independent_simulation_replicate,3.030481314138389,29.41228916724909,41.291775918671576,3.268032129694343,4.587975102074619,4.062364675167035,152.0121098101378,9,3.928003615884481,0.0014640018079422406,0.006588008135740083,0.008838008135740084,0.006588008135740084,1.8183081976000364,4.161047393277611,,,
sweep,two_state_hsmm,estimated,1.0,2.0,2000,f3,250,87.50678907642516,monte_carlo_standard_error,independent_simulation_replicate,2.436846374269399,82.73057018285714,92.28300796999319,0.9192285575873015,1.0253667552221466,51.34318892637021,186.6824429253609,90,0.9722976564047241,-1.3851171797637951e-05,-0.0006233027308937089,0.021887641089651116,-0.0006233027308937098,nan,3.3783278572907034,,,
sweep,two_state_hsmm,estimated,1.0,2.0,4000,f1,250,37.61993441224888,monte_carlo_standard_error,independent_simulation_replicate,2.9212052036566307,31.894372213081887,43.345496611415875,3.5438191347868764,4.8161662901573195,4.660512701628346,169.42227208642313,9,4.179992712472098,0.0007949981781180244,0.00357749180153111,0.00470249180153111,0.00357749180153111,1.613851000360331,3.361838073693929,,,
sweep,two_state_hsmm,estimated,1.0,2.0,4000,f3,250,103.14660153855783,monte_carlo_standard_error,independent_simulation_replicate,2.3393112819813746,98.56155142587434,107.73165165124132,1.0951283491763815,1.1970183516804591,61.07068393990298,210.44187181197177,90,1.1460733504284204,3.65183376071051e-05,0.0016433251923197289,0.012896549329652143,0.001643325192319729,2.8134844528044685,2.411954117288728,,,
sweep,two_state_hsmm,estimated,1.5,0.0,1000,f1,250,9.910480425003541,monte_carlo_standard_error,independent_simulation_replicate,0.3000576491204616,9.322367432727436,10.498593417279647,1.0358186036363817,1.1665103796977385,2.9585024433229967,23.290029078736623,9,1.1011644916670602,0.00010116449166706021,0.0004552402125017707,0.004955240212501771,0.0004552402125017705,5.210796270400803,1.032422690282315,,,
sweep,two_state_hsmm,estimated,1.5,0.0,1000,f3,250,57.24418684931406,monte_carlo_standard_error,independent_simulation_replicate,0.716886241768423,55.839089815447956,58.64928388318017,0.620434331282755,0.651658709813113,37.59130745239285,81.79521447597642,90,0.636046520547934,-0.000363953479452066,-0.01637790657534297,0.02865074416882586,-0.016377906575342972,nan,0.23018818939097815,,,
sweep,two_state_hsmm,estimated,1.5,0.0,2000,f1,250,10.922430262093785,monte_carlo_standard_error,independent_simulation_replicate,0.3438177072646317,10.248547555855108,11.596312968332462,1.138727506206123,1.288479218703607,3.5452530877410418,24.54849975843412,9,1.213603362454865,0.00010680168122743249,0.0004806075655234463,0.0027306075655234457,0.000480607565523446,2.8277932268635286,1.1624158627495254,,,
sweep,two_state_hsmm,estimated,1.5,0.0,2000,f3,250,68.7414602360347,monte_carlo_standard_error,independent_simulation_replicate,0.8218803012118155,67.13057484565954,70.35234562640986,0.7458952760628837,0.7816927291823318,43.7034013929893,95.63379165015901,90,0.7637940026226078,-0.00011810299868869611,-0.005314634940991326,0.017193962040028685,-0.005314634940991328,nan,0.2457583641613164,,,
sweep,two_state_hsmm,estimated,1.5,0.0,4000,f1,250,10.949094226466947,monte_carlo_standard_error,independent_simulation_replicate,0.3778879244287862,10.208433894586527,11.689754558347367,1.1342704327318363,1.2988616175941519,3.119416251026657,26.713019484981537,9,1.2165660251629942,5.4141506290748545e-05,0.0002436367783083684,0.0013686367783083686,0.00024363677830836856,3.0654919737632587,1.393567023230012,,,
sweep,two_state_hsmm,estimated,1.5,0.0,4000,f3,250,77.9669230437566,monte_carlo_standard_error,independent_simulation_replicate,0.9506570287364989,76.10363526743306,79.83021082008013,0.8455959474159229,0.8870023424453347,52.64771380091844,107.54313591853486,90,0.8662991449306289,-3.342521376734278e-05,-0.0015041346195304257,0.009748302456083595,-0.0015041346195304257,nan,0.7436953142925082,,,
sweep,two_state_hsmm,estimated,1.5,0.25,1000,f1,250,12.808410091604593,monte_carlo_standard_error,independent_simulation_replicate,0.5601095003135665,11.710595470990002,13.906224712219183,1.3011772745544448,1.5451360791354647,3.3162115969135812,36.16888153470083,9,1.4231566768449548,0.0004231566768449548,0.0019042050458022964,0.0064042050458022965,0.0019042050458022964,2.325408395480066,3.214750803811805,,,
sweep,two_state_hsmm,estimated,1.5,0.25,1000,f3,250,62.34749484671273,monte_carlo_standard_error,independent_simulation_replicate,0.849326089002363,60.682815712268095,64.01217398115736,0.6742535079140899,0.7112463775684151,40.625611340821216,90.4198589286419,90,0.6927499427412526,-0.00030725005725874745,-0.013826252576643636,0.031204952375732096,-0.013826252576643636,nan,0.9221223784354247,,,
sweep,two_state_hsmm,estimated,1.5,0.25,2000,f1,250,13.868929455474849,monte_carlo_standard_error,independent_simulation_replicate,0.6339741935988279,12.626340036021146,15.111518874928551,1.4029266706690162,1.679057652769839,3.2671250473473923,37.23817142770516,9,1.5409921617194275,0.0002704960808597138,0.0012172323638687122,0.0034672323638687123,0.0012172323638687122,2.0587712841952803,3.154638095649306,,,
sweep,two_state_hsmm,estimated,1.5,0.25,2000,f3,250,70.93290836112921,monte_carlo_standard_error,independent_simulation_replicate,0.9192527675912748,69.13117293665032,72.7346437856081,0.768124143740559,0.8081627087289789,47.769347407894784,98.88704491714215,90,0.788143426234769,-0.00010592828688261552,-0.004766772909717698,0.017742098139351972,-0.0047667729097176995,nan,1.340656361256572,,,
sweep,two_state_hsmm,estimated,1.5,0.25,4000,f1,250,16.171388100868885,monte_carlo_standard_error,independent_simulation_replicate,0.7014510675694968,14.796544008432672,17.546232193305098,1.644060445381408,1.9495813548116776,4.242907155503671,48.44212392952986,9,1.7968209000965427,0.00019920522502413568,0.0008964235126086106,0.0020214235126086106,0.0008964235126086109,1.546550688288314,2.009009563335459,,,
sweep,two_state_hsmm,estimated,1.5,0.25,4000,f3,250,85.01454589797785,monte_carlo_standard_error,independent_simulation_replicate,1.0984833198509893,82.86151859106991,87.1675732048858,0.9206835399007768,0.9685285911653978,55.54441714754968,124.16121420986762,90,0.9446060655330872,-1.384848361672819e-05,-0.0006231817627527683,0.010629475606148768,-0.0006231817627527693,nan,0.609508944497756,,,
sweep,two_state_hsmm,estimated,1.5,0.5,1000,f1,250,20.021088611437975,monte_carlo_standard_error,independent_simulation_replicate,1.2732981214469852,17.525424293401883,22.516752929474066,1.9472693659335425,2.5018614366082295,4.079362404982622,67.58011705084674,9,2.224565401270886,0.001224565401270886,0.0055105443057189875,0.010010544305718988,0.0055105443057189875,1.8267352464652786,4.010841100172704,,,
sweep,two_state_hsmm,estimated,1.5,0.5,1000,f3,250,66.90091799658738,monte_carlo_standard_error,independent_simulation_replicate,1.2312365210971454,64.48769441523697,69.31414157793779,0.7165299379470775,0.7701571286437532,41.117840527579745,104.74831630824579,90,0.7433435332954154,-0.00025665646670458466,-0.011549541001706309,0.033483942941234926,-0.011549541001706309,nan,2.3270549724003673,,,
sweep,two_state_hsmm,estimated,1.5,0.5,2000,f1,250,23.39671342438362,monte_carlo_standard_error,independent_simulation_replicate,1.546561617382806,20.36545265431332,26.42797419445392,2.26282807270148,2.936441577161547,3.809677833882454,75.9118818426682,9,2.5996348249315133,0.0007998174124657566,0.003599178356095905,0.005849178356095903,0.0035991783560959043,1.6985325430039644,4.64196355200984,,,
sweep,two_state_hsmm,estimated,1.5,0.5,2000,f3,250,78.59731417062953,monte_carlo_standard_error,independent_simulation_replicate,1.5112657468723238,75.63523330675977,81.55939503449929,0.8403914811862196,0.9062155003833254,49.50524813396759,127.3348401548267,90,0.8733034907847725,-6.334825460761372e-05,-0.0028506714573426173,0.019659158121718243,-0.0028506714573426173,nan,3.266299823769395,,,
sweep,two_state_hsmm,estimated,1.5,0.5,4000,f1,250,23.303883842931523,monte_carlo_standard_error,independent_simulation_replicate,1.2726355557816502,20.809518153599488,25.798249532263558,2.3121686837332764,2.8664721702515066,4.766038663658845,71.90017105984523,9,2.5893204269923915,0.0003973301067480979,0.0017879854803664404,0.00291298548036644,0.00178798548036644,1.4067602309190357,3.122381870111311,,,
sweep,two_state_hsmm,estimated,1.5,0.5,4000,f3,250,89.01603480670039,monte_carlo_standard_error,independent_simulation_replicate,1.3785757252275093,86.31402638525446,91.71804322814631,0.9590447376139385,1.0190893692016256,55.41083854088994,139.846159787262,90,0.9890670534077821,-2.7332366480544713e-06,-0.00012299564916245132,0.011129786797536933,-0.0001229956491624517,nan,0.993273855758621,,,
sweep,two_state_hsmm,estimated,1.5,0.75,1000,f1,250,21.461783960413523,monte_carlo_standard_error,independent_simulation_replicate,1.3916632433447629,18.734124003457787,24.18944391736926,2.081569333717532,2.687715990818807,3.9098459313810117,68.76208606976,9,2.384642662268169,0.001384642662268169,0.006230891980206762,0.01073089198020676,0.006230891980206762,1.7657285661853912,4.3861979947946175,,,
sweep,two_state_hsmm,estimated,1.5,0.75,1000,f3,250,67.9277803813445,monte_carlo_standard_error,independent_simulation_replicate,1.320934612984013,65.33874853989585,70.51681222279316,0.7259860948877316,0.783520135808813,42.839009393194395,116.79585244725953,90,0.7547531153482723,-0.0002452468846517277,-0.011036109809327748,0.033997888078751,-0.011036109809327748,nan,2.6353066299393286,,,
sweep,two_state_hsmm,estimated,1.5,0.75,2000,f1,250,27.539844659033477,monte_carlo_standard_error,independent_simulation_replicate,1.846862680864414,23.919993804539224,31.15969551352773,2.6577770893932473,3.46218839039197,3.6327799941099457,109.74501087486644,9,3.0599827398926087,0.0010299913699463043,0.004634961164758369,0.0068849611647583695,0.004634961164758369,1.5750651379515623,2.9644608432154067,,,
sweep,two_state_hsmm,estimated,1.5,0.75,2000,f3,250,83.49713357072275,monte_carlo_standard_error,independent_simulation_replicate,1.720568236786204,80.12481982662179,86.86944731482372,0.8902757758513532,0.965216081275819,51.04465935081717,155.00038332291138,90,0.9277459285635862,-3.612703571820691e-05,-0.001625716607319312,0.02088472575555847,-0.001625716607319312,nan,1.864040379199637,,,
sweep,two_state_hsmm,estimated,1.5,0.75,4000,f1,250,28.21485458289605,monte_carlo_standard_error,independent_simulation_replicate,1.8356307289244465,24.617018354204134,31.812690811587963,2.735224261578237,3.5347434235097737,4.9220630395853835,88.32215510648516,9,3.1349838425440053,0.0005337459606360014,0.002401856822862006,0.0035268568228620056,0.0024018568228620055,1.510491276775899,4.272694575617584,,,
sweep,two_state_hsmm,estimated,1.5,0.75,4000,f3,250,94.76257987859776,monte_carlo_standard_error,independent_simulation_replicate,1.667923376846991,91.49345005997766,98.03170969721786,1.0165938895553073,1.0892412188579763,63.91128983969644,149.21744469624085,90,1.0529175542066418,1.3229388551660449e-05,0.0005953224848247203,0.011848284555963711,0.000595322484824722,5.537373616743171,3.4476244887951313,,,
sweep,two_state_hsmm,estimated,1.5,1.0,1000,f1,250,25.08600940365703,monte_carlo_standard_error,independent_simulation_replicate,1.9293951508283034,21.304394908033554,28.867623899280506,2.367154989781506,3.207513766586723,3.7819608090050205,94.12208424238716,9,2.7873343781841147,0.0017873343781841147,0.008043004701828515,0.012543004701828515,0.008043004701828515,1.8964564268234438,4.489744142143284,,,
sweep,two_state_hsmm,estimated,1.5,1.0,1000,f3,250,71.03169130054631,monte_carlo_standard_error,independent_simulation_replicate,1.6599618376340428,67.77816609878359,74.28521650230904,0.7530907344309288,0.8253912944701004,39.103200912142704,136.3318792226414,90,0.7892410144505146,-0.00021075898554948536,-0.009484154349726843,0.03555139704732048,-0.009484154349726848,nan,2.851053599682563,,,
sweep,two_state_hsmm,estimated,1.5,1.0,2000,f1,250,27.55173951296245,monte_carlo_standard_error,independent_simulation_replicate,1.841693819422125,23.942019626895085,31.161459399029813,2.6602244029883426,3.462384377669979,4.670790265043414,96.67863304001834,9,3.061304390329161,0.0010306521951645804,0.004637934878240612,0.006887934878240612,0.004637934878240612,1.5696499020912467,4.206899414362996,,,
sweep,two_state_hsmm,estimated,1.5,1.0,2000,f3,250,82.55774110030895,monte_carlo_standard_error,independent_simulation_replicate,1.6657745537939264,79.29282297487285,85.82265922574504,0.8810313663874761,0.9535851025082782,49.8090544718005,148.03582997515178,90,0.9173082344478771,-4.1345882776061436e-05,-0.0018605647249227636,0.020649760155154812,-0.0018605647249227623,nan,3.258494835847724,,,
sweep,two_state_hsmm,estimated,1.5,1.0,4000,f1,250,33.04138922396113,monte_carlo_standard_error,independent_simulation_replicate,2.153803477979464,28.819934407121384,37.262844040800886,3.2022149341245982,4.140316004533432,4.63823433322212,132.224600733958,9,3.6712654693290148,0.0006678163673322537,0.0030051736529951418,0.004130173652995141,0.0030051736529951418,1.416499803601039,2.4067635689741413,,,
sweep,two_state_hsmm,estimated,1.5,1.0,4000,f3,250,97.29409400102267,monte_carlo_standard_error,independent_simulation_replicate,1.9370069514486858,93.49756037618324,101.0906276258621,1.0388617819575916,1.1232291958429121,59.97833688856557,183.82213206631357,90,1.0810454889002519,2.026137222506297e-05,0.0009117617501278338,0.012164802950865554,0.0009117617501278355,4.1988448526288655,1.5986339420573543,,,
sweep,two_state_hsmm,estimated,1.5,1.25,1000,f1,250,31.51268260460978,monte_carlo_standard_error,independent_simulation_replicate,3.2606512111921404,25.121806230673183,37.90355897854637,2.7913118034081315,4.211506553171819,4.814315067586451,150.31567709913458,9,3.5014091782899754,0.0025014091782899752,0.011256341302304889,0.01575634130230489,0.011256341302304889,2.2900612654314547,6.881405394979478,,,
sweep,two_state_hsmm,estimated,1.5,1.25,1000,f3,250,77.09332814006271,monte_carlo_standard_error,independent_simulation_replicate,2.584079082563909,72.02853313823745,82.15812314188797,0.8003170348693049,0.9128680349098663,42.398812497731264,184.2893543418301,90,0.8565925348895856,-0.00014340746511041437,-0.006453335929968646,0.03858524931935071,-0.006453335929968638,nan,5.268870580618701,,,
sweep,two_state_hsmm,estimated,1.5,1.25,2000,f1,250,28.910002182396536,monte_carlo_standard_error,independent_simulation_replicate,2.531028804647369,23.94918572528769,33.87081863950538,2.6610206361430766,3.7634242932783755,4.020444170202711,102.04080632039954,9,3.212222464710726,0.001106111232355363,0.004977500545599134,0.007227500545599135,0.004977500545599135,2.009998736528426,7.2166513058608315,,,
sweep,two_state_hsmm,estimated,1.5,1.25,2000,f3,250,84.04230892941733,monte_carlo_standard_error,independent_simulation_replicate,2.1469902909033918,79.83420795924668,88.25040989958798,0.8870467551027409,0.980560109995422,50.123667363488195,153.63243860480233,90,0.9338034325490815,-3.309828372545925e-05,-0.0014894227676456673,0.021021087776242453,-0.0014894227676456656,nan,5.923602474980524,,,
sweep,two_state_hsmm,estimated,1.5,1.25,4000,f1,250,33.959594860804906,monte_carlo_standard_error,independent_simulation_replicate,2.7607351403583213,28.548553985702597,39.370635735907214,3.172061553966955,4.374515081767468,4.55300780541247,124.23612787129099,9,3.7732883178672116,0.0006933220794668029,0.003119949357600613,0.004244949357600612,0.0031199493576006126,1.7488687433998282,5.283444181566439,,,
sweep,two_state_hsmm,estimated,1.5,1.25,4000,f3,250,97.90028206492254,monte_carlo_standard_error,independent_simulation_replicate,2.348593412536808,93.2970389763504,102.50352515349468,1.0366337664038932,1.138928057261052,58.76400513090047,163.60949078063138,90,1.0877809118324726,2.1945227958118152e-05,0.000987535258115317,0.012240595406967059,0.0009875352581153176,4.700404631284885,4.501104162012503,,,
sweep,two_state_hsmm,estimated,1.5,1.5,1000,f1,250,41.989819584559754,monte_carlo_standard_error,independent_simulation_replicate,4.891803846205794,32.4018840459964,51.57775512312311,3.600209338444044,5.7308616803470125,4.182978438685188,192.07535196653322,9,4.665535509395529,0.0036655355093955285,0.016494909792279876,0.020994909792279876,0.016494909792279876,2.3445478356029588,6.714390082502541,,,
sweep,two_state_hsmm,estimated,1.5,1.5,1000,f3,250,82.79676187551351,monte_carlo_standard_error,independent_simulation_replicate,3.4615221864738714,76.01217839002473,89.58134536100229,0.8445797598891637,0.9953482817889143,44.708737651321826,196.59375687954676,90,0.919964020839039,-8.003597916096095e-05,-0.0036016190622432448,0.04143982075851527,-0.0036016190622432448,nan,5.526185271380708,,,
sweep,two_state_hsmm,estimated,1.5,1.5,2000,f1,250,27.190169429461587,monte_carlo_standard_error,independent_simulation_replicate,1.6628695711480082,23.93094507001149,30.449393788911685,2.658993896667943,3.3832659765457427,4.240322096126947,101.77630341828687,9,3.021129936606843,0.0010105649683034214,0.004547542357365397,0.006797542357365397,0.004547542357365396,1.4454113022439192,2.2350354244978057,,,
sweep,two_state_hsmm,estimated,1.5,1.5,2000,f3,250,80.62811890216382,monte_carlo_standard_error,independent_simulation_replicate,1.4987046039502043,77.69065787842142,83.56557992590622,0.8632295319824602,0.9285064436211802,50.00540801146787,145.7917805620041,90,0.8958679878018202,-5.20660060990899e-05,-0.002342970274459045,0.020167113282182045,-0.0023429702744590455,nan,1.7251350131691698,,,
sweep,two_state_hsmm,estimated,1.5,1.5,4000,f1,250,39.53020149836532,monte_carlo_standard_error,independent_simulation_replicate,3.0451879011435095,33.56163321212404,45.4987697846066,3.7290703569026715,5.055418864956289,4.357367162550726,162.5885710252106,9,4.39224461092948,0.00084806115273237,0.003816275187295665,0.004941275187295664,0.0038162751872956643,1.5770825605780494,3.3622476892069475,,,
sweep,two_state_hsmm,estimated,1.5,1.5,4000,f3,250,103.4854483180213,monte_carlo_standard_error,independent_simulation_replicate,2.75091960260457,98.09364589691634,108.87725073912625,1.089929398854626,1.209747230434736,62.79863837793224,211.45677515640025,90,1.1498383146446811,3.745957866117028e-05,0.0016856810397526622,0.012938915768694837,0.0016856810397526626,3.2253920667251954,3.9384994418201114,,,
sweep,two_state_hsmm,estimated,1.5,2.0,1000,f1,250,41.257108560179184,monte_carlo_standard_error,independent_simulation_replicate,5.370058151929171,30.73179458239801,51.78242253796036,3.4146438424886676,5.753602504217818,5.513764908711995,154.81046028409304,9,4.584123173353243,0.0035841231733532426,0.01612855428008959,0.020628554280089587,0.016128554280089587,2.6322283189098687,8.458090489490713,,,
sweep,two_state_hsmm,estimated,1.5,2.0,1000,f3,250,82.72141549210485,monte_carlo_standard_error,independent_simulation_replicate,3.252623834910164,76.34627277568093,89.09655820852878,0.8482919197297881,0.9899617578725419,41.90314940900271,168.19348963330847,90,0.9191268388011651,-8.087316119883492e-05,-0.003639292253947573,0.04140210985590834,-0.003639292253947573,nan,6.560650608457397,,,
sweep,two_state_hsmm,estimated,1.5,2.0,2000,f1,250,43.41864330303324,monte_carlo_standard_error,independent_simulation_replicate,4.3760965803206995,34.84149400560467,51.99579260046181,3.8712771117338525,5.7773102889402015,5.109797202482596,186.6260160885478,9,4.8242937003370265,0.0019121468501685133,0.00860466082575831,0.010854660825758313,0.008604660825758313,2.010310565243551,5.063776063212932,,,
sweep,two_state_hsmm,estimated,1.5,2.0,2000,f3,250,94.82778761178281,monte_carlo_standard_error,independent_simulation_replicate,3.527990810990984,87.91292562224048,101.74264960132514,0.9768102846915608,1.1304738844591682,53.735745375885,218.7117521666504,90,1.0536420845753645,2.682104228768223e-05,0.0012069469029457026,0.023718806306098753,0.0012069469029457047,11.554450427404173,4.845180706166384,,,
sweep,two_state_hsmm,estimated,1.5,2.0,4000,f1,250,45.712623649085074,monte_carlo_standard_error,independent_simulation_replicate,3.617416806852258,38.62248670765465,52.8027605905155,4.291387411961628,5.8669733989461665,5.1886439071806985,219.3242107140842,9,5.079180405453897,0.0010197951013634742,0.004589077956135635,0.005714077956135633,0.004589077956135634,1.5579486316706772,3.0915225096200722,,,
sweep,two_state_hsmm,estimated,1.5,2.0,4000,f3,250,106.23437444204366,monte_carlo_standard_error,independent_simulation_replicate,2.8195151998214474,100.70812465039363,111.76062423369369,1.1189791627821515,1.2417847137077076,62.26469778938246,238.63512187090527,90,1.1803819382449297,4.5095484561232415e-05,0.0020292968052554572,0.013282617459620363,0.0020292968052554572,2.746052815502926,2.7793936309846554,,,
sweep,two_state_hsmm,estimated,2.0,0.0,1000,f1,250,10.035532754248,monte_carlo_standard_error,independent_simulation_replicate,0.31826622410772815,9.411730954996854,10.659334553499148,1.0457478838885392,1.18437050594435,3.2600122929979873,20.844896443241627,9,1.1150591949164446,0.00011505919491644457,0.0005177663771240004,0.005017766377124,0.0005177663771239998,4.859557393782728,1.2528957048768516,,,
sweep,two_state_hsmm,estimated,2.0,0.0,1000,f3,250,58.01630304774417,monte_carlo_standard_error,independent_simulation_replicate,0.740353260097239,56.56521065795358,59.467395437534755,0.6285023406439286,0.6607488381948307,38.04485170189495,82.50965898110235,90,0.6446255894193796,-0.0003553744105806204,-0.015991848476127918,0.029037188712584667,-0.015991848476127918,nan,0.4877721644962934,,,
sweep,two_state_hsmm,estimated,2.0,0.0,2000,f1,250,10.48691986506232,monte_carlo_standard_error,independent_simulation_replicate,0.33041418010102386,9.839308072064314,11.134531658060327,1.0932564524515904,1.2371701842289253,3.27458993134912,21.876952817059802,9,1.1652133183402578,8.260665917012888e-05,0.0003717299662655802,0.00262172996626558,0.00037172996626558,3.5135093857009125,0.8081907610624736,,,
sweep,two_state_hsmm,estimated,2.0,0.0,2000,f3,250,67.41177891485178,monte_carlo_standard_error,independent_simulation_replicate,0.7694997901952021,65.90355932606919,68.91999850363437,0.7322617702896577,0.7657777611514931,49.12394393937919,95.64376074107285,90,0.7490197657205754,-0.0001254901171397123,-0.005647055271287055,0.016861375416421156,-0.005647055271287057,nan,0.44384527536369245,,,
sweep,two_state_hsmm,estimated,2.0,0.0,4000,f1,250,11.101019490287825,monte_carlo_standard_error,independent_simulation_replicate,0.3682892675301925,10.379172525928649,11.822866454647002,1.1532413917698499,1.3136518282941114,2.9468746844672853,25.094933071731205,9,1.2334466100319805,5.836165250799513e-05,0.0002626274362859782,0.001387627436285978,0.00026262743628597797,2.7715900032677885,1.274730767780696,,,
sweep,two_state_hsmm,estimated,2.0,0.0,4000,f3,250,77.709007684973,monte_carlo_standard_error,independent_simulation_replicate,0.8774668563375938,75.98917264655132,79.42884272339468,0.8443241405172369,0.8825426969266076,54.56655672015139,107.36201942621443,90,0.8634334187219223,-3.414164531951944e-05,-0.0015363740393783748,0.009716054974365214,-0.0015363740393783767,nan,0.3879487938542499,,,
sweep,two_state_hsmm,estimated,2.0,0.25,1000,f1,250,15.12913910233579,monte_carlo_standard_error,independent_simulation_replicate,0.7352542910231853,13.688040691930347,16.570237512741233,1.5208934102144829,1.8411375014156925,3.928423694627126,46.579846565227214,9,1.6810154558150878,0.0006810154558150878,0.003064569551167895,0.0075645695511678945,0.0030645695511678944,1.8967412716734404,2.5566239517664715,,,
sweep,two_state_hsmm,estimated,2.0,0.25,1000,f3,250,62.258042705260905,monte_carlo_standard_error,independent_simulation_replicate,0.8421320562340933,60.607463875042086,63.908621535479725,0.6734162652782454,0.7100957948386636,40.462513159308706,96.07082334761671,90,0.6917560300584545,-0.00030824396994154547,-0.013870978647369548,0.031160181534164614,-0.013870978647369546,nan,0.6916427527592692,,,
sweep,two_state_hsmm,estimated,2.0,0.25,2000,f1,250,16.740136635743635,monte_carlo_standard_error,independent_simulation_replicate,0.716996480511917,15.334823533940277,18.145449737546993,1.7038692815489196,2.016161081949666,4.298894139298613,48.42429191097998,9,1.8600151817492927,0.00043000759087464635,0.001935034158935909,0.004185034158935909,0.0019350341589359093,1.4646653279166253,2.128879471450793,,,
sweep,two_state_hsmm,estimated,2.0,0.25,2000,f3,250,72.32575268241044,monte_carlo_standard_error,independent_simulation_replicate,0.9252638130587484,70.51223560881529,74.13926975600559,0.7834692845423921,0.8237696639556177,48.394785064884665,107.49819960781674,90,0.8036194742490049,-9.819026287549754e-05,-0.004418561829397391,0.018090483412308764,-0.004418561829397391,nan,0.5346976031572257,,,
sweep,two_state_hsmm,estimated,2.0,0.25,4000,f1,250,17.933865028714003,monte_carlo_standard_error,independent_simulation_replicate,0.9074186877463816,16.155324400731097,19.71240565669691,1.7950360445256774,2.1902672951885456,4.217320526275427,51.82663847537029,9,1.9926516698571115,0.0002481629174642779,0.0011167331285892503,0.002241733128589251,0.0011167331285892508,1.6059733583711546,3.045555842781814,,,
sweep,two_state_hsmm,estimated,2.0,0.25,4000,f3,250,83.57237363157171,monte_carlo_standard_error,independent_simulation_replicate,1.0768103225577514,81.46182539935852,85.6829218637849,0.9051313933262057,0.9520324651531655,57.3655469327464,123.02820033862503,90,0.9285819292396856,-1.7854517690078592e-05,-0.0008034532960535366,0.010449158993694887,-0.0008034532960535364,nan,0.9966219110085414,,,
sweep,two_state_hsmm,estimated,2.0,0.5,1000,f1,250,20.995516121575072,monte_carlo_standard_error,independent_simulation_replicate,1.1917670273607415,18.65965274794802,23.331379495202125,2.073294749772002,2.5923754994669026,5.103485742618405,85.50676870001956,9,2.3328351246194523,0.0013328351246194522,0.005997758060787536,0.010497758060787536,0.005997758060787536,1.5708779049405759,2.3808163700638327,,,
sweep,two_state_hsmm,estimated,2.0,0.5,1000,f3,250,67.7819863096827,monte_carlo_standard_error,independent_simulation_replicate,1.2204346399354709,65.38993441540917,70.17403820395621,0.7265548268378796,0.7797115355995135,41.35195989053314,116.14917053028786,90,0.7531331812186965,-0.00024686681878130344,-0.011109006845158653,0.03392491807291425,-0.011109006845158658,nan,1.5525920714372266,,,
sweep,two_state_hsmm,estimated,2.0,0.5,2000,f1,250,24.52715876321451,monte_carlo_standard_error,independent_simulation_replicate,1.5048110771729144,21.577729051955597,27.47658847447342,2.3975254502172887,3.052954274941491,4.446694273737999,90.03435794759454,9,2.72523986257939,0.0008626199312896949,0.003881789690803627,0.006131789690803627,0.003881789690803627,1.532357118480531,2.5194504557633812,,,
sweep,two_state_hsmm,estimated,2.0,0.5,2000,f3,250,79.93715028172319,monte_carlo_standard_error,independent_simulation_replicate,1.4981632506863882,77.00075031037787,82.87355025306852,0.8555638923375318,0.9208172250340946,46.58685970408135,143.61924241362408,90,0.8881905586858132,-5.59047206570934e-05,-0.002515712429569202,0.01999428471278719,-0.0025157124295692016,nan,1.3247135691131757,,,
sweep,two_state_hsmm,estimated,2.0,0.5,4000,f1,250,25.747236303196928,monte_carlo_standard_error,independent_simulation_replicate,1.5621805554825825,22.685362414451067,28.80911019194279,2.5205958238278963,3.201012243549199,4.5021834748384615,106.63247899592602,9,2.8608040336885474,0.00046520100842213684,0.002093404537899616,0.003218404537899616,0.002093404537899616,1.4748847458517618,2.4186989749108867,,,
sweep,two_state_hsmm,estimated,2.0,0.5,4000,f3,250,91.26138712274323,monte_carlo_standard_error,independent_simulation_replicate,1.5087118616389772,88.30431187393083,94.21846237155563,0.9811590208214537,1.046871804128396,59.414472019354314,152.70272324116337,90,1.0140154124749248,3.5038531187311927e-06,0.00015767339034290372,0.011410526021848366,0.00015767339034290404,18.911584436172976,1.6398233124014254,,,
sweep,two_state_hsmm,estimated,2.0,0.75,1000,f1,250,28.914715942897303,monte_carlo_standard_error,independent_simulation_replicate,2.3595660261201217,24.289966531701864,33.53946535409274,2.698885170189096,3.72660726156586,4.040736375678305,156.87809348562345,9,3.212746215877478,0.002212746215877478,0.00995735797144865,0.014457357971448651,0.009957357971448647,1.8733892447893954,3.749376004169416,,,
sweep,two_state_hsmm,estimated,2.0,0.75,1000,f3,250,75.03347734866671,monte_carlo_standard_error,independent_simulation_replicate,2.005822667079779,71.10206492119033,78.96488977614308,0.7900229435687814,0.8773876641793675,40.58316918767673,175.00452279600697,90,0.8337053038740745,-0.0001662946961259255,-0.007483261325666646,0.03755429296730065,-0.007483261325666646,nan,2.6564074758881,,,
sweep,two_state_hsmm,estimated,2.0,0.75,2000,f1,250,26.961993046960924,monte_carlo_standard_error,independent_simulation_replicate,1.852807231605449,23.330490873014245,30.593495220907602,2.5922767636682496,3.3992772467675114,4.317352766339706,115.16736772760305,9,2.9957770052178803,0.00099788850260894,0.004490498261740231,0.006740498261740231,0.004490498261740231,1.6309690416274987,3.0885735816883746,,,
sweep,two_state_hsmm,estimated,2.0,0.75,2000,f3,250,81.30150291389373,monte_carlo_standard_error,independent_simulation_replicate,1.70296718134374,77.96368723846,84.63931858932746,0.8662631915384444,0.9404368732147496,47.74090376419092,163.02873990992515,90,0.903350032376597,-4.8324983811701525e-05,-0.002174624271526568,0.020335543500223544,-0.002174624271526568,nan,2.2181722233556456,,,
sweep,two_state_hsmm,estimated,2.0,0.75,4000,f1,250,34.74027743533514,monte_carlo_standard_error,independent_simulation_replicate,3.1610123480934615,28.544693233071953,40.93586163759832,3.1716325814524393,4.548429070844258,4.617776988469705,164.47221900778405,9,3.8600308261483485,0.0007150077065370871,0.0032175346794168923,0.004342534679416891,0.003217534679416892,1.9417037669862627,4.760579357906683,,,
sweep,two_state_hsmm,estimated,2.0,0.75,4000,f3,250,100.98668116731734,monte_carlo_standard_error,independent_simulation_replicate,2.8391287024109344,95.4219889105919,106.55137342404278,1.0602443212287989,1.183904149156031,60.44307134350925,208.23994614019975,90,1.122074235192415,3.0518558798103724e-05,0.0013733351459146678,0.012626491768856881,0.0013733351459146682,4.08590780657429,4.988723478311478,,,
sweep,two_state_hsmm,estimated,2.0,1.0,1000,f1,250,31.2943820922171,monte_carlo_standard_error,independent_simulation_replicate,2.9853433203084396,25.443109184412556,37.14565500002164,2.827012131601395,4.1272950000024045,4.218348063500236,135.5497496563154,9,3.4771535658019,0.0024771535658019,0.01114719104610855,0.01564719104610855,0.01114719104610855,2.1172339405270884,5.409260943698961,,,
sweep,two_state_hsmm,estimated,2.0,1.0,1000,f3,250,74.96568778972564,monte_carlo_standard_error,independent_simulation_replicate,2.4006453109692623,70.26042298022588,79.67095259922539,0.7806713664469542,0.8852328066580598,42.93020447785761,168.34538820868275,90,0.8329520865525071,-0.0001670479134474929,-0.0075171561051371825,0.03752036425912193,-0.007517156105137184,nan,4.417573161635355,,,
sweep,two_state_hsmm,estimated,2.0,1.0,2000,f1,250,37.42839106065939,monte_carlo_standard_error,independent_simulation_replicate,3.212167549745032,31.13254266315913,43.72423945815966,3.459171407017681,4.858248828684406,4.254436874084434,170.8613129191853,9,4.158710117851044,0.001579355058925522,0.007107097765164849,0.009357097765164846,0.007107097765164848,1.7865530380530985,5.0767180666042675,,,
sweep,two_state_hsmm,estimated,2.0,1.0,2000,f3,250,90.53908095984275,monte_carlo_standard_error,independent_simulation_replicate,2.758275230381158,85.13286150829568,95.94530041138982,0.9459206834255075,1.066058893459887,52.97804983063395,199.43689085599962,90,1.0059897884426972,2.994894221348576e-06,0.00013477023996068737,0.022646093286603986,0.0001347702399606853,80.90094801506811,3.8681078323246503,,,
sweep,two_state_hsmm,estimated,2.0,1.0,4000,f1,250,40.89110066829261,monte_carlo_standard_error,independent_simulation_replicate,3.3425792710168727,34.33964529709954,47.44255603948568,3.8155161441221708,5.271395115498409,4.9630744824424555,195.63213462052357,9,4.54345562981029,0.0008858639074525725,0.003986387583536576,0.005111387583536576,0.003986387583536576,1.6572278056536063,3.4644243814819053,,,
sweep,two_state_hsmm,estimated,2.0,1.0,4000,f3,250,104.66299563915847,monte_carlo_standard_error,independent_simulation_replicate,2.907067071434672,98.9651441791465,110.36084709917043,1.0996127131016278,1.2262316344352269,60.57911034899632,216.50670067552534,90,1.1629221737684274,4.073054344210686e-05,0.0018328744548948084,0.01308614599139266,0.0018328744548948097,3.13474595602368,3.597157989451994,,,
sweep,two_state_hsmm,estimated,2.0,1.25,1000,f1,250,33.70339275356424,monte_carlo_standard_error,independent_simulation_replicate,2.7458522027349104,28.321522436203814,39.08526307092466,3.1468358262448684,4.342807007880518,4.450969130249542,191.9471175746792,9,3.7448214170626932,0.002744821417062693,0.012351696376782118,0.01685169637678212,0.012351696376782116,1.757480675924551,2.9522826594611877,,,
sweep,two_state_hsmm,estimated,2.0,1.25,1000,f3,250,78.22688403903567,monte_carlo_standard_error,independent_simulation_replicate,2.332214749398482,73.65574313021465,82.79802494785669,0.8183971458912739,0.9199780549761855,42.80090785063999,189.4244209013159,90,0.8691876004337297,-0.00013081239956627032,-0.0058865579804821665,0.039152594614131966,-0.0058865579804821665,nan,2.7992962416872222,,,
sweep,two_state_hsmm,estimated,2.0,1.25,2000,f1,250,37.295539410252545,monte_carlo_standard_error,independent_simulation_replicate,3.626920241275766,30.186775737352043,44.404303083153046,3.354086193039116,4.9338114536836715,4.657928439029273,177.2459940860884,9,4.143948823361394,0.001571974411680697,0.007073884852563136,0.009323884852563136,0.007073884852563137,2.026702634628533,5.715795488496378,,,
sweep,two_state_hsmm,estimated,2.0,1.25,2000,f3,250,90.39251935676012,monte_carlo_standard_error,independent_simulation_replicate,2.9469499659873,84.61649742342502,96.16854129009522,0.9401833047047224,1.0685393476677247,51.23082093844892,207.43075193818427,90,1.0043613261862236,2.180663093111823e-06,9.81298391900296e-05,0.022609434556468265,9.81298391900328e-05,118.70846472382374,5.5582573008864555,,,
sweep,two_state_hsmm,estimated,2.0,1.25,4000,f1,250,41.17812176067234,monte_carlo_standard_error,independent_simulation_replicate,3.5283193451965844,34.26261584408704,48.09362767725764,3.8069573160096706,5.343736408584182,4.340127809958721,207.3776201821289,9,4.575346862296927,0.0008938367155742318,0.004022265220084043,0.005147265220084043,0.004022265220084042,1.7337129752693738,3.793704516126456,,,
sweep,two_state_hsmm,estimated,2.0,1.25,4000,f3,250,104.83913405529267,monte_carlo_standard_error,independent_simulation_replicate,3.0039566042908126,98.95137911088268,110.72688899970267,1.0994597678986966,1.230298766663363,62.563903552642856,229.54127848122639,90,1.1648792672810298,4.1219816820257435e-05,0.0018548917569115844,0.01310816879911136,0.0018548917569115844,3.200774663288377,3.145392133347041,,,
sweep,two_state_hsmm,estimated,2.0,1.5,1000,f1,250,32.822222733425164,monte_carlo_standard_error,independent_simulation_replicate,2.6206667483632486,27.6857159066332,37.95872956021713,3.0761906562925776,4.217636617801904,3.7102305803892803,143.9924204562141,9,3.6469136370472404,0.0026469136370472404,0.011911111366712582,0.016411111366712583,0.01191111136671258,1.7394002242845423,3.275358861454431,,,
sweep,two_state_hsmm,estimated,2.0,1.5,1000,f3,250,76.79945502473531,monte_carlo_standard_error,independent_simulation_replicate,2.136265042046023,72.61237554232511,80.9865345071455,0.8068041726925013,0.8998503834127278,40.51525325836929,159.7239232284843,90,0.8533272780526145,-0.00014667272194738545,-0.006600272487632346,0.03843816567804569,-0.006600272487632354,nan,2.377073751468077,,,
sweep,two_state_hsmm,estimated,2.0,1.5,2000,f1,250,41.77006881823027,monte_carlo_standard_error,independent_simulation_replicate,3.9445989050982253,34.03865496423775,49.50148267222279,3.7820727738041944,5.500164741358088,4.231859205741851,184.17627314781095,9,4.6411187575811415,0.0018205593787905708,0.008192517204557569,0.010442517204557564,0.008192517204557569,1.9032485200301774,4.211978125204609,,,
sweep,two_state_hsmm,estimated,2.0,1.5,2000,f3,250,95.46781982783872,monte_carlo_standard_error,independent_simulation_replicate,3.4790178958280844,88.64894475201568,102.28669490366177,0.9849882750223965,1.1365188322629085,53.14949319407059,211.44599083937715,90,1.0607535536426524,3.0376776821326224e-05,0.001366954956959681,0.023878894404161764,0.001366954956959684,10.06033567098329,4.515998920051011,,,
sweep,two_state_hsmm,estimated,2.0,1.5,4000,f1,250,47.42836588111846,monte_carlo_standard_error,independent_simulation_replicate,3.857329883716901,39.86799930903334,54.98873245320358,4.4297777010037045,6.109859161467065,4.678128259222883,257.2723749581074,9,5.269818431235384,0.001067454607808846,0.004803545735139808,0.005928545735139807,0.004803545735139808,1.587102110575463,2.935136438005146,,,
sweep,two_state_hsmm,estimated,2.0,1.5,4000,f3,250,107.01899349932125,monte_carlo_standard_error,independent_simulation_replicate,3.213919374702272,100.7197115249048,113.31827547373771,1.1191079058322755,1.2590919497081967,61.01116322492105,256.11144936772035,90,1.189099927770236,4.7274981942559024e-05,0.0021273741874151568,0.01338071936725697,0.002127374187415157,2.9858714737180696,2.9235047370742224,,,
sweep,two_state_hsmm,estimated,2.0,2.0,1000,f1,250,48.19480138453917,monte_carlo_standard_error,independent_simulation_replicate,4.858058063512031,38.67300758005559,57.71659518902275,4.297000842228399,6.412955021002528,4.99628763286315,239.79473792023313,9,5.354977931615463,0.004354977931615463,0.019597400692269583,0.024097400692269583,0.019597400692269583,1.9597660841961657,4.271926239716713,,,
sweep,two_state_hsmm,estimated,2.0,2.0,1000,f3,250,86.37841391542415,monte_carlo_standard_error,independent_simulation_replicate,3.5596738016039864,79.40145326428033,93.35537456656796,0.8822383696031149,1.0372819396285329,42.37220079740401,259.0982449737246,90,0.9597601546158239,-4.0239845384176134e-05,-0.0018107930422879264,0.04323243939710918,-0.001810793042287928,nan,3.3361208089710015,,,
sweep,two_state_hsmm,estimated,2.0,2.0,2000,f1,250,46.626853246777756,monte_carlo_standard_error,independent_simulation_replicate,3.843282982781452,39.09401860052611,54.1596878930294,4.343779844502901,6.017743099225489,4.956061347206209,207.94240996609454,9,5.180761471864195,0.0020903807359320976,0.009406713311694438,0.011656713311694438,0.009406713311694438,1.6150072181754755,3.695325446975181,,,
sweep,two_state_hsmm,estimated,2.0,2.0,2000,f3,250,94.09278496137384,monte_carlo_standard_error,independent_simulation_replicate,2.6994042693582365,88.8019525934317,99.38361732931598,0.986688362149241,1.1042624147701776,52.38589378122856,205.54704091046406,90,1.0454753884597092,2.273769422985461e-05,0.0010231962403434594,0.02353496372220456,0.0010231962403434568,10.428431859133548,2.5709131519909616,,,
sweep,two_state_hsmm,estimated,2.0,2.0,4000,f1,250,60.133454575227894,monte_carlo_standard_error,independent_simulation_replicate,6.057721417233682,48.260320597449876,72.00658855300591,5.362257844161097,8.0007320614451,5.9654700523229485,265.28217783195157,9,6.681494952803099,0.0014203737382007748,0.006391681821903487,0.007516681821903488,0.006391681821903488,1.873156944741419,5.537453890763039,,,
sweep,two_state_hsmm,estimated,2.0,2.0,4000,f3,250,115.0445395147058,monte_carlo_standard_error,independent_simulation_replicate,4.523540498766734,106.178400137123,123.9106788922886,1.179760001523589,1.3767853210254288,61.25872743735685,263.82711557850683,90,1.278272661274509,6.956816531862725e-05,0.0031305674393382254,0.01438416348020828,0.0031305674393382254,2.855850285392043,5.312434074305884,,,
sweep,two_state_hsmm,estimated,3.0,0.0,1000,f1,250,10.65964003683845,monte_carlo_standard_error,independent_simulation_replicate,0.3005284649159871,10.070604245603116,11.248675828073784,1.1189560272892352,1.249852869785976,3.159266142146017,21.720999930855932,9,1.1844044485376055,0.00018440444853760551,0.000829820018419225,0.005329820018419225,0.000829820018419225,2.8631342633156494,0.8270341541967425,,,
sweep,two_state_hsmm,estimated,3.0,0.0,1000,f3,250,57.26798259370448,monte_carlo_standard_error,independent_simulation_replicate,0.752575188559422,55.792935224128016,58.74302996328095,0.6199215024903113,0.6527003329253438,36.74207890971966,79.44183617147749,90,0.6363109177078276,-0.0003636890822921725,-0.01636600870314776,0.02866265395080304,-0.016366008703147764,nan,0.29744526918626035,,,
sweep,two_state_hsmm,estimated,3.0,0.0,2000,f1,250,10.29100432082157,monte_carlo_standard_error,independent_simulation_replicate,0.34046524974446746,9.623692431322413,10.958316210320726,1.0692991590358236,1.2175906900356361,3.213170687675818,24.063066580608393,9,1.1434449245357299,7.172246226786494e-05,0.0003227510802053923,0.002572751080205393,0.00032275108020539265,4.169798799145075,1.3553586040032228,,,
sweep,two_state_hsmm,estimated,3.0,0.0,2000,f3,250,67.39144465840765,monte_carlo_standard_error,independent_simulation_replicate,0.7635278660969602,65.8949300408576,68.8879592759577,0.7321658893428622,0.7654217697328634,46.15842074371255,93.55358398104067,90,0.7487938295378628,-0.0001256030852310686,-0.005652138835398088,0.01685628930925654,-0.005652138835398087,nan,0.31551681547809574,,,
sweep,two_state_hsmm,estimated,3.0,0.0,4000,f1,250,10.79501176126362,monte_carlo_standard_error,independent_simulation_replicate,0.33289141410178374,10.142544589624123,11.447478932903117,1.1269493988471249,1.2719421036559018,2.6717983346457492,21.846217178093955,9,1.1994457512515133,4.986143781287833e-05,0.00022437647015795248,0.0013493764701579525,0.00022437647015795243,2.932279065778585,0.8044080652740861,,,
sweep,two_state_hsmm,estimated,3.0,0.0,4000,f3,250,78.55505977946402,monte_carlo_standard_error,independent_simulation_replicate,0.8960606912811802,76.7987808245529,80.31133873437513,0.8533197869394767,0.8923482081597236,55.809509512269756,108.56474101820103,90,0.8728339975496002,-3.1791500612599946e-05,-0.0014306175275669978,0.009821837931915984,-0.001430617527566997,nan,0.44237823231164597,,,
sweep,two_state_hsmm,estimated,3.0,0.25,1000,f1,250,16.810137099925985,monte_carlo_standard_error,independent_simulation_replicate,0.8688253809374654,15.107239353288552,18.513034846563418,1.6785821503653946,2.05700387184038,4.048474095359136,51.401167251198146,9,1.8677930111028873,0.0008677930111028873,0.0039050685499629925,0.008405068549962992,0.0039050685499629925,1.7589109240808758,3.2042299105759273,,,
sweep,two_state_hsmm,estimated,3.0,0.25,1000,f3,250,64.89277471555134,monte_carlo_standard_error,independent_simulation_replicate,1.0322575279356492,62.86954996079747,66.91599947030521,0.6985505551199719,0.7435111052256135,42.13365058250882,97.78597454018828,90,0.7210308301727927,-0.0002789691698272073,-0.01255361264222433,0.03247886622399967,-0.01255361264222433,nan,1.8674887693366398,,,
sweep,two_state_hsmm,estimated,3.0,0.25,2000,f1,250,19.08947575458847,monte_carlo_standard_error,independent_simulation_replicate,1.2422202151639137,16.654724132867198,21.524227376309742,1.850524903651911,2.3915808195899713,4.3113532840373034,65.88444907521162,9,2.121052861620941,0.0005605264308104705,0.0025223689386471176,0.004772368938647117,0.002522368938647118,1.946704333788563,4.284377521386993,,,
sweep,two_state_hsmm,estimated,3.0,0.25,2000,f3,250,74.60223928188475,monte_carlo_standard_error,independent_simulation_replicate,1.3082144645300027,72.03813893140594,77.16633963236356,0.8004237659045105,0.8574037736929284,47.043443754900615,117.19735006846426,90,0.8289137697987194,-8.554311510064027e-05,-0.003849440179528813,0.01865988976535386,-0.0038494401795288184,nan,2.394441613945566,,,
sweep,two_state_hsmm,estimated,3.0,0.25,4000,f1,250,18.089603676497624,monte_carlo_standard_error,independent_simulation_replicate,0.8985173617869823,16.32850964739514,19.85069770560011,1.814278849710571,2.205633078400012,4.10151244572986,59.95224862534325,9,2.0099559640552918,0.00025248899101382296,0.0011362004595622031,0.002261200459562203,0.0011362004595622031,1.5629731952995485,2.4175474798240297,,,
sweep,two_state_hsmm,estimated,3.0,0.25,4000,f3,250,85.97938018181402,monte_carlo_standard_error,independent_simulation_replicate,1.1367303473344412,83.75138870103852,88.20737166258952,0.9305709855670947,0.9800819073621058,60.35161402977323,128.84542000213315,90,0.9553264464646003,-1.1168388383849926e-05,-0.0005025774772732472,0.010750110050239315,-0.000502577477273247,nan,1.4848978113213624,,,
sweep,two_state_hsmm,estimated,3.0,0.5,1000,f1,250,25.53316226065143,monte_carlo_standard_error,independent_simulation_replicate,1.9163130647220288,21.777188653796255,29.289135867506605,2.419687628199584,3.254348429722956,3.9883390052059786,95.39944180021831,9,2.83701802896127,0.00183701802896127,0.008266581130325716,0.012766581130325713,0.008266581130325716,1.8326542433088366,3.7637501303207923,,,
sweep,two_state_hsmm,estimated,3.0,0.5,1000,f3,250,72.51180433654525,monte_carlo_standard_error,independent_simulation_replicate,1.7097698965054922,69.1606553393945,75.86295333369601,0.7684517259932722,0.8429217037077334,42.49422996960429,140.62568343686408,90,0.8056867148505028,-0.0001943132851494972,-0.008744097831727374,0.036292194362635255,-0.008744097831727377,nan,2.8293399385426485,,,
sweep,two_state_hsmm,estimated,3.0,0.5,2000,f1,250,29.486985324438166,monte_carlo_standard_error,independent_simulation_replicate,2.1825033848793005,25.209278690074736,33.76469195880159,2.8010309655638594,3.7516324398668437,4.446808385627064,114.70463537922652,9,3.2763317027153516,0.0011381658513576758,0.005121746331109542,0.007371746331109542,0.005121746331109542,1.6844063652969286,4.07623495211207,,,
sweep,two_state_hsmm,estimated,3.0,0.5,2000,f3,250,83.49459782746987,monte_carlo_standard_error,independent_simulation_replicate,1.9761749052654394,79.62129501314962,87.36790064179013,0.8846810557016624,0.9707544515754459,49.76580714720954,161.86656569068873,90,0.9277177536385541,-3.614112318072293e-05,-0.0016263505431325313,0.020884091502618773,-0.0016263505431325352,nan,3.0885674971354447,,,
sweep,two_state_hsmm,estimated,3.0,0.5,4000,f1,250,30.941214804791322,monte_carlo_standard_error,independent_simulation_replicate,2.2356698400461594,26.55930191830085,35.3231276912818,2.951033546477872,3.9247919656979775,4.830495706003608,140.505371838321,9,3.4379127560879246,0.0006094781890219811,0.002742651850598915,0.0038676518505989152,0.0027426518505989143,1.611079617420806,3.2321615543934845,,,
sweep,two_state_hsmm,estimated,3.0,0.5,4000,f3,250,95.85557080303677,monte_carlo_standard_error,independent_simulation_replicate,2.0112059812973317,91.913607079694,99.79753452637954,1.0212623008854889,1.1088614947375504,60.26708212548243,180.4106085223436,90,1.0650618978115196,1.62654744528799e-05,0.0007319463503795962,0.011984942586026103,0.0007319463503795969,5.430718847558977,2.75455191392516,,,
sweep,two_state_hsmm,estimated,3.0,0.75,1000,f1,250,34.99360167434279,monte_carlo_standard_error,independent_simulation_replicate,2.699291145166565,29.702991029816324,40.28421231886926,3.3003323366462585,4.4760235909854735,3.119528564699644,169.88412682770232,9,3.8881779638158656,0.0028881779638158657,0.012996800837171396,0.01749680083717139,0.012996800837171392,1.641924846273996,2.8836716645701115,,,
sweep,two_state_hsmm,estimated,3.0,0.75,1000,f3,250,80.58555892666517,monte_carlo_standard_error,independent_simulation_replicate,2.3283587607360228,76.02197575562256,85.14914209770778,0.8446886195069173,0.9461015788634198,43.87996868392386,194.9101229113977,90,0.8953950991851686,-0.00010460490081483142,-0.004707220536667414,0.0403331125759085,-0.004707220536667414,nan,2.514428277442559,,,
sweep,two_state_hsmm,estimated,3.0,0.75,2000,f1,250,36.368404259672474,monte_carlo_standard_error,independent_simulation_replicate,2.5420399040063155,31.386006047820096,41.35080247152485,3.487334005313344,4.594533607947206,5.582114529211862,157.99537710288038,9,4.0409338066302745,0.0015204669033151371,0.006842101064918118,0.009092101064918118,0.00684210106491812,1.4685978625982088,2.270282052214816,,,
sweep,two_state_hsmm,estimated,3.0,0.75,2000,f3,250,91.58997189137212,monte_carlo_standard_error,independent_simulation_replicate,2.2769287001851124,87.1271916390093,96.05275214373493,0.9680799071001033,1.0672528015970548,52.14097968066132,180.36880427228206,90,1.017666354348579,8.833177174289552e-06,0.000397492972843029,0.022908947446566307,0.0003974929728430279,22.64279262250957,1.8054424104136257,,,
sweep,two_state_hsmm,estimated,3.0,0.75,4000,f1,250,41.13045126164753,monte_carlo_standard_error,independent_simulation_replicate,3.3036943248375374,34.655210384965955,47.605692138329104,3.850578931662884,5.289521348703234,5.6558922510363505,175.88932430607792,9,4.570050140183059,0.0008925125350457648,0.004016306407705941,0.00514130640770594,0.00401630640770594,1.6257472816650245,3.6081854913509077,,,
sweep,two_state_hsmm,estimated,3.0,0.75,4000,f3,250,106.5155004339823,monte_carlo_standard_error,independent_simulation_replicate,2.8802316996903263,100.87024630258925,112.16075456537534,1.120780514473214,1.2462306062819482,61.58926114029769,232.91659818243846,90,1.183505560377581,4.5876390094395255e-05,0.002064437554247787,0.013317766995996788,0.002064437554247787,2.7574375951995704,2.8807250835704714,,,
sweep,two_state_hsmm,estimated,3.0,1.0,1000,f1,250,41.15505565321131,monte_carlo_standard_error,independent_simulation_replicate,4.295500280201845,32.7358751040157,49.57423620240693,3.637319456001744,5.508248466934103,5.193581201063738,174.9242725269335,9,4.572783961467923,0.0035727839614679235,0.016077527826605657,0.020577527826605657,0.016077527826605657,2.112197335595767,4.918574700686491,,,
sweep,two_state_hsmm,estimated,3.0,1.0,1000,f3,250,83.52215234659202,monte_carlo_standard_error,independent_simulation_replicate,3.246322720223291,77.15935981495437,89.88494487822967,0.8573262201661597,0.9987216097581075,42.36615977171519,229.5683745893049,90,0.9280239149621335,-7.197608503786645e-05,-0.0032389238267039886,0.041802879052348356,-0.0032389238267039886,nan,4.091796051072818,,,
sweep,two_state_hsmm,estimated,3.0,1.0,2000,f1,250,46.988807284544095,monte_carlo_standard_error,independent_simulation_replicate,5.498870030672722,36.21102202442556,57.76659254466263,4.02344689160284,6.418510282740292,5.585532790734232,235.05489497775835,9,5.220978587171566,0.002110489293585783,0.009497201821136024,0.011747201821136024,0.009497201821136022,2.2886943677803395,7.20402147774786,,,
sweep,two_state_hsmm,estimated,3.0,1.0,2000,f3,250,96.52488186249975,monte_carlo_standard_error,independent_simulation_replicate,3.9722414159172965,88.73928868730185,104.31047503769766,0.9859920965255762,1.1590052781966407,50.80880107646748,235.59180139845546,90,1.0724986873611084,3.6249343680554215e-05,0.0016312204656249384,0.02414329211168078,0.001631220465624937,9.625714729445313,5.910736546524738,,,
sweep,two_state_hsmm,estimated,3.0,1.0,4000,f1,250,58.3093859264904,monte_carlo_standard_error,independent_simulation_replicate,6.0220406493078995,46.50618625384692,70.11258559913388,5.167354028205214,7.790287288792653,6.053053391052754,269.7156263223456,9,6.478820658498933,0.0013697051646247333,0.0061636732408113,0.0072886732408113,0.0061636732408112994,1.9310080886346648,4.978412517626613,,,
sweep,two_state_hsmm,estimated,3.0,1.0,4000,f3,250,117.69571844707603,monte_carlo_standard_error,independent_simulation_replicate,5.178317094109393,107.54621694262163,127.84521995153044,1.1949579660291292,1.4205024439058938,64.6964285814611,267.5965245210533,90,1.3077302049675115,7.693255124187787e-05,0.003461964805884504,0.014715643716813708,0.0034619648058845025,2.956283025345926,5.591426665003893,,,
sweep,two_state_hsmm,estimated,3.0,1.25,1000,f1,250,44.84611822683692,monte_carlo_standard_error,independent_simulation_replicate,4.199933547924608,36.61424847290469,53.07798798076915,4.068249830322744,5.897554220085461,4.427432366243936,227.5648565881632,9,4.982902025204102,0.003982902025204102,0.01792305911341846,0.022423059113418464,0.01792305911341846,1.852551502055019,3.559096767833027,,,
sweep,two_state_hsmm,estimated,3.0,1.25,1000,f3,250,84.45380057492052,monte_carlo_standard_error,independent_simulation_replicate,3.099060949933848,78.37964111305018,90.52796003679086,0.8708849012561132,1.0058662226310096,40.6854391642099,237.15323673681385,90,0.9383755619435613,-6.162443805643869e-05,-0.0027730997125397392,0.042269169456917166,-0.0027730997125397457,nan,2.995306770567166,,,
sweep,two_state_hsmm,estimated,3.0,1.25,2000,f1,250,62.48272951861984,monte_carlo_standard_error,independent_simulation_replicate,7.57638064838508,47.633023447785085,77.3324355894546,5.29255816086501,8.592492843272733,4.472666305767653,325.6342198714024,9,6.942525502068872,0.0029712627510344357,0.01337068237965496,0.015620682379654962,0.01337068237965496,2.239846347125855,7.51718236228183,,,
sweep,two_state_hsmm,estimated,3.0,1.25,2000,f3,250,106.7790222934353,monte_carlo_standard_error,independent_simulation_replicate,5.470563564541424,96.05671770693411,117.5013268799365,1.067296863410379,1.3055702986659612,51.409528680674704,304.7310763761762,90,1.18643358103817,9.321679051908504e-05,0.004194755573358826,0.026708109628172917,0.004194755573358829,5.155080148933569,6.206445443926921,,,
sweep,two_state_hsmm,estimated,3.0,1.25,4000,f1,250,62.56339652280651,monte_carlo_standard_error,independent_simulation_replicate,6.419433142503303,49.98130756350003,75.14548548211297,5.55347861816667,8.349498386901441,4.4679893227443825,351.02149181662503,9,6.9514885025340565,0.0014878721256335141,0.006695424565350813,0.007820424565350814,0.006695424565350813,1.8949535816720697,4.404397461006842,,,
sweep,two_state_hsmm,estimated,3.0,1.25,4000,f3,250,121.73942507864068,monte_carlo_standard_error,independent_simulation_replicate,5.496069982343265,110.96712791324788,132.51172224403348,1.2329680879249765,1.4723524693781498,61.27675856171643,355.52397270714533,90,1.3526602786515631,8.816506966289078e-05,0.003967428134830085,0.015221233443190882,0.003967428134830085,2.737935435317985,5.270611938111626,,,
sweep,two_state_hsmm,estimated,3.0,1.5,1000,f1,250,57.24991359173007,monte_carlo_standard_error,independent_simulation_replicate,5.944078467883649,45.599519794678116,68.90030738878202,5.066613310519791,7.655589709864669,5.265431824660722,287.23160671993855,9,6.36110151019223,0.0053611015101922305,0.024124956795865037,0.02862495679586504,0.02412495679586504,1.9478611618175088,3.7843945734834,,,
sweep,two_state_hsmm,estimated,3.0,1.5,1000,f3,250,95.11874701039146,monte_carlo_standard_error,independent_simulation_replicate,4.411404839292575,86.47239352537801,103.76510049540491,0.9608043725042001,1.1529455610600545,42.437549202228666,325.9096679709349,90,1.0568749667821273,5.6874966782127334e-05,0.0025593735051957296,0.047606980485681405,0.0025593735051957275,13.626466540477415,3.056344376914381,,,
sweep,two_state_hsmm,estimated,3.0,1.5,2000,f1,250,61.83169548619875,monte_carlo_standard_error,independent_simulation_replicate,6.279563422769522,49.52375117757048,74.139639794827,5.502639019730053,8.237737754980778,5.198823745046119,299.3109419157717,9,6.870188387355416,0.002935094193677708,0.013207923871549686,0.015457923871549688,0.013207923871549688,1.8793380512103743,4.5225128277130855,,,
sweep,two_state_hsmm,estimated,3.0,1.5,2000,f3,250,106.60133793065737,monte_carlo_standard_error,independent_simulation_replicate,4.510127323634351,97.76148837633404,115.44118748498069,1.0862387597370449,1.2826798609442298,53.58654938439839,274.2330219212521,90,1.1844593103406373,9.222965517031867e-05,0.004150334482664341,0.026663666315822246,0.004150334482664337,4.295519716427814,3.5362555783515766,,,
sweep,two_state_hsmm,estimated,3.0,1.5,4000,f1,250,70.32827317200378,monte_carlo_standard_error,independent_simulation_replicate,8.028066500391668,54.5932628312361,86.06328351277145,6.065918092359567,9.562587056974605,5.187229254893785,292.96033535657716,9,7.814252574667086,0.0017035631436667716,0.007666034146500472,0.008791034146500471,0.007666034146500472,2.069761142412519,6.8767149234372145,,,
sweep,two_state_hsmm,estimated,3.0,1.5,4000,f3,250,121.72092280419011,monte_carlo_standard_error,independent_simulation_replicate,6.057942369639996,109.84735575969572,133.5944898486845,1.22052617510773,1.4843832205409389,62.492405785063504,295.7563247899699,90,1.3524546978243346,8.811367445608365e-05,0.003965115350523764,0.015218920080543904,0.003965115350523766,3.0195993887620363,6.318989882878472,,,
sweep,two_state_hsmm,estimated,3.0,2.0,1000,f1,250,56.09749369039308,monte_carlo_standard_error,independent_simulation_replicate,5.825441258814324,44.67962882311701,67.51535855766916,4.9644032025685565,7.501706506407684,4.237865449869358,370.83678474492876,9,6.23305485448812,0.00523305485448812,0.02354874684519654,0.02804874684519654,0.02354874684519654,1.9556945932697622,3.9193367373307537,,,
sweep,two_state_hsmm,estimated,3.0,2.0,1000,f3,250,89.8495317739365,monte_carlo_standard_error,independent_simulation_replicate,3.910013471145127,82.18590537049205,97.51315817738096,0.9131767263388005,1.0834795353042328,42.709980026447624,283.9132621702783,90,0.9983281308215167,-1.6718691784832762e-06,-7.523411303174754e-05,0.044969735622590844,-7.52341130317476e-05,nan,3.3993436812166196,,,
sweep,two_state_hsmm,estimated,3.0,2.0,2000,f1,250,63.38843082044721,monte_carlo_standard_error,independent_simulation_replicate,5.835890880560094,51.95008469454943,74.82677694634499,5.772231632727714,8.314086327371665,5.297879759581023,388.09068743647146,9,7.04315898004969,0.0030215794900248453,0.013597107705111803,0.0158471077051118,0.013597107705111801,1.696565526931653,3.4644756499254723,,,
sweep,two_state_hsmm,estimated,3.0,2.0,2000,f3,250,104.66465904099408,monte_carlo_standard_error,independent_simulation_replicate,4.000249481405535,96.82417005743923,112.50514802454893,1.0758241117493248,1.250057200272766,49.699425931228646,316.7421637815802,90,1.1629406560110453,8.147032800552268e-05,0.0036661647602485204,0.02617925438744224,0.0036661647602485212,4.313056149067943,3.0398365453479426,,,
sweep,two_state_hsmm,estimated,3.0,2.0,4000,f1,250,83.02712636073714,monte_carlo_standard_error,independent_simulation_replicate,8.449057580982847,66.46697350201076,99.58727921946353,7.385219278001196,11.065253246607059,5.035609754780342,424.07444586358434,9,9.225236262304128,0.0020563090655760317,0.009253390795092143,0.010378390795092141,0.009253390795092142,1.8046267193744068,4.434951038222396,,,
sweep,two_state_hsmm,estimated,3.0,2.0,4000,f3,250,131.0311649738398,monte_carlo_standard_error,independent_simulation_replicate,5.515005718314601,120.22175376594318,141.84057618173642,1.3357972640660354,1.5760064020192937,64.26382768547839,394.26405859902724,90,1.4559018330426643,0.00011397545826066607,0.005128895621729974,0.016382991369572365,0.005128895621729974,2.1252113350725383,3.6064446405472284,,,
sweep,two_state_hsmm,estimated,4.0,0.0,1000,f1,250,10.229786633798634,monte_carlo_standard_error,independent_simulation_replicate,0.29274075951289574,9.656014745153358,10.80355852244391,1.0728905272392621,1.2003953913826566,3.084358295788441,19.565900703498595,9,1.1366429593109593,0.00013664295931095925,0.0006148933168993169,0.005114893316899316,0.0006148933168993165,3.763773074882575,0.6926661997303095,,,
sweep,two_state_hsmm,estimated,4.0,0.0,1000,f3,250,58.12873569448059,monte_carlo_standard_error,independent_simulation_replicate,0.7344355914582181,56.68924193522248,59.568229453738695,0.6298804659469165,0.6618692161526522,35.023831369516515,82.48652910117943,90,0.6458748410497843,-0.0003541251589502157,-0.015935632152759706,0.02909346130854884,-0.015935632152759706,nan,0.13706106954434305,,,
sweep,two_state_hsmm,estimated,4.0,0.0,2000,f1,250,10.503266514714573,monte_carlo_standard_error,independent_simulation_replicate,0.3239221812619416,9.868379039441168,11.138153989987979,1.0964865599379074,1.2375726655542199,3.267591124160694,22.551992928681454,9,1.1670296127460638,8.351480637303188e-05,0.0003758166286786433,0.0026258166286786434,0.0003758166286786433,3.4070202037066633,0.962311289331812,,,
sweep,two_state_hsmm,estimated,4.0,0.0,2000,f3,250,68.52414205314598,monte_carlo_standard_error,independent_simulation_replicate,0.767545066898695,67.01975372202453,70.02853038426743,0.744663930244717,0.7780947820474159,44.642244350800915,94.5816899600722,90,0.7613793561460664,-0.00011931032192696678,-0.005368964486713505,0.017139605315944464,-0.005368964486713505,nan,0.1234109415799791,,,
sweep,two_state_hsmm,estimated,4.0,0.0,4000,f1,250,10.608670347036306,monte_carlo_standard_error,independent_simulation_replicate,0.3340728555336992,9.953887550190256,11.263453143882355,1.105987505576695,1.251494793764706,2.698764249207444,22.855626846074138,9,1.1787411496707005,4.468528741767513e-05,0.00020108379337953819,0.001326083793379538,0.0002010837933795383,3.283553805380837,0.9857344462420486,,,
sweep,two_state_hsmm,estimated,4.0,0.0,4000,f3,250,78.39579559641803,monte_carlo_standard_error,independent_simulation_replicate,0.8656183705654548,76.69918359010974,80.09240760272631,0.8522131510012193,0.8899156400302923,54.1942142662447,105.22750066315903,90,0.8710643955157559,-3.223390112106103e-05,-0.0014505255504477469,0.00980192493078495,-0.0014505255504477467,nan,0.36240591113755316,,,
sweep,two_state_hsmm,estimated,4.0,0.25,1000,f1,250,16.780788094937584,monte_carlo_standard_error,independent_simulation_replicate,0.8083631513319179,15.196396318327025,18.365179871548143,1.688488479814114,2.0405755412831272,3.894071252550691,56.32298353420926,9,1.8645320105486205,0.0008645320105486205,0.003890394047468792,0.008390394047468792,0.0038903940474687925,1.642679831123675,1.9555685627732524,,,
sweep,two_state_hsmm,estimated,4.0,0.25,1000,f3,250,66.19694533302757,monte_carlo_standard_error,independent_simulation_replicate,1.0151784129345733,64.2071956436758,68.18669502237934,0.7134132849297311,0.7576299446931037,41.201382771083225,102.93813014491757,90,0.7355216148114174,-0.0002644783851885826,-0.011901527333486215,0.03313160427078457,-0.011901527333486215,nan,0.8099018520715675,,,
sweep,two_state_hsmm,estimated,4.0,0.25,2000,f1,250,18.57619978360514,monte_carlo_standard_error,independent_simulation_replicate,0.9929284631849963,16.630059995762547,20.522339571447734,1.8477844439736164,2.2802599523830818,4.087672201746805,67.0239424135216,9,2.064022198178349,0.0005320110990891745,0.0023940499459012853,0.004644049945901285,0.0023940499459012853,1.6394371296695913,3.1672939411115797,,,
sweep,two_state_hsmm,estimated,4.0,0.25,2000,f3,250,75.71953148182459,monte_carlo_standard_error,independent_simulation_replicate,1.0538291828747535,73.65402628339007,77.78503668025911,0.8183780698154451,0.8642781853362124,50.150955777323134,118.45002739022547,90,0.8413281275758288,-7.933593621208562e-05,-0.003570117129543853,0.01893935254672951,-0.0035701171295438555,nan,1.2820221745360607,,,
sweep,two_state_hsmm,estimated,4.0,0.25,4000,f1,250,23.634617749085763,monte_carlo_standard_error,independent_simulation_replicate,1.5148282362065029,20.665554406121018,26.603681092050508,2.296172711791224,2.9559645657833897,5.063352314010191,92.3553190101812,9,2.626068638787307,0.0004065171596968268,0.0018293272186357204,0.00295432721863572,0.0018293272186357202,1.6366356718293336,3.3334663855339004,,,
sweep,two_state_hsmm,estimated,4.0,0.25,4000,f3,250,89.81631106216268,monte_carlo_standard_error,independent_simulation_replicate,1.5091033423706512,86.8584685111162,92.77415361320917,0.9650940945679578,1.0308239290356573,59.555417914374004,150.249370003832,90,0.9979590118018076,-5.102470495481071e-07,-2.296111722966465e-05,0.011229846344356425,-2.296111722966402e-05,nan,1.8827264724926123,,,
sweep,two_state_hsmm,estimated,4.0,0.5,1000,f1,250,27.502015832834715,monte_carlo_standard_error,independent_simulation_replicate,1.8492913303423977,23.877404825363616,31.126626840305814,2.6530449805959573,3.4585140933673126,4.560904547539922,105.416842443369,9,3.055779536981635,0.002055779536981635,0.009251007916417357,0.013751007916417358,0.009251007916417354,1.580360949293614,3.3051913589658644,,,
sweep,two_state_hsmm,estimated,4.0,0.5,1000,f3,250,74.32508037498262,monte_carlo_standard_error,independent_simulation_replicate,1.6893570503559843,71.0139405562849,77.63622019368034,0.789043783958721,0.8626246688186705,42.361173475372716,140.44610090681775,90,0.8258342263886957,-0.00017416577361130425,-0.00783745981250869,0.037199739927418735,-0.007837459812508695,nan,2.3889651281285853,,,
sweep,two_state_hsmm,estimated,4.0,0.5,2000,f1,250,34.34045290099206,monte_carlo_standard_error,independent_simulation_replicate,2.5234033711387256,29.39458229356016,39.28632350842396,3.266064699284462,4.365147056491551,4.897688290760863,158.26302348391627,9,3.815605877888007,0.0014078029389440034,0.006335113225248015,0.008585113225248013,0.006335113225248014,1.5744987154182182,2.573547213569595,,,
sweep,two_state_hsmm,estimated,4.0,0.5,2000,f3,250,87.30904637862074,monte_carlo_standard_error,independent_simulation_replicate,2.188986832707594,83.01863218651386,91.59946057072762,0.9224292465168206,1.0177717841191958,45.85024956467787,186.7652264547587,90,0.9701005153180081,-1.4949742340995942e-05,-0.0006727384053448162,0.021838180684997682,-0.0006727384053448169,nan,2.0504762054833043,,,
sweep,two_state_hsmm,estimated,4.0,0.5,4000,f1,250,39.29966528249046,monte_carlo_standard_error,independent_simulation_replicate,2.8343384245334793,33.74436197040484,44.85496859457608,3.7493735522672043,4.983885399397342,4.67809641916352,134.2936134500535,9,4.366629475832273,0.0008416573689580682,0.0037874581603113073,0.004912458160311308,0.0037874581603113077,1.4790534809040563,3.3131443720407874,,,
sweep,two_state_hsmm,estimated,4.0,0.5,4000,f3,250,103.40753858650233,monte_carlo_standard_error,independent_simulation_replicate,2.5111216601802417,98.48574013254905,108.3293370404556,1.0942860014727673,1.2036593004495066,61.04823722375328,196.95916006321158,90,1.1489726509611369,3.7243162740284216e-05,0.0016759423233127907,0.012929174616967031,0.0016759423233127905,2.9613429328285354,3.0552529243870423,,,
sweep,two_state_hsmm,estimated,4.0,0.75,1000,f1,250,40.63948731949041,monte_carlo_standard_error,independent_simulation_replicate,3.660895293427064,33.46413254437336,47.81484209460745,3.718236949374818,5.312760232734161,4.346507249149772,205.05108837623283,9,4.51549859105449,0.00351549859105449,0.015819743659745204,0.020319743659745208,0.015819743659745204,1.829480877126682,3.8554652167596357,,,
sweep,two_state_hsmm,estimated,4.0,0.75,1000,f3,250,82.24908731529611,monte_carlo_standard_error,independent_simulation_replicate,2.844093114668784,76.6746648105453,87.82350982004692,0.8519407201171699,0.9758167757782992,40.346783631934514,191.02250604072546,90,0.9138787479477345,-8.61212520522655e-05,-0.0038754563423519456,0.041165709367015066,-0.0038754563423519482,nan,3.4984283126784095,,,
sweep,two_state_hsmm,estimated,4.0,0.75,2000,f1,250,45.7912811508214,monte_carlo_standard_error,independent_simulation_replicate,4.184673129462917,37.58932181707408,53.993240484568716,4.176591313008231,5.999248942729857,5.501956202252021,263.2412677326008,9,5.087920127869044,0.002043960063934522,0.00919782028770535,0.011447820287705352,0.009197820287705352,1.7984014063223286,3.564060628046339,,,
sweep,two_state_hsmm,estimated,4.0,0.75,2000,f3,250,97.13177429993813,monte_carlo_standard_error,independent_simulation_replicate,3.431356933319796,90.40631471063134,103.85723388924492,1.0045146078959037,1.1539692654360547,52.5655613216898,264.5180557758226,90,1.0792419366659791,3.962096833298956e-05,0.0017829435749845324,0.024295091120544808,0.0017829435749845335,7.607436044628613,3.4409711896855506,,,
sweep,two_state_hsmm,estimated,4.0,0.75,4000,f1,250,52.175952750936936,monte_carlo_standard_error,independent_simulation_replicate,4.387454231609548,43.576542456982224,60.77536304489165,4.841838050775802,6.752818116099072,5.0007981164206035,275.65514733224416,9,5.797328083437438,0.0011993320208593594,0.005396994093867117,0.006521994093867116,0.005396994093867116,1.6067217533872509,3.462026961806424,,,
sweep,two_state_hsmm,estimated,4.0,0.75,4000,f3,250,113.52722162424081,monte_carlo_standard_error,independent_simulation_replicate,3.6088324238505702,106.45391007349369,120.60053317498793,1.1828212230388186,1.3400059241665325,60.994146753278194,262.72906935720107,90,1.2614135736026757,6.535339340066893e-05,0.002940902703030101,0.014194451315859067,0.002940902703030102,2.4253034071553303,3.384076019488844,,,
sweep,two_state_hsmm,estimated,4.0,1.0,1000,f1,250,49.591714586858394,monte_carlo_standard_error,independent_simulation_replicate,4.752478495125369,40.27685673641267,58.90657243730412,4.475206304045852,6.545174715256014,5.006299102098073,241.75696744051467,9,5.510190509650933,0.004510190509650932,0.020295857293429198,0.024795857293429202,0.0202958572934292,1.8511975570047898,3.8217654819066005,,,
sweep,two_state_hsmm,estimated,4.0,1.0,1000,f3,250,87.3440319229461,monte_carlo_standard_error,independent_simulation_replicate,3.4204427123918526,80.63996420665806,94.04809963923414,0.8959996022962007,1.0449788848803794,43.533247908696794,224.19119137978186,90,0.97048924358829,-2.951075641170997e-05,-0.0013279840385269494,0.04371573169316622,-0.0013279840385269444,nan,3.4204374160363287,,,
sweep,two_state_hsmm,estimated,4.0,1.0,2000,f1,250,51.99620734333835,monte_carlo_standard_error,independent_simulation_replicate,3.951172534050157,44.25190917660004,59.74050551007666,4.916878797400004,6.637833945564073,4.262217968987192,251.72307915476054,9,5.777356371482039,0.0023886781857410193,0.010749051835834586,0.012999051835834587,0.010749051835834586,1.4530007886653258,2.25267163734252,,,
sweep,two_state_hsmm,estimated,4.0,1.0,2000,f3,250,103.59810144233703,monte_carlo_standard_error,independent_simulation_replicate,3.6133363916141437,96.5159621147733,110.68024076990075,1.0723995790530367,1.2297804529988972,49.21344816856077,267.25980532533305,90,1.151090016025967,7.554500801298347e-05,0.0033995253605842565,0.025912481601384946,0.0033995253605842548,4.201458930987005,2.2838057030349965,,,
sweep,two_state_hsmm,estimated,4.0,1.0,4000,f1,250,61.3208306081098,monte_carlo_standard_error,independent_simulation_replicate,5.184767081997023,51.15868712739564,71.48297408882397,5.684298569710626,7.942552676535996,4.429173783164075,266.60853687755076,9,6.813425623123312,0.0014533564057808278,0.0065401038260137255,0.007665103826013725,0.006540103826013725,1.566839911180064,3.097560866735396,,,
sweep,two_state_hsmm,estimated,4.0,1.0,4000,f3,250,121.9813598159897,monte_carlo_standard_error,independent_simulation_replicate,4.63058227605097,112.90541855492981,131.0573010770496,1.2545046506103312,1.45619223418944,61.79295837752146,296.922046201785,90,1.3553484423998856,8.88371105999714e-05,0.003997669976998713,0.01525148284771064,0.003997669976998713,2.2893314995640806,3.640841186686129,,,
sweep,two_state_hsmm,estimated,4.0,1.25,1000,f1,250,55.973670361465366,monte_carlo_standard_error,independent_simulation_replicate,5.47435242891717,45.24393960078771,66.70340112214302,5.027104400087524,7.411489013571447,5.315769404446426,301.1407996616606,9,6.2192967068294855,0.005219296706829486,0.023486835180732683,0.027986835180732684,0.023486835180732683,1.8426729545126856,3.9182524221061548,,,
sweep,two_state_hsmm,estimated,4.0,1.25,1000,f3,250,92.10019229052011,monte_carlo_standard_error,independent_simulation_replicate,3.8306967117544475,84.5920267354814,99.60835784555883,0.9399114081720156,1.1067595316173202,44.25509984966754,259.8976766097604,90,1.023335469894668,2.3335469894667948e-05,0.0010500961452600563,0.046096192337597645,0.0010500961452600504,28.839565522501896,3.0851685389351893,,,
sweep,two_state_hsmm,estimated,4.0,1.25,2000,f1,250,70.68374174171595,monte_carlo_standard_error,independent_simulation_replicate,6.422275946563524,58.09608088645144,83.27140259698045,6.455120098494604,9.252378066331161,4.732112946476015,400.2262072647233,9,7.853749082412883,0.0034268745412064415,0.015420935435428986,0.017670935435428987,0.015420935435428986,1.6462214499156935,2.674066545016023,,,
sweep,two_state_hsmm,estimated,4.0,1.25,2000,f3,250,113.50946695986826,monte_carlo_standard_error,independent_simulation_replicate,4.923233572688514,103.85992915739878,123.15900476233774,1.1539992128599865,1.3684333862481972,48.8020259861955,353.9956539926198,90,1.2612162995540919,0.00013060814977704593,0.005877366739967066,0.02839156252122768,0.005877366739967067,3.311140905338306,2.73093457994893,,,
sweep,two_state_hsmm,estimated,4.0,1.25,4000,f1,250,75.62647403316628,monte_carlo_standard_error,independent_simulation_replicate,6.44989060063619,62.98468845591934,88.26825961041321,6.998298717324371,9.807584401157023,5.311217835278698,399.523169623221,9,8.402941559240697,0.0018507353898101742,0.008328309254145785,0.009453309254145783,0.008328309254145785,1.53064868379262,2.8768186541929346,,,
sweep,two_state_hsmm,estimated,4.0,1.25,4000,f3,250,130.36322573985746,monte_carlo_standard_error,independent_simulation_replicate,5.138997440319391,120.29079075683146,140.43566072288345,1.3365643417425717,1.5603962302542607,62.7611143642664,389.3525867264682,90,1.4484802859984163,0.00011212007149960407,0.005045403217482182,0.016299478087003934,0.005045403217482182,2.01308697500076,2.686648416326392,,,
sweep,two_state_hsmm,estimated,4.0,1.5,1000,f1,250,60.488704606344,monte_carlo_standard_error,independent_simulation_replicate,6.811008332897975,47.13912827386397,73.83828093882403,5.237680919318219,8.204253437647115,4.863803406070177,360.2264013992437,9,6.720967178482667,0.0057209671784826666,0.025744352303172,0.030244352303172,0.025744352303172,2.091555775098115,4.425884060832084,,,
sweep,two_state_hsmm,estimated,4.0,1.5,1000,f3,250,95.84396159946616,monte_carlo_standard_error,independent_simulation_replicate,4.6586346642332295,86.71303765756903,104.97488554136328,0.9634781961952115,1.1663876171262586,43.13559231122414,349.6410289905254,90,1.0649329066607351,6.493290666073514e-05,0.0029219807997330777,0.04796995075048356,0.0029219807997330747,12.604374682181799,3.598190531580704,,,
sweep,two_state_hsmm,estimated,4.0,1.5,2000,f1,250,66.15923474629639,monte_carlo_standard_error,independent_simulation_replicate,6.2985894644963105,53.81399939588363,78.50447009670916,5.9793332662092915,8.722718899634351,6.411179823235211,345.52306956429044,9,7.3510260829218215,0.0031755130414609107,0.014289808686574097,0.016539808686574096,0.014289808686574094,1.7423159042064655,4.145416453229458,,,
sweep,two_state_hsmm,estimated,4.0,1.5,2000,f3,250,108.97893324789992,monte_carlo_standard_error,independent_simulation_replicate,4.593825941010298,99.97503440351973,117.9828320922801,1.1108337155946637,1.31092035658089,50.507546046017936,323.8511392995621,90,1.2108770360877767,0.00010543851804388837,0.004744733311974979,0.02725836249322159,0.004744733311974978,3.8271258342631853,3.332390612887582,,,
sweep,two_state_hsmm,estimated,4.0,1.5,4000,f1,250,85.1266706636322,monte_carlo_standard_error,independent_simulation_replicate,8.70219717840165,68.07036419396496,102.18297713329943,7.56337379932944,11.353664125922158,5.897771298493899,472.411189787543,9,9.4585189626258,0.0021146297406564496,0.009515833832954025,0.010640833832954024,0.009515833832954027,1.8074324997892175,4.300923738321109,,,
sweep,two_state_hsmm,estimated,4.0,1.5,4000,f3,250,136.02893422049803,monte_carlo_standard_error,independent_simulation_replicate,6.50994654494639,123.26943899240311,148.78842944859295,1.3696604332489235,1.6532047716510327,63.84299082460126,428.11494270750404,90,1.511432602449978,0.00012785815061249452,0.005753616777562254,0.01700786874474844,0.005753616777562252,2.236230197005804,3.7079008031916483,,,
sweep,two_state_hsmm,estimated,4.0,2.0,1000,f1,250,81.56651834893809,monte_carlo_standard_error,independent_simulation_replicate,7.464885398750391,66.93534296738733,96.19769373048885,7.437260329709703,10.688632636720984,5.907831565350958,377.386087545386,9,9.062946483215343,0.008062946483215344,0.03628325917446904,0.04078325917446904,0.036283259174469035,1.6265104671740762,3.3692877666388426,,,
sweep,two_state_hsmm,estimated,4.0,2.0,1000,f3,250,107.43923895853406,monte_carlo_standard_error,independent_simulation_replicate,5.096563676711578,97.44997415217937,117.42850376488876,1.0827774905797707,1.3047611529432084,42.27788476110006,344.49590689099153,90,1.1937693217614895,0.00019376932176148954,0.008719619479267032,0.05377339287213917,0.00871961947926703,4.620829354082495,2.5285118098380632,,,
sweep,two_state_hsmm,estimated,4.0,2.0,2000,f1,250,90.54297663731464,monte_carlo_standard_error,independent_simulation_replicate,12.570569936207857,65.90465956234723,115.18129371228204,7.322739951371915,12.797921523586893,4.141457774170429,530.395275730305,9,10.060330737479404,0.004530165368739702,0.02038574415932866,0.02263574415932866,0.02038574415932866,2.437465133365252,6.250337444172223,,,
sweep,two_state_hsmm,estimated,4.0,2.0,2000,f3,250,121.70211697755987,monte_carlo_standard_error,independent_simulation_replicate,7.78310173115984,106.44723758448659,136.95699637063316,1.182747084272073,1.5217444041181463,50.297109504402584,407.38144852336734,90,1.3522457441951097,0.00017612287209755484,0.007925529244389967,0.030440749619199566,0.007925529244389965,3.881811544113328,5.301312589920661,,,
sweep,two_state_hsmm,estimated,4.0,2.0,4000,f1,250,101.63700367857201,monte_carlo_standard_error,independent_simulation_replicate,10.061368857874506,81.91672071713799,121.35728664000604,9.101857857459777,13.484142960000671,5.930421008340708,573.6991579438934,9,11.293000408730224,0.002573250102182556,0.011579625459821502,0.012704625459821504,0.011579625459821502,1.7172857878892076,3.4274202634973663,,,
sweep,two_state_hsmm,estimated,4.0,2.0,4000,f3,250,146.77280307299125,monte_carlo_standard_error,independent_simulation_replicate,8.3787138294662,130.3505239672375,163.195082178745,1.448339155191528,1.8132786908749443,61.915377637498246,568.070147336721,90,1.630808923033236,0.00015770223075830902,0.007096600384123906,0.0183511881811692,0.007096600384123906,2.3334958051833246,4.188229034431732,,,
tail,two_state_hsmm,estimated,1.0,1.0,1000,f1,2000,21.41241607650054,monte_carlo_standard_error,independent_simulation_replicate,0.502194753119299,20.428114360386715,22.396717792614368,2.269790484487413,2.4885241991793743,3.734905787191719,77.91708103056867,9,2.3791573418333933,0.0013791573418333934,0.0062062080382502705,0.010706208038250271,0.006206208038250269,1.809384408317499,4.1860940394383865,0.9089856142956432,0.011778193042742838,0.174825210723572
tail,two_state_hsmm,estimated,1.0,1.0,1000,f3,2000,68.0665769880328,monte_carlo_standard_error,independent_simulation_replicate,0.47076907778505284,67.1438695955741,68.98928438049151,0.7460429955063789,0.7665476042276834,41.8902741941244,114.93417841609886,90,0.7562952998670311,-0.00024370470013296885,-0.010966711505983596,0.03406735584986626,-0.0109667115059836,nan,2.8591481195377613,10.452543138774017,0.0032592408754088175,0.0810226627812041
tail,two_state_hsmm,estimated,1.0,1.0,2000,f1,2000,23.396945102836305,monte_carlo_standard_error,independent_simulation_replicate,0.5251044245812306,22.367740430657093,24.426149775015517,2.4853044922952328,2.714016641668391,3.903831858304724,83.0992588191603,9,2.599660566981812,0.000799830283490906,0.0035992362757090762,0.005849236275709076,0.0035992362757090762,1.6311365782984382,4.31346728751303,0.9926518607912486,0.005892535446462182,0.14991300511643701
tail,two_state_hsmm,estimated,1.0,1.0,2000,f3,2000,79.23168834615598,monte_carlo_standard_error,independent_simulation_replicate,0.49217792725172715,78.26701960874259,80.19635708356937,0.8696335512082509,0.8910706342618818,49.674547205833804,133.54515745525345,90,0.8803520927350664,-5.982395363246679e-05,-0.002692077913461006,0.01981783100204001,-0.0026920779134610067,nan,2.4498268056701735,12.95756986648317,0.001529440412534607,0.06876609951588997
tail,two_state_hsmm,estimated,1.0,1.0,4000,f1,2000,24.431809782849907,monte_carlo_standard_error,independent_simulation_replicate,0.6020856495059064,23.25172190981833,25.611897655881485,2.583524656646481,2.8457664062090537,4.319873954422481,88.4558007762035,9,2.7146455314277675,0.0004286613828569419,0.0019289762228562385,0.003053976222856239,0.0019289762228562387,1.7448432290404854,5.649415967948781,0.8233125378121119,0.0037093765521559285,0.18686158011920206
tail,two_state_hsmm,estimated,1.0,1.0,4000,f3,2000,91.45132906138603,monte_carlo_standard_error,independent_simulation_replicate,0.5770172844888907,90.3203751837878,92.58228293898426,1.0035597242643088,1.0286920326553808,58.75835773254542,150.2010923224987,90,1.0161258784598448,4.031469614961203e-06,0.0001814161326732542,0.011434274701348592,0.00018141613267325425,17.780252688901484,4.124009222743644,12.559501497940312,0.0009104083233895666,0.0853998586646576
