experiment,author_set,condition,policy,unit,chunk_size,feature,author,n,correct,accuracy_pct,chance_pct,binomial_p_greater_than_chance,most_predicted,skipped
human_attribution,all_authors,,leave_one_book_out,document,,f1,ALL,60,46,76.66666666666667,5.0,1.2212374015238282e-47,louis_joseph_vance:6; arthur_conan_doyle:5; joseph_conrad:4,0
human_attribution,all_authors,,leave_one_book_out,document,,f1,jane_austen,3,3,100.0,5.0,0.00012500000000000003,,0
human_attribution,all_authors,,leave_one_book_out,document,,f1,herbert_george_wells,3,0,0.0,5.0,1.0,,0
human_attribution,all_authors,,leave_one_book_out,document,,f1,agnes_may_fleming,3,1,33.333333333333336,5.0,0.14262499999999997,,0
human_attribution,all_authors,,leave_one_book_out,document,,f1,charles_dickens,3,2,66.66666666666667,5.0,0.007250000000000001,,0
human_attribution,all_authors,,leave_one_book_out,document,,f1,mark_twain,3,2,66.66666666666667,5.0,0.007250000000000001,,0
human_attribution,all_authors,,leave_one_book_out,document,,f1,arthur_conan_doyle,3,3,100.0,5.0,0.00012500000000000003,,0
human_attribution,all_authors,,leave_one_book_out,document,,f1,mary_shelley,3,2,66.66666666666667,5.0,0.007250000000000001,,0
human_attribution,all_authors,,leave_one_book_out,document,,f1,charlotte_bronte,3,2,66.66666666666667,5.0,0.007250000000000001,,0
human_attribution,all_authors,,leave_one_book_out,document,,f1,oscar_wilde,3,0,0.0,5.0,1.0,,0
human_attribution,all_authors,,leave_one_book_out,document,,f1,joseph_conrad,3,2,66.66666666666667,5.0,0.007250000000000001,,0
human_attribution,all_authors,,leave_one_book_out,document,,f1,mildred_wirt,3,3,100.0,5.0,0.00012500000000000003,,0
human_attribution,all_authors,,leave_one_book_out,document,,f1,robert_sidney_bowen,3,2,66.66666666666667,5.0,0.007250000000000001,,0
human_attribution,all_authors,,leave_one_book_out,document,,f1,luis_senarens,3,3,100.0,5.0,0.00012500000000000003,,0
human_attribution,all_authors,,leave_one_book_out,document,,f1,john_c_hutcheson,3,3,100.0,5.0,0.00012500000000000003,,0
human_attribution,all_authors,,leave_one_book_out,document,,f1,harold_l_goodwin,3,3,100.0,5.0,0.00012500000000000003,,0
human_attribution,all_authors,,leave_one_book_out,document,,f1,kathleen_thompson_norris,3,3,100.0,5.0,0.00012500000000000003,,0
human_attribution,all_authors,,leave_one_book_out,document,,f1,arthur_scott_bailey,3,3,100.0,5.0,0.00012500000000000003,,0
human_attribution,all_authors,,leave_one_book_out,document,,f1,louis_joseph_vance,3,3,100.0,5.0,0.00012500000000000003,,0
human_attribution,all_authors,,leave_one_book_out,document,,f1,susan_warner,3,3,100.0,5.0,0.00012500000000000003,,0
human_attribution,all_authors,,leave_one_book_out,document,,f1,ethel_m_dell,3,3,100.0,5.0,0.00012500000000000003,,0
human_attribution,all_authors,,leave_one_book_out,chunk,1000,f1,ALL,1003,604,60.219341974077764,5.0,0.0,susan_warner:129; charlotte_bronte:82; ethel_m_dell:80,0
human_attribution,all_authors,,leave_one_book_out,chunk,1000,f1,jane_austen,65,34,52.30769230769231,5.0,4.2288988339143116e-27,,0
human_attribution,all_authors,,leave_one_book_out,chunk,1000,f1,herbert_george_wells,22,2,9.090909090909092,5.0,0.3018486661093637,,0
human_attribution,all_authors,,leave_one_book_out,chunk,1000,f1,agnes_may_fleming,67,19,28.35820895522388,5.0,4.4891299452855147e-10,,0
human_attribution,all_authors,,leave_one_book_out,chunk,1000,f1,charles_dickens,69,46,66.66666666666667,5.0,5.392858703959938e-43,,0
human_attribution,all_authors,,leave_one_book_out,chunk,1000,f1,mark_twain,50,14,28.0,5.0,1.0318985812083537e-07,,0
human_attribution,all_authors,,leave_one_book_out,chunk,1000,f1,arthur_conan_doyle,36,25,69.44444444444444,5.0,1.0415868207269217e-24,,0
human_attribution,all_authors,,leave_one_book_out,chunk,1000,f1,mary_shelley,42,34,80.95238095238095,5.0,4.6132690074069666e-37,,0
human_attribution,all_authors,,leave_one_book_out,chunk,1000,f1,charlotte_bronte,121,64,52.892561983471076,5.0,4.806548756540241e-50,,0
human_attribution,all_authors,,leave_one_book_out,chunk,1000,f1,oscar_wilde,21,1,4.761904761904762,5.0,0.6594383737118849,,0
human_attribution,all_authors,,leave_one_book_out,chunk,1000,f1,joseph_conrad,53,24,45.283018867924525,5.0,1.1173096300076485e-17,,0
human_attribution,all_authors,,leave_one_book_out,chunk,1000,f1,mildred_wirt,29,27,93.10344827586206,5.0,2.7402862906456025e-33,,0
human_attribution,all_authors,,leave_one_book_out,chunk,1000,f1,robert_sidney_bowen,27,14,51.851851851851855,5.0,6.5830303501319655e-12,,0
human_attribution,all_authors,,leave_one_book_out,chunk,1000,f1,luis_senarens,18,2,11.11111111111111,5.0,0.2264773798445215,,0
human_attribution,all_authors,,leave_one_book_out,chunk,1000,f1,john_c_hutcheson,49,44,89.79591836734694,5.0,8.436579885177784e-52,,0
human_attribution,all_authors,,leave_one_book_out,chunk,1000,f1,harold_l_goodwin,24,21,87.5,5.0,8.334344029426581e-25,,0
human_attribution,all_authors,,leave_one_book_out,chunk,1000,f1,kathleen_thompson_norris,53,34,64.15094339622641,5.0,2.691245623027024e-31,,0
human_attribution,all_authors,,leave_one_book_out,chunk,1000,f1,arthur_scott_bailey,6,6,100.0,5.0,1.5625000000000006e-08,,0
human_attribution,all_authors,,leave_one_book_out,chunk,1000,f1,louis_joseph_vance,44,20,45.45454545454545,5.0,5.2158870476916614e-15,,0
human_attribution,all_authors,,leave_one_book_out,chunk,1000,f1,susan_warner,127,114,89.76377952755905,5.0,4.7293943773748126e-132,,0
human_attribution,all_authors,,leave_one_book_out,chunk,1000,f1,ethel_m_dell,80,59,73.75,5.0,6.079268160239231e-59,,0
human_attribution,all_authors,,leave_one_book_out,chunk,2000,f1,ALL,485,327,67.42268041237114,5.0,3.8141057511675693e-298,susan_warner:63; charles_dickens:47; charlotte_bronte:43,0
human_attribution,all_authors,,leave_one_book_out,chunk,2000,f1,jane_austen,31,24,77.41935483870968,5.0,1.1108660206182869e-25,,0
human_attribution,all_authors,,leave_one_book_out,chunk,2000,f1,herbert_george_wells,11,0,0.0,5.0,1.0,,0
human_attribution,all_authors,,leave_one_book_out,chunk,2000,f1,agnes_may_fleming,33,10,30.303030303030305,5.0,3.116200900258211e-06,,0
human_attribution,all_authors,,leave_one_book_out,chunk,2000,f1,charles_dickens,34,28,82.3529411764706,5.0,3.723385042853657e-31,,0
human_attribution,all_authors,,leave_one_book_out,chunk,2000,f1,mark_twain,24,9,37.5,5.0,1.28315089103844e-06,,0
human_attribution,all_authors,,leave_one_book_out,chunk,2000,f1,arthur_conan_doyle,17,14,82.3529411764706,5.0,3.5961456298828144e-16,,0
human_attribution,all_authors,,leave_one_book_out,chunk,2000,f1,mary_shelley,20,18,90.0,5.0,6.577587127685554e-22,,0
human_attribution,all_authors,,leave_one_book_out,chunk,2000,f1,charlotte_bronte,60,34,56.666666666666664,5.0,1.1154738290814738e-28,,0
human_attribution,all_authors,,leave_one_book_out,chunk,2000,f1,oscar_wilde,9,0,0.0,5.0,1.0,,0
human_attribution,all_authors,,leave_one_book_out,chunk,2000,f1,joseph_conrad,25,10,40.0,5.0,1.5919116492738945e-07,,0
human_attribution,all_authors,,leave_one_book_out,chunk,2000,f1,mildred_wirt,14,14,100.0,5.0,6.103515625000005e-19,,0
human_attribution,all_authors,,leave_one_book_out,chunk,2000,f1,robert_sidney_bowen,12,7,58.333333333333336,5.0,4.949004731445312e-07,,0
human_attribution,all_authors,,leave_one_book_out,chunk,2000,f1,luis_senarens,9,1,11.11111111111111,5.0,0.36975059027539064,,0
human_attribution,all_authors,,leave_one_book_out,chunk,2000,f1,john_c_hutcheson,23,23,100.0,5.0,1.192092895507814e-30,,0
human_attribution,all_authors,,leave_one_book_out,chunk,2000,f1,harold_l_goodwin,12,12,100.0,5.0,2.4414062500000014e-16,,0
human_attribution,all_authors,,leave_one_book_out,chunk,2000,f1,kathleen_thompson_norris,26,17,65.38461538461539,5.0,1.5428451107329022e-16,,0
human_attribution,all_authors,,leave_one_book_out,chunk,2000,f1,arthur_scott_bailey,3,3,100.0,5.0,0.00012500000000000003,,0
human_attribution,all_authors,,leave_one_book_out,chunk,2000,f1,louis_joseph_vance,21,11,52.38095238095238,5.0,1.0780979585250555e-09,,0
human_attribution,all_authors,,leave_one_book_out,chunk,2000,f1,susan_warner,62,59,95.16129032258064,5.0,5.639829098527689e-73,,0
human_attribution,all_authors,,leave_one_book_out,chunk,2000,f1,ethel_m_dell,39,33,84.61538461538461,5.0,2.818149127470337e-37,,0
human_attribution,all_authors,,leave_one_book_out,chunk,4000,f1,ALL,225,168,74.66666666666667,5.0,1.7986297350344403e-166,susan_warner:32; charles_dickens:24; ethel_m_dell:21,0
human_attribution,all_authors,,leave_one_book_out,chunk,4000,f1,jane_austen,15,13,86.66666666666667,5.0,1.1654968261718756e-15,,0
human_attribution,all_authors,,leave_one_book_out,chunk,4000,f1,herbert_george_wells,5,0,0.0,5.0,1.0,,0
human_attribution,all_authors,,leave_one_book_out,chunk,4000,f1,agnes_may_fleming,15,7,46.666666666666664,5.0,3.51819989673471e-06,,0
human_attribution,all_authors,,leave_one_book_out,chunk,4000,f1,charles_dickens,16,15,93.75,5.0,4.653930664062503e-19,,0
human_attribution,all_authors,,leave_one_book_out,chunk,4000,f1,mark_twain,11,5,45.45454545454545,5.0,0.0001119302367675781,,0
human_attribution,all_authors,,leave_one_book_out,chunk,4000,f1,arthur_conan_doyle,7,7,100.0,5.0,7.812500000000003e-10,,0
human_attribution,all_authors,,leave_one_book_out,chunk,4000,f1,mary_shelley,9,9,100.0,5.0,1.953125000000001e-12,,0
human_attribution,all_authors,,leave_one_book_out,chunk,4000,f1,charlotte_bronte,29,17,58.62068965517241,5.0,2.2168905622274217e-15,,0
human_attribution,all_authors,,leave_one_book_out,chunk,4000,f1,oscar_wilde,4,0,0.0,5.0,1.0,,0
human_attribution,all_authors,,leave_one_book_out,chunk,4000,f1,joseph_conrad,12,6,50.0,5.0,1.1107789644042964e-05,,0
human_attribution,all_authors,,leave_one_book_out,chunk,4000,f1,mildred_wirt,6,6,100.0,5.0,1.5625000000000006e-08,,0
human_attribution,all_authors,,leave_one_book_out,chunk,4000,f1,robert_sidney_bowen,6,4,66.66666666666667,5.0,8.640625000000002e-05,,0
human_attribution,all_authors,,leave_one_book_out,chunk,4000,f1,luis_senarens,3,0,0.0,5.0,1.0,,0
human_attribution,all_authors,,leave_one_book_out,chunk,4000,f1,john_c_hutcheson,11,11,100.0,5.0,4.882812500000003e-15,,0
human_attribution,all_authors,,leave_one_book_out,chunk,4000,f1,harold_l_goodwin,6,6,100.0,5.0,1.5625000000000006e-08,,0
human_attribution,all_authors,,leave_one_book_out,chunk,4000,f1,kathleen_thompson_norris,12,7,58.333333333333336,5.0,4.949004731445312e-07,,0
human_attribution,all_authors,,leave_one_book_out,chunk,4000,f1,louis_joseph_vance,10,7,70.0,5.0,8.198398437500002e-08,,0
human_attribution,all_authors,,leave_one_book_out,chunk,4000,f1,susan_warner,30,30,100.0,5.0,9.3132257461548e-40,,0
human_attribution,all_authors,,leave_one_book_out,chunk,4000,f1,ethel_m_dell,18,18,100.0,5.0,3.814697265625004e-24,,0
human_attribution,all_authors,,leave_one_book_out,document,,f3,ALL,60,48,80.0,5.0,2.7214429450856365e-51,arthur_conan_doyle:5; joseph_conrad:5; louis_joseph_vance:5,0
human_attribution,all_authors,,leave_one_book_out,document,,f3,jane_austen,3,3,100.0,5.0,0.00012500000000000003,,0
human_attribution,all_authors,,leave_one_book_out,document,,f3,herbert_george_wells,3,0,0.0,5.0,1.0,,0
human_attribution,all_authors,,leave_one_book_out,document,,f3,agnes_may_fleming,3,2,66.66666666666667,5.0,0.007250000000000001,,0
human_attribution,all_authors,,leave_one_book_out,document,,f3,charles_dickens,3,2,66.66666666666667,5.0,0.007250000000000001,,0
human_attribution,all_authors,,leave_one_book_out,document,,f3,mark_twain,3,2,66.66666666666667,5.0,0.007250000000000001,,0
human_attribution,all_authors,,leave_one_book_out,document,,f3,arthur_conan_doyle,3,3,100.0,5.0,0.00012500000000000003,,0
human_attribution,all_authors,,leave_one_book_out,document,,f3,mary_shelley,3,2,66.66666666666667,5.0,0.007250000000000001,,0
human_attribution,all_authors,,leave_one_book_out,document,,f3,charlotte_bronte,3,2,66.66666666666667,5.0,0.007250000000000001,,0
human_attribution,all_authors,,leave_one_book_out,document,,f3,oscar_wilde,3,0,0.0,5.0,1.0,,0
human_attribution,all_authors,,leave_one_book_out,document,,f3,joseph_conrad,3,3,100.0,5.0,0.00012500000000000003,,0
human_attribution,all_authors,,leave_one_book_out,document,,f3,mildred_wirt,3,3,100.0,5.0,0.00012500000000000003,,0
human_attribution,all_authors,,leave_one_book_out,document,,f3,robert_sidney_bowen,3,2,66.66666666666667,5.0,0.007250000000000001,,0
human_attribution,all_authors,,leave_one_book_out,document,,f3,luis_senarens,3,3,100.0,5.0,0.00012500000000000003,,0
human_attribution,all_authors,,leave_one_book_out,document,,f3,john_c_hutcheson,3,3,100.0,5.0,0.00012500000000000003,,0
human_attribution,all_authors,,leave_one_book_out,document,,f3,harold_l_goodwin,3,3,100.0,5.0,0.00012500000000000003,,0
human_attribution,all_authors,,leave_one_book_out,document,,f3,kathleen_thompson_norris,3,3,100.0,5.0,0.00012500000000000003,,0
human_attribution,all_authors,,leave_one_book_out,document,,f3,arthur_scott_bailey,3,3,100.0,5.0,0.00012500000000000003,,0
human_attribution,all_authors,,leave_one_book_out,document,,f3,louis_joseph_vance,3,3,100.0,5.0,0.00012500000000000003,,0
human_attribution,all_authors,,leave_one_book_out,document,,f3,susan_warner,3,3,100.0,5.0,0.00012500000000000003,,0
human_attribution,all_authors,,leave_one_book_out,document,,f3,ethel_m_dell,3,3,100.0,5.0,0.00012500000000000003,,0
human_attribution,all_authors,,leave_one_book_out,chunk,1000,f3,ALL,1003,685,68.2951146560319,5.0,0.0,susan_warner:123; charlotte_bronte:93; ethel_m_dell:84,0
human_attribution,all_authors,,leave_one_book_out,chunk,1000,f3,jane_austen,65,39,60.0,5.0,4.975698498930571e-34,,0
human_attribution,all_authors,,leave_one_book_out,chunk,1000,f3,herbert_george_wells,22,2,9.090909090909092,5.0,0.3018486661093637,,0
human_attribution,all_authors,,leave_one_book_out,chunk,1000,f3,agnes_may_fleming,67,22,32.83582089552239,5.0,7.163356506556832e-13,,0
human_attribution,all_authors,,leave_one_book_out,chunk,1000,f3,charles_dickens,69,51,73.91304347826087,5.0,3.095924190167394e-51,,0
human_attribution,all_authors,,leave_one_book_out,chunk,1000,f3,mark_twain,50,32,64.0,5.0,1.7188816640964114e-29,,0
human_attribution,all_authors,,leave_one_book_out,chunk,1000,f3,arthur_conan_doyle,36,28,77.77777777777777,5.0,7.588572393524064e-30,,0
human_attribution,all_authors,,leave_one_book_out,chunk,1000,f3,mary_shelley,42,36,85.71428571428571,5.0,5.659640646037325e-41,,0
human_attribution,all_authors,,leave_one_book_out,chunk,1000,f3,charlotte_bronte,121,70,57.85123966942149,5.0,2.8031631259531385e-58,,0
human_attribution,all_authors,,leave_one_book_out,chunk,1000,f3,oscar_wilde,21,1,4.761904761904762,5.0,0.6594383737118849,,0
human_attribution,all_authors,,leave_one_book_out,chunk,1000,f3,joseph_conrad,53,32,60.37735849056604,5.0,2.6085562766193563e-28,,0
human_attribution,all_authors,,leave_one_book_out,chunk,1000,f3,mildred_wirt,29,28,96.55172413793103,5.0,1.0281801223754898e-35,,0
human_attribution,all_authors,,leave_one_book_out,chunk,1000,f3,robert_sidney_bowen,27,18,66.66666666666667,5.0,1.1555056765941719e-17,,0
human_attribution,all_authors,,leave_one_book_out,chunk,1000,f3,luis_senarens,18,6,33.333333333333336,5.0,0.00017196620536117982,,0
human_attribution,all_authors,,leave_one_book_out,chunk,1000,f3,john_c_hutcheson,49,46,93.87755102040816,5.0,2.2523438047983348e-56,,0
human_attribution,all_authors,,leave_one_book_out,chunk,1000,f3,harold_l_goodwin,24,22,91.66666666666667,5.0,5.96600770950318e-27,,0
human_attribution,all_authors,,leave_one_book_out,chunk,1000,f3,kathleen_thompson_norris,53,41,77.35849056603773,5.0,6.655514080312065e-43,,0
human_attribution,all_authors,,leave_one_book_out,chunk,1000,f3,arthur_scott_bailey,6,6,100.0,5.0,1.5625000000000006e-08,,0
human_attribution,all_authors,,leave_one_book_out,chunk,1000,f3,louis_joseph_vance,44,26,59.09090909090909,5.0,6.314597275481313e-23,,0
human_attribution,all_authors,,leave_one_book_out,chunk,1000,f3,susan_warner,127,112,88.18897637795276,5.0,1.0484064114909168e-127,,0
human_attribution,all_authors,,leave_one_book_out,chunk,1000,f3,ethel_m_dell,80,67,83.75,5.0,1.1073464031968804e-73,,0
human_attribution,all_authors,,leave_one_book_out,chunk,2000,f3,ALL,485,372,76.70103092783505,5.0,0.0,susan_warner:63; ethel_m_dell:45; charles_dickens:44,0
human_attribution,all_authors,,leave_one_book_out,chunk,2000,f3,jane_austen,31,26,83.87096774193549,5.0,1.9783526990283304e-29,,0
human_attribution,all_authors,,leave_one_book_out,chunk,2000,f3,herbert_george_wells,11,1,9.090909090909092,5.0,0.43119990772354,,0
human_attribution,all_authors,,leave_one_book_out,chunk,2000,f3,agnes_may_fleming,33,11,33.333333333333336,5.0,3.3795174715561236e-07,,0
human_attribution,all_authors,,leave_one_book_out,chunk,2000,f3,charles_dickens,34,31,91.17647058823529,5.0,2.4009160697460204e-37,,0
human_attribution,all_authors,,leave_one_book_out,chunk,2000,f3,mark_twain,24,19,79.16666666666667,5.0,6.356411311089997e-21,,0
human_attribution,all_authors,,leave_one_book_out,chunk,2000,f3,arthur_conan_doyle,17,16,94.11764705882354,5.0,2.4719238281250023e-20,,0
human_attribution,all_authors,,leave_one_book_out,chunk,2000,f3,mary_shelley,20,19,95.0,5.0,3.633499145507817e-24,,0
human_attribution,all_authors,,leave_one_book_out,chunk,2000,f3,charlotte_bronte,60,35,58.333333333333336,5.0,4.3497727184908084e-30,,0
human_attribution,all_authors,,leave_one_book_out,chunk,2000,f3,oscar_wilde,9,0,0.0,5.0,1.0,,0
human_attribution,all_authors,,leave_one_book_out,chunk,2000,f3,joseph_conrad,25,17,68.0,5.0,5.60496639791637e-17,,0
human_attribution,all_authors,,leave_one_book_out,chunk,2000,f3,mildred_wirt,14,14,100.0,5.0,6.103515625000005e-19,,0
human_attribution,all_authors,,leave_one_book_out,chunk,2000,f3,robert_sidney_bowen,12,8,66.66666666666667,5.0,1.612351806640625e-08,,0
human_attribution,all_authors,,leave_one_book_out,chunk,2000,f3,luis_senarens,9,3,33.333333333333336,5.0,0.008361039546874997,,0
human_attribution,all_authors,,leave_one_book_out,chunk,2000,f3,john_c_hutcheson,23,23,100.0,5.0,1.192092895507814e-30,,0
human_attribution,all_authors,,leave_one_book_out,chunk,2000,f3,harold_l_goodwin,12,12,100.0,5.0,2.4414062500000014e-16,,0
human_attribution,all_authors,,leave_one_book_out,chunk,2000,f3,kathleen_thompson_norris,26,22,84.61538461538461,5.0,2.929941073060039e-25,,0
human_attribution,all_authors,,leave_one_book_out,chunk,2000,f3,arthur_scott_bailey,3,3,100.0,5.0,0.00012500000000000003,,0
human_attribution,all_authors,,leave_one_book_out,chunk,2000,f3,louis_joseph_vance,21,16,76.19047619047619,5.0,2.440228863525392e-17,,0
human_attribution,all_authors,,leave_one_book_out,chunk,2000,f3,susan_warner,62,59,95.16129032258064,5.0,5.639829098527689e-73,,0
human_attribution,all_authors,,leave_one_book_out,chunk,2000,f3,ethel_m_dell,39,37,94.87179487179488,5.0,4.8793117457535225e-46,,0
human_attribution,all_authors,,leave_one_book_out,chunk,4000,f3,ALL,225,182,80.88888888888889,5.0,5.732451701075474e-192,susan_warner:31; charles_dickens:20; ethel_m_dell:20,0
human_attribution,all_authors,,leave_one_book_out,chunk,4000,f3,jane_austen,15,14,93.33333333333333,5.0,8.728027343750007e-18,,0
human_attribution,all_authors,,leave_one_book_out,chunk,4000,f3,herbert_george_wells,5,0,0.0,5.0,1.0,,0
human_attribution,all_authors,,leave_one_book_out,chunk,4000,f3,agnes_may_fleming,15,7,46.666666666666664,5.0,3.51819989673471e-06,,0
human_attribution,all_authors,,leave_one_book_out,chunk,4000,f3,charles_dickens,16,15,93.75,5.0,4.653930664062503e-19,,0
human_attribution,all_authors,,leave_one_book_out,chunk,4000,f3,mark_twain,11,8,72.72727272727273,5.0,5.624023437500001e-09,,0
human_attribution,all_authors,,leave_one_book_out,chunk,4000,f3,arthur_conan_doyle,7,7,100.0,5.0,7.812500000000003e-10,,0
human_attribution,all_authors,,leave_one_book_out,chunk,4000,f3,mary_shelley,9,9,100.0,5.0,1.953125000000001e-12,,0
human_attribution,all_authors,,leave_one_book_out,chunk,4000,f3,charlotte_bronte,29,18,62.06896551724138,5.0,7.74182122263145e-17,,0
human_attribution,all_authors,,leave_one_book_out,chunk,4000,f3,oscar_wilde,4,0,0.0,5.0,1.0,,0
human_attribution,all_authors,,leave_one_book_out,chunk,4000,f3,joseph_conrad,12,9,75.0,5.0,3.74276123046875e-10,,0
human_attribution,all_authors,,leave_one_book_out,chunk,4000,f3,mildred_wirt,6,6,100.0,5.0,1.5625000000000006e-08,,0
human_attribution,all_authors,,leave_one_book_out,chunk,4000,f3,robert_sidney_bowen,6,5,83.33333333333333,5.0,1.7968750000000005e-06,,0
human_attribution,all_authors,,leave_one_book_out,chunk,4000,f3,luis_senarens,3,0,0.0,5.0,1.0,,0
human_attribution,all_authors,,leave_one_book_out,chunk,4000,f3,john_c_hutcheson,11,11,100.0,5.0,4.882812500000003e-15,,0
human_attribution,all_authors,,leave_one_book_out,chunk,4000,f3,harold_l_goodwin,6,6,100.0,5.0,1.5625000000000006e-08,,0
human_attribution,all_authors,,leave_one_book_out,chunk,4000,f3,kathleen_thompson_norris,12,11,91.66666666666667,5.0,5.590820312500003e-14,,0
human_attribution,all_authors,,leave_one_book_out,chunk,4000,f3,louis_joseph_vance,10,8,80.0,5.0,1.6050781250000006e-09,,0
human_attribution,all_authors,,leave_one_book_out,chunk,4000,f3,susan_warner,30,30,100.0,5.0,9.3132257461548e-40,,0
human_attribution,all_authors,,leave_one_book_out,chunk,4000,f3,ethel_m_dell,18,18,100.0,5.0,3.814697265625004e-24,,0
human_attribution,margin_gt_1,,leave_one_book_out,document,,f1,ALL,39,37,94.87179487179488,7.6923076923076925,3.857399747718349e-39,ethel_m_dell:4; louis_joseph_vance:4; arthur_conan_doyle:3,0
human_attribution,margin_gt_1,,leave_one_book_out,document,,f1,arthur_conan_doyle,3,3,100.0,7.6923076923076925,0.0004551661356395085,,0
human_attribution,margin_gt_1,,leave_one_book_out,document,,f1,arthur_scott_bailey,3,3,100.0,7.6923076923076925,0.0004551661356395085,,0
human_attribution,margin_gt_1,,leave_one_book_out,document,,f1,ethel_m_dell,3,3,100.0,7.6923076923076925,0.0004551661356395085,,0
human_attribution,margin_gt_1,,leave_one_book_out,document,,f1,harold_l_goodwin,3,3,100.0,7.6923076923076925,0.0004551661356395085,,0
human_attribution,margin_gt_1,,leave_one_book_out,document,,f1,jane_austen,3,3,100.0,7.6923076923076925,0.0004551661356395085,,0
human_attribution,margin_gt_1,,leave_one_book_out,document,,f1,john_c_hutcheson,3,3,100.0,7.6923076923076925,0.0004551661356395085,,0
human_attribution,margin_gt_1,,leave_one_book_out,document,,f1,kathleen_thompson_norris,3,3,100.0,7.6923076923076925,0.0004551661356395085,,0
human_attribution,margin_gt_1,,leave_one_book_out,document,,f1,louis_joseph_vance,3,3,100.0,7.6923076923076925,0.0004551661356395085,,0
human_attribution,margin_gt_1,,leave_one_book_out,document,,f1,luis_senarens,3,3,100.0,7.6923076923076925,0.0004551661356395085,,0
human_attribution,margin_gt_1,,leave_one_book_out,document,,f1,mark_twain,3,2,66.66666666666667,7.6923076923076925,0.016841147018661816,,0
human_attribution,margin_gt_1,,leave_one_book_out,document,,f1,mildred_wirt,3,3,100.0,7.6923076923076925,0.0004551661356395085,,0
human_attribution,margin_gt_1,,leave_one_book_out,document,,f1,robert_sidney_bowen,3,2,66.66666666666667,7.6923076923076925,0.016841147018661816,,0
human_attribution,margin_gt_1,,leave_one_book_out,document,,f1,susan_warner,3,3,100.0,7.6923076923076925,0.0004551661356395085,,0
human_attribution,margin_gt_1,,leave_one_book_out,chunk,1000,f1,ALL,608,460,75.65789473684211,7.6923076923076925,0.0,susan_warner:119; ethel_m_dell:74; jane_austen:73,0
human_attribution,margin_gt_1,,leave_one_book_out,chunk,1000,f1,arthur_conan_doyle,36,30,83.33333333333333,7.6923076923076925,4.674217260422711e-28,,0
human_attribution,margin_gt_1,,leave_one_book_out,chunk,1000,f1,arthur_scott_bailey,6,6,100.0,7.6923076923076925,2.0717621103300345e-07,,0
human_attribution,margin_gt_1,,leave_one_book_out,chunk,1000,f1,ethel_m_dell,80,59,73.75,7.6923076923076925,3.6688406419110635e-48,,0
human_attribution,margin_gt_1,,leave_one_book_out,chunk,1000,f1,harold_l_goodwin,24,22,91.66666666666667,7.6923076923076925,7.375265877457991e-23,,0
human_attribution,margin_gt_1,,leave_one_book_out,chunk,1000,f1,jane_austen,65,45,69.23076923076923,7.6923076923076925,4.422679250074e-35,,0
human_attribution,margin_gt_1,,leave_one_book_out,chunk,1000,f1,john_c_hutcheson,49,45,91.83673469387755,7.6923076923076925,1.1554066878981278e-45,,0
human_attribution,margin_gt_1,,leave_one_book_out,chunk,1000,f1,kathleen_thompson_norris,53,47,88.67924528301887,7.6923076923076925,6.332174073136303e-46,,0
human_attribution,margin_gt_1,,leave_one_book_out,chunk,1000,f1,louis_joseph_vance,44,29,65.9090909090909,7.6923076923076925,3.582423660664576e-22,,0
human_attribution,margin_gt_1,,leave_one_book_out,chunk,1000,f1,luis_senarens,18,2,11.11111111111111,7.6923076923076925,0.4081357668231305,,0
human_attribution,margin_gt_1,,leave_one_book_out,chunk,1000,f1,mark_twain,50,18,36.0,7.6923076923076925,1.4387643196527014e-08,,0
human_attribution,margin_gt_1,,leave_one_book_out,chunk,1000,f1,mildred_wirt,29,27,93.10344827586206,7.6923076923076925,2.9182071422640678e-28,,0
human_attribution,margin_gt_1,,leave_one_book_out,chunk,1000,f1,robert_sidney_bowen,27,14,51.851851851851855,7.6923076923076925,1.938170494577338e-09,,0
human_attribution,margin_gt_1,,leave_one_book_out,chunk,1000,f1,susan_warner,127,116,91.33858267716535,7.6923076923076925,5.6337545781906185e-115,,0
human_attribution,margin_gt_1,,leave_one_book_out,chunk,2000,f1,ALL,293,248,84.64163822525597,7.6923076923076925,3.695382989176933e-225,susan_warner:61; ethel_m_dell:39; jane_austen:35,0
human_attribution,margin_gt_1,,leave_one_book_out,chunk,2000,f1,arthur_conan_doyle,17,15,88.23529411764706,7.6923076923076925,2.2876356679755224e-15,,0
human_attribution,margin_gt_1,,leave_one_book_out,chunk,2000,f1,arthur_scott_bailey,3,3,100.0,7.6923076923076925,0.0004551661356395085,,0
human_attribution,margin_gt_1,,leave_one_book_out,chunk,2000,f1,ethel_m_dell,39,33,84.61538461538461,7.6923076923076925,3.558602092149914e-31,,0
human_attribution,margin_gt_1,,leave_one_book_out,chunk,2000,f1,harold_l_goodwin,12,12,100.0,7.6923076923076925,4.292198241799158e-14,,0
human_attribution,margin_gt_1,,leave_one_book_out,chunk,2000,f1,jane_austen,31,25,80.64516129032258,7.6923076923076925,6.58093540616731e-23,,0
human_attribution,margin_gt_1,,leave_one_book_out,chunk,2000,f1,john_c_hutcheson,23,23,100.0,7.6923076923076925,2.3949855470974915e-26,,0
human_attribution,margin_gt_1,,leave_one_book_out,chunk,2000,f1,kathleen_thompson_norris,26,25,96.15384615384616,7.6923076923076925,3.412064070284547e-27,,0
human_attribution,margin_gt_1,,leave_one_book_out,chunk,2000,f1,louis_joseph_vance,21,16,76.19047619047619,7.6923076923076925,2.1006317986897605e-14,,0
human_attribution,margin_gt_1,,leave_one_book_out,chunk,2000,f1,luis_senarens,9,1,11.11111111111111,7.6923076923076925,0.5134348005963147,,0
human_attribution,margin_gt_1,,leave_one_book_out,chunk,2000,f1,mark_twain,24,13,54.166666666666664,7.6923076923076925,3.6535820940608713e-09,,0
human_attribution,margin_gt_1,,leave_one_book_out,chunk,2000,f1,mildred_wirt,14,14,100.0,7.6923076923076925,2.53976227325394e-16,,0
human_attribution,margin_gt_1,,leave_one_book_out,chunk,2000,f1,robert_sidney_bowen,12,7,58.333333333333336,7.6923076923076925,8.91614361901169e-06,,0
human_attribution,margin_gt_1,,leave_one_book_out,chunk,2000,f1,susan_warner,62,61,98.38709677419355,7.6923076923076925,6.421972325722338e-67,,0
human_attribution,margin_gt_1,,leave_one_book_out,chunk,4000,f1,ALL,135,121,89.62962962962963,7.6923076923076925,2.0492539781735864e-117,susan_warner:30; ethel_m_dell:21; jane_austen:16,0
human_attribution,margin_gt_1,,leave_one_book_out,chunk,4000,f1,arthur_conan_doyle,7,7,100.0,7.6923076923076925,1.5936631617923344e-08,,0
human_attribution,margin_gt_1,,leave_one_book_out,chunk,4000,f1,ethel_m_dell,18,18,100.0,7.6923076923076925,8.892413687384686e-21,,0
human_attribution,margin_gt_1,,leave_one_book_out,chunk,4000,f1,harold_l_goodwin,6,6,100.0,7.6923076923076925,2.0717621103300345e-07,,0
human_attribution,margin_gt_1,,leave_one_book_out,chunk,4000,f1,jane_austen,15,13,86.66666666666667,7.6923076923076925,2.989300195619887e-13,,0
human_attribution,margin_gt_1,,leave_one_book_out,chunk,4000,f1,john_c_hutcheson,11,11,100.0,7.6923076923076925,5.579857714338905e-13,,0
human_attribution,margin_gt_1,,leave_one_book_out,chunk,4000,f1,kathleen_thompson_norris,12,12,100.0,7.6923076923076925,4.292198241799158e-14,,0
human_attribution,margin_gt_1,,leave_one_book_out,chunk,4000,f1,louis_joseph_vance,10,8,80.0,7.6923076923076925,4.788243300405644e-08,,0
human_attribution,margin_gt_1,,leave_one_book_out,chunk,4000,f1,luis_senarens,3,0,0.0,7.6923076923076925,1.0,,0
human_attribution,margin_gt_1,,leave_one_book_out,chunk,4000,f1,mark_twain,11,6,54.54545454545455,7.6923076923076925,6.812807458877442e-05,,0
human_attribution,margin_gt_1,,leave_one_book_out,chunk,4000,f1,mildred_wirt,6,6,100.0,7.6923076923076925,2.0717621103300345e-07,,0
human_attribution,margin_gt_1,,leave_one_book_out,chunk,4000,f1,robert_sidney_bowen,6,4,66.66666666666667,7.6923076923076925,0.00046262447923669673,,0
human_attribution,margin_gt_1,,leave_one_book_out,chunk,4000,f1,susan_warner,30,30,100.0,7.6923076923076925,3.816800239434332e-34,,0
human_attribution,margin_gt_1,,leave_one_book_out,document,,f3,ALL,39,38,97.43589743589743,7.6923076923076925,1.6880375483376462e-41,ethel_m_dell:4; arthur_conan_doyle:3; arthur_scott_bailey:3,0
human_attribution,margin_gt_1,,leave_one_book_out,document,,f3,arthur_conan_doyle,3,3,100.0,7.6923076923076925,0.0004551661356395085,,0
human_attribution,margin_gt_1,,leave_one_book_out,document,,f3,arthur_scott_bailey,3,3,100.0,7.6923076923076925,0.0004551661356395085,,0
human_attribution,margin_gt_1,,leave_one_book_out,document,,f3,ethel_m_dell,3,3,100.0,7.6923076923076925,0.0004551661356395085,,0
human_attribution,margin_gt_1,,leave_one_book_out,document,,f3,harold_l_goodwin,3,3,100.0,7.6923076923076925,0.0004551661356395085,,0
human_attribution,margin_gt_1,,leave_one_book_out,document,,f3,jane_austen,3,3,100.0,7.6923076923076925,0.0004551661356395085,,0
human_attribution,margin_gt_1,,leave_one_book_out,document,,f3,john_c_hutcheson,3,3,100.0,7.6923076923076925,0.0004551661356395085,,0
human_attribution,margin_gt_1,,leave_one_book_out,document,,f3,kathleen_thompson_norris,3,3,100.0,7.6923076923076925,0.0004551661356395085,,0
human_attribution,margin_gt_1,,leave_one_book_out,document,,f3,louis_joseph_vance,3,3,100.0,7.6923076923076925,0.0004551661356395085,,0
human_attribution,margin_gt_1,,leave_one_book_out,document,,f3,luis_senarens,3,3,100.0,7.6923076923076925,0.0004551661356395085,,0
human_attribution,margin_gt_1,,leave_one_book_out,document,,f3,mark_twain,3,3,100.0,7.6923076923076925,0.0004551661356395085,,0
human_attribution,margin_gt_1,,leave_one_book_out,document,,f3,mildred_wirt,3,3,100.0,7.6923076923076925,0.0004551661356395085,,0
human_attribution,margin_gt_1,,leave_one_book_out,document,,f3,robert_sidney_bowen,3,2,66.66666666666667,7.6923076923076925,0.016841147018661816,,0
human_attribution,margin_gt_1,,leave_one_book_out,document,,f3,susan_warner,3,3,100.0,7.6923076923076925,0.0004551661356395085,,0
human_attribution,margin_gt_1,,leave_one_book_out,chunk,1000,f3,ALL,608,516,84.86842105263158,7.6923076923076925,0.0,susan_warner:117; ethel_m_dell:80; jane_austen:68,0
human_attribution,margin_gt_1,,leave_one_book_out,chunk,1000,f3,arthur_conan_doyle,36,32,88.88888888888889,7.6923076923076925,9.756933646648106e-32,,0
human_attribution,margin_gt_1,,leave_one_book_out,chunk,1000,f3,arthur_scott_bailey,6,6,100.0,7.6923076923076925,2.0717621103300345e-07,,0
human_attribution,margin_gt_1,,leave_one_book_out,chunk,1000,f3,ethel_m_dell,80,67,83.75,7.6923076923076925,2.626339089816228e-61,,0
human_attribution,margin_gt_1,,leave_one_book_out,chunk,1000,f3,harold_l_goodwin,24,22,91.66666666666667,7.6923076923076925,7.375265877457991e-23,,0
human_attribution,margin_gt_1,,leave_one_book_out,chunk,1000,f3,jane_austen,65,53,81.53846153846153,7.6923076923076925,1.435583898692667e-47,,0
human_attribution,margin_gt_1,,leave_one_book_out,chunk,1000,f3,john_c_hutcheson,49,47,95.91836734693878,7.6923076923076925,4.436632553483633e-50,,0
human_attribution,margin_gt_1,,leave_one_book_out,chunk,1000,f3,kathleen_thompson_norris,53,49,92.45283018867924,7.6923076923076925,5.587728494916933e-50,,0
human_attribution,margin_gt_1,,leave_one_book_out,chunk,1000,f3,louis_joseph_vance,44,33,75.0,7.6923076923076925,5.676428118779274e-28,,0
human_attribution,margin_gt_1,,leave_one_book_out,chunk,1000,f3,luis_senarens,18,9,50.0,7.6923076923076925,2.4087912466968696e-06,,0
human_attribution,margin_gt_1,,leave_one_book_out,chunk,1000,f3,mark_twain,50,38,76.0,7.6923076923076925,2.2308689012087683e-32,,0
human_attribution,margin_gt_1,,leave_one_book_out,chunk,1000,f3,mildred_wirt,29,28,96.55172413793103,7.6923076923076925,1.7316822686313567e-30,,0
human_attribution,margin_gt_1,,leave_one_book_out,chunk,1000,f3,robert_sidney_bowen,27,18,66.66666666666667,7.6923076923076925,2.1106583253362285e-14,,0
human_attribution,margin_gt_1,,leave_one_book_out,chunk,1000,f3,susan_warner,127,114,89.76377952755905,7.6923076923076925,6.9484120687072e-111,,0
human_attribution,margin_gt_1,,leave_one_book_out,chunk,2000,f3,ALL,293,266,90.78498293515358,7.6923076923076925,6.136341319206528e-260,susan_warner:60; ethel_m_dell:43; jane_austen:30,0
human_attribution,margin_gt_1,,leave_one_book_out,chunk,2000,f3,arthur_conan_doyle,17,17,100.0,7.6923076923076925,1.1560137793600091e-19,,0
human_attribution,margin_gt_1,,leave_one_book_out,chunk,2000,f3,arthur_scott_bailey,3,3,100.0,7.6923076923076925,0.0004551661356395085,,0
human_attribution,margin_gt_1,,leave_one_book_out,chunk,2000,f3,ethel_m_dell,39,37,94.87179487179488,7.6923076923076925,3.857399747718349e-39,,0
human_attribution,margin_gt_1,,leave_one_book_out,chunk,2000,f3,harold_l_goodwin,12,12,100.0,7.6923076923076925,4.292198241799158e-14,,0
human_attribution,margin_gt_1,,leave_one_book_out,chunk,2000,f3,jane_austen,31,27,87.09677419354838,7.6923076923076925,1.9386201729009214e-26,,0
human_attribution,margin_gt_1,,leave_one_book_out,chunk,2000,f3,john_c_hutcheson,23,23,100.0,7.6923076923076925,2.3949855470974915e-26,,0
human_attribution,margin_gt_1,,leave_one_book_out,chunk,2000,f3,kathleen_thompson_norris,26,25,96.15384615384616,7.6923076923076925,3.412064070284547e-27,,0
human_attribution,margin_gt_1,,leave_one_book_out,chunk,2000,f3,louis_joseph_vance,21,18,85.71428571428571,7.6923076923076925,9.425606373902782e-18,,0
human_attribution,margin_gt_1,,leave_one_book_out,chunk,2000,f3,luis_senarens,9,3,33.333333333333336,7.6923076923076925,0.02686960119262955,,0
human_attribution,margin_gt_1,,leave_one_book_out,chunk,2000,f3,mark_twain,24,19,79.16666666666667,7.6923076923076925,1.989723331002474e-17,,0
human_attribution,margin_gt_1,,leave_one_book_out,chunk,2000,f3,mildred_wirt,14,14,100.0,7.6923076923076925,2.53976227325394e-16,,0
human_attribution,margin_gt_1,,leave_one_book_out,chunk,2000,f3,robert_sidney_bowen,12,8,66.66666666666667,7.6923076923076925,4.572963376170142e-07,,0
human_attribution,margin_gt_1,,leave_one_book_out,chunk,2000,f3,susan_warner,62,60,96.7741935483871,7.6923076923076925,2.3537088880082668e-64,,0
human_attribution,margin_gt_1,,leave_one_book_out,chunk,4000,f3,ALL,135,127,94.07407407407408,7.6923076923076925,3.969370569801771e-130,susan_warner:30; ethel_m_dell:20; jane_austen:16,0
human_attribution,margin_gt_1,,leave_one_book_out,chunk,4000,f3,arthur_conan_doyle,7,7,100.0,7.6923076923076925,1.5936631617923344e-08,,0
human_attribution,margin_gt_1,,leave_one_book_out,chunk,4000,f3,ethel_m_dell,18,18,100.0,7.6923076923076925,8.892413687384686e-21,,0
human_attribution,margin_gt_1,,leave_one_book_out,chunk,4000,f3,harold_l_goodwin,6,6,100.0,7.6923076923076925,2.0717621103300345e-07,,0
human_attribution,margin_gt_1,,leave_one_book_out,chunk,4000,f3,jane_austen,15,14,93.33333333333333,7.6923076923076925,3.5361305496843314e-15,,0
human_attribution,margin_gt_1,,leave_one_book_out,chunk,4000,f3,john_c_hutcheson,11,11,100.0,7.6923076923076925,5.579857714338905e-13,,0
human_attribution,margin_gt_1,,leave_one_book_out,chunk,4000,f3,kathleen_thompson_norris,12,12,100.0,7.6923076923076925,4.292198241799158e-14,,0
human_attribution,margin_gt_1,,leave_one_book_out,chunk,4000,f3,louis_joseph_vance,10,9,90.0,7.6923076923076925,8.777116184655098e-10,,0
human_attribution,margin_gt_1,,leave_one_book_out,chunk,4000,f3,luis_senarens,3,0,0.0,7.6923076923076925,1.0,,0
human_attribution,margin_gt_1,,leave_one_book_out,chunk,4000,f3,mark_twain,11,9,81.81818181818181,7.6923076923076925,4.49345941735712e-09,,0
human_attribution,margin_gt_1,,leave_one_book_out,chunk,4000,f3,mildred_wirt,6,6,100.0,7.6923076923076925,2.0717621103300345e-07,,0
human_attribution,margin_gt_1,,leave_one_book_out,chunk,4000,f3,robert_sidney_bowen,6,5,83.33333333333333,7.6923076923076925,1.5123863405409252e-05,,0
human_attribution,margin_gt_1,,leave_one_book_out,chunk,4000,f3,susan_warner,30,30,100.0,7.6923076923076925,3.816800239434332e-34,,0
llm_attribution,all_authors,flash,pooled_all_books,run,1000,f1,ALL,400,54,13.5,5.0,5.3605599115110404e-11,oscar_wilde:99; mary_shelley:89; charles_dickens:49,0
llm_attribution,all_authors,flash,pooled_all_books,run,1000,f1,jane_austen,20,1,5.0,5.0,0.6415140775914577,,0
llm_attribution,all_authors,flash,pooled_all_books,run,1000,f1,herbert_george_wells,20,0,0.0,5.0,1.0,,0
llm_attribution,all_authors,flash,pooled_all_books,run,1000,f1,agnes_may_fleming,20,0,0.0,5.0,1.0,,0
llm_attribution,all_authors,flash,pooled_all_books,run,1000,f1,charles_dickens,20,1,5.0,5.0,0.6415140775914577,,0
llm_attribution,all_authors,flash,pooled_all_books,run,1000,f1,mark_twain,20,0,0.0,5.0,1.0,,0
llm_attribution,all_authors,flash,pooled_all_books,run,1000,f1,arthur_conan_doyle,20,0,0.0,5.0,1.0,,0
llm_attribution,all_authors,flash,pooled_all_books,run,1000,f1,mary_shelley,20,16,80.0,5.0,6.0967776870727584e-18,,0
llm_attribution,all_authors,flash,pooled_all_books,run,1000,f1,charlotte_bronte,20,0,0.0,5.0,1.0,,0
llm_attribution,all_authors,flash,pooled_all_books,run,1000,f1,oscar_wilde,20,11,55.0,5.0,5.379600583984645e-10,,0
llm_attribution,all_authors,flash,pooled_all_books,run,1000,f1,joseph_conrad,20,3,15.0,5.0,0.07548367378849626,,0
llm_attribution,all_authors,flash,pooled_all_books,run,1000,f1,mildred_wirt,20,0,0.0,5.0,1.0,,0
llm_attribution,all_authors,flash,pooled_all_books,run,1000,f1,robert_sidney_bowen,20,2,10.0,5.0,0.2641604750561498,,0
llm_attribution,all_authors,flash,pooled_all_books,run,1000,f1,luis_senarens,20,0,0.0,5.0,1.0,,0
llm_attribution,all_authors,flash,pooled_all_books,run,1000,f1,john_c_hutcheson,20,14,70.0,5.0,1.7762442397422798e-14,,0
llm_attribution,all_authors,flash,pooled_all_books,run,1000,f1,harold_l_goodwin,20,1,5.0,5.0,0.6415140775914577,,0
llm_attribution,all_authors,flash,pooled_all_books,run,1000,f1,kathleen_thompson_norris,20,5,25.0,5.0,0.0025739403346522792,,0
llm_attribution,all_authors,flash,pooled_all_books,run,1000,f1,arthur_scott_bailey,20,0,0.0,5.0,1.0,,0
llm_attribution,all_authors,flash,pooled_all_books,run,1000,f1,louis_joseph_vance,20,0,0.0,5.0,1.0,,0
llm_attribution,all_authors,flash,pooled_all_books,run,1000,f1,susan_warner,20,0,0.0,5.0,1.0,,0
llm_attribution,all_authors,flash,pooled_all_books,run,1000,f1,ethel_m_dell,20,0,0.0,5.0,1.0,,0
llm_attribution,all_authors,flash,leave_one_book_out,run,1000,f1,ALL,400,51,12.75,5.0,1.341129047390128e-09,oscar_wilde:96; mary_shelley:88; charles_dickens:49,0
llm_attribution,all_authors,flash,leave_one_book_out,run,1000,f1,jane_austen,20,0,0.0,5.0,1.0,,0
llm_attribution,all_authors,flash,leave_one_book_out,run,1000,f1,herbert_george_wells,20,0,0.0,5.0,1.0,,0
llm_attribution,all_authors,flash,leave_one_book_out,run,1000,f1,agnes_may_fleming,20,0,0.0,5.0,1.0,,0
llm_attribution,all_authors,flash,leave_one_book_out,run,1000,f1,charles_dickens,20,1,5.0,5.0,0.6415140775914577,,0
llm_attribution,all_authors,flash,leave_one_book_out,run,1000,f1,mark_twain,20,0,0.0,5.0,1.0,,0
llm_attribution,all_authors,flash,leave_one_book_out,run,1000,f1,arthur_conan_doyle,20,0,0.0,5.0,1.0,,0
llm_attribution,all_authors,flash,leave_one_book_out,run,1000,f1,mary_shelley,20,15,75.0,5.0,3.7220699665069607e-16,,0
llm_attribution,all_authors,flash,leave_one_book_out,run,1000,f1,charlotte_bronte,20,0,0.0,5.0,1.0,,0
llm_attribution,all_authors,flash,leave_one_book_out,run,1000,f1,oscar_wilde,20,9,45.0,5.0,1.9793381083193461e-07,,0
llm_attribution,all_authors,flash,leave_one_book_out,run,1000,f1,joseph_conrad,20,6,30.0,5.0,0.0003292943245282763,,0
llm_attribution,all_authors,flash,leave_one_book_out,run,1000,f1,mildred_wirt,20,0,0.0,5.0,1.0,,0
llm_attribution,all_authors,flash,leave_one_book_out,run,1000,f1,robert_sidney_bowen,20,2,10.0,5.0,0.2641604750561498,,0
llm_attribution,all_authors,flash,leave_one_book_out,run,1000,f1,luis_senarens,20,0,0.0,5.0,1.0,,0
llm_attribution,all_authors,flash,leave_one_book_out,run,1000,f1,john_c_hutcheson,20,10,50.0,5.0,1.1340718060930296e-08,,0
llm_attribution,all_authors,flash,leave_one_book_out,run,1000,f1,harold_l_goodwin,20,1,5.0,5.0,0.6415140775914577,,0
llm_attribution,all_authors,flash,leave_one_book_out,run,1000,f1,kathleen_thompson_norris,20,7,35.0,5.0,3.394616530143376e-05,,0
llm_attribution,all_authors,flash,leave_one_book_out,run,1000,f1,arthur_scott_bailey,20,0,0.0,5.0,1.0,,0
llm_attribution,all_authors,flash,leave_one_book_out,run,1000,f1,louis_joseph_vance,20,0,0.0,5.0,1.0,,0
llm_attribution,all_authors,flash,leave_one_book_out,run,1000,f1,susan_warner,20,0,0.0,5.0,1.0,,0
llm_attribution,all_authors,flash,leave_one_book_out,run,1000,f1,ethel_m_dell,20,0,0.0,5.0,1.0,,0
llm_attribution,all_authors,flash,pooled_all_books,run,2000,f1,ALL,400,45,11.25,5.0,4.6252856237604586e-07,oscar_wilde:138; mary_shelley:100; charles_dickens:37,0
llm_attribution,all_authors,flash,pooled_all_books,run,2000,f1,jane_austen,20,0,0.0,5.0,1.0,,0
llm_attribution,all_authors,flash,pooled_all_books,run,2000,f1,herbert_george_wells,20,0,0.0,5.0,1.0,,0
llm_attribution,all_authors,flash,pooled_all_books,run,2000,f1,agnes_may_fleming,20,0,0.0,5.0,1.0,,0
llm_attribution,all_authors,flash,pooled_all_books,run,2000,f1,charles_dickens,20,0,0.0,5.0,1.0,,0
llm_attribution,all_authors,flash,pooled_all_books,run,2000,f1,mark_twain,20,0,0.0,5.0,1.0,,0
llm_attribution,all_authors,flash,pooled_all_books,run,2000,f1,arthur_conan_doyle,20,0,0.0,5.0,1.0,,0
llm_attribution,all_authors,flash,pooled_all_books,run,2000,f1,mary_shelley,20,20,100.0,5.0,9.536743164062511e-27,,0
llm_attribution,all_authors,flash,pooled_all_books,run,2000,f1,charlotte_bronte,20,0,0.0,5.0,1.0,,0
llm_attribution,all_authors,flash,pooled_all_books,run,2000,f1,oscar_wilde,20,8,40.0,5.0,2.8568853828187453e-06,,0
llm_attribution,all_authors,flash,pooled_all_books,run,2000,f1,joseph_conrad,20,1,5.0,5.0,0.6415140775914577,,0
llm_attribution,all_authors,flash,pooled_all_books,run,2000,f1,mildred_wirt,20,0,0.0,5.0,1.0,,0
llm_attribution,all_authors,flash,pooled_all_books,run,2000,f1,robert_sidney_bowen,20,3,15.0,5.0,0.07548367378849626,,0
llm_attribution,all_authors,flash,pooled_all_books,run,2000,f1,luis_senarens,20,0,0.0,5.0,1.0,,0
llm_attribution,all_authors,flash,pooled_all_books,run,2000,f1,john_c_hutcheson,20,11,55.0,5.0,5.379600583984645e-10,,0
llm_attribution,all_authors,flash,pooled_all_books,run,2000,f1,harold_l_goodwin,20,2,10.0,5.0,0.2641604750561498,,0
llm_attribution,all_authors,flash,pooled_all_books,run,2000,f1,kathleen_thompson_norris,20,0,0.0,5.0,1.0,,0
llm_attribution,all_authors,flash,pooled_all_books,run,2000,f1,arthur_scott_bailey,20,0,0.0,5.0,1.0,,0
llm_attribution,all_authors,flash,pooled_all_books,run,2000,f1,louis_joseph_vance,20,0,0.0,5.0,1.0,,0
llm_attribution,all_authors,flash,pooled_all_books,run,2000,f1,susan_warner,20,0,0.0,5.0,1.0,,0
llm_attribution,all_authors,flash,pooled_all_books,run,2000,f1,ethel_m_dell,20,0,0.0,5.0,1.0,,0
llm_attribution,all_authors,flash,leave_one_book_out,run,2000,f1,ALL,400,49,12.25,5.0,1.0296783679810692e-08,oscar_wilde:138; mary_shelley:86; arthur_conan_doyle:34,0
llm_attribution,all_authors,flash,leave_one_book_out,run,2000,f1,jane_austen,20,1,5.0,5.0,0.6415140775914577,,0
llm_attribution,all_authors,flash,leave_one_book_out,run,2000,f1,herbert_george_wells,20,0,0.0,5.0,1.0,,0
llm_attribution,all_authors,flash,leave_one_book_out,run,2000,f1,agnes_may_fleming,20,0,0.0,5.0,1.0,,0
llm_attribution,all_authors,flash,leave_one_book_out,run,2000,f1,charles_dickens,20,0,0.0,5.0,1.0,,0
llm_attribution,all_authors,flash,leave_one_book_out,run,2000,f1,mark_twain,20,0,0.0,5.0,1.0,,0
llm_attribution,all_authors,flash,leave_one_book_out,run,2000,f1,arthur_conan_doyle,20,0,0.0,5.0,1.0,,0
llm_attribution,all_authors,flash,leave_one_book_out,run,2000,f1,mary_shelley,20,12,60.0,5.0,2.108168507158263e-11,,0
llm_attribution,all_authors,flash,leave_one_book_out,run,2000,f1,charlotte_bronte,20,0,0.0,5.0,1.0,,0
llm_attribution,all_authors,flash,leave_one_book_out,run,2000,f1,oscar_wilde,20,10,50.0,5.0,1.1340718060930296e-08,,0
llm_attribution,all_authors,flash,leave_one_book_out,run,2000,f1,joseph_conrad,20,7,35.0,5.0,3.394616530143376e-05,,0
llm_attribution,all_authors,flash,leave_one_book_out,run,2000,f1,mildred_wirt,20,0,0.0,5.0,1.0,,0
llm_attribution,all_authors,flash,leave_one_book_out,run,2000,f1,robert_sidney_bowen,20,2,10.0,5.0,0.2641604750561498,,0
llm_attribution,all_authors,flash,leave_one_book_out,run,2000,f1,luis_senarens,20,0,0.0,5.0,1.0,,0
llm_attribution,all_authors,flash,leave_one_book_out,run,2000,f1,john_c_hutcheson,20,8,40.0,5.0,2.8568853828187453e-06,,0
llm_attribution,all_authors,flash,leave_one_book_out,run,2000,f1,harold_l_goodwin,20,2,10.0,5.0,0.2641604750561498,,0
llm_attribution,all_authors,flash,leave_one_book_out,run,2000,f1,kathleen_thompson_norris,20,7,35.0,5.0,3.394616530143376e-05,,0
llm_attribution,all_authors,flash,leave_one_book_out,run,2000,f1,arthur_scott_bailey,20,0,0.0,5.0,1.0,,0
llm_attribution,all_authors,flash,leave_one_book_out,run,2000,f1,louis_joseph_vance,20,0,0.0,5.0,1.0,,0
llm_attribution,all_authors,flash,leave_one_book_out,run,2000,f1,susan_warner,20,0,0.0,5.0,1.0,,0
llm_attribution,all_authors,flash,leave_one_book_out,run,2000,f1,ethel_m_dell,20,0,0.0,5.0,1.0,,0
llm_attribution,all_authors,flash,pooled_all_books,run,4000,f1,ALL,400,38,9.5,5.0,0.00014120651665644343,oscar_wilde:176; mary_shelley:97; arthur_conan_doyle:35,0
llm_attribution,all_authors,flash,pooled_all_books,run,4000,f1,jane_austen,20,0,0.0,5.0,1.0,,0
llm_attribution,all_authors,flash,pooled_all_books,run,4000,f1,herbert_george_wells,20,0,0.0,5.0,1.0,,0
llm_attribution,all_authors,flash,pooled_all_books,run,4000,f1,agnes_may_fleming,20,0,0.0,5.0,1.0,,0
llm_attribution,all_authors,flash,pooled_all_books,run,4000,f1,charles_dickens,20,1,5.0,5.0,0.6415140775914577,,0
llm_attribution,all_authors,flash,pooled_all_books,run,4000,f1,mark_twain,20,0,0.0,5.0,1.0,,0
llm_attribution,all_authors,flash,pooled_all_books,run,4000,f1,arthur_conan_doyle,20,0,0.0,5.0,1.0,,0
llm_attribution,all_authors,flash,pooled_all_books,run,4000,f1,mary_shelley,20,20,100.0,5.0,9.536743164062511e-27,,0
llm_attribution,all_authors,flash,pooled_all_books,run,4000,f1,charlotte_bronte,20,0,0.0,5.0,1.0,,0
llm_attribution,all_authors,flash,pooled_all_books,run,4000,f1,oscar_wilde,20,10,50.0,5.0,1.1340718060930296e-08,,0
llm_attribution,all_authors,flash,pooled_all_books,run,4000,f1,joseph_conrad,20,0,0.0,5.0,1.0,,0
llm_attribution,all_authors,flash,pooled_all_books,run,4000,f1,mildred_wirt,20,0,0.0,5.0,1.0,,0
llm_attribution,all_authors,flash,pooled_all_books,run,4000,f1,robert_sidney_bowen,20,0,0.0,5.0,1.0,,0
llm_attribution,all_authors,flash,pooled_all_books,run,4000,f1,luis_senarens,20,0,0.0,5.0,1.0,,0
llm_attribution,all_authors,flash,pooled_all_books,run,4000,f1,john_c_hutcheson,20,7,35.0,5.0,3.394616530143376e-05,,0
llm_attribution,all_authors,flash,pooled_all_books,run,4000,f1,harold_l_goodwin,20,0,0.0,5.0,1.0,,0
llm_attribution,all_authors,flash,pooled_all_books,run,4000,f1,kathleen_thompson_norris,20,0,0.0,5.0,1.0,,0
llm_attribution,all_authors,flash,pooled_all_books,run,4000,f1,arthur_scott_bailey,20,0,0.0,5.0,1.0,,0
llm_attribution,all_authors,flash,pooled_all_books,run,4000,f1,louis_joseph_vance,20,0,0.0,5.0,1.0,,0
llm_attribution,all_authors,flash,pooled_all_books,run,4000,f1,susan_warner,20,0,0.0,5.0,1.0,,0
llm_attribution,all_authors,flash,pooled_all_books,run,4000,f1,ethel_m_dell,20,0,0.0,5.0,1.0,,0
llm_attribution,all_authors,flash,leave_one_book_out,run,4000,f1,ALL,400,41,10.25,5.0,1.4169685105959835e-05,oscar_wilde:172; mary_shelley:85; arthur_conan_doyle:35,0
llm_attribution,all_authors,flash,leave_one_book_out,run,4000,f1,jane_austen,20,1,5.0,5.0,0.6415140775914577,,0
llm_attribution,all_authors,flash,leave_one_book_out,run,4000,f1,herbert_george_wells,20,0,0.0,5.0,1.0,,0
llm_attribution,all_authors,flash,leave_one_book_out,run,4000,f1,agnes_may_fleming,20,0,0.0,5.0,1.0,,0
llm_attribution,all_authors,flash,leave_one_book_out,run,4000,f1,charles_dickens,20,2,10.0,5.0,0.2641604750561498,,0
llm_attribution,all_authors,flash,leave_one_book_out,run,4000,f1,mark_twain,20,0,0.0,5.0,1.0,,0
llm_attribution,all_authors,flash,leave_one_book_out,run,4000,f1,arthur_conan_doyle,20,0,0.0,5.0,1.0,,0
llm_attribution,all_authors,flash,leave_one_book_out,run,4000,f1,mary_shelley,20,12,60.0,5.0,2.108168507158263e-11,,0
llm_attribution,all_authors,flash,leave_one_book_out,run,4000,f1,charlotte_bronte,20,0,0.0,5.0,1.0,,0
llm_attribution,all_authors,flash,leave_one_book_out,run,4000,f1,oscar_wilde,20,10,50.0,5.0,1.1340718060930296e-08,,0
llm_attribution,all_authors,flash,leave_one_book_out,run,4000,f1,joseph_conrad,20,5,25.0,5.0,0.0025739403346522792,,0
llm_attribution,all_authors,flash,leave_one_book_out,run,4000,f1,mildred_wirt,20,0,0.0,5.0,1.0,,0
llm_attribution,all_authors,flash,leave_one_book_out,run,4000,f1,robert_sidney_bowen,20,0,0.0,5.0,1.0,,0
llm_attribution,all_authors,flash,leave_one_book_out,run,4000,f1,luis_senarens,20,0,0.0,5.0,1.0,,0
llm_attribution,all_authors,flash,leave_one_book_out,run,4000,f1,john_c_hutcheson,20,6,30.0,5.0,0.0003292943245282763,,0
llm_attribution,all_authors,flash,leave_one_book_out,run,4000,f1,harold_l_goodwin,20,0,0.0,5.0,1.0,,0
llm_attribution,all_authors,flash,leave_one_book_out,run,4000,f1,kathleen_thompson_norris,20,5,25.0,5.0,0.0025739403346522792,,0
llm_attribution,all_authors,flash,leave_one_book_out,run,4000,f1,arthur_scott_bailey,20,0,0.0,5.0,1.0,,0
llm_attribution,all_authors,flash,leave_one_book_out,run,4000,f1,louis_joseph_vance,20,0,0.0,5.0,1.0,,0
llm_attribution,all_authors,flash,leave_one_book_out,run,4000,f1,susan_warner,20,0,0.0,5.0,1.0,,0
llm_attribution,all_authors,flash,leave_one_book_out,run,4000,f1,ethel_m_dell,20,0,0.0,5.0,1.0,,0
llm_attribution,all_authors,flash,pooled_all_books,run,1000,f3,ALL,400,53,13.25,5.0,1.6013995390595023e-10,charles_dickens:110; mary_shelley:96; arthur_conan_doyle:40,0
llm_attribution,all_authors,flash,pooled_all_books,run,1000,f3,jane_austen,20,0,0.0,5.0,1.0,,0
llm_attribution,all_authors,flash,pooled_all_books,run,1000,f3,herbert_george_wells,20,1,5.0,5.0,0.6415140775914577,,0
llm_attribution,all_authors,flash,pooled_all_books,run,1000,f3,agnes_may_fleming,20,0,0.0,5.0,1.0,,0
llm_attribution,all_authors,flash,pooled_all_books,run,1000,f3,charles_dickens,20,1,5.0,5.0,0.6415140775914577,,0
llm_attribution,all_authors,flash,pooled_all_books,run,1000,f3,mark_twain,20,0,0.0,5.0,1.0,,0
llm_attribution,all_authors,flash,pooled_all_books,run,1000,f3,arthur_conan_doyle,20,0,0.0,5.0,1.0,,0
llm_attribution,all_authors,flash,pooled_all_books,run,1000,f3,mary_shelley,20,16,80.0,5.0,6.0967776870727584e-18,,0
llm_attribution,all_authors,flash,pooled_all_books,run,1000,f3,charlotte_bronte,20,0,0.0,5.0,1.0,,0
llm_attribution,all_authors,flash,pooled_all_books,run,1000,f3,oscar_wilde,20,7,35.0,5.0,3.394616530143376e-05,,0
llm_attribution,all_authors,flash,pooled_all_books,run,1000,f3,joseph_conrad,20,6,30.0,5.0,0.0003292943245282763,,0
llm_attribution,all_authors,flash,pooled_all_books,run,1000,f3,mildred_wirt,20,0,0.0,5.0,1.0,,0
llm_attribution,all_authors,flash,pooled_all_books,run,1000,f3,robert_sidney_bowen,20,0,0.0,5.0,1.0,,0
llm_attribution,all_authors,flash,pooled_all_books,run,1000,f3,luis_senarens,20,0,0.0,5.0,1.0,,0
llm_attribution,all_authors,flash,pooled_all_books,run,1000,f3,john_c_hutcheson,20,11,55.0,5.0,5.379600583984645e-10,,0
llm_attribution,all_authors,flash,pooled_all_books,run,1000,f3,harold_l_goodwin,20,4,20.0,5.0,0.015901526019763548,,0
llm_attribution,all_authors,flash,pooled_all_books,run,1000,f3,kathleen_thompson_norris,20,7,35.0,5.0,3.394616530143376e-05,,0
llm_attribution,all_authors,flash,pooled_all_books,run,1000,f3,arthur_scott_bailey,20,0,0.0,5.0,1.0,,0
llm_attribution,all_authors,flash,pooled_all_books,run,1000,f3,louis_joseph_vance,20,0,0.0,5.0,1.0,,0
llm_attribution,all_authors,flash,pooled_all_books,run,1000,f3,susan_warner,20,0,0.0,5.0,1.0,,0
llm_attribution,all_authors,flash,pooled_all_books,run,1000,f3,ethel_m_dell,20,0,0.0,5.0,1.0,,0
llm_attribution,all_authors,flash,leave_one_book_out,run,1000,f3,ALL,400,52,13.0,5.0,4.684160897518586e-10,charles_dickens:112; mary_shelley:94; arthur_conan_doyle:40,0
llm_attribution,all_authors,flash,leave_one_book_out,run,1000,f3,jane_austen,20,0,0.0,5.0,1.0,,0
llm_attribution,all_authors,flash,leave_one_book_out,run,1000,f3,herbert_george_wells,20,1,5.0,5.0,0.6415140775914577,,0
llm_attribution,all_authors,flash,leave_one_book_out,run,1000,f3,agnes_may_fleming,20,0,0.0,5.0,1.0,,0
llm_attribution,all_authors,flash,leave_one_book_out,run,1000,f3,charles_dickens,20,1,5.0,5.0,0.6415140775914577,,0
llm_attribution,all_authors,flash,leave_one_book_out,run,1000,f3,mark_twain,20,0,0.0,5.0,1.0,,0
llm_attribution,all_authors,flash,leave_one_book_out,run,1000,f3,arthur_conan_doyle,20,0,0.0,5.0,1.0,,0
llm_attribution,all_authors,flash,leave_one_book_out,run,1000,f3,mary_shelley,20,16,80.0,5.0,6.0967776870727584e-18,,0
llm_attribution,all_authors,flash,leave_one_book_out,run,1000,f3,charlotte_bronte,20,0,0.0,5.0,1.0,,0
llm_attribution,all_authors,flash,leave_one_book_out,run,1000,f3,oscar_wilde,20,4,20.0,5.0,0.015901526019763548,,0
llm_attribution,all_authors,flash,leave_one_book_out,run,1000,f3,joseph_conrad,20,8,40.0,5.0,2.8568853828187453e-06,,0
llm_attribution,all_authors,flash,leave_one_book_out,run,1000,f3,mildred_wirt,20,0,0.0,5.0,1.0,,0
llm_attribution,all_authors,flash,leave_one_book_out,run,1000,f3,robert_sidney_bowen,20,0,0.0,5.0,1.0,,0
llm_attribution,all_authors,flash,leave_one_book_out,run,1000,f3,luis_senarens,20,0,0.0,5.0,1.0,,0
llm_attribution,all_authors,flash,leave_one_book_out,run,1000,f3,john_c_hutcheson,20,9,45.0,5.0,1.9793381083193461e-07,,0
llm_attribution,all_authors,flash,leave_one_book_out,run,1000,f3,harold_l_goodwin,20,4,20.0,5.0,0.015901526019763548,,0
llm_attribution,all_authors,flash,leave_one_book_out,run,1000,f3,kathleen_thompson_norris,20,9,45.0,5.0,1.9793381083193461e-07,,0
llm_attribution,all_authors,flash,leave_one_book_out,run,1000,f3,arthur_scott_bailey,20,0,0.0,5.0,1.0,,0
llm_attribution,all_authors,flash,leave_one_book_out,run,1000,f3,louis_joseph_vance,20,0,0.0,5.0,1.0,,0
llm_attribution,all_authors,flash,leave_one_book_out,run,1000,f3,susan_warner,20,0,0.0,5.0,1.0,,0
llm_attribution,all_authors,flash,leave_one_book_out,run,1000,f3,ethel_m_dell,20,0,0.0,5.0,1.0,,0
llm_attribution,all_authors,flash,pooled_all_books,run,2000,f3,ALL,400,46,11.5,5.0,1.8500358710493949e-07,charles_dickens:108; mary_shelley:108; herbert_george_wells:46,0
llm_attribution,all_authors,flash,pooled_all_books,run,2000,f3,jane_austen,20,0,0.0,5.0,1.0,,0
llm_attribution,all_authors,flash,pooled_all_books,run,2000,f3,herbert_george_wells,20,2,10.0,5.0,0.2641604750561498,,0
llm_attribution,all_authors,flash,pooled_all_books,run,2000,f3,agnes_may_fleming,20,0,0.0,5.0,1.0,,0
llm_attribution,all_authors,flash,pooled_all_books,run,2000,f3,charles_dickens,20,1,5.0,5.0,0.6415140775914577,,0
llm_attribution,all_authors,flash,pooled_all_books,run,2000,f3,mark_twain,20,0,0.0,5.0,1.0,,0
llm_attribution,all_authors,flash,pooled_all_books,run,2000,f3,arthur_conan_doyle,20,0,0.0,5.0,1.0,,0
llm_attribution,all_authors,flash,pooled_all_books,run,2000,f3,mary_shelley,20,20,100.0,5.0,9.536743164062511e-27,,0
llm_attribution,all_authors,flash,pooled_all_books,run,2000,f3,charlotte_bronte,20,0,0.0,5.0,1.0,,0
llm_attribution,all_authors,flash,pooled_all_books,run,2000,f3,oscar_wilde,20,6,30.0,5.0,0.0003292943245282763,,0
llm_attribution,all_authors,flash,pooled_all_books,run,2000,f3,joseph_conrad,20,2,10.0,5.0,0.2641604750561498,,0
llm_attribution,all_authors,flash,pooled_all_books,run,2000,f3,mildred_wirt,20,0,0.0,5.0,1.0,,0
llm_attribution,all_authors,flash,pooled_all_books,run,2000,f3,robert_sidney_bowen,20,1,5.0,5.0,0.6415140775914577,,0
llm_attribution,all_authors,flash,pooled_all_books,run,2000,f3,luis_senarens,20,0,0.0,5.0,1.0,,0
llm_attribution,all_authors,flash,pooled_all_books,run,2000,f3,john_c_hutcheson,20,10,50.0,5.0,1.1340718060930296e-08,,0
llm_attribution,all_authors,flash,pooled_all_books,run,2000,f3,harold_l_goodwin,20,4,20.0,5.0,0.015901526019763548,,0
llm_attribution,all_authors,flash,pooled_all_books,run,2000,f3,kathleen_thompson_norris,20,0,0.0,5.0,1.0,,0
llm_attribution,all_authors,flash,pooled_all_books,run,2000,f3,arthur_scott_bailey,20,0,0.0,5.0,1.0,,0
llm_attribution,all_authors,flash,pooled_all_books,run,2000,f3,louis_joseph_vance,20,0,0.0,5.0,1.0,,0
llm_attribution,all_authors,flash,pooled_all_books,run,2000,f3,susan_warner,20,0,0.0,5.0,1.0,,0
llm_attribution,all_authors,flash,pooled_all_books,run,2000,f3,ethel_m_dell,20,0,0.0,5.0,1.0,,0
llm_attribution,all_authors,flash,leave_one_book_out,run,2000,f3,ALL,400,54,13.5,5.0,5.3605599115110404e-11,charles_dickens:104; mary_shelley:101; herbert_george_wells:44,0
llm_attribution,all_authors,flash,leave_one_book_out,run,2000,f3,jane_austen,20,0,0.0,5.0,1.0,,0
llm_attribution,all_authors,flash,leave_one_book_out,run,2000,f3,herbert_george_wells,20,0,0.0,5.0,1.0,,0
llm_attribution,all_authors,flash,leave_one_book_out,run,2000,f3,agnes_may_fleming,20,0,0.0,5.0,1.0,,0
llm_attribution,all_authors,flash,leave_one_book_out,run,2000,f3,charles_dickens,20,1,5.0,5.0,0.6415140775914577,,0
llm_attribution,all_authors,flash,leave_one_book_out,run,2000,f3,mark_twain,20,0,0.0,5.0,1.0,,0
llm_attribution,all_authors,flash,leave_one_book_out,run,2000,f3,arthur_conan_doyle,20,0,0.0,5.0,1.0,,0
llm_attribution,all_authors,flash,leave_one_book_out,run,2000,f3,mary_shelley,20,19,95.0,5.0,3.633499145507817e-24,,0
llm_attribution,all_authors,flash,leave_one_book_out,run,2000,f3,charlotte_bronte,20,0,0.0,5.0,1.0,,0
llm_attribution,all_authors,flash,leave_one_book_out,run,2000,f3,oscar_wilde,20,10,50.0,5.0,1.1340718060930296e-08,,0
llm_attribution,all_authors,flash,leave_one_book_out,run,2000,f3,joseph_conrad,20,8,40.0,5.0,2.8568853828187453e-06,,0
llm_attribution,all_authors,flash,leave_one_book_out,run,2000,f3,mildred_wirt,20,0,0.0,5.0,1.0,,0
llm_attribution,all_authors,flash,leave_one_book_out,run,2000,f3,robert_sidney_bowen,20,1,5.0,5.0,0.6415140775914577,,0
llm_attribution,all_authors,flash,leave_one_book_out,run,2000,f3,luis_senarens,20,0,0.0,5.0,1.0,,0
llm_attribution,all_authors,flash,leave_one_book_out,run,2000,f3,john_c_hutcheson,20,4,20.0,5.0,0.015901526019763548,,0
llm_attribution,all_authors,flash,leave_one_book_out,run,2000,f3,harold_l_goodwin,20,4,20.0,5.0,0.015901526019763548,,0
llm_attribution,all_authors,flash,leave_one_book_out,run,2000,f3,kathleen_thompson_norris,20,7,35.0,5.0,3.394616530143376e-05,,0
llm_attribution,all_authors,flash,leave_one_book_out,run,2000,f3,arthur_scott_bailey,20,0,0.0,5.0,1.0,,0
llm_attribution,all_authors,flash,leave_one_book_out,run,2000,f3,louis_joseph_vance,20,0,0.0,5.0,1.0,,0
llm_attribution,all_authors,flash,leave_one_book_out,run,2000,f3,susan_warner,20,0,0.0,5.0,1.0,,0
llm_attribution,all_authors,flash,leave_one_book_out,run,2000,f3,ethel_m_dell,20,0,0.0,5.0,1.0,,0
llm_attribution,all_authors,flash,pooled_all_books,run,4000,f3,ALL,400,38,9.5,5.0,0.00014120651665644343,charles_dickens:104; mary_shelley:99; oscar_wilde:62,0
llm_attribution,all_authors,flash,pooled_all_books,run,4000,f3,jane_austen,20,0,0.0,5.0,1.0,,0
llm_attribution,all_authors,flash,pooled_all_books,run,4000,f3,herbert_george_wells,20,1,5.0,5.0,0.6415140775914577,,0
llm_attribution,all_authors,flash,pooled_all_books,run,4000,f3,agnes_may_fleming,20,0,0.0,5.0,1.0,,0
llm_attribution,all_authors,flash,pooled_all_books,run,4000,f3,charles_dickens,20,4,20.0,5.0,0.015901526019763548,,0
llm_attribution,all_authors,flash,pooled_all_books,run,4000,f3,mark_twain,20,0,0.0,5.0,1.0,,0
llm_attribution,all_authors,flash,pooled_all_books,run,4000,f3,arthur_conan_doyle,20,0,0.0,5.0,1.0,,0
llm_attribution,all_authors,flash,pooled_all_books,run,4000,f3,mary_shelley,20,20,100.0,5.0,9.536743164062511e-27,,0
llm_attribution,all_authors,flash,pooled_all_books,run,4000,f3,charlotte_bronte,20,0,0.0,5.0,1.0,,0
llm_attribution,all_authors,flash,pooled_all_books,run,4000,f3,oscar_wilde,20,7,35.0,5.0,3.394616530143376e-05,,0
llm_attribution,all_authors,flash,pooled_all_books,run,4000,f3,joseph_conrad,20,0,0.0,5.0,1.0,,0
llm_attribution,all_authors,flash,pooled_all_books,run,4000,f3,mildred_wirt,20,0,0.0,5.0,1.0,,0
llm_attribution,all_authors,flash,pooled_all_books,run,4000,f3,robert_sidney_bowen,20,0,0.0,5.0,1.0,,0
llm_attribution,all_authors,flash,pooled_all_books,run,4000,f3,luis_senarens,20,0,0.0,5.0,1.0,,0
llm_attribution,all_authors,flash,pooled_all_books,run,4000,f3,john_c_hutcheson,20,5,25.0,5.0,0.0025739403346522792,,0
llm_attribution,all_authors,flash,pooled_all_books,run,4000,f3,harold_l_goodwin,20,1,5.0,5.0,0.6415140775914577,,0
llm_attribution,all_authors,flash,pooled_all_books,run,4000,f3,kathleen_thompson_norris,20,0,0.0,5.0,1.0,,0
llm_attribution,all_authors,flash,pooled_all_books,run,4000,f3,arthur_scott_bailey,20,0,0.0,5.0,1.0,,0
llm_attribution,all_authors,flash,pooled_all_books,run,4000,f3,louis_joseph_vance,20,0,0.0,5.0,1.0,,0
llm_attribution,all_authors,flash,pooled_all_books,run,4000,f3,susan_warner,20,0,0.0,5.0,1.0,,0
llm_attribution,all_authors,flash,pooled_all_books,run,4000,f3,ethel_m_dell,20,0,0.0,5.0,1.0,,0
llm_attribution,all_authors,flash,leave_one_book_out,run,4000,f3,ALL,400,51,12.75,5.0,1.341129047390128e-09,charles_dickens:95; mary_shelley:90; oscar_wilde:68,0
llm_attribution,all_authors,flash,leave_one_book_out,run,4000,f3,jane_austen,20,0,0.0,5.0,1.0,,0
llm_attribution,all_authors,flash,leave_one_book_out,run,4000,f3,herbert_george_wells,20,0,0.0,5.0,1.0,,0
llm_attribution,all_authors,flash,leave_one_book_out,run,4000,f3,agnes_may_fleming,20,0,0.0,5.0,1.0,,0
llm_attribution,all_authors,flash,leave_one_book_out,run,4000,f3,charles_dickens,20,4,20.0,5.0,0.015901526019763548,,0
llm_attribution,all_authors,flash,leave_one_book_out,run,4000,f3,mark_twain,20,0,0.0,5.0,1.0,,0
llm_attribution,all_authors,flash,leave_one_book_out,run,4000,f3,arthur_conan_doyle,20,0,0.0,5.0,1.0,,0
llm_attribution,all_authors,flash,leave_one_book_out,run,4000,f3,mary_shelley,20,18,90.0,5.0,6.577587127685554e-22,,0
llm_attribution,all_authors,flash,leave_one_book_out,run,4000,f3,charlotte_bronte,20,0,0.0,5.0,1.0,,0
llm_attribution,all_authors,flash,leave_one_book_out,run,4000,f3,oscar_wilde,20,10,50.0,5.0,1.1340718060930296e-08,,0
llm_attribution,all_authors,flash,leave_one_book_out,run,4000,f3,joseph_conrad,20,5,25.0,5.0,0.0025739403346522792,,0
llm_attribution,all_authors,flash,leave_one_book_out,run,4000,f3,mildred_wirt,20,0,0.0,5.0,1.0,,0
llm_attribution,all_authors,flash,leave_one_book_out,run,4000,f3,robert_sidney_bowen,20,0,0.0,5.0,1.0,,0
llm_attribution,all_authors,flash,leave_one_book_out,run,4000,f3,luis_senarens,20,0,0.0,5.0,1.0,,0
llm_attribution,all_authors,flash,leave_one_book_out,run,4000,f3,john_c_hutcheson,20,4,20.0,5.0,0.015901526019763548,,0
llm_attribution,all_authors,flash,leave_one_book_out,run,4000,f3,harold_l_goodwin,20,1,5.0,5.0,0.6415140775914577,,0
llm_attribution,all_authors,flash,leave_one_book_out,run,4000,f3,kathleen_thompson_norris,20,9,45.0,5.0,1.9793381083193461e-07,,0
llm_attribution,all_authors,flash,leave_one_book_out,run,4000,f3,arthur_scott_bailey,20,0,0.0,5.0,1.0,,0
llm_attribution,all_authors,flash,leave_one_book_out,run,4000,f3,louis_joseph_vance,20,0,0.0,5.0,1.0,,0
llm_attribution,all_authors,flash,leave_one_book_out,run,4000,f3,susan_warner,20,0,0.0,5.0,1.0,,0
llm_attribution,all_authors,flash,leave_one_book_out,run,4000,f3,ethel_m_dell,20,0,0.0,5.0,1.0,,0
llm_attribution,all_authors,pro,pooled_all_books,run,1000,f1,ALL,200,37,18.5,5.0,6.2662187516244555e-12,arthur_conan_doyle:38; herbert_george_wells:26; oscar_wilde:26,0
llm_attribution,all_authors,pro,pooled_all_books,run,1000,f1,jane_austen,10,0,0.0,5.0,1.0,,0
llm_attribution,all_authors,pro,pooled_all_books,run,1000,f1,herbert_george_wells,10,0,0.0,5.0,1.0,,0
llm_attribution,all_authors,pro,pooled_all_books,run,1000,f1,agnes_may_fleming,10,2,20.0,5.0,0.08613835589931637,,0
llm_attribution,all_authors,pro,pooled_all_books,run,1000,f1,charles_dickens,10,1,10.0,5.0,0.401263060761621,,0
llm_attribution,all_authors,pro,pooled_all_books,run,1000,f1,mark_twain,10,0,0.0,5.0,1.0,,0
llm_attribution,all_authors,pro,pooled_all_books,run,1000,f1,arthur_conan_doyle,10,5,50.0,5.0,6.36898314453125e-05,,0
llm_attribution,all_authors,pro,pooled_all_books,run,1000,f1,mary_shelley,10,5,50.0,5.0,6.36898314453125e-05,,0
llm_attribution,all_authors,pro,pooled_all_books,run,1000,f1,charlotte_bronte,10,0,0.0,5.0,1.0,,0
llm_attribution,all_authors,pro,pooled_all_books,run,1000,f1,oscar_wilde,10,6,60.0,5.0,2.7545826171875003e-06,,0
llm_attribution,all_authors,pro,pooled_all_books,run,1000,f1,joseph_conrad,10,3,30.0,5.0,0.011503557379296871,,0
llm_attribution,all_authors,pro,pooled_all_books,run,1000,f1,mildred_wirt,10,0,0.0,5.0,1.0,,0
llm_attribution,all_authors,pro,pooled_all_books,run,1000,f1,robert_sidney_bowen,10,2,20.0,5.0,0.08613835589931637,,0
llm_attribution,all_authors,pro,pooled_all_books,run,1000,f1,luis_senarens,10,1,10.0,5.0,0.401263060761621,,0
llm_attribution,all_authors,pro,pooled_all_books,run,1000,f1,john_c_hutcheson,10,0,0.0,5.0,1.0,,0
llm_attribution,all_authors,pro,pooled_all_books,run,1000,f1,harold_l_goodwin,10,10,100.0,5.0,9.765625000000005e-14,,0
llm_attribution,all_authors,pro,pooled_all_books,run,1000,f1,kathleen_thompson_norris,10,0,0.0,5.0,1.0,,0
llm_attribution,all_authors,pro,pooled_all_books,run,1000,f1,arthur_scott_bailey,10,2,20.0,5.0,0.08613835589931637,,0
llm_attribution,all_authors,pro,pooled_all_books,run,1000,f1,louis_joseph_vance,10,0,0.0,5.0,1.0,,0
llm_attribution,all_authors,pro,pooled_all_books,run,1000,f1,susan_warner,10,0,0.0,5.0,1.0,,0
llm_attribution,all_authors,pro,pooled_all_books,run,1000,f1,ethel_m_dell,10,0,0.0,5.0,1.0,,0
llm_attribution,all_authors,pro,leave_one_book_out,run,1000,f1,ALL,200,36,18.0,5.0,2.7116711874700385e-11,arthur_conan_doyle:39; herbert_george_wells:29; joseph_conrad:22,0
llm_attribution,all_authors,pro,leave_one_book_out,run,1000,f1,jane_austen,10,0,0.0,5.0,1.0,,0
llm_attribution,all_authors,pro,leave_one_book_out,run,1000,f1,herbert_george_wells,10,0,0.0,5.0,1.0,,0
llm_attribution,all_authors,pro,leave_one_book_out,run,1000,f1,agnes_may_fleming,10,2,20.0,5.0,0.08613835589931637,,0
llm_attribution,all_authors,pro,leave_one_book_out,run,1000,f1,charles_dickens,10,2,20.0,5.0,0.08613835589931637,,0
llm_attribution,all_authors,pro,leave_one_book_out,run,1000,f1,mark_twain,10,0,0.0,5.0,1.0,,0
llm_attribution,all_authors,pro,leave_one_book_out,run,1000,f1,arthur_conan_doyle,10,4,40.0,5.0,0.001028497937890625,,0
llm_attribution,all_authors,pro,leave_one_book_out,run,1000,f1,mary_shelley,10,6,60.0,5.0,2.7545826171875003e-06,,0
llm_attribution,all_authors,pro,leave_one_book_out,run,1000,f1,charlotte_bronte,10,0,0.0,5.0,1.0,,0
llm_attribution,all_authors,pro,leave_one_book_out,run,1000,f1,oscar_wilde,10,0,0.0,5.0,1.0,,0
llm_attribution,all_authors,pro,leave_one_book_out,run,1000,f1,joseph_conrad,10,3,30.0,5.0,0.011503557379296871,,0
llm_attribution,all_authors,pro,leave_one_book_out,run,1000,f1,mildred_wirt,10,0,0.0,5.0,1.0,,0
llm_attribution,all_authors,pro,leave_one_book_out,run,1000,f1,robert_sidney_bowen,10,2,20.0,5.0,0.08613835589931637,,0
llm_attribution,all_authors,pro,leave_one_book_out,run,1000,f1,luis_senarens,10,1,10.0,5.0,0.401263060761621,,0
llm_attribution,all_authors,pro,leave_one_book_out,run,1000,f1,john_c_hutcheson,10,0,0.0,5.0,1.0,,0
llm_attribution,all_authors,pro,leave_one_book_out,run,1000,f1,harold_l_goodwin,10,10,100.0,5.0,9.765625000000005e-14,,0
llm_attribution,all_authors,pro,leave_one_book_out,run,1000,f1,kathleen_thompson_norris,10,0,0.0,5.0,1.0,,0
llm_attribution,all_authors,pro,leave_one_book_out,run,1000,f1,arthur_scott_bailey,10,6,60.0,5.0,2.7545826171875003e-06,,0
llm_attribution,all_authors,pro,leave_one_book_out,run,1000,f1,louis_joseph_vance,10,0,0.0,5.0,1.0,,0
llm_attribution,all_authors,pro,leave_one_book_out,run,1000,f1,susan_warner,10,0,0.0,5.0,1.0,,0
llm_attribution,all_authors,pro,leave_one_book_out,run,1000,f1,ethel_m_dell,10,0,0.0,5.0,1.0,,0
llm_attribution,all_authors,pro,pooled_all_books,run,2000,f1,ALL,200,35,17.5,5.0,1.1355148336672425e-10,arthur_conan_doyle:39; oscar_wilde:36; herbert_george_wells:33,0
llm_attribution,all_authors,pro,pooled_all_books,run,2000,f1,jane_austen,10,0,0.0,5.0,1.0,,0
llm_attribution,all_authors,pro,pooled_all_books,run,2000,f1,herbert_george_wells,10,0,0.0,5.0,1.0,,0
llm_attribution,all_authors,pro,pooled_all_books,run,2000,f1,agnes_may_fleming,10,1,10.0,5.0,0.401263060761621,,0
llm_attribution,all_authors,pro,pooled_all_books,run,2000,f1,charles_dickens,10,2,20.0,5.0,0.08613835589931637,,0
llm_attribution,all_authors,pro,pooled_all_books,run,2000,f1,mark_twain,10,0,0.0,5.0,1.0,,0
llm_attribution,all_authors,pro,pooled_all_books,run,2000,f1,arthur_conan_doyle,10,5,50.0,5.0,6.36898314453125e-05,,0
llm_attribution,all_authors,pro,pooled_all_books,run,2000,f1,mary_shelley,10,1,10.0,5.0,0.401263060761621,,0
llm_attribution,all_authors,pro,pooled_all_books,run,2000,f1,charlotte_bronte,10,0,0.0,5.0,1.0,,0
llm_attribution,all_authors,pro,pooled_all_books,run,2000,f1,oscar_wilde,10,6,60.0,5.0,2.7545826171875003e-06,,0
llm_attribution,all_authors,pro,pooled_all_books,run,2000,f1,joseph_conrad,10,4,40.0,5.0,0.001028497937890625,,0
llm_attribution,all_authors,pro,pooled_all_books,run,2000,f1,mildred_wirt,10,0,0.0,5.0,1.0,,0
llm_attribution,all_authors,pro,pooled_all_books,run,2000,f1,robert_sidney_bowen,10,1,10.0,5.0,0.401263060761621,,0
llm_attribution,all_authors,pro,pooled_all_books,run,2000,f1,luis_senarens,10,1,10.0,5.0,0.401263060761621,,0
llm_attribution,all_authors,pro,pooled_all_books,run,2000,f1,john_c_hutcheson,10,0,0.0,5.0,1.0,,0
llm_attribution,all_authors,pro,pooled_all_books,run,2000,f1,harold_l_goodwin,10,10,100.0,5.0,9.765625000000005e-14,,0
llm_attribution,all_authors,pro,pooled_all_books,run,2000,f1,kathleen_thompson_norris,10,0,0.0,5.0,1.0,,0
llm_attribution,all_authors,pro,pooled_all_books,run,2000,f1,arthur_scott_bailey,10,4,40.0,5.0,0.001028497937890625,,0
llm_attribution,all_authors,pro,pooled_all_books,run,2000,f1,louis_joseph_vance,10,0,0.0,5.0,1.0,,0
llm_attribution,all_authors,pro,pooled_all_books,run,2000,f1,susan_warner,10,0,0.0,5.0,1.0,,0
llm_attribution,all_authors,pro,pooled_all_books,run,2000,f1,ethel_m_dell,10,0,0.0,5.0,1.0,,0
llm_attribution,all_authors,pro,leave_one_book_out,run,2000,f1,ALL,200,27,13.5,5.0,3.0062617630434263e-06,herbert_george_wells:39; arthur_conan_doyle:38; oscar_wilde:30,0
llm_attribution,all_authors,pro,leave_one_book_out,run,2000,f1,jane_austen,10,0,0.0,5.0,1.0,,0
llm_attribution,all_authors,pro,leave_one_book_out,run,2000,f1,herbert_george_wells,10,0,0.0,5.0,1.0,,0
llm_attribution,all_authors,pro,leave_one_book_out,run,2000,f1,agnes_may_fleming,10,1,10.0,5.0,0.401263060761621,,0
llm_attribution,all_authors,pro,leave_one_book_out,run,2000,f1,charles_dickens,10,2,20.0,5.0,0.08613835589931637,,0
llm_attribution,all_authors,pro,leave_one_book_out,run,2000,f1,mark_twain,10,0,0.0,5.0,1.0,,0
llm_attribution,all_authors,pro,leave_one_book_out,run,2000,f1,arthur_conan_doyle,10,4,40.0,5.0,0.001028497937890625,,0
llm_attribution,all_authors,pro,leave_one_book_out,run,2000,f1,mary_shelley,10,0,0.0,5.0,1.0,,0
llm_attribution,all_authors,pro,leave_one_book_out,run,2000,f1,charlotte_bronte,10,0,0.0,5.0,1.0,,0
llm_attribution,all_authors,pro,leave_one_book_out,run,2000,f1,oscar_wilde,10,0,0.0,5.0,1.0,,0
llm_attribution,all_authors,pro,leave_one_book_out,run,2000,f1,joseph_conrad,10,4,40.0,5.0,0.001028497937890625,,0
llm_attribution,all_authors,pro,leave_one_book_out,run,2000,f1,mildred_wirt,10,0,0.0,5.0,1.0,,0
llm_attribution,all_authors,pro,leave_one_book_out,run,2000,f1,robert_sidney_bowen,10,1,10.0,5.0,0.401263060761621,,0
llm_attribution,all_authors,pro,leave_one_book_out,run,2000,f1,luis_senarens,10,0,0.0,5.0,1.0,,0
llm_attribution,all_authors,pro,leave_one_book_out,run,2000,f1,john_c_hutcheson,10,0,0.0,5.0,1.0,,0
llm_attribution,all_authors,pro,leave_one_book_out,run,2000,f1,harold_l_goodwin,10,10,100.0,5.0,9.765625000000005e-14,,0
llm_attribution,all_authors,pro,leave_one_book_out,run,2000,f1,kathleen_thompson_norris,10,0,0.0,5.0,1.0,,0
llm_attribution,all_authors,pro,leave_one_book_out,run,2000,f1,arthur_scott_bailey,10,5,50.0,5.0,6.36898314453125e-05,,0
llm_attribution,all_authors,pro,leave_one_book_out,run,2000,f1,louis_joseph_vance,10,0,0.0,5.0,1.0,,0
llm_attribution,all_authors,pro,leave_one_book_out,run,2000,f1,susan_warner,10,0,0.0,5.0,1.0,,0
llm_attribution,all_authors,pro,leave_one_book_out,run,2000,f1,ethel_m_dell,10,0,0.0,5.0,1.0,,0
llm_attribution,all_authors,pro,pooled_all_books,run,4000,f1,ALL,200,30,15.0,5.0,8.709270943980001e-08,oscar_wilde:41; herbert_george_wells:35; arthur_conan_doyle:35,0
llm_attribution,all_authors,pro,pooled_all_books,run,4000,f1,jane_austen,10,0,0.0,5.0,1.0,,0
llm_attribution,all_authors,pro,pooled_all_books,run,4000,f1,herbert_george_wells,10,0,0.0,5.0,1.0,,0
llm_attribution,all_authors,pro,pooled_all_books,run,4000,f1,agnes_may_fleming,10,0,0.0,5.0,1.0,,0
llm_attribution,all_authors,pro,pooled_all_books,run,4000,f1,charles_dickens,10,4,40.0,5.0,0.001028497937890625,,0
llm_attribution,all_authors,pro,pooled_all_books,run,4000,f1,mark_twain,10,0,0.0,5.0,1.0,,0
llm_attribution,all_authors,pro,pooled_all_books,run,4000,f1,arthur_conan_doyle,10,5,50.0,5.0,6.36898314453125e-05,,0
llm_attribution,all_authors,pro,pooled_all_books,run,4000,f1,mary_shelley,10,0,0.0,5.0,1.0,,0
llm_attribution,all_authors,pro,pooled_all_books,run,4000,f1,charlotte_bronte,10,0,0.0,5.0,1.0,,0
llm_attribution,all_authors,pro,pooled_all_books,run,4000,f1,oscar_wilde,10,5,50.0,5.0,6.36898314453125e-05,,0
llm_attribution,all_authors,pro,pooled_all_books,run,4000,f1,joseph_conrad,10,5,50.0,5.0,6.36898314453125e-05,,0
llm_attribution,all_authors,pro,pooled_all_books,run,4000,f1,mildred_wirt,10,0,0.0,5.0,1.0,,0
llm_attribution,all_authors,pro,pooled_all_books,run,4000,f1,robert_sidney_bowen,10,0,0.0,5.0,1.0,,0
llm_attribution,all_authors,pro,pooled_all_books,run,4000,f1,luis_senarens,10,0,0.0,5.0,1.0,,0
llm_attribution,all_authors,pro,pooled_all_books,run,4000,f1,john_c_hutcheson,10,0,0.0,5.0,1.0,,0
llm_attribution,all_authors,pro,pooled_all_books,run,4000,f1,harold_l_goodwin,10,10,100.0,5.0,9.765625000000005e-14,,0
llm_attribution,all_authors,pro,pooled_all_books,run,4000,f1,kathleen_thompson_norris,10,0,0.0,5.0,1.0,,0
llm_attribution,all_authors,pro,pooled_all_books,run,4000,f1,arthur_scott_bailey,10,1,10.0,5.0,0.401263060761621,,0
llm_attribution,all_authors,pro,pooled_all_books,run,4000,f1,louis_joseph_vance,10,0,0.0,5.0,1.0,,0
llm_attribution,all_authors,pro,pooled_all_books,run,4000,f1,susan_warner,10,0,0.0,5.0,1.0,,0
llm_attribution,all_authors,pro,pooled_all_books,run,4000,f1,ethel_m_dell,10,0,0.0,5.0,1.0,,0
llm_attribution,all_authors,pro,leave_one_book_out,run,4000,f1,ALL,200,27,13.5,5.0,3.0062617630434263e-06,herbert_george_wells:40; oscar_wilde:35; arthur_conan_doyle:35,0
llm_attribution,all_authors,pro,leave_one_book_out,run,4000,f1,jane_austen,10,0,0.0,5.0,1.0,,0
llm_attribution,all_authors,pro,leave_one_book_out,run,4000,f1,herbert_george_wells,10,0,0.0,5.0,1.0,,0
llm_attribution,all_authors,pro,leave_one_book_out,run,4000,f1,agnes_may_fleming,10,0,0.0,5.0,1.0,,0
llm_attribution,all_authors,pro,leave_one_book_out,run,4000,f1,charles_dickens,10,2,20.0,5.0,0.08613835589931637,,0
llm_attribution,all_authors,pro,leave_one_book_out,run,4000,f1,mark_twain,10,0,0.0,5.0,1.0,,0
llm_attribution,all_authors,pro,leave_one_book_out,run,4000,f1,arthur_conan_doyle,10,5,50.0,5.0,6.36898314453125e-05,,0
llm_attribution,all_authors,pro,leave_one_book_out,run,4000,f1,mary_shelley,10,0,0.0,5.0,1.0,,0
llm_attribution,all_authors,pro,leave_one_book_out,run,4000,f1,charlotte_bronte,10,0,0.0,5.0,1.0,,0
llm_attribution,all_authors,pro,leave_one_book_out,run,4000,f1,oscar_wilde,10,0,0.0,5.0,1.0,,0
llm_attribution,all_authors,pro,leave_one_book_out,run,4000,f1,joseph_conrad,10,5,50.0,5.0,6.36898314453125e-05,,0
llm_attribution,all_authors,pro,leave_one_book_out,run,4000,f1,mildred_wirt,10,0,0.0,5.0,1.0,,0
llm_attribution,all_authors,pro,leave_one_book_out,run,4000,f1,robert_sidney_bowen,10,0,0.0,5.0,1.0,,0
llm_attribution,all_authors,pro,leave_one_book_out,run,4000,f1,luis_senarens,10,0,0.0,5.0,1.0,,0
llm_attribution,all_authors,pro,leave_one_book_out,run,4000,f1,john_c_hutcheson,10,0,0.0,5.0,1.0,,0
llm_attribution,all_authors,pro,leave_one_book_out,run,4000,f1,harold_l_goodwin,10,10,100.0,5.0,9.765625000000005e-14,,0
llm_attribution,all_authors,pro,leave_one_book_out,run,4000,f1,kathleen_thompson_norris,10,0,0.0,5.0,1.0,,0
llm_attribution,all_authors,pro,leave_one_book_out,run,4000,f1,arthur_scott_bailey,10,5,50.0,5.0,6.36898314453125e-05,,0
llm_attribution,all_authors,pro,leave_one_book_out,run,4000,f1,louis_joseph_vance,10,0,0.0,5.0,1.0,,0
llm_attribution,all_authors,pro,leave_one_book_out,run,4000,f1,susan_warner,10,0,0.0,5.0,1.0,,0
llm_attribution,all_authors,pro,leave_one_book_out,run,4000,f1,ethel_m_dell,10,0,0.0,5.0,1.0,,0
llm_attribution,all_authors,pro,pooled_all_books,run,1000,f3,ALL,200,52,26.0,5.0,5.0219858018002405e-23,herbert_george_wells:37; arthur_conan_doyle:30; ethel_m_dell:26,0
llm_attribution,all_authors,pro,pooled_all_books,run,1000,f3,jane_austen,10,0,0.0,5.0,1.0,,0
llm_attribution,all_authors,pro,pooled_all_books,run,1000,f3,herbert_george_wells,10,1,10.0,5.0,0.401263060761621,,0
llm_attribution,all_authors,pro,pooled_all_books,run,1000,f3,agnes_may_fleming,10,4,40.0,5.0,0.001028497937890625,,0
llm_attribution,all_authors,pro,pooled_all_books,run,1000,f3,charles_dickens,10,5,50.0,5.0,6.36898314453125e-05,,0
llm_attribution,all_authors,pro,pooled_all_books,run,1000,f3,mark_twain,10,0,0.0,5.0,1.0,,0
llm_attribution,all_authors,pro,pooled_all_books,run,1000,f3,arthur_conan_doyle,10,5,50.0,5.0,6.36898314453125e-05,,0
llm_attribution,all_authors,pro,pooled_all_books,run,1000,f3,mary_shelley,10,7,70.0,5.0,8.198398437500002e-08,,0
llm_attribution,all_authors,pro,pooled_all_books,run,1000,f3,charlotte_bronte,10,0,0.0,5.0,1.0,,0
llm_attribution,all_authors,pro,pooled_all_books,run,1000,f3,oscar_wilde,10,6,60.0,5.0,2.7545826171875003e-06,,0
llm_attribution,all_authors,pro,pooled_all_books,run,1000,f3,joseph_conrad,10,4,40.0,5.0,0.001028497937890625,,0
llm_attribution,all_authors,pro,pooled_all_books,run,1000,f3,mildred_wirt,10,1,10.0,5.0,0.401263060761621,,0
llm_attribution,all_authors,pro,pooled_all_books,run,1000,f3,robert_sidney_bowen,10,3,30.0,5.0,0.011503557379296871,,0
llm_attribution,all_authors,pro,pooled_all_books,run,1000,f3,luis_senarens,10,4,40.0,5.0,0.001028497937890625,,0
llm_attribution,all_authors,pro,pooled_all_books,run,1000,f3,john_c_hutcheson,10,0,0.0,5.0,1.0,,0
llm_attribution,all_authors,pro,pooled_all_books,run,1000,f3,harold_l_goodwin,10,10,100.0,5.0,9.765625000000005e-14,,0
llm_attribution,all_authors,pro,pooled_all_books,run,1000,f3,kathleen_thompson_norris,10,0,0.0,5.0,1.0,,0
llm_attribution,all_authors,pro,pooled_all_books,run,1000,f3,arthur_scott_bailey,10,1,10.0,5.0,0.401263060761621,,0
llm_attribution,all_authors,pro,pooled_all_books,run,1000,f3,louis_joseph_vance,10,1,10.0,5.0,0.401263060761621,,0
llm_attribution,all_authors,pro,pooled_all_books,run,1000,f3,susan_warner,10,0,0.0,5.0,1.0,,0
llm_attribution,all_authors,pro,pooled_all_books,run,1000,f3,ethel_m_dell,10,0,0.0,5.0,1.0,,0
llm_attribution,all_authors,pro,leave_one_book_out,run,1000,f3,ALL,200,38,19.0,5.0,1.4020923331543472e-12,herbert_george_wells:44; arthur_conan_doyle:29; ethel_m_dell:28,0
llm_attribution,all_authors,pro,leave_one_book_out,run,1000,f3,jane_austen,10,0,0.0,5.0,1.0,,0
llm_attribution,all_authors,pro,leave_one_book_out,run,1000,f3,herbert_george_wells,10,1,10.0,5.0,0.401263060761621,,0
llm_attribution,all_authors,pro,leave_one_book_out,run,1000,f3,agnes_may_fleming,10,3,30.0,5.0,0.011503557379296871,,0
llm_attribution,all_authors,pro,leave_one_book_out,run,1000,f3,charles_dickens,10,3,30.0,5.0,0.011503557379296871,,0
llm_attribution,all_authors,pro,leave_one_book_out,run,1000,f3,mark_twain,10,0,0.0,5.0,1.0,,0
llm_attribution,all_authors,pro,leave_one_book_out,run,1000,f3,arthur_conan_doyle,10,4,40.0,5.0,0.001028497937890625,,0
llm_attribution,all_authors,pro,leave_one_book_out,run,1000,f3,mary_shelley,10,8,80.0,5.0,1.6050781250000006e-09,,0
llm_attribution,all_authors,pro,leave_one_book_out,run,1000,f3,charlotte_bronte,10,0,0.0,5.0,1.0,,0
llm_attribution,all_authors,pro,leave_one_book_out,run,1000,f3,oscar_wilde,10,0,0.0,5.0,1.0,,0
llm_attribution,all_authors,pro,leave_one_book_out,run,1000,f3,joseph_conrad,10,3,30.0,5.0,0.011503557379296871,,0
llm_attribution,all_authors,pro,leave_one_book_out,run,1000,f3,mildred_wirt,10,1,10.0,5.0,0.401263060761621,,0
llm_attribution,all_authors,pro,leave_one_book_out,run,1000,f3,robert_sidney_bowen,10,2,20.0,5.0,0.08613835589931637,,0
llm_attribution,all_authors,pro,leave_one_book_out,run,1000,f3,luis_senarens,10,1,10.0,5.0,0.401263060761621,,0
llm_attribution,all_authors,pro,leave_one_book_out,run,1000,f3,john_c_hutcheson,10,0,0.0,5.0,1.0,,0
llm_attribution,all_authors,pro,leave_one_book_out,run,1000,f3,harold_l_goodwin,10,10,100.0,5.0,9.765625000000005e-14,,0
llm_attribution,all_authors,pro,leave_one_book_out,run,1000,f3,kathleen_thompson_norris,10,0,0.0,5.0,1.0,,0
llm_attribution,all_authors,pro,leave_one_book_out,run,1000,f3,arthur_scott_bailey,10,1,10.0,5.0,0.401263060761621,,0
llm_attribution,all_authors,pro,leave_one_book_out,run,1000,f3,louis_joseph_vance,10,1,10.0,5.0,0.401263060761621,,0
llm_attribution,all_authors,pro,leave_one_book_out,run,1000,f3,susan_warner,10,0,0.0,5.0,1.0,,0
llm_attribution,all_authors,pro,leave_one_book_out,run,1000,f3,ethel_m_dell,10,0,0.0,5.0,1.0,,0
llm_attribution,all_authors,pro,pooled_all_books,run,2000,f3,ALL,200,38,19.0,5.0,1.4020923331543472e-12,arthur_conan_doyle:42; herbert_george_wells:39; ethel_m_dell:24,0
llm_attribution,all_authors,pro,pooled_all_books,run,2000,f3,jane_austen,10,0,0.0,5.0,1.0,,0
llm_attribution,all_authors,pro,pooled_all_books,run,2000,f3,herbert_george_wells,10,0,0.0,5.0,1.0,,0
llm_attribution,all_authors,pro,pooled_all_books,run,2000,f3,agnes_may_fleming,10,1,10.0,5.0,0.401263060761621,,0
llm_attribution,all_authors,pro,pooled_all_books,run,2000,f3,charles_dickens,10,4,40.0,5.0,0.001028497937890625,,0
llm_attribution,all_authors,pro,pooled_all_books,run,2000,f3,mark_twain,10,0,0.0,5.0,1.0,,0
llm_attribution,all_authors,pro,pooled_all_books,run,2000,f3,arthur_conan_doyle,10,6,60.0,5.0,2.7545826171875003e-06,,0
llm_attribution,all_authors,pro,pooled_all_books,run,2000,f3,mary_shelley,10,4,40.0,5.0,0.001028497937890625,,0
llm_attribution,all_authors,pro,pooled_all_books,run,2000,f3,charlotte_bronte,10,0,0.0,5.0,1.0,,0
llm_attribution,all_authors,pro,pooled_all_books,run,2000,f3,oscar_wilde,10,6,60.0,5.0,2.7545826171875003e-06,,0
llm_attribution,all_authors,pro,pooled_all_books,run,2000,f3,joseph_conrad,10,4,40.0,5.0,0.001028497937890625,,0
llm_attribution,all_authors,pro,pooled_all_books,run,2000,f3,mildred_wirt,10,1,10.0,5.0,0.401263060761621,,0
llm_attribution,all_authors,pro,pooled_all_books,run,2000,f3,robert_sidney_bowen,10,1,10.0,5.0,0.401263060761621,,0
llm_attribution,all_authors,pro,pooled_all_books,run,2000,f3,luis_senarens,10,1,10.0,5.0,0.401263060761621,,0
llm_attribution,all_authors,pro,pooled_all_books,run,2000,f3,john_c_hutcheson,10,0,0.0,5.0,1.0,,0
llm_attribution,all_authors,pro,pooled_all_books,run,2000,f3,harold_l_goodwin,10,9,90.0,5.0,1.8652343750000012e-11,,0
llm_attribution,all_authors,pro,pooled_all_books,run,2000,f3,kathleen_thompson_norris,10,0,0.0,5.0,1.0,,0
llm_attribution,all_authors,pro,pooled_all_books,run,2000,f3,arthur_scott_bailey,10,1,10.0,5.0,0.401263060761621,,0
llm_attribution,all_authors,pro,pooled_all_books,run,2000,f3,louis_joseph_vance,10,0,0.0,5.0,1.0,,0
llm_attribution,all_authors,pro,pooled_all_books,run,2000,f3,susan_warner,10,0,0.0,5.0,1.0,,0
llm_attribution,all_authors,pro,pooled_all_books,run,2000,f3,ethel_m_dell,10,0,0.0,5.0,1.0,,0
llm_attribution,all_authors,pro,leave_one_book_out,run,2000,f3,ALL,200,32,16.0,5.0,6.798157206698961e-09,herbert_george_wells:44; arthur_conan_doyle:42; ethel_m_dell:24,0
llm_attribution,all_authors,pro,leave_one_book_out,run,2000,f3,jane_austen,10,0,0.0,5.0,1.0,,0
llm_attribution,all_authors,pro,leave_one_book_out,run,2000,f3,herbert_george_wells,10,0,0.0,5.0,1.0,,0
llm_attribution,all_authors,pro,leave_one_book_out,run,2000,f3,agnes_may_fleming,10,2,20.0,5.0,0.08613835589931637,,0
llm_attribution,all_authors,pro,leave_one_book_out,run,2000,f3,charles_dickens,10,4,40.0,5.0,0.001028497937890625,,0
llm_attribution,all_authors,pro,leave_one_book_out,run,2000,f3,mark_twain,10,0,0.0,5.0,1.0,,0
llm_attribution,all_authors,pro,leave_one_book_out,run,2000,f3,arthur_conan_doyle,10,6,60.0,5.0,2.7545826171875003e-06,,0
llm_attribution,all_authors,pro,leave_one_book_out,run,2000,f3,mary_shelley,10,2,20.0,5.0,0.08613835589931637,,0
llm_attribution,all_authors,pro,leave_one_book_out,run,2000,f3,charlotte_bronte,10,0,0.0,5.0,1.0,,0
llm_attribution,all_authors,pro,leave_one_book_out,run,2000,f3,oscar_wilde,10,0,0.0,5.0,1.0,,0
llm_attribution,all_authors,pro,leave_one_book_out,run,2000,f3,joseph_conrad,10,5,50.0,5.0,6.36898314453125e-05,,0
llm_attribution,all_authors,pro,leave_one_book_out,run,2000,f3,mildred_wirt,10,1,10.0,5.0,0.401263060761621,,0
llm_attribution,all_authors,pro,leave_one_book_out,run,2000,f3,robert_sidney_bowen,10,1,10.0,5.0,0.401263060761621,,0
llm_attribution,all_authors,pro,leave_one_book_out,run,2000,f3,luis_senarens,10,0,0.0,5.0,1.0,,0
llm_attribution,all_authors,pro,leave_one_book_out,run,2000,f3,john_c_hutcheson,10,0,0.0,5.0,1.0,,0
llm_attribution,all_authors,pro,leave_one_book_out,run,2000,f3,harold_l_goodwin,10,10,100.0,5.0,9.765625000000005e-14,,0
llm_attribution,all_authors,pro,leave_one_book_out,run,2000,f3,kathleen_thompson_norris,10,0,0.0,5.0,1.0,,0
llm_attribution,all_authors,pro,leave_one_book_out,run,2000,f3,arthur_scott_bailey,10,1,10.0,5.0,0.401263060761621,,0
llm_attribution,all_authors,pro,leave_one_book_out,run,2000,f3,louis_joseph_vance,10,0,0.0,5.0,1.0,,0
llm_attribution,all_authors,pro,leave_one_book_out,run,2000,f3,susan_warner,10,0,0.0,5.0,1.0,,0
llm_attribution,all_authors,pro,leave_one_book_out,run,2000,f3,ethel_m_dell,10,0,0.0,5.0,1.0,,0
llm_attribution,all_authors,pro,pooled_all_books,run,4000,f3,ALL,200,33,16.5,5.0,1.7992353096889607e-09,herbert_george_wells:59; arthur_conan_doyle:33; harold_l_goodwin:29,0
llm_attribution,all_authors,pro,pooled_all_books,run,4000,f3,jane_austen,10,0,0.0,5.0,1.0,,0
llm_attribution,all_authors,pro,pooled_all_books,run,4000,f3,herbert_george_wells,10,0,0.0,5.0,1.0,,0
llm_attribution,all_authors,pro,pooled_all_books,run,4000,f3,agnes_may_fleming,10,0,0.0,5.0,1.0,,0
llm_attribution,all_authors,pro,pooled_all_books,run,4000,f3,charles_dickens,10,4,40.0,5.0,0.001028497937890625,,0
llm_attribution,all_authors,pro,pooled_all_books,run,4000,f3,mark_twain,10,0,0.0,5.0,1.0,,0
llm_attribution,all_authors,pro,pooled_all_books,run,4000,f3,arthur_conan_doyle,10,6,60.0,5.0,2.7545826171875003e-06,,0
llm_attribution,all_authors,pro,pooled_all_books,run,4000,f3,mary_shelley,10,1,10.0,5.0,0.401263060761621,,0
llm_attribution,all_authors,pro,pooled_all_books,run,4000,f3,charlotte_bronte,10,0,0.0,5.0,1.0,,0
llm_attribution,all_authors,pro,pooled_all_books,run,4000,f3,oscar_wilde,10,8,80.0,5.0,1.6050781250000006e-09,,0
llm_attribution,all_authors,pro,pooled_all_books,run,4000,f3,joseph_conrad,10,4,40.0,5.0,0.001028497937890625,,0
llm_attribution,all_authors,pro,pooled_all_books,run,4000,f3,mildred_wirt,10,0,0.0,5.0,1.0,,0
llm_attribution,all_authors,pro,pooled_all_books,run,4000,f3,robert_sidney_bowen,10,0,0.0,5.0,1.0,,0
llm_attribution,all_authors,pro,pooled_all_books,run,4000,f3,luis_senarens,10,0,0.0,5.0,1.0,,0
llm_attribution,all_authors,pro,pooled_all_books,run,4000,f3,john_c_hutcheson,10,0,0.0,5.0,1.0,,0
llm_attribution,all_authors,pro,pooled_all_books,run,4000,f3,harold_l_goodwin,10,10,100.0,5.0,9.765625000000005e-14,,0
llm_attribution,all_authors,pro,pooled_all_books,run,4000,f3,kathleen_thompson_norris,10,0,0.0,5.0,1.0,,0
llm_attribution,all_authors,pro,pooled_all_books,run,4000,f3,arthur_scott_bailey,10,0,0.0,5.0,1.0,,0
llm_attribution,all_authors,pro,pooled_all_books,run,4000,f3,louis_joseph_vance,10,0,0.0,5.0,1.0,,0
llm_attribution,all_authors,pro,pooled_all_books,run,4000,f3,susan_warner,10,0,0.0,5.0,1.0,,0
llm_attribution,all_authors,pro,pooled_all_books,run,4000,f3,ethel_m_dell,10,0,0.0,5.0,1.0,,0
llm_attribution,all_authors,pro,leave_one_book_out,run,4000,f3,ALL,200,28,14.0,5.0,9.60160959810271e-07,herbert_george_wells:65; arthur_conan_doyle:33; harold_l_goodwin:28,0
llm_attribution,all_authors,pro,leave_one_book_out,run,4000,f3,jane_austen,10,0,0.0,5.0,1.0,,0
llm_attribution,all_authors,pro,leave_one_book_out,run,4000,f3,herbert_george_wells,10,0,0.0,5.0,1.0,,0
llm_attribution,all_authors,pro,leave_one_book_out,run,4000,f3,agnes_may_fleming,10,1,10.0,5.0,0.401263060761621,,0
llm_attribution,all_authors,pro,leave_one_book_out,run,4000,f3,charles_dickens,10,4,40.0,5.0,0.001028497937890625,,0
llm_attribution,all_authors,pro,leave_one_book_out,run,4000,f3,mark_twain,10,0,0.0,5.0,1.0,,0
llm_attribution,all_authors,pro,leave_one_book_out,run,4000,f3,arthur_conan_doyle,10,6,60.0,5.0,2.7545826171875003e-06,,0
llm_attribution,all_authors,pro,leave_one_book_out,run,4000,f3,mary_shelley,10,1,10.0,5.0,0.401263060761621,,0
llm_attribution,all_authors,pro,leave_one_book_out,run,4000,f3,charlotte_bronte,10,0,0.0,5.0,1.0,,0
llm_attribution,all_authors,pro,leave_one_book_out,run,4000,f3,oscar_wilde,10,0,0.0,5.0,1.0,,0
llm_attribution,all_authors,pro,leave_one_book_out,run,4000,f3,joseph_conrad,10,5,50.0,5.0,6.36898314453125e-05,,0
llm_attribution,all_authors,pro,leave_one_book_out,run,4000,f3,mildred_wirt,10,0,0.0,5.0,1.0,,0
llm_attribution,all_authors,pro,leave_one_book_out,run,4000,f3,robert_sidney_bowen,10,0,0.0,5.0,1.0,,0
llm_attribution,all_authors,pro,leave_one_book_out,run,4000,f3,luis_senarens,10,0,0.0,5.0,1.0,,0
llm_attribution,all_authors,pro,leave_one_book_out,run,4000,f3,john_c_hutcheson,10,0,0.0,5.0,1.0,,0
llm_attribution,all_authors,pro,leave_one_book_out,run,4000,f3,harold_l_goodwin,10,10,100.0,5.0,9.765625000000005e-14,,0
llm_attribution,all_authors,pro,leave_one_book_out,run,4000,f3,kathleen_thompson_norris,10,0,0.0,5.0,1.0,,0
llm_attribution,all_authors,pro,leave_one_book_out,run,4000,f3,arthur_scott_bailey,10,1,10.0,5.0,0.401263060761621,,0
llm_attribution,all_authors,pro,leave_one_book_out,run,4000,f3,louis_joseph_vance,10,0,0.0,5.0,1.0,,0
llm_attribution,all_authors,pro,leave_one_book_out,run,4000,f3,susan_warner,10,0,0.0,5.0,1.0,,0
llm_attribution,all_authors,pro,leave_one_book_out,run,4000,f3,ethel_m_dell,10,0,0.0,5.0,1.0,,0
llm_attribution,margin_gt_1,flash,pooled_all_books,run,1000,f1,ALL,260,45,17.307692307692307,7.6923076923076925,2.8038502832538347e-07,jane_austen:78; arthur_conan_doyle:76; kathleen_thompson_norris:51,0
llm_attribution,margin_gt_1,flash,pooled_all_books,run,1000,f1,arthur_conan_doyle,20,3,15.0,7.6923076923076925,0.1959051601336727,,0
llm_attribution,margin_gt_1,flash,pooled_all_books,run,1000,f1,arthur_scott_bailey,20,0,0.0,7.6923076923076925,1.0,,0
llm_attribution,margin_gt_1,flash,pooled_all_books,run,1000,f1,ethel_m_dell,20,0,0.0,7.6923076923076925,1.0,,0
llm_attribution,margin_gt_1,flash,pooled_all_books,run,1000,f1,harold_l_goodwin,20,1,5.0,7.6923076923076925,0.7982758589882385,,0
llm_attribution,margin_gt_1,flash,pooled_all_books,run,1000,f1,jane_austen,20,11,55.0,7.6923076923076925,4.860303297387387e-08,,0
llm_attribution,margin_gt_1,flash,pooled_all_books,run,1000,f1,john_c_hutcheson,20,18,90.0,7.6923076923076925,1.4523047939970699e-18,,0
llm_attribution,margin_gt_1,flash,pooled_all_books,run,1000,f1,kathleen_thompson_norris,20,9,45.0,7.6923076923076925,7.217008724196004e-06,,0
llm_attribution,margin_gt_1,flash,pooled_all_books,run,1000,f1,louis_joseph_vance,20,0,0.0,7.6923076923076925,1.0,,0
llm_attribution,margin_gt_1,flash,pooled_all_books,run,1000,f1,luis_senarens,20,0,0.0,7.6923076923076925,1.0,,0
llm_attribution,margin_gt_1,flash,pooled_all_books,run,1000,f1,mark_twain,20,0,0.0,7.6923076923076925,1.0,,0
llm_attribution,margin_gt_1,flash,pooled_all_books,run,1000,f1,mildred_wirt,20,0,0.0,7.6923076923076925,1.0,,0
llm_attribution,margin_gt_1,flash,pooled_all_books,run,1000,f1,robert_sidney_bowen,20,3,15.0,7.6923076923076925,0.1959051601336727,,0
llm_attribution,margin_gt_1,flash,pooled_all_books,run,1000,f1,susan_warner,20,0,0.0,7.6923076923076925,1.0,,0
llm_attribution,margin_gt_1,flash,leave_one_book_out,run,1000,f1,ALL,260,43,16.53846153846154,7.6923076923076925,1.7639589875372098e-06,jane_austen:84; arthur_conan_doyle:75; kathleen_thompson_norris:54,0
llm_attribution,margin_gt_1,flash,leave_one_book_out,run,1000,f1,arthur_conan_doyle,20,2,10.0,7.6923076923076925,0.4620689573019694,,0
llm_attribution,margin_gt_1,flash,leave_one_book_out,run,1000,f1,arthur_scott_bailey,20,0,0.0,7.6923076923076925,1.0,,0
llm_attribution,margin_gt_1,flash,leave_one_book_out,run,1000,f1,ethel_m_dell,20,0,0.0,7.6923076923076925,1.0,,0
llm_attribution,margin_gt_1,flash,leave_one_book_out,run,1000,f1,harold_l_goodwin,20,1,5.0,7.6923076923076925,0.7982758589882385,,0
llm_attribution,margin_gt_1,flash,leave_one_book_out,run,1000,f1,jane_austen,20,13,65.0,7.6923076923076925,1.524537949711075e-10,,0
llm_attribution,margin_gt_1,flash,leave_one_book_out,run,1000,f1,john_c_hutcheson,20,13,65.0,7.6923076923076925,1.524537949711075e-10,,0
llm_attribution,margin_gt_1,flash,leave_one_book_out,run,1000,f1,kathleen_thompson_norris,20,11,55.0,7.6923076923076925,4.860303297387387e-08,,0
llm_attribution,margin_gt_1,flash,leave_one_book_out,run,1000,f1,louis_joseph_vance,20,0,0.0,7.6923076923076925,1.0,,0
llm_attribution,margin_gt_1,flash,leave_one_book_out,run,1000,f1,luis_senarens,20,0,0.0,7.6923076923076925,1.0,,0
llm_attribution,margin_gt_1,flash,leave_one_book_out,run,1000,f1,mark_twain,20,0,0.0,7.6923076923076925,1.0,,0
llm_attribution,margin_gt_1,flash,leave_one_book_out,run,1000,f1,mildred_wirt,20,0,0.0,7.6923076923076925,1.0,,0
llm_attribution,margin_gt_1,flash,leave_one_book_out,run,1000,f1,robert_sidney_bowen,20,3,15.0,7.6923076923076925,0.1959051601336727,,0
llm_attribution,margin_gt_1,flash,leave_one_book_out,run,1000,f1,susan_warner,20,0,0.0,7.6923076923076925,1.0,,0
llm_attribution,margin_gt_1,flash,pooled_all_books,run,2000,f1,ALL,260,43,16.53846153846154,7.6923076923076925,1.7639589875372098e-06,arthur_conan_doyle:90; jane_austen:84; kathleen_thompson_norris:47,0
llm_attribution,margin_gt_1,flash,pooled_all_books,run,2000,f1,arthur_conan_doyle,20,5,25.0,7.6923076923076925,0.01569008913430514,,0
llm_attribution,margin_gt_1,flash,pooled_all_books,run,2000,f1,arthur_scott_bailey,20,0,0.0,7.6923076923076925,1.0,,0
llm_attribution,margin_gt_1,flash,pooled_all_books,run,2000,f1,ethel_m_dell,20,0,0.0,7.6923076923076925,1.0,,0
llm_attribution,margin_gt_1,flash,pooled_all_books,run,2000,f1,harold_l_goodwin,20,2,10.0,7.6923076923076925,0.4620689573019694,,0
llm_attribution,margin_gt_1,flash,pooled_all_books,run,2000,f1,jane_austen,20,13,65.0,7.6923076923076925,1.524537949711075e-10,,0
llm_attribution,margin_gt_1,flash,pooled_all_books,run,2000,f1,john_c_hutcheson,20,15,75.0,7.6923076923076925,2.083852837559457e-13,,0
llm_attribution,margin_gt_1,flash,pooled_all_books,run,2000,f1,kathleen_thompson_norris,20,5,25.0,7.6923076923076925,0.01569008913430514,,0
llm_attribution,margin_gt_1,flash,pooled_all_books,run,2000,f1,louis_joseph_vance,20,0,0.0,7.6923076923076925,1.0,,0
llm_attribution,margin_gt_1,flash,pooled_all_books,run,2000,f1,luis_senarens,20,0,0.0,7.6923076923076925,1.0,,0
llm_attribution,margin_gt_1,flash,pooled_all_books,run,2000,f1,mark_twain,20,0,0.0,7.6923076923076925,1.0,,0
llm_attribution,margin_gt_1,flash,pooled_all_books,run,2000,f1,mildred_wirt,20,0,0.0,7.6923076923076925,1.0,,0
llm_attribution,margin_gt_1,flash,pooled_all_books,run,2000,f1,robert_sidney_bowen,20,3,15.0,7.6923076923076925,0.1959051601336727,,0
llm_attribution,margin_gt_1,flash,pooled_all_books,run,2000,f1,susan_warner,20,0,0.0,7.6923076923076925,1.0,,0
llm_attribution,margin_gt_1,flash,leave_one_book_out,run,2000,f1,ALL,260,43,16.53846153846154,7.6923076923076925,1.7639589875372098e-06,jane_austen:89; arthur_conan_doyle:88; kathleen_thompson_norris:52,0
llm_attribution,margin_gt_1,flash,leave_one_book_out,run,2000,f1,arthur_conan_doyle,20,3,15.0,7.6923076923076925,0.1959051601336727,,0
llm_attribution,margin_gt_1,flash,leave_one_book_out,run,2000,f1,arthur_scott_bailey,20,0,0.0,7.6923076923076925,1.0,,0
llm_attribution,margin_gt_1,flash,leave_one_book_out,run,2000,f1,ethel_m_dell,20,0,0.0,7.6923076923076925,1.0,,0
llm_attribution,margin_gt_1,flash,leave_one_book_out,run,2000,f1,harold_l_goodwin,20,2,10.0,7.6923076923076925,0.4620689573019694,,0
llm_attribution,margin_gt_1,flash,leave_one_book_out,run,2000,f1,jane_austen,20,16,80.0,7.6923076923076925,5.391404172810257e-15,,0
llm_attribution,margin_gt_1,flash,leave_one_book_out,run,2000,f1,john_c_hutcheson,20,11,55.0,7.6923076923076925,4.860303297387387e-08,,0
llm_attribution,margin_gt_1,flash,leave_one_book_out,run,2000,f1,kathleen_thompson_norris,20,9,45.0,7.6923076923076925,7.217008724196004e-06,,0
llm_attribution,margin_gt_1,flash,leave_one_book_out,run,2000,f1,louis_joseph_vance,20,0,0.0,7.6923076923076925,1.0,,0
llm_attribution,margin_gt_1,flash,leave_one_book_out,run,2000,f1,luis_senarens,20,0,0.0,7.6923076923076925,1.0,,0
llm_attribution,margin_gt_1,flash,leave_one_book_out,run,2000,f1,mark_twain,20,0,0.0,7.6923076923076925,1.0,,0
llm_attribution,margin_gt_1,flash,leave_one_book_out,run,2000,f1,mildred_wirt,20,0,0.0,7.6923076923076925,1.0,,0
llm_attribution,margin_gt_1,flash,leave_one_book_out,run,2000,f1,robert_sidney_bowen,20,2,10.0,7.6923076923076925,0.4620689573019694,,0
llm_attribution,margin_gt_1,flash,leave_one_book_out,run,2000,f1,susan_warner,20,0,0.0,7.6923076923076925,1.0,,0
llm_attribution,margin_gt_1,flash,pooled_all_books,run,4000,f1,ALL,260,40,15.384615384615385,7.6923076923076925,2.278903379810422e-05,arthur_conan_doyle:100; jane_austen:88; kathleen_thompson_norris:41,0
llm_attribution,margin_gt_1,flash,pooled_all_books,run,4000,f1,arthur_conan_doyle,20,4,20.0,7.6923076923076925,0.06282326154952435,,0
llm_attribution,margin_gt_1,flash,pooled_all_books,run,4000,f1,arthur_scott_bailey,20,0,0.0,7.6923076923076925,1.0,,0
llm_attribution,margin_gt_1,flash,pooled_all_books,run,4000,f1,ethel_m_dell,20,0,0.0,7.6923076923076925,1.0,,0
llm_attribution,margin_gt_1,flash,pooled_all_books,run,4000,f1,harold_l_goodwin,20,1,5.0,7.6923076923076925,0.7982758589882385,,0
llm_attribution,margin_gt_1,flash,pooled_all_books,run,4000,f1,jane_austen,20,16,80.0,7.6923076923076925,5.391404172810257e-15,,0
llm_attribution,margin_gt_1,flash,pooled_all_books,run,4000,f1,john_c_hutcheson,20,14,70.0,7.6923076923076925,6.298201671250009e-12,,0
llm_attribution,margin_gt_1,flash,pooled_all_books,run,4000,f1,kathleen_thompson_norris,20,4,20.0,7.6923076923076925,0.06282326154952435,,0
llm_attribution,margin_gt_1,flash,pooled_all_books,run,4000,f1,louis_joseph_vance,20,0,0.0,7.6923076923076925,1.0,,0
llm_attribution,margin_gt_1,flash,pooled_all_books,run,4000,f1,luis_senarens,20,0,0.0,7.6923076923076925,1.0,,0
llm_attribution,margin_gt_1,flash,pooled_all_books,run,4000,f1,mark_twain,20,0,0.0,7.6923076923076925,1.0,,0
llm_attribution,margin_gt_1,flash,pooled_all_books,run,4000,f1,mildred_wirt,20,0,0.0,7.6923076923076925,1.0,,0
llm_attribution,margin_gt_1,flash,pooled_all_books,run,4000,f1,robert_sidney_bowen,20,1,5.0,7.6923076923076925,0.7982758589882385,,0
llm_attribution,margin_gt_1,flash,pooled_all_books,run,4000,f1,susan_warner,20,0,0.0,7.6923076923076925,1.0,,0
llm_attribution,margin_gt_1,flash,leave_one_book_out,run,4000,f1,ALL,260,37,14.23076923076923,7.6923076923076925,0.00022918202444456646,arthur_conan_doyle:96; jane_austen:93; kathleen_thompson_norris:49,0
llm_attribution,margin_gt_1,flash,leave_one_book_out,run,4000,f1,arthur_conan_doyle,20,2,10.0,7.6923076923076925,0.4620689573019694,,0
llm_attribution,margin_gt_1,flash,leave_one_book_out,run,4000,f1,arthur_scott_bailey,20,0,0.0,7.6923076923076925,1.0,,0
llm_attribution,margin_gt_1,flash,leave_one_book_out,run,4000,f1,ethel_m_dell,20,0,0.0,7.6923076923076925,1.0,,0
llm_attribution,margin_gt_1,flash,leave_one_book_out,run,4000,f1,harold_l_goodwin,20,1,5.0,7.6923076923076925,0.7982758589882385,,0
llm_attribution,margin_gt_1,flash,leave_one_book_out,run,4000,f1,jane_austen,20,15,75.0,7.6923076923076925,2.083852837559457e-13,,0
llm_attribution,margin_gt_1,flash,leave_one_book_out,run,4000,f1,john_c_hutcheson,20,8,40.0,7.6923076923076925,6.631531518617998e-05,,0
llm_attribution,margin_gt_1,flash,leave_one_book_out,run,4000,f1,kathleen_thompson_norris,20,10,50.0,7.6923076923076925,6.505302284200069e-07,,0
llm_attribution,margin_gt_1,flash,leave_one_book_out,run,4000,f1,louis_joseph_vance,20,0,0.0,7.6923076923076925,1.0,,0
llm_attribution,margin_gt_1,flash,leave_one_book_out,run,4000,f1,luis_senarens,20,0,0.0,7.6923076923076925,1.0,,0
llm_attribution,margin_gt_1,flash,leave_one_book_out,run,4000,f1,mark_twain,20,0,0.0,7.6923076923076925,1.0,,0
llm_attribution,margin_gt_1,flash,leave_one_book_out,run,4000,f1,mildred_wirt,20,0,0.0,7.6923076923076925,1.0,,0
llm_attribution,margin_gt_1,flash,leave_one_book_out,run,4000,f1,robert_sidney_bowen,20,1,5.0,7.6923076923076925,0.7982758589882385,,0
llm_attribution,margin_gt_1,flash,leave_one_book_out,run,4000,f1,susan_warner,20,0,0.0,7.6923076923076925,1.0,,0
llm_attribution,margin_gt_1,flash,pooled_all_books,run,1000,f3,ALL,260,45,17.307692307692307,7.6923076923076925,2.8038502832538347e-07,kathleen_thompson_norris:88; jane_austen:62; arthur_conan_doyle:62,0
llm_attribution,margin_gt_1,flash,pooled_all_books,run,1000,f3,arthur_conan_doyle,20,1,5.0,7.6923076923076925,0.7982758589882385,,0
llm_attribution,margin_gt_1,flash,pooled_all_books,run,1000,f3,arthur_scott_bailey,20,0,0.0,7.6923076923076925,1.0,,0
llm_attribution,margin_gt_1,flash,pooled_all_books,run,1000,f3,ethel_m_dell,20,0,0.0,7.6923076923076925,1.0,,0
llm_attribution,margin_gt_1,flash,pooled_all_books,run,1000,f3,harold_l_goodwin,20,4,20.0,7.6923076923076925,0.06282326154952435,,0
llm_attribution,margin_gt_1,flash,pooled_all_books,run,1000,f3,jane_austen,20,7,35.0,7.6923076923076925,0.0005027335782900617,,0
llm_attribution,margin_gt_1,flash,pooled_all_books,run,1000,f3,john_c_hutcheson,20,16,80.0,7.6923076923076925,5.391404172810257e-15,,0
llm_attribution,margin_gt_1,flash,pooled_all_books,run,1000,f3,kathleen_thompson_norris,20,16,80.0,7.6923076923076925,5.391404172810257e-15,,0
llm_attribution,margin_gt_1,flash,pooled_all_books,run,1000,f3,louis_joseph_vance,20,0,0.0,7.6923076923076925,1.0,,0
llm_attribution,margin_gt_1,flash,pooled_all_books,run,1000,f3,luis_senarens,20,0,0.0,7.6923076923076925,1.0,,0
llm_attribution,margin_gt_1,flash,pooled_all_books,run,1000,f3,mark_twain,20,0,0.0,7.6923076923076925,1.0,,0
llm_attribution,margin_gt_1,flash,pooled_all_books,run,1000,f3,mildred_wirt,20,0,0.0,7.6923076923076925,1.0,,0
llm_attribution,margin_gt_1,flash,pooled_all_books,run,1000,f3,robert_sidney_bowen,20,1,5.0,7.6923076923076925,0.7982758589882385,,0
llm_attribution,margin_gt_1,flash,pooled_all_books,run,1000,f3,susan_warner,20,0,0.0,7.6923076923076925,1.0,,0
llm_attribution,margin_gt_1,flash,leave_one_book_out,run,1000,f3,ALL,260,44,16.923076923076923,7.6923076923076925,7.125132822166166e-07,kathleen_thompson_norris:87; jane_austen:65; arthur_conan_doyle:61,0
llm_attribution,margin_gt_1,flash,leave_one_book_out,run,1000,f3,arthur_conan_doyle,20,0,0.0,7.6923076923076925,1.0,,0
llm_attribution,margin_gt_1,flash,leave_one_book_out,run,1000,f3,arthur_scott_bailey,20,0,0.0,7.6923076923076925,1.0,,0
llm_attribution,margin_gt_1,flash,leave_one_book_out,run,1000,f3,ethel_m_dell,20,0,0.0,7.6923076923076925,1.0,,0
llm_attribution,margin_gt_1,flash,leave_one_book_out,run,1000,f3,harold_l_goodwin,20,4,20.0,7.6923076923076925,0.06282326154952435,,0
llm_attribution,margin_gt_1,flash,leave_one_book_out,run,1000,f3,jane_austen,20,9,45.0,7.6923076923076925,7.217008724196004e-06,,0
llm_attribution,margin_gt_1,flash,leave_one_book_out,run,1000,f3,john_c_hutcheson,20,15,75.0,7.6923076923076925,2.083852837559457e-13,,0
llm_attribution,margin_gt_1,flash,leave_one_book_out,run,1000,f3,kathleen_thompson_norris,20,16,80.0,7.6923076923076925,5.391404172810257e-15,,0
llm_attribution,margin_gt_1,flash,leave_one_book_out,run,1000,f3,louis_joseph_vance,20,0,0.0,7.6923076923076925,1.0,,0
llm_attribution,margin_gt_1,flash,leave_one_book_out,run,1000,f3,luis_senarens,20,0,0.0,7.6923076923076925,1.0,,0
llm_attribution,margin_gt_1,flash,leave_one_book_out,run,1000,f3,mark_twain,20,0,0.0,7.6923076923076925,1.0,,0
llm_attribution,margin_gt_1,flash,leave_one_book_out,run,1000,f3,mildred_wirt,20,0,0.0,7.6923076923076925,1.0,,0
llm_attribution,margin_gt_1,flash,leave_one_book_out,run,1000,f3,robert_sidney_bowen,20,0,0.0,7.6923076923076925,1.0,,0
llm_attribution,margin_gt_1,flash,leave_one_book_out,run,1000,f3,susan_warner,20,0,0.0,7.6923076923076925,1.0,,0
llm_attribution,margin_gt_1,flash,pooled_all_books,run,2000,f3,ALL,260,42,16.153846153846153,7.6923076923076925,4.252702033158454e-06,kathleen_thompson_norris:81; arthur_conan_doyle:78; jane_austen:61,0
llm_attribution,margin_gt_1,flash,pooled_all_books,run,2000,f3,arthur_conan_doyle,20,3,15.0,7.6923076923076925,0.1959051601336727,,0
llm_attribution,margin_gt_1,flash,pooled_all_books,run,2000,f3,arthur_scott_bailey,20,0,0.0,7.6923076923076925,1.0,,0
llm_attribution,margin_gt_1,flash,pooled_all_books,run,2000,f3,ethel_m_dell,20,0,0.0,7.6923076923076925,1.0,,0
llm_attribution,margin_gt_1,flash,pooled_all_books,run,2000,f3,harold_l_goodwin,20,4,20.0,7.6923076923076925,0.06282326154952435,,0
llm_attribution,margin_gt_1,flash,pooled_all_books,run,2000,f3,jane_austen,20,9,45.0,7.6923076923076925,7.217008724196004e-06,,0
llm_attribution,margin_gt_1,flash,pooled_all_books,run,2000,f3,john_c_hutcheson,20,13,65.0,7.6923076923076925,1.524537949711075e-10,,0
llm_attribution,margin_gt_1,flash,pooled_all_books,run,2000,f3,kathleen_thompson_norris,20,11,55.0,7.6923076923076925,4.860303297387387e-08,,0
llm_attribution,margin_gt_1,flash,pooled_all_books,run,2000,f3,louis_joseph_vance,20,0,0.0,7.6923076923076925,1.0,,0
llm_attribution,margin_gt_1,flash,pooled_all_books,run,2000,f3,luis_senarens,20,0,0.0,7.6923076923076925,1.0,,0
llm_attribution,margin_gt_1,flash,pooled_all_books,run,2000,f3,mark_twain,20,0,0.0,7.6923076923076925,1.0,,0
llm_attribution,margin_gt_1,flash,pooled_all_books,run,2000,f3,mildred_wirt,20,0,0.0,7.6923076923076925,1.0,,0
llm_attribution,margin_gt_1,flash,pooled_all_books,run,2000,f3,robert_sidney_bowen,20,2,10.0,7.6923076923076925,0.4620689573019694,,0
llm_attribution,margin_gt_1,flash,pooled_all_books,run,2000,f3,susan_warner,20,0,0.0,7.6923076923076925,1.0,,0
llm_attribution,margin_gt_1,flash,leave_one_book_out,run,2000,f3,ALL,260,44,16.923076923076923,7.6923076923076925,7.125132822166166e-07,kathleen_thompson_norris:85; arthur_conan_doyle:77; jane_austen:60,0
llm_attribution,margin_gt_1,flash,leave_one_book_out,run,2000,f3,arthur_conan_doyle,20,2,10.0,7.6923076923076925,0.4620689573019694,,0
llm_attribution,margin_gt_1,flash,leave_one_book_out,run,2000,f3,arthur_scott_bailey,20,0,0.0,7.6923076923076925,1.0,,0
llm_attribution,margin_gt_1,flash,leave_one_book_out,run,2000,f3,ethel_m_dell,20,0,0.0,7.6923076923076925,1.0,,0
llm_attribution,margin_gt_1,flash,leave_one_book_out,run,2000,f3,harold_l_goodwin,20,4,20.0,7.6923076923076925,0.06282326154952435,,0
llm_attribution,margin_gt_1,flash,leave_one_book_out,run,2000,f3,jane_austen,20,10,50.0,7.6923076923076925,6.505302284200069e-07,,0
llm_attribution,margin_gt_1,flash,leave_one_book_out,run,2000,f3,john_c_hutcheson,20,13,65.0,7.6923076923076925,1.524537949711075e-10,,0
llm_attribution,margin_gt_1,flash,leave_one_book_out,run,2000,f3,kathleen_thompson_norris,20,14,70.0,7.6923076923076925,6.298201671250009e-12,,0
llm_attribution,margin_gt_1,flash,leave_one_book_out,run,2000,f3,louis_joseph_vance,20,0,0.0,7.6923076923076925,1.0,,0
llm_attribution,margin_gt_1,flash,leave_one_book_out,run,2000,f3,luis_senarens,20,0,0.0,7.6923076923076925,1.0,,0
llm_attribution,margin_gt_1,flash,leave_one_book_out,run,2000,f3,mark_twain,20,0,0.0,7.6923076923076925,1.0,,0
llm_attribution,margin_gt_1,flash,leave_one_book_out,run,2000,f3,mildred_wirt,20,0,0.0,7.6923076923076925,1.0,,0
llm_attribution,margin_gt_1,flash,leave_one_book_out,run,2000,f3,robert_sidney_bowen,20,1,5.0,7.6923076923076925,0.7982758589882385,,0
llm_attribution,margin_gt_1,flash,leave_one_book_out,run,2000,f3,susan_warner,20,0,0.0,7.6923076923076925,1.0,,0
llm_attribution,margin_gt_1,flash,pooled_all_books,run,4000,f3,ALL,260,41,15.76923076923077,7.6923076923076925,9.980220275136082e-06,arthur_conan_doyle:95; kathleen_thompson_norris:82; jane_austen:59,0
llm_attribution,margin_gt_1,flash,pooled_all_books,run,4000,f3,arthur_conan_doyle,20,2,10.0,7.6923076923076925,0.4620689573019694,,0
llm_attribution,margin_gt_1,flash,pooled_all_books,run,4000,f3,arthur_scott_bailey,20,0,0.0,7.6923076923076925,1.0,,0
llm_attribution,margin_gt_1,flash,pooled_all_books,run,4000,f3,ethel_m_dell,20,0,0.0,7.6923076923076925,1.0,,0
llm_attribution,margin_gt_1,flash,pooled_all_books,run,4000,f3,harold_l_goodwin,20,1,5.0,7.6923076923076925,0.7982758589882385,,0
llm_attribution,margin_gt_1,flash,pooled_all_books,run,4000,f3,jane_austen,20,12,60.0,7.6923076923076925,3.0024878643183287e-09,,0
llm_attribution,margin_gt_1,flash,pooled_all_books,run,4000,f3,john_c_hutcheson,20,14,70.0,7.6923076923076925,6.298201671250009e-12,,0
llm_attribution,margin_gt_1,flash,pooled_all_books,run,4000,f3,kathleen_thompson_norris,20,12,60.0,7.6923076923076925,3.0024878643183287e-09,,0
llm_attribution,margin_gt_1,flash,pooled_all_books,run,4000,f3,louis_joseph_vance,20,0,0.0,7.6923076923076925,1.0,,0
llm_attribution,margin_gt_1,flash,pooled_all_books,run,4000,f3,luis_senarens,20,0,0.0,7.6923076923076925,1.0,,0
llm_attribution,margin_gt_1,flash,pooled_all_books,run,4000,f3,mark_twain,20,0,0.0,7.6923076923076925,1.0,,0
llm_attribution,margin_gt_1,flash,pooled_all_books,run,4000,f3,mildred_wirt,20,0,0.0,7.6923076923076925,1.0,,0
llm_attribution,margin_gt_1,flash,pooled_all_books,run,4000,f3,robert_sidney_bowen,20,0,0.0,7.6923076923076925,1.0,,0
llm_attribution,margin_gt_1,flash,pooled_all_books,run,4000,f3,susan_warner,20,0,0.0,7.6923076923076925,1.0,,0
llm_attribution,margin_gt_1,flash,leave_one_book_out,run,4000,f3,ALL,260,40,15.384615384615385,7.6923076923076925,2.278903379810422e-05,arthur_conan_doyle:94; kathleen_thompson_norris:89; jane_austen:59,0
llm_attribution,margin_gt_1,flash,leave_one_book_out,run,4000,f3,arthur_conan_doyle,20,2,10.0,7.6923076923076925,0.4620689573019694,,0
llm_attribution,margin_gt_1,flash,leave_one_book_out,run,4000,f3,arthur_scott_bailey,20,0,0.0,7.6923076923076925,1.0,,0
llm_attribution,margin_gt_1,flash,leave_one_book_out,run,4000,f3,ethel_m_dell,20,0,0.0,7.6923076923076925,1.0,,0
llm_attribution,margin_gt_1,flash,leave_one_book_out,run,4000,f3,harold_l_goodwin,20,1,5.0,7.6923076923076925,0.7982758589882385,,0
llm_attribution,margin_gt_1,flash,leave_one_book_out,run,4000,f3,jane_austen,20,11,55.0,7.6923076923076925,4.860303297387387e-08,,0
llm_attribution,margin_gt_1,flash,leave_one_book_out,run,4000,f3,john_c_hutcheson,20,10,50.0,7.6923076923076925,6.505302284200069e-07,,0
llm_attribution,margin_gt_1,flash,leave_one_book_out,run,4000,f3,kathleen_thompson_norris,20,16,80.0,7.6923076923076925,5.391404172810257e-15,,0
llm_attribution,margin_gt_1,flash,leave_one_book_out,run,4000,f3,louis_joseph_vance,20,0,0.0,7.6923076923076925,1.0,,0
llm_attribution,margin_gt_1,flash,leave_one_book_out,run,4000,f3,luis_senarens,20,0,0.0,7.6923076923076925,1.0,,0
llm_attribution,margin_gt_1,flash,leave_one_book_out,run,4000,f3,mark_twain,20,0,0.0,7.6923076923076925,1.0,,0
llm_attribution,margin_gt_1,flash,leave_one_book_out,run,4000,f3,mildred_wirt,20,0,0.0,7.6923076923076925,1.0,,0
llm_attribution,margin_gt_1,flash,leave_one_book_out,run,4000,f3,robert_sidney_bowen,20,0,0.0,7.6923076923076925,1.0,,0
llm_attribution,margin_gt_1,flash,leave_one_book_out,run,4000,f3,susan_warner,20,0,0.0,7.6923076923076925,1.0,,0
llm_attribution,margin_gt_1,pro,pooled_all_books,run,1000,f1,ALL,130,25,19.23076923076923,7.6923076923076925,1.8237317037308077e-05,arthur_conan_doyle:53; robert_sidney_bowen:19; harold_l_goodwin:19,0
llm_attribution,margin_gt_1,pro,pooled_all_books,run,1000,f1,arthur_conan_doyle,10,8,80.0,7.6923076923076925,4.788243300405644e-08,,0
llm_attribution,margin_gt_1,pro,pooled_all_books,run,1000,f1,arthur_scott_bailey,10,2,20.0,7.6923076923076925,0.1765819702399174,,0
llm_attribution,margin_gt_1,pro,pooled_all_books,run,1000,f1,ethel_m_dell,10,0,0.0,7.6923076923076925,1.0,,0
llm_attribution,margin_gt_1,pro,pooled_all_books,run,1000,f1,harold_l_goodwin,10,10,100.0,7.6923076923076925,7.2538150286405764e-12,,0
llm_attribution,margin_gt_1,pro,pooled_all_books,run,1000,f1,jane_austen,10,0,0.0,7.6923076923076925,1.0,,0
llm_attribution,margin_gt_1,pro,pooled_all_books,run,1000,f1,john_c_hutcheson,10,0,0.0,7.6923076923076925,1.0,,0
llm_attribution,margin_gt_1,pro,pooled_all_books,run,1000,f1,kathleen_thompson_norris,10,0,0.0,7.6923076923076925,1.0,,0
llm_attribution,margin_gt_1,pro,pooled_all_books,run,1000,f1,louis_joseph_vance,10,2,20.0,7.6923076923076925,0.1765819702399174,,0
llm_attribution,margin_gt_1,pro,pooled_all_books,run,1000,f1,luis_senarens,10,1,10.0,7.6923076923076925,0.5508628928581367,,0
llm_attribution,margin_gt_1,pro,pooled_all_books,run,1000,f1,mark_twain,10,0,0.0,7.6923076923076925,1.0,,0
llm_attribution,margin_gt_1,pro,pooled_all_books,run,1000,f1,mildred_wirt,10,0,0.0,7.6923076923076925,1.0,,0
llm_attribution,margin_gt_1,pro,pooled_all_books,run,1000,f1,robert_sidney_bowen,10,2,20.0,7.6923076923076925,0.1765819702399174,,0
llm_attribution,margin_gt_1,pro,pooled_all_books,run,1000,f1,susan_warner,10,0,0.0,7.6923076923076925,1.0,,0
llm_attribution,margin_gt_1,pro,leave_one_book_out,run,1000,f1,ALL,130,28,21.53846153846154,7.6923076923076925,5.690488822059535e-07,arthur_conan_doyle:52; harold_l_goodwin:19; robert_sidney_bowen:16,0
llm_attribution,margin_gt_1,pro,leave_one_book_out,run,1000,f1,arthur_conan_doyle,10,7,70.0,7.6923076923076925,1.5520335173429662e-06,,0
llm_attribution,margin_gt_1,pro,leave_one_book_out,run,1000,f1,arthur_scott_bailey,10,6,60.0,7.6923076923076925,3.313920628846008e-05,,0
llm_attribution,margin_gt_1,pro,leave_one_book_out,run,1000,f1,ethel_m_dell,10,0,0.0,7.6923076923076925,1.0,,0
llm_attribution,margin_gt_1,pro,leave_one_book_out,run,1000,f1,harold_l_goodwin,10,10,100.0,7.6923076923076925,7.2538150286405764e-12,,0
llm_attribution,margin_gt_1,pro,leave_one_book_out,run,1000,f1,jane_austen,10,0,0.0,7.6923076923076925,1.0,,0
llm_attribution,margin_gt_1,pro,leave_one_book_out,run,1000,f1,john_c_hutcheson,10,0,0.0,7.6923076923076925,1.0,,0
llm_attribution,margin_gt_1,pro,leave_one_book_out,run,1000,f1,kathleen_thompson_norris,10,0,0.0,7.6923076923076925,1.0,,0
llm_attribution,margin_gt_1,pro,leave_one_book_out,run,1000,f1,louis_joseph_vance,10,2,20.0,7.6923076923076925,0.1765819702399174,,0
llm_attribution,margin_gt_1,pro,leave_one_book_out,run,1000,f1,luis_senarens,10,1,10.0,7.6923076923076925,0.5508628928581367,,0
llm_attribution,margin_gt_1,pro,leave_one_book_out,run,1000,f1,mark_twain,10,0,0.0,7.6923076923076925,1.0,,0
llm_attribution,margin_gt_1,pro,leave_one_book_out,run,1000,f1,mildred_wirt,10,0,0.0,7.6923076923076925,1.0,,0
llm_attribution,margin_gt_1,pro,leave_one_book_out,run,1000,f1,robert_sidney_bowen,10,2,20.0,7.6923076923076925,0.1765819702399174,,0
llm_attribution,margin_gt_1,pro,leave_one_book_out,run,1000,f1,susan_warner,10,0,0.0,7.6923076923076925,1.0,,0
llm_attribution,margin_gt_1,pro,pooled_all_books,run,2000,f1,ALL,130,25,19.23076923076923,7.6923076923076925,1.8237317037308077e-05,arthur_conan_doyle:63; harold_l_goodwin:19; robert_sidney_bowen:17,0
llm_attribution,margin_gt_1,pro,pooled_all_books,run,2000,f1,arthur_conan_doyle,10,9,90.0,7.6923076923076925,8.777116184655098e-10,,0
llm_attribution,margin_gt_1,pro,pooled_all_books,run,2000,f1,arthur_scott_bailey,10,4,40.0,7.6923076923076925,0.00503654737323341,,0
llm_attribution,margin_gt_1,pro,pooled_all_books,run,2000,f1,ethel_m_dell,10,0,0.0,7.6923076923076925,1.0,,0
llm_attribution,margin_gt_1,pro,pooled_all_books,run,2000,f1,harold_l_goodwin,10,10,100.0,7.6923076923076925,7.2538150286405764e-12,,0
llm_attribution,margin_gt_1,pro,pooled_all_books,run,2000,f1,jane_austen,10,0,0.0,7.6923076923076925,1.0,,0
llm_attribution,margin_gt_1,pro,pooled_all_books,run,2000,f1,john_c_hutcheson,10,0,0.0,7.6923076923076925,1.0,,0
llm_attribution,margin_gt_1,pro,pooled_all_books,run,2000,f1,kathleen_thompson_norris,10,0,0.0,7.6923076923076925,1.0,,0
llm_attribution,margin_gt_1,pro,pooled_all_books,run,2000,f1,louis_joseph_vance,10,0,0.0,7.6923076923076925,1.0,,0
llm_attribution,margin_gt_1,pro,pooled_all_books,run,2000,f1,luis_senarens,10,1,10.0,7.6923076923076925,0.5508628928581367,,0
llm_attribution,margin_gt_1,pro,pooled_all_books,run,2000,f1,mark_twain,10,0,0.0,7.6923076923076925,1.0,,0
llm_attribution,margin_gt_1,pro,pooled_all_books,run,2000,f1,mildred_wirt,10,0,0.0,7.6923076923076925,1.0,,0
llm_attribution,margin_gt_1,pro,pooled_all_books,run,2000,f1,robert_sidney_bowen,10,1,10.0,7.6923076923076925,0.5508628928581367,,0
llm_attribution,margin_gt_1,pro,pooled_all_books,run,2000,f1,susan_warner,10,0,0.0,7.6923076923076925,1.0,,0
llm_attribution,margin_gt_1,pro,leave_one_book_out,run,2000,f1,ALL,130,26,20.0,7.6923076923076925,6.006444250835857e-06,arthur_conan_doyle:62; harold_l_goodwin:19; robert_sidney_bowen:17,0
llm_attribution,margin_gt_1,pro,leave_one_book_out,run,2000,f1,arthur_conan_doyle,10,9,90.0,7.6923076923076925,8.777116184655098e-10,,0
llm_attribution,margin_gt_1,pro,leave_one_book_out,run,2000,f1,arthur_scott_bailey,10,5,50.0,7.6923076923076925,0.00048799449419254637,,0
llm_attribution,margin_gt_1,pro,leave_one_book_out,run,2000,f1,ethel_m_dell,10,0,0.0,7.6923076923076925,1.0,,0
llm_attribution,margin_gt_1,pro,leave_one_book_out,run,2000,f1,harold_l_goodwin,10,10,100.0,7.6923076923076925,7.2538150286405764e-12,,0
llm_attribution,margin_gt_1,pro,leave_one_book_out,run,2000,f1,jane_austen,10,0,0.0,7.6923076923076925,1.0,,0
llm_attribution,margin_gt_1,pro,leave_one_book_out,run,2000,f1,john_c_hutcheson,10,0,0.0,7.6923076923076925,1.0,,0
llm_attribution,margin_gt_1,pro,leave_one_book_out,run,2000,f1,kathleen_thompson_norris,10,0,0.0,7.6923076923076925,1.0,,0
llm_attribution,margin_gt_1,pro,leave_one_book_out,run,2000,f1,louis_joseph_vance,10,1,10.0,7.6923076923076925,0.5508628928581367,,0
llm_attribution,margin_gt_1,pro,leave_one_book_out,run,2000,f1,luis_senarens,10,0,0.0,7.6923076923076925,1.0,,0
llm_attribution,margin_gt_1,pro,leave_one_book_out,run,2000,f1,mark_twain,10,0,0.0,7.6923076923076925,1.0,,0
llm_attribution,margin_gt_1,pro,leave_one_book_out,run,2000,f1,mildred_wirt,10,0,0.0,7.6923076923076925,1.0,,0
llm_attribution,margin_gt_1,pro,leave_one_book_out,run,2000,f1,robert_sidney_bowen,10,1,10.0,7.6923076923076925,0.5508628928581367,,0
llm_attribution,margin_gt_1,pro,leave_one_book_out,run,2000,f1,susan_warner,10,0,0.0,7.6923076923076925,1.0,,0
llm_attribution,margin_gt_1,pro,pooled_all_books,run,4000,f1,ALL,130,20,15.384615384615385,7.6923076923076925,0.0022819708596626027,arthur_conan_doyle:67; harold_l_goodwin:25; robert_sidney_bowen:15,0
llm_attribution,margin_gt_1,pro,pooled_all_books,run,4000,f1,arthur_conan_doyle,10,9,90.0,7.6923076923076925,8.777116184655098e-10,,0
llm_attribution,margin_gt_1,pro,pooled_all_books,run,4000,f1,arthur_scott_bailey,10,1,10.0,7.6923076923076925,0.5508628928581367,,0
llm_attribution,margin_gt_1,pro,pooled_all_books,run,4000,f1,ethel_m_dell,10,0,0.0,7.6923076923076925,1.0,,0
llm_attribution,margin_gt_1,pro,pooled_all_books,run,4000,f1,harold_l_goodwin,10,10,100.0,7.6923076923076925,7.2538150286405764e-12,,0
llm_attribution,margin_gt_1,pro,pooled_all_books,run,4000,f1,jane_austen,10,0,0.0,7.6923076923076925,1.0,,0
llm_attribution,margin_gt_1,pro,pooled_all_books,run,4000,f1,john_c_hutcheson,10,0,0.0,7.6923076923076925,1.0,,0
llm_attribution,margin_gt_1,pro,pooled_all_books,run,4000,f1,kathleen_thompson_norris,10,0,0.0,7.6923076923076925,1.0,,0
llm_attribution,margin_gt_1,pro,pooled_all_books,run,4000,f1,louis_joseph_vance,10,0,0.0,7.6923076923076925,1.0,,0
llm_attribution,margin_gt_1,pro,pooled_all_books,run,4000,f1,luis_senarens,10,0,0.0,7.6923076923076925,1.0,,0
llm_attribution,margin_gt_1,pro,pooled_all_books,run,4000,f1,mark_twain,10,0,0.0,7.6923076923076925,1.0,,0
llm_attribution,margin_gt_1,pro,pooled_all_books,run,4000,f1,mildred_wirt,10,0,0.0,7.6923076923076925,1.0,,0
llm_attribution,margin_gt_1,pro,pooled_all_books,run,4000,f1,robert_sidney_bowen,10,0,0.0,7.6923076923076925,1.0,,0
llm_attribution,margin_gt_1,pro,pooled_all_books,run,4000,f1,susan_warner,10,0,0.0,7.6923076923076925,1.0,,0
llm_attribution,margin_gt_1,pro,leave_one_book_out,run,4000,f1,ALL,130,24,18.46153846153846,7.6923076923076925,5.285299473487065e-05,arthur_conan_doyle:67; harold_l_goodwin:23; robert_sidney_bowen:14,0
llm_attribution,margin_gt_1,pro,leave_one_book_out,run,4000,f1,arthur_conan_doyle,10,9,90.0,7.6923076923076925,8.777116184655098e-10,,0
llm_attribution,margin_gt_1,pro,leave_one_book_out,run,4000,f1,arthur_scott_bailey,10,5,50.0,7.6923076923076925,0.00048799449419254637,,0
llm_attribution,margin_gt_1,pro,leave_one_book_out,run,4000,f1,ethel_m_dell,10,0,0.0,7.6923076923076925,1.0,,0
llm_attribution,margin_gt_1,pro,leave_one_book_out,run,4000,f1,harold_l_goodwin,10,10,100.0,7.6923076923076925,7.2538150286405764e-12,,0
llm_attribution,margin_gt_1,pro,leave_one_book_out,run,4000,f1,jane_austen,10,0,0.0,7.6923076923076925,1.0,,0
llm_attribution,margin_gt_1,pro,leave_one_book_out,run,4000,f1,john_c_hutcheson,10,0,0.0,7.6923076923076925,1.0,,0
llm_attribution,margin_gt_1,pro,leave_one_book_out,run,4000,f1,kathleen_thompson_norris,10,0,0.0,7.6923076923076925,1.0,,0
llm_attribution,margin_gt_1,pro,leave_one_book_out,run,4000,f1,louis_joseph_vance,10,0,0.0,7.6923076923076925,1.0,,0
llm_attribution,margin_gt_1,pro,leave_one_book_out,run,4000,f1,luis_senarens,10,0,0.0,7.6923076923076925,1.0,,0
llm_attribution,margin_gt_1,pro,leave_one_book_out,run,4000,f1,mark_twain,10,0,0.0,7.6923076923076925,1.0,,0
llm_attribution,margin_gt_1,pro,leave_one_book_out,run,4000,f1,mildred_wirt,10,0,0.0,7.6923076923076925,1.0,,0
llm_attribution,margin_gt_1,pro,leave_one_book_out,run,4000,f1,robert_sidney_bowen,10,0,0.0,7.6923076923076925,1.0,,0
llm_attribution,margin_gt_1,pro,leave_one_book_out,run,4000,f1,susan_warner,10,0,0.0,7.6923076923076925,1.0,,0
llm_attribution,margin_gt_1,pro,pooled_all_books,run,1000,f3,ALL,130,30,23.076923076923077,7.6923076923076925,4.531375846370285e-08,arthur_conan_doyle:43; harold_l_goodwin:22; ethel_m_dell:20,0
llm_attribution,margin_gt_1,pro,pooled_all_books,run,1000,f3,arthur_conan_doyle,10,8,80.0,7.6923076923076925,4.788243300405644e-08,,0
llm_attribution,margin_gt_1,pro,pooled_all_books,run,1000,f3,arthur_scott_bailey,10,1,10.0,7.6923076923076925,0.5508628928581367,,0
llm_attribution,margin_gt_1,pro,pooled_all_books,run,1000,f3,ethel_m_dell,10,0,0.0,7.6923076923076925,1.0,,0
llm_attribution,margin_gt_1,pro,pooled_all_books,run,1000,f3,harold_l_goodwin,10,10,100.0,7.6923076923076925,7.2538150286405764e-12,,0
llm_attribution,margin_gt_1,pro,pooled_all_books,run,1000,f3,jane_austen,10,0,0.0,7.6923076923076925,1.0,,0
llm_attribution,margin_gt_1,pro,pooled_all_books,run,1000,f3,john_c_hutcheson,10,1,10.0,7.6923076923076925,0.5508628928581367,,0
llm_attribution,margin_gt_1,pro,pooled_all_books,run,1000,f3,kathleen_thompson_norris,10,0,0.0,7.6923076923076925,1.0,,0
llm_attribution,margin_gt_1,pro,pooled_all_books,run,1000,f3,louis_joseph_vance,10,2,20.0,7.6923076923076925,0.1765819702399174,,0
llm_attribution,margin_gt_1,pro,pooled_all_books,run,1000,f3,luis_senarens,10,4,40.0,7.6923076923076925,0.00503654737323341,,0
llm_attribution,margin_gt_1,pro,pooled_all_books,run,1000,f3,mark_twain,10,0,0.0,7.6923076923076925,1.0,,0
llm_attribution,margin_gt_1,pro,pooled_all_books,run,1000,f3,mildred_wirt,10,1,10.0,7.6923076923076925,0.5508628928581367,,0
llm_attribution,margin_gt_1,pro,pooled_all_books,run,1000,f3,robert_sidney_bowen,10,3,30.0,7.6923076923076925,0.036226624258085045,,0
llm_attribution,margin_gt_1,pro,pooled_all_books,run,1000,f3,susan_warner,10,0,0.0,7.6923076923076925,1.0,,0
llm_attribution,margin_gt_1,pro,leave_one_book_out,run,1000,f3,ALL,130,25,19.23076923076923,7.6923076923076925,1.8237317037308077e-05,arthur_conan_doyle:43; ethel_m_dell:22; harold_l_goodwin:22,0
llm_attribution,margin_gt_1,pro,leave_one_book_out,run,1000,f3,arthur_conan_doyle,10,8,80.0,7.6923076923076925,4.788243300405644e-08,,0
llm_attribution,margin_gt_1,pro,leave_one_book_out,run,1000,f3,arthur_scott_bailey,10,1,10.0,7.6923076923076925,0.5508628928581367,,0
llm_attribution,margin_gt_1,pro,leave_one_book_out,run,1000,f3,ethel_m_dell,10,0,0.0,7.6923076923076925,1.0,,0
llm_attribution,margin_gt_1,pro,leave_one_book_out,run,1000,f3,harold_l_goodwin,10,10,100.0,7.6923076923076925,7.2538150286405764e-12,,0
llm_attribution,margin_gt_1,pro,leave_one_book_out,run,1000,f3,jane_austen,10,0,0.0,7.6923076923076925,1.0,,0
llm_attribution,margin_gt_1,pro,leave_one_book_out,run,1000,f3,john_c_hutcheson,10,0,0.0,7.6923076923076925,1.0,,0
llm_attribution,margin_gt_1,pro,leave_one_book_out,run,1000,f3,kathleen_thompson_norris,10,0,0.0,7.6923076923076925,1.0,,0
llm_attribution,margin_gt_1,pro,leave_one_book_out,run,1000,f3,louis_joseph_vance,10,2,20.0,7.6923076923076925,0.1765819702399174,,0
llm_attribution,margin_gt_1,pro,leave_one_book_out,run,1000,f3,luis_senarens,10,1,10.0,7.6923076923076925,0.5508628928581367,,0
llm_attribution,margin_gt_1,pro,leave_one_book_out,run,1000,f3,mark_twain,10,0,0.0,7.6923076923076925,1.0,,0
llm_attribution,margin_gt_1,pro,leave_one_book_out,run,1000,f3,mildred_wirt,10,1,10.0,7.6923076923076925,0.5508628928581367,,0
llm_attribution,margin_gt_1,pro,leave_one_book_out,run,1000,f3,robert_sidney_bowen,10,2,20.0,7.6923076923076925,0.1765819702399174,,0
llm_attribution,margin_gt_1,pro,leave_one_book_out,run,1000,f3,susan_warner,10,0,0.0,7.6923076923076925,1.0,,0
llm_attribution,margin_gt_1,pro,pooled_all_books,run,2000,f3,ALL,130,23,17.692307692307693,7.6923076923076925,0.00014602416461242316,arthur_conan_doyle:58; ethel_m_dell:21; harold_l_goodwin:20,0
llm_attribution,margin_gt_1,pro,pooled_all_books,run,2000,f3,arthur_conan_doyle,10,9,90.0,7.6923076923076925,8.777116184655098e-10,,0
llm_attribution,margin_gt_1,pro,pooled_all_books,run,2000,f3,arthur_scott_bailey,10,1,10.0,7.6923076923076925,0.5508628928581367,,0
llm_attribution,margin_gt_1,pro,pooled_all_books,run,2000,f3,ethel_m_dell,10,0,0.0,7.6923076923076925,1.0,,0
llm_attribution,margin_gt_1,pro,pooled_all_books,run,2000,f3,harold_l_goodwin,10,9,90.0,7.6923076923076925,8.777116184655098e-10,,0
llm_attribution,margin_gt_1,pro,pooled_all_books,run,2000,f3,jane_austen,10,0,0.0,7.6923076923076925,1.0,,0
llm_attribution,margin_gt_1,pro,pooled_all_books,run,2000,f3,john_c_hutcheson,10,0,0.0,7.6923076923076925,1.0,,0
llm_attribution,margin_gt_1,pro,pooled_all_books,run,2000,f3,kathleen_thompson_norris,10,0,0.0,7.6923076923076925,1.0,,0
llm_attribution,margin_gt_1,pro,pooled_all_books,run,2000,f3,louis_joseph_vance,10,1,10.0,7.6923076923076925,0.5508628928581367,,0
llm_attribution,margin_gt_1,pro,pooled_all_books,run,2000,f3,luis_senarens,10,1,10.0,7.6923076923076925,0.5508628928581367,,0
llm_attribution,margin_gt_1,pro,pooled_all_books,run,2000,f3,mark_twain,10,0,0.0,7.6923076923076925,1.0,,0
llm_attribution,margin_gt_1,pro,pooled_all_books,run,2000,f3,mildred_wirt,10,1,10.0,7.6923076923076925,0.5508628928581367,,0
llm_attribution,margin_gt_1,pro,pooled_all_books,run,2000,f3,robert_sidney_bowen,10,1,10.0,7.6923076923076925,0.5508628928581367,,0
llm_attribution,margin_gt_1,pro,pooled_all_books,run,2000,f3,susan_warner,10,0,0.0,7.6923076923076925,1.0,,0
llm_attribution,margin_gt_1,pro,leave_one_book_out,run,2000,f3,ALL,130,23,17.692307692307693,7.6923076923076925,0.00014602416461242316,arthur_conan_doyle:58; ethel_m_dell:21; harold_l_goodwin:21,0
llm_attribution,margin_gt_1,pro,leave_one_book_out,run,2000,f3,arthur_conan_doyle,10,9,90.0,7.6923076923076925,8.777116184655098e-10,,0
llm_attribution,margin_gt_1,pro,leave_one_book_out,run,2000,f3,arthur_scott_bailey,10,1,10.0,7.6923076923076925,0.5508628928581367,,0
llm_attribution,margin_gt_1,pro,leave_one_book_out,run,2000,f3,ethel_m_dell,10,0,0.0,7.6923076923076925,1.0,,0
llm_attribution,margin_gt_1,pro,leave_one_book_out,run,2000,f3,harold_l_goodwin,10,10,100.0,7.6923076923076925,7.2538150286405764e-12,,0
llm_attribution,margin_gt_1,pro,leave_one_book_out,run,2000,f3,jane_austen,10,0,0.0,7.6923076923076925,1.0,,0
llm_attribution,margin_gt_1,pro,leave_one_book_out,run,2000,f3,john_c_hutcheson,10,0,0.0,7.6923076923076925,1.0,,0
llm_attribution,margin_gt_1,pro,leave_one_book_out,run,2000,f3,kathleen_thompson_norris,10,0,0.0,7.6923076923076925,1.0,,0
llm_attribution,margin_gt_1,pro,leave_one_book_out,run,2000,f3,louis_joseph_vance,10,1,10.0,7.6923076923076925,0.5508628928581367,,0
llm_attribution,margin_gt_1,pro,leave_one_book_out,run,2000,f3,luis_senarens,10,0,0.0,7.6923076923076925,1.0,,0
llm_attribution,margin_gt_1,pro,leave_one_book_out,run,2000,f3,mark_twain,10,0,0.0,7.6923076923076925,1.0,,0
llm_attribution,margin_gt_1,pro,leave_one_book_out,run,2000,f3,mildred_wirt,10,1,10.0,7.6923076923076925,0.5508628928581367,,0
llm_attribution,margin_gt_1,pro,leave_one_book_out,run,2000,f3,robert_sidney_bowen,10,1,10.0,7.6923076923076925,0.5508628928581367,,0
llm_attribution,margin_gt_1,pro,leave_one_book_out,run,2000,f3,susan_warner,10,0,0.0,7.6923076923076925,1.0,,0
llm_attribution,margin_gt_1,pro,pooled_all_books,run,4000,f3,ALL,130,20,15.384615384615385,7.6923076923076925,0.0022819708596626027,arthur_conan_doyle:61; harold_l_goodwin:27; ethel_m_dell:20,0
llm_attribution,margin_gt_1,pro,pooled_all_books,run,4000,f3,arthur_conan_doyle,10,10,100.0,7.6923076923076925,7.2538150286405764e-12,,0
llm_attribution,margin_gt_1,pro,pooled_all_books,run,4000,f3,arthur_scott_bailey,10,0,0.0,7.6923076923076925,1.0,,0
llm_attribution,margin_gt_1,pro,pooled_all_books,run,4000,f3,ethel_m_dell,10,0,0.0,7.6923076923076925,1.0,,0
llm_attribution,margin_gt_1,pro,pooled_all_books,run,4000,f3,harold_l_goodwin,10,10,100.0,7.6923076923076925,7.2538150286405764e-12,,0
llm_attribution,margin_gt_1,pro,pooled_all_books,run,4000,f3,jane_austen,10,0,0.0,7.6923076923076925,1.0,,0
llm_attribution,margin_gt_1,pro,pooled_all_books,run,4000,f3,john_c_hutcheson,10,0,0.0,7.6923076923076925,1.0,,0
llm_attribution,margin_gt_1,pro,pooled_all_books,run,4000,f3,kathleen_thompson_norris,10,0,0.0,7.6923076923076925,1.0,,0
llm_attribution,margin_gt_1,pro,pooled_all_books,run,4000,f3,louis_joseph_vance,10,0,0.0,7.6923076923076925,1.0,,0
llm_attribution,margin_gt_1,pro,pooled_all_books,run,4000,f3,luis_senarens,10,0,0.0,7.6923076923076925,1.0,,0
llm_attribution,margin_gt_1,pro,pooled_all_books,run,4000,f3,mark_twain,10,0,0.0,7.6923076923076925,1.0,,0
llm_attribution,margin_gt_1,pro,pooled_all_books,run,4000,f3,mildred_wirt,10,0,0.0,7.6923076923076925,1.0,,0
llm_attribution,margin_gt_1,pro,pooled_all_books,run,4000,f3,robert_sidney_bowen,10,0,0.0,7.6923076923076925,1.0,,0
llm_attribution,margin_gt_1,pro,pooled_all_books,run,4000,f3,susan_warner,10,0,0.0,7.6923076923076925,1.0,,0
llm_attribution,margin_gt_1,pro,leave_one_book_out,run,4000,f3,ALL,130,21,16.153846153846153,7.6923076923076925,0.0009608207664264115,arthur_conan_doyle:59; harold_l_goodwin:26; ethel_m_dell:20,0
llm_attribution,margin_gt_1,pro,leave_one_book_out,run,4000,f3,arthur_conan_doyle,10,9,90.0,7.6923076923076925,8.777116184655098e-10,,0
llm_attribution,margin_gt_1,pro,leave_one_book_out,run,4000,f3,arthur_scott_bailey,10,1,10.0,7.6923076923076925,0.5508628928581367,,0
llm_attribution,margin_gt_1,pro,leave_one_book_out,run,4000,f3,ethel_m_dell,10,0,0.0,7.6923076923076925,1.0,,0
llm_attribution,margin_gt_1,pro,leave_one_book_out,run,4000,f3,harold_l_goodwin,10,10,100.0,7.6923076923076925,7.2538150286405764e-12,,0
llm_attribution,margin_gt_1,pro,leave_one_book_out,run,4000,f3,jane_austen,10,0,0.0,7.6923076923076925,1.0,,0
llm_attribution,margin_gt_1,pro,leave_one_book_out,run,4000,f3,john_c_hutcheson,10,0,0.0,7.6923076923076925,1.0,,0
llm_attribution,margin_gt_1,pro,leave_one_book_out,run,4000,f3,kathleen_thompson_norris,10,0,0.0,7.6923076923076925,1.0,,0
llm_attribution,margin_gt_1,pro,leave_one_book_out,run,4000,f3,louis_joseph_vance,10,1,10.0,7.6923076923076925,0.5508628928581367,,0
llm_attribution,margin_gt_1,pro,leave_one_book_out,run,4000,f3,luis_senarens,10,0,0.0,7.6923076923076925,1.0,,0
llm_attribution,margin_gt_1,pro,leave_one_book_out,run,4000,f3,mark_twain,10,0,0.0,7.6923076923076925,1.0,,0
llm_attribution,margin_gt_1,pro,leave_one_book_out,run,4000,f3,mildred_wirt,10,0,0.0,7.6923076923076925,1.0,,0
llm_attribution,margin_gt_1,pro,leave_one_book_out,run,4000,f3,robert_sidney_bowen,10,0,0.0,7.6923076923076925,1.0,,0
llm_attribution,margin_gt_1,pro,leave_one_book_out,run,4000,f3,susan_warner,10,0,0.0,7.6923076923076925,1.0,,0
