author,n_marks,n_included_books,included_books,excluded_books,times_requested,callers
agnes_may_fleming,68607,3,full_books/agnes_may_fleming_full.txt; gutenberg_texts/7063.txt; gutenberg_texts/15317.txt,,7381,__main__.exp_detection; __main__.exp_llm_attribution; __main__.exp_separability
agnes_may_fleming,49685,2,gutenberg_texts/7063.txt; gutenberg_texts/15317.txt,full_books/agnes_may_fleming_full.txt,206,__main__.exp_context_drift; __main__.exp_detection; __main__.exp_human_attribution; __main__.exp_llm_attribution
agnes_may_fleming,68607,3,full_books/agnes_may_fleming_full.txt; gutenberg_texts/7063.txt; gutenberg_texts/15317.txt,full_books/herbert_george_wells_full.txt,206,__main__.exp_context_drift; __main__.exp_detection; __main__.exp_human_attribution; __main__.exp_llm_attribution
agnes_may_fleming,68607,3,full_books/agnes_may_fleming_full.txt; gutenberg_texts/7063.txt; gutenberg_texts/15317.txt,full_books/jane_austen_full.txt,284,__main__.exp_context_drift; __main__.exp_detection; __main__.exp_human_attribution; __main__.exp_llm_attribution
agnes_may_fleming,68607,3,full_books/agnes_may_fleming_full.txt; gutenberg_texts/7063.txt; gutenberg_texts/15317.txt,gutenberg_texts/12360.txt,206,__main__.exp_context_drift; __main__.exp_detection; __main__.exp_human_attribution; __main__.exp_llm_attribution
agnes_may_fleming,68607,3,full_books/agnes_may_fleming_full.txt; gutenberg_texts/7063.txt; gutenberg_texts/15317.txt,gutenberg_texts/1260.txt,206,__main__.exp_context_drift; __main__.exp_detection; __main__.exp_human_attribution; __main__.exp_llm_attribution
agnes_may_fleming,68607,3,full_books/agnes_may_fleming_full.txt; gutenberg_texts/7063.txt; gutenberg_texts/15317.txt,gutenberg_texts/1342.txt,11,__main__.exp_detection; __main__.exp_human_attribution
agnes_may_fleming,68607,3,full_books/agnes_may_fleming_full.txt; gutenberg_texts/7063.txt; gutenberg_texts/15317.txt,gutenberg_texts/13547.txt,11,__main__.exp_detection; __main__.exp_human_attribution
agnes_may_fleming,68607,3,full_books/agnes_may_fleming_full.txt; gutenberg_texts/7063.txt; gutenberg_texts/15317.txt,gutenberg_texts/13960.txt,206,__main__.exp_context_drift; __main__.exp_detection; __main__.exp_human_attribution; __main__.exp_llm_attribution
agnes_may_fleming,68607,3,full_books/agnes_may_fleming_full.txt; gutenberg_texts/7063.txt; gutenberg_texts/15317.txt,gutenberg_texts/1400.txt,128,__main__.exp_context_drift; __main__.exp_detection; __main__.exp_human_attribution; __main__.exp_llm_attribution
agnes_may_fleming,68607,3,full_books/agnes_may_fleming_full.txt; gutenberg_texts/7063.txt; gutenberg_texts/15317.txt,gutenberg_texts/14522.txt,11,__main__.exp_detection; __main__.exp_human_attribution
agnes_may_fleming,68607,3,full_books/agnes_may_fleming_full.txt; gutenberg_texts/7063.txt; gutenberg_texts/15317.txt,gutenberg_texts/15238.txt,11,__main__.exp_detection; __main__.exp_human_attribution
agnes_may_fleming,50170,2,full_books/agnes_may_fleming_full.txt; gutenberg_texts/7063.txt,gutenberg_texts/15317.txt,11,__main__.exp_detection; __main__.exp_human_attribution
agnes_may_fleming,68607,3,full_books/agnes_may_fleming_full.txt; gutenberg_texts/7063.txt; gutenberg_texts/15317.txt,gutenberg_texts/161.txt,128,__main__.exp_context_drift; __main__.exp_detection; __main__.exp_human_attribution; __main__.exp_llm_attribution
agnes_may_fleming,68607,3,full_books/agnes_may_fleming_full.txt; gutenberg_texts/7063.txt; gutenberg_texts/15317.txt,gutenberg_texts/1661.txt,154,__main__.exp_context_drift; __main__.exp_detection; __main__.exp_human_attribution; __main__.exp_llm_attribution
agnes_may_fleming,68607,3,full_books/agnes_may_fleming_full.txt; gutenberg_texts/7063.txt; gutenberg_texts/15317.txt,gutenberg_texts/16918.txt,206,__main__.exp_context_drift; __main__.exp_detection; __main__.exp_human_attribution; __main__.exp_llm_attribution
agnes_may_fleming,68607,3,full_books/agnes_may_fleming_full.txt; gutenberg_texts/7063.txt; gutenberg_texts/15317.txt,gutenberg_texts/174.txt,206,__main__.exp_context_drift; __main__.exp_detection; __main__.exp_human_attribution; __main__.exp_llm_attribution
agnes_may_fleming,68607,3,full_books/agnes_may_fleming_full.txt; gutenberg_texts/7063.txt; gutenberg_texts/15317.txt,gutenberg_texts/18247.txt,206,__main__.exp_context_drift; __main__.exp_detection; __main__.exp_human_attribution; __main__.exp_llm_attribution
agnes_may_fleming,68607,3,full_books/agnes_may_fleming_full.txt; gutenberg_texts/7063.txt; gutenberg_texts/15317.txt,gutenberg_texts/18656.txt,206,__main__.exp_context_drift; __main__.exp_detection; __main__.exp_human_attribution; __main__.exp_llm_attribution
agnes_may_fleming,68607,3,full_books/agnes_may_fleming_full.txt; gutenberg_texts/7063.txt; gutenberg_texts/15317.txt,gutenberg_texts/2021.txt,11,__main__.exp_detection; __main__.exp_human_attribution
agnes_may_fleming,68607,3,full_books/agnes_may_fleming_full.txt; gutenberg_texts/7063.txt; gutenberg_texts/15317.txt,gutenberg_texts/21107.txt,206,__main__.exp_context_drift; __main__.exp_detection; __main__.exp_human_attribution; __main__.exp_llm_attribution
agnes_may_fleming,68607,3,full_books/agnes_may_fleming_full.txt; gutenberg_texts/7063.txt; gutenberg_texts/15317.txt,gutenberg_texts/21108.txt,11,__main__.exp_detection; __main__.exp_human_attribution
agnes_may_fleming,68607,3,full_books/agnes_may_fleming_full.txt; gutenberg_texts/7063.txt; gutenberg_texts/15317.txt,gutenberg_texts/219.txt,206,__main__.exp_context_drift; __main__.exp_detection; __main__.exp_human_attribution; __main__.exp_llm_attribution
agnes_may_fleming,68607,3,full_books/agnes_may_fleming_full.txt; gutenberg_texts/7063.txt; gutenberg_texts/15317.txt,gutenberg_texts/24267.txt,206,__main__.exp_context_drift; __main__.exp_detection; __main__.exp_human_attribution; __main__.exp_llm_attribution
agnes_may_fleming,68607,3,full_books/agnes_may_fleming_full.txt; gutenberg_texts/7063.txt; gutenberg_texts/15317.txt,gutenberg_texts/244.txt,141,__main__.exp_context_drift; __main__.exp_detection; __main__.exp_human_attribution; __main__.exp_llm_attribution
agnes_may_fleming,68607,3,full_books/agnes_may_fleming_full.txt; gutenberg_texts/7063.txt; gutenberg_texts/15317.txt,gutenberg_texts/24589.txt,11,__main__.exp_detection; __main__.exp_human_attribution
agnes_may_fleming,68607,3,full_books/agnes_may_fleming_full.txt; gutenberg_texts/7063.txt; gutenberg_texts/15317.txt,gutenberg_texts/28301.txt,11,__main__.exp_detection; __main__.exp_human_attribution
agnes_may_fleming,68607,3,full_books/agnes_may_fleming_full.txt; gutenberg_texts/7063.txt; gutenberg_texts/15317.txt,gutenberg_texts/2852.txt,128,__main__.exp_context_drift; __main__.exp_detection; __main__.exp_human_attribution; __main__.exp_llm_attribution
agnes_may_fleming,68607,3,full_books/agnes_may_fleming_full.txt; gutenberg_texts/7063.txt; gutenberg_texts/15317.txt,gutenberg_texts/29824.txt,11,__main__.exp_detection; __main__.exp_human_attribution
agnes_may_fleming,68607,3,full_books/agnes_may_fleming_full.txt; gutenberg_texts/7063.txt; gutenberg_texts/15317.txt,gutenberg_texts/30486.txt,206,__main__.exp_context_drift; __main__.exp_detection; __main__.exp_human_attribution; __main__.exp_llm_attribution
agnes_may_fleming,68607,3,full_books/agnes_may_fleming_full.txt; gutenberg_texts/7063.txt; gutenberg_texts/15317.txt,gutenberg_texts/31581.txt,206,__main__.exp_context_drift; __main__.exp_detection; __main__.exp_human_attribution; __main__.exp_llm_attribution
agnes_may_fleming,68607,3,full_books/agnes_may_fleming_full.txt; gutenberg_texts/7063.txt; gutenberg_texts/15317.txt,gutenberg_texts/31589.txt,206,__main__.exp_context_drift; __main__.exp_detection; __main__.exp_human_attribution; __main__.exp_llm_attribution
agnes_may_fleming,68607,3,full_books/agnes_may_fleming_full.txt; gutenberg_texts/7063.txt; gutenberg_texts/15317.txt,gutenberg_texts/32059.txt,11,__main__.exp_detection; __main__.exp_human_attribution
agnes_may_fleming,68607,3,full_books/agnes_may_fleming_full.txt; gutenberg_texts/7063.txt; gutenberg_texts/15317.txt,gutenberg_texts/32331.txt,206,__main__.exp_context_drift; __main__.exp_detection; __main__.exp_human_attribution; __main__.exp_llm_attribution
agnes_may_fleming,68607,3,full_books/agnes_may_fleming_full.txt; gutenberg_texts/7063.txt; gutenberg_texts/15317.txt,gutenberg_texts/32440.txt,206,__main__.exp_context_drift; __main__.exp_detection; __main__.exp_human_attribution; __main__.exp_llm_attribution
agnes_may_fleming,68607,3,full_books/agnes_may_fleming_full.txt; gutenberg_texts/7063.txt; gutenberg_texts/15317.txt,gutenberg_texts/32542.txt,11,__main__.exp_detection; __main__.exp_human_attribution
agnes_may_fleming,68607,3,full_books/agnes_may_fleming_full.txt; gutenberg_texts/7063.txt; gutenberg_texts/15317.txt,gutenberg_texts/34592.txt,206,__main__.exp_context_drift; __main__.exp_detection; __main__.exp_human_attribution; __main__.exp_llm_attribution
agnes_may_fleming,68607,3,full_books/agnes_may_fleming_full.txt; gutenberg_texts/7063.txt; gutenberg_texts/15317.txt,gutenberg_texts/34832.txt,206,__main__.exp_context_drift; __main__.exp_detection; __main__.exp_human_attribution; __main__.exp_llm_attribution
agnes_may_fleming,68607,3,full_books/agnes_may_fleming_full.txt; gutenberg_texts/7063.txt; gutenberg_texts/15317.txt,gutenberg_texts/35.txt,206,__main__.exp_context_drift; __main__.exp_detection; __main__.exp_human_attribution; __main__.exp_llm_attribution
agnes_may_fleming,68607,3,full_books/agnes_may_fleming_full.txt; gutenberg_texts/7063.txt; gutenberg_texts/15317.txt,gutenberg_texts/35082.txt,11,__main__.exp_detection; __main__.exp_human_attribution
agnes_may_fleming,68607,3,full_books/agnes_may_fleming_full.txt; gutenberg_texts/7063.txt; gutenberg_texts/15317.txt,gutenberg_texts/36.txt,11,__main__.exp_detection; __main__.exp_human_attribution
agnes_may_fleming,68607,3,full_books/agnes_may_fleming_full.txt; gutenberg_texts/7063.txt; gutenberg_texts/15317.txt,gutenberg_texts/3635.txt,206,__main__.exp_context_drift; __main__.exp_detection; __main__.exp_human_attribution; __main__.exp_llm_attribution
agnes_may_fleming,68607,3,full_books/agnes_may_fleming_full.txt; gutenberg_texts/7063.txt; gutenberg_texts/15317.txt,gutenberg_texts/46.txt,154,__main__.exp_context_drift; __main__.exp_detection; __main__.exp_human_attribution; __main__.exp_llm_attribution
agnes_may_fleming,68607,3,full_books/agnes_may_fleming_full.txt; gutenberg_texts/7063.txt; gutenberg_texts/15317.txt,gutenberg_texts/4787.txt,206,__main__.exp_context_drift; __main__.exp_detection; __main__.exp_human_attribution; __main__.exp_llm_attribution
agnes_may_fleming,68607,3,full_books/agnes_may_fleming_full.txt; gutenberg_texts/7063.txt; gutenberg_texts/15317.txt,gutenberg_texts/54629.txt,206,__main__.exp_context_drift; __main__.exp_detection; __main__.exp_human_attribution; __main__.exp_llm_attribution
agnes_may_fleming,68607,3,full_books/agnes_may_fleming_full.txt; gutenberg_texts/7063.txt; gutenberg_texts/15317.txt,gutenberg_texts/54648.txt,206,__main__.exp_context_drift; __main__.exp_detection; __main__.exp_human_attribution; __main__.exp_llm_attribution
agnes_may_fleming,68607,3,full_books/agnes_may_fleming_full.txt; gutenberg_texts/7063.txt; gutenberg_texts/15317.txt,gutenberg_texts/55562.txt,11,__main__.exp_detection; __main__.exp_human_attribution
agnes_may_fleming,68607,3,full_books/agnes_may_fleming_full.txt; gutenberg_texts/7063.txt; gutenberg_texts/15317.txt,gutenberg_texts/5658.txt,206,__main__.exp_context_drift; __main__.exp_detection; __main__.exp_human_attribution; __main__.exp_llm_attribution
agnes_may_fleming,37359,2,full_books/agnes_may_fleming_full.txt; gutenberg_texts/15317.txt,gutenberg_texts/7063.txt,206,__main__.exp_context_drift; __main__.exp_detection; __main__.exp_human_attribution; __main__.exp_llm_attribution
agnes_may_fleming,68607,3,full_books/agnes_may_fleming_full.txt; gutenberg_texts/7063.txt; gutenberg_texts/15317.txt,gutenberg_texts/74.txt,206,__main__.exp_context_drift; __main__.exp_detection; __main__.exp_human_attribution; __main__.exp_llm_attribution
agnes_may_fleming,68607,3,full_books/agnes_may_fleming_full.txt; gutenberg_texts/7063.txt; gutenberg_texts/15317.txt,gutenberg_texts/76.txt,206,__main__.exp_context_drift; __main__.exp_detection; __main__.exp_human_attribution; __main__.exp_llm_attribution
agnes_may_fleming,68607,3,full_books/agnes_may_fleming_full.txt; gutenberg_texts/7063.txt; gutenberg_texts/15317.txt,gutenberg_texts/773.txt,206,__main__.exp_context_drift; __main__.exp_detection; __main__.exp_human_attribution; __main__.exp_llm_attribution
agnes_may_fleming,68607,3,full_books/agnes_may_fleming_full.txt; gutenberg_texts/7063.txt; gutenberg_texts/15317.txt,gutenberg_texts/84.txt,206,__main__.exp_context_drift; __main__.exp_detection; __main__.exp_human_attribution; __main__.exp_llm_attribution
agnes_may_fleming,68607,3,full_books/agnes_may_fleming_full.txt; gutenberg_texts/7063.txt; gutenberg_texts/15317.txt,gutenberg_texts/86.txt,11,__main__.exp_detection; __main__.exp_human_attribution
agnes_may_fleming,68607,3,full_books/agnes_may_fleming_full.txt; gutenberg_texts/7063.txt; gutenberg_texts/15317.txt,gutenberg_texts/8741.txt,206,__main__.exp_context_drift; __main__.exp_detection; __main__.exp_human_attribution; __main__.exp_llm_attribution
agnes_may_fleming,68607,3,full_books/agnes_may_fleming_full.txt; gutenberg_texts/7063.txt; gutenberg_texts/15317.txt,gutenberg_texts/8874.txt,206,__main__.exp_context_drift; __main__.exp_detection; __main__.exp_human_attribution; __main__.exp_llm_attribution
agnes_may_fleming,68607,3,full_books/agnes_may_fleming_full.txt; gutenberg_texts/7063.txt; gutenberg_texts/15317.txt,gutenberg_texts/9182.txt,11,__main__.exp_detection; __main__.exp_human_attribution
agnes_may_fleming,68607,3,full_books/agnes_may_fleming_full.txt; gutenberg_texts/7063.txt; gutenberg_texts/15317.txt,gutenberg_texts/9378.txt,206,__main__.exp_context_drift; __main__.exp_detection; __main__.exp_human_attribution; __main__.exp_llm_attribution
agnes_may_fleming,68607,3,full_books/agnes_may_fleming_full.txt; gutenberg_texts/7063.txt; gutenberg_texts/15317.txt,gutenberg_texts/9462.txt,206,__main__.exp_context_drift; __main__.exp_detection; __main__.exp_human_attribution; __main__.exp_llm_attribution
agnes_may_fleming,68607,3,full_books/agnes_may_fleming_full.txt; gutenberg_texts/7063.txt; gutenberg_texts/15317.txt,gutenberg_texts/9779.txt,11,__main__.exp_detection; __main__.exp_human_attribution
agnes_may_fleming,68607,3,full_books/agnes_may_fleming_full.txt; gutenberg_texts/7063.txt; gutenberg_texts/15317.txt,gutenberg_texts/98.txt,141,__main__.exp_context_drift; __main__.exp_detection; __main__.exp_human_attribution; __main__.exp_llm_attribution
arthur_conan_doyle,37418,3,gutenberg_texts/1661.txt; gutenberg_texts/244.txt; gutenberg_texts/2852.txt,,9721,__main__.exp_detection; __main__.exp_llm_attribution; __main__.exp_separability
arthur_conan_doyle,37418,3,gutenberg_texts/1661.txt; gutenberg_texts/244.txt; gutenberg_texts/2852.txt,full_books/agnes_may_fleming_full.txt,206,__main__.exp_context_drift; __main__.exp_detection; __main__.exp_human_attribution; __main__.exp_llm_attribution
arthur_conan_doyle,37418,3,gutenberg_texts/1661.txt; gutenberg_texts/244.txt; gutenberg_texts/2852.txt,full_books/herbert_george_wells_full.txt,206,__main__.exp_context_drift; __main__.exp_detection; __main__.exp_human_attribution; __main__.exp_llm_attribution
arthur_conan_doyle,37418,3,gutenberg_texts/1661.txt; gutenberg_texts/244.txt; gutenberg_texts/2852.txt,full_books/jane_austen_full.txt,439,__main__.exp_context_drift; __main__.exp_detection; __main__.exp_human_attribution; __main__.exp_llm_attribution
arthur_conan_doyle,37418,3,gutenberg_texts/1661.txt; gutenberg_texts/244.txt; gutenberg_texts/2852.txt,gutenberg_texts/12360.txt,319,__main__.exp_context_drift; __main__.exp_detection; __main__.exp_human_attribution; __main__.exp_llm_attribution
arthur_conan_doyle,37418,3,gutenberg_texts/1661.txt; gutenberg_texts/244.txt; gutenberg_texts/2852.txt,gutenberg_texts/1260.txt,206,__main__.exp_context_drift; __main__.exp_detection; __main__.exp_human_attribution; __main__.exp_llm_attribution
arthur_conan_doyle,37418,3,gutenberg_texts/1661.txt; gutenberg_texts/244.txt; gutenberg_texts/2852.txt,gutenberg_texts/1342.txt,19,__main__.exp_detection; __main__.exp_human_attribution
arthur_conan_doyle,37418,3,gutenberg_texts/1661.txt; gutenberg_texts/244.txt; gutenberg_texts/2852.txt,gutenberg_texts/13547.txt,19,__main__.exp_detection; __main__.exp_human_attribution
arthur_conan_doyle,37418,3,gutenberg_texts/1661.txt; gutenberg_texts/244.txt; gutenberg_texts/2852.txt,gutenberg_texts/13960.txt,319,__main__.exp_context_drift; __main__.exp_detection; __main__.exp_human_attribution; __main__.exp_llm_attribution
arthur_conan_doyle,37418,3,gutenberg_texts/1661.txt; gutenberg_texts/244.txt; gutenberg_texts/2852.txt,gutenberg_texts/1400.txt,128,__main__.exp_context_drift; __main__.exp_detection; __main__.exp_human_attribution; __main__.exp_llm_attribution
arthur_conan_doyle,37418,3,gutenberg_texts/1661.txt; gutenberg_texts/244.txt; gutenberg_texts/2852.txt,gutenberg_texts/14522.txt,11,__main__.exp_detection; __main__.exp_human_attribution
arthur_conan_doyle,37418,3,gutenberg_texts/1661.txt; gutenberg_texts/244.txt; gutenberg_texts/2852.txt,gutenberg_texts/15238.txt,11,__main__.exp_detection; __main__.exp_human_attribution
arthur_conan_doyle,37418,3,gutenberg_texts/1661.txt; gutenberg_texts/244.txt; gutenberg_texts/2852.txt,gutenberg_texts/15317.txt,11,__main__.exp_detection; __main__.exp_human_attribution
arthur_conan_doyle,37418,3,gutenberg_texts/1661.txt; gutenberg_texts/244.txt; gutenberg_texts/2852.txt,gutenberg_texts/161.txt,199,__main__.exp_context_drift; __main__.exp_detection; __main__.exp_human_attribution; __main__.exp_llm_attribution
arthur_conan_doyle,17650,2,gutenberg_texts/244.txt; gutenberg_texts/2852.txt,gutenberg_texts/1661.txt,239,__main__.exp_context_drift; __main__.exp_detection; __main__.exp_human_attribution; __main__.exp_llm_attribution
arthur_conan_doyle,37418,3,gutenberg_texts/1661.txt; gutenberg_texts/244.txt; gutenberg_texts/2852.txt,gutenberg_texts/16918.txt,319,__main__.exp_context_drift; __main__.exp_detection; __main__.exp_human_attribution; __main__.exp_llm_attribution
arthur_conan_doyle,37418,3,gutenberg_texts/1661.txt; gutenberg_texts/244.txt; gutenberg_texts/2852.txt,gutenberg_texts/174.txt,206,__main__.exp_context_drift; __main__.exp_detection; __main__.exp_human_attribution; __main__.exp_llm_attribution
arthur_conan_doyle,37418,3,gutenberg_texts/1661.txt; gutenberg_texts/244.txt; gutenberg_texts/2852.txt,gutenberg_texts/18247.txt,206,__main__.exp_context_drift; __main__.exp_detection; __main__.exp_human_attribution; __main__.exp_llm_attribution
arthur_conan_doyle,37418,3,gutenberg_texts/1661.txt; gutenberg_texts/244.txt; gutenberg_texts/2852.txt,gutenberg_texts/18656.txt,319,__main__.exp_context_drift; __main__.exp_detection; __main__.exp_human_attribution; __main__.exp_llm_attribution
arthur_conan_doyle,37418,3,gutenberg_texts/1661.txt; gutenberg_texts/244.txt; gutenberg_texts/2852.txt,gutenberg_texts/2021.txt,11,__main__.exp_detection; __main__.exp_human_attribution
arthur_conan_doyle,37418,3,gutenberg_texts/1661.txt; gutenberg_texts/244.txt; gutenberg_texts/2852.txt,gutenberg_texts/21107.txt,319,__main__.exp_context_drift; __main__.exp_detection; __main__.exp_human_attribution; __main__.exp_llm_attribution
arthur_conan_doyle,37418,3,gutenberg_texts/1661.txt; gutenberg_texts/244.txt; gutenberg_texts/2852.txt,gutenberg_texts/21108.txt,19,__main__.exp_detection; __main__.exp_human_attribution
arthur_conan_doyle,37418,3,gutenberg_texts/1661.txt; gutenberg_texts/244.txt; gutenberg_texts/2852.txt,gutenberg_texts/219.txt,206,__main__.exp_context_drift; __main__.exp_detection; __main__.exp_human_attribution; __main__.exp_llm_attribution
arthur_conan_doyle,37418,3,gutenberg_texts/1661.txt; gutenberg_texts/244.txt; gutenberg_texts/2852.txt,gutenberg_texts/24267.txt,319,__main__.exp_context_drift; __main__.exp_detection; __main__.exp_human_attribution; __main__.exp_llm_attribution
arthur_conan_doyle,29903,2,gutenberg_texts/1661.txt; gutenberg_texts/2852.txt,gutenberg_texts/244.txt,219,__main__.exp_context_drift; __main__.exp_detection; __main__.exp_human_attribution; __main__.exp_llm_attribution
arthur_conan_doyle,37418,3,gutenberg_texts/1661.txt; gutenberg_texts/244.txt; gutenberg_texts/2852.txt,gutenberg_texts/24589.txt,19,__main__.exp_detection; __main__.exp_human_attribution
arthur_conan_doyle,37418,3,gutenberg_texts/1661.txt; gutenberg_texts/244.txt; gutenberg_texts/2852.txt,gutenberg_texts/28301.txt,19,__main__.exp_detection; __main__.exp_human_attribution
arthur_conan_doyle,27283,2,gutenberg_texts/1661.txt; gutenberg_texts/244.txt,gutenberg_texts/2852.txt,199,__main__.exp_context_drift; __main__.exp_detection; __main__.exp_human_attribution; __main__.exp_llm_attribution
arthur_conan_doyle,37418,3,gutenberg_texts/1661.txt; gutenberg_texts/244.txt; gutenberg_texts/2852.txt,gutenberg_texts/29824.txt,19,__main__.exp_detection; __main__.exp_human_attribution
arthur_conan_doyle,37418,3,gutenberg_texts/1661.txt; gutenberg_texts/244.txt; gutenberg_texts/2852.txt,gutenberg_texts/30486.txt,206,__main__.exp_context_drift; __main__.exp_detection; __main__.exp_human_attribution; __main__.exp_llm_attribution
arthur_conan_doyle,37418,3,gutenberg_texts/1661.txt; gutenberg_texts/244.txt; gutenberg_texts/2852.txt,gutenberg_texts/31581.txt,319,__main__.exp_context_drift; __main__.exp_detection; __main__.exp_human_attribution; __main__.exp_llm_attribution
arthur_conan_doyle,37418,3,gutenberg_texts/1661.txt; gutenberg_texts/244.txt; gutenberg_texts/2852.txt,gutenberg_texts/31589.txt,319,__main__.exp_context_drift; __main__.exp_detection; __main__.exp_human_attribution; __main__.exp_llm_attribution
arthur_conan_doyle,37418,3,gutenberg_texts/1661.txt; gutenberg_texts/244.txt; gutenberg_texts/2852.txt,gutenberg_texts/32059.txt,19,__main__.exp_detection; __main__.exp_human_attribution
arthur_conan_doyle,37418,3,gutenberg_texts/1661.txt; gutenberg_texts/244.txt; gutenberg_texts/2852.txt,gutenberg_texts/32331.txt,319,__main__.exp_context_drift; __main__.exp_detection; __main__.exp_human_attribution; __main__.exp_llm_attribution
arthur_conan_doyle,37418,3,gutenberg_texts/1661.txt; gutenberg_texts/244.txt; gutenberg_texts/2852.txt,gutenberg_texts/32440.txt,319,__main__.exp_context_drift; __main__.exp_detection; __main__.exp_human_attribution; __main__.exp_llm_attribution
arthur_conan_doyle,37418,3,gutenberg_texts/1661.txt; gutenberg_texts/244.txt; gutenberg_texts/2852.txt,gutenberg_texts/32542.txt,19,__main__.exp_detection; __main__.exp_human_attribution
arthur_conan_doyle,37418,3,gutenberg_texts/1661.txt; gutenberg_texts/244.txt; gutenberg_texts/2852.txt,gutenberg_texts/34592.txt,319,__main__.exp_context_drift; __main__.exp_detection; __main__.exp_human_attribution; __main__.exp_llm_attribution
arthur_conan_doyle,37418,3,gutenberg_texts/1661.txt; gutenberg_texts/244.txt; gutenberg_texts/2852.txt,gutenberg_texts/34832.txt,319,__main__.exp_context_drift; __main__.exp_detection; __main__.exp_human_attribution; __main__.exp_llm_attribution
arthur_conan_doyle,37418,3,gutenberg_texts/1661.txt; gutenberg_texts/244.txt; gutenberg_texts/2852.txt,gutenberg_texts/35.txt,206,__main__.exp_context_drift; __main__.exp_detection; __main__.exp_human_attribution; __main__.exp_llm_attribution
arthur_conan_doyle,37418,3,gutenberg_texts/1661.txt; gutenberg_texts/244.txt; gutenberg_texts/2852.txt,gutenberg_texts/35082.txt,19,__main__.exp_detection; __main__.exp_human_attribution
arthur_conan_doyle,37418,3,gutenberg_texts/1661.txt; gutenberg_texts/244.txt; gutenberg_texts/2852.txt,gutenberg_texts/36.txt,11,__main__.exp_detection; __main__.exp_human_attribution
arthur_conan_doyle,37418,3,gutenberg_texts/1661.txt; gutenberg_texts/244.txt; gutenberg_texts/2852.txt,gutenberg_texts/3635.txt,319,__main__.exp_context_drift; __main__.exp_detection; __main__.exp_human_attribution; __main__.exp_llm_attribution
arthur_conan_doyle,37418,3,gutenberg_texts/1661.txt; gutenberg_texts/244.txt; gutenberg_texts/2852.txt,gutenberg_texts/46.txt,154,__main__.exp_context_drift; __main__.exp_detection; __main__.exp_human_attribution; __main__.exp_llm_attribution
arthur_conan_doyle,37418,3,gutenberg_texts/1661.txt; gutenberg_texts/244.txt; gutenberg_texts/2852.txt,gutenberg_texts/4787.txt,319,__main__.exp_context_drift; __main__.exp_detection; __main__.exp_human_attribution; __main__.exp_llm_attribution
arthur_conan_doyle,37418,3,gutenberg_texts/1661.txt; gutenberg_texts/244.txt; gutenberg_texts/2852.txt,gutenberg_texts/54629.txt,319,__main__.exp_context_drift; __main__.exp_detection; __main__.exp_human_attribution; __main__.exp_llm_attribution
arthur_conan_doyle,37418,3,gutenberg_texts/1661.txt; gutenberg_texts/244.txt; gutenberg_texts/2852.txt,gutenberg_texts/54648.txt,319,__main__.exp_context_drift; __main__.exp_detection; __main__.exp_human_attribution; __main__.exp_llm_attribution
arthur_conan_doyle,37418,3,gutenberg_texts/1661.txt; gutenberg_texts/244.txt; gutenberg_texts/2852.txt,gutenberg_texts/55562.txt,19,__main__.exp_detection; __main__.exp_human_attribution
arthur_conan_doyle,37418,3,gutenberg_texts/1661.txt; gutenberg_texts/244.txt; gutenberg_texts/2852.txt,gutenberg_texts/5658.txt,206,__main__.exp_context_drift; __main__.exp_detection; __main__.exp_human_attribution; __main__.exp_llm_attribution
arthur_conan_doyle,37418,3,gutenberg_texts/1661.txt; gutenberg_texts/244.txt; gutenberg_texts/2852.txt,gutenberg_texts/7063.txt,206,__main__.exp_context_drift; __main__.exp_detection; __main__.exp_human_attribution; __main__.exp_llm_attribution
arthur_conan_doyle,37418,3,gutenberg_texts/1661.txt; gutenberg_texts/244.txt; gutenberg_texts/2852.txt,gutenberg_texts/74.txt,319,__main__.exp_context_drift; __main__.exp_detection; __main__.exp_human_attribution; __main__.exp_llm_attribution
arthur_conan_doyle,37418,3,gutenberg_texts/1661.txt; gutenberg_texts/244.txt; gutenberg_texts/2852.txt,gutenberg_texts/76.txt,319,__main__.exp_context_drift; __main__.exp_detection; __main__.exp_human_attribution; __main__.exp_llm_attribution
arthur_conan_doyle,37418,3,gutenberg_texts/1661.txt; gutenberg_texts/244.txt; gutenberg_texts/2852.txt,gutenberg_texts/773.txt,206,__main__.exp_context_drift; __main__.exp_detection; __main__.exp_human_attribution; __main__.exp_llm_attribution
arthur_conan_doyle,37418,3,gutenberg_texts/1661.txt; gutenberg_texts/244.txt; gutenberg_texts/2852.txt,gutenberg_texts/84.txt,206,__main__.exp_context_drift; __main__.exp_detection; __main__.exp_human_attribution; __main__.exp_llm_attribution
arthur_conan_doyle,37418,3,gutenberg_texts/1661.txt; gutenberg_texts/244.txt; gutenberg_texts/2852.txt,gutenberg_texts/86.txt,19,__main__.exp_detection; __main__.exp_human_attribution
arthur_conan_doyle,37418,3,gutenberg_texts/1661.txt; gutenberg_texts/244.txt; gutenberg_texts/2852.txt,gutenberg_texts/8741.txt,319,__main__.exp_context_drift; __main__.exp_detection; __main__.exp_human_attribution; __main__.exp_llm_attribution
arthur_conan_doyle,37418,3,gutenberg_texts/1661.txt; gutenberg_texts/244.txt; gutenberg_texts/2852.txt,gutenberg_texts/8874.txt,319,__main__.exp_context_drift; __main__.exp_detection; __main__.exp_human_attribution; __main__.exp_llm_attribution
arthur_conan_doyle,37418,3,gutenberg_texts/1661.txt; gutenberg_texts/244.txt; gutenberg_texts/2852.txt,gutenberg_texts/9182.txt,11,__main__.exp_detection; __main__.exp_human_attribution
arthur_conan_doyle,37418,3,gutenberg_texts/1661.txt; gutenberg_texts/244.txt; gutenberg_texts/2852.txt,gutenberg_texts/9378.txt,319,__main__.exp_context_drift; __main__.exp_detection; __main__.exp_human_attribution; __main__.exp_llm_attribution
arthur_conan_doyle,37418,3,gutenberg_texts/1661.txt; gutenberg_texts/244.txt; gutenberg_texts/2852.txt,gutenberg_texts/9462.txt,319,__main__.exp_context_drift; __main__.exp_detection; __main__.exp_human_attribution; __main__.exp_llm_attribution
arthur_conan_doyle,37418,3,gutenberg_texts/1661.txt; gutenberg_texts/244.txt; gutenberg_texts/2852.txt,gutenberg_texts/9779.txt,19,__main__.exp_detection; __main__.exp_human_attribution
arthur_conan_doyle,37418,3,gutenberg_texts/1661.txt; gutenberg_texts/244.txt; gutenberg_texts/2852.txt,gutenberg_texts/98.txt,141,__main__.exp_context_drift; __main__.exp_detection; __main__.exp_human_attribution; __main__.exp_llm_attribution
arthur_scott_bailey,7836,3,gutenberg_texts/9462.txt; gutenberg_texts/18656.txt; gutenberg_texts/24589.txt,,9721,__main__.exp_detection; __main__.exp_llm_attribution; __main__.exp_separability
arthur_scott_bailey,7836,3,gutenberg_texts/9462.txt; gutenberg_texts/18656.txt; gutenberg_texts/24589.txt,full_books/agnes_may_fleming_full.txt,206,__main__.exp_context_drift; __main__.exp_detection; __main__.exp_human_attribution; __main__.exp_llm_attribution
arthur_scott_bailey,7836,3,gutenberg_texts/9462.txt; gutenberg_texts/18656.txt; gutenberg_texts/24589.txt,full_books/herbert_george_wells_full.txt,206,__main__.exp_context_drift; __main__.exp_detection; __main__.exp_human_attribution; __main__.exp_llm_attribution
arthur_scott_bailey,7836,3,gutenberg_texts/9462.txt; gutenberg_texts/18656.txt; gutenberg_texts/24589.txt,full_books/jane_austen_full.txt,439,__main__.exp_context_drift; __main__.exp_detection; __main__.exp_human_attribution; __main__.exp_llm_attribution
arthur_scott_bailey,7836,3,gutenberg_texts/9462.txt; gutenberg_texts/18656.txt; gutenberg_texts/24589.txt,gutenberg_texts/12360.txt,319,__main__.exp_context_drift; __main__.exp_detection; __main__.exp_human_attribution; __main__.exp_llm_attribution
arthur_scott_bailey,7836,3,gutenberg_texts/9462.txt; gutenberg_texts/18656.txt; gutenberg_texts/24589.txt,gutenberg_texts/1260.txt,206,__main__.exp_context_drift; __main__.exp_detection; __main__.exp_human_attribution; __main__.exp_llm_attribution
arthur_scott_bailey,7836,3,gutenberg_texts/9462.txt; gutenberg_texts/18656.txt; gutenberg_texts/24589.txt,gutenberg_texts/1342.txt,19,__main__.exp_detection; __main__.exp_human_attribution
arthur_scott_bailey,7836,3,gutenberg_texts/9462.txt; gutenberg_texts/18656.txt; gutenberg_texts/24589.txt,gutenberg_texts/13547.txt,19,__main__.exp_detection; __main__.exp_human_attribution
arthur_scott_bailey,7836,3,gutenberg_texts/9462.txt; gutenberg_texts/18656.txt; gutenberg_texts/24589.txt,gutenberg_texts/13960.txt,319,__main__.exp_context_drift; __main__.exp_detection; __main__.exp_human_attribution; __main__.exp_llm_attribution
arthur_scott_bailey,7836,3,gutenberg_texts/9462.txt; gutenberg_texts/18656.txt; gutenberg_texts/24589.txt,gutenberg_texts/1400.txt,128,__main__.exp_context_drift; __main__.exp_detection; __main__.exp_human_attribution; __main__.exp_llm_attribution
arthur_scott_bailey,7836,3,gutenberg_texts/9462.txt; gutenberg_texts/18656.txt; gutenberg_texts/24589.txt,gutenberg_texts/14522.txt,11,__main__.exp_detection; __main__.exp_human_attribution
arthur_scott_bailey,7836,3,gutenberg_texts/9462.txt; gutenberg_texts/18656.txt; gutenberg_texts/24589.txt,gutenberg_texts/15238.txt,11,__main__.exp_detection; __main__.exp_human_attribution
arthur_scott_bailey,7836,3,gutenberg_texts/9462.txt; gutenberg_texts/18656.txt; gutenberg_texts/24589.txt,gutenberg_texts/15317.txt,11,__main__.exp_detection; __main__.exp_human_attribution
arthur_scott_bailey,7836,3,gutenberg_texts/9462.txt; gutenberg_texts/18656.txt; gutenberg_texts/24589.txt,gutenberg_texts/161.txt,199,__main__.exp_context_drift; __main__.exp_detection; __main__.exp_human_attribution; __main__.exp_llm_attribution
arthur_scott_bailey,7836,3,gutenberg_texts/9462.txt; gutenberg_texts/18656.txt; gutenberg_texts/24589.txt,gutenberg_texts/1661.txt,239,__main__.exp_context_drift; __main__.exp_detection; __main__.exp_human_attribution; __main__.exp_llm_attribution
arthur_scott_bailey,7836,3,gutenberg_texts/9462.txt; gutenberg_texts/18656.txt; gutenberg_texts/24589.txt,gutenberg_texts/16918.txt,319,__main__.exp_context_drift; __main__.exp_detection; __main__.exp_human_attribution; __main__.exp_llm_attribution
arthur_scott_bailey,7836,3,gutenberg_texts/9462.txt; gutenberg_texts/18656.txt; gutenberg_texts/24589.txt,gutenberg_texts/174.txt,206,__main__.exp_context_drift; __main__.exp_detection; __main__.exp_human_attribution; __main__.exp_llm_attribution
arthur_scott_bailey,7836,3,gutenberg_texts/9462.txt; gutenberg_texts/18656.txt; gutenberg_texts/24589.txt,gutenberg_texts/18247.txt,206,__main__.exp_context_drift; __main__.exp_detection; __main__.exp_human_attribution; __main__.exp_llm_attribution
arthur_scott_bailey,4991,2,gutenberg_texts/9462.txt; gutenberg_texts/24589.txt,gutenberg_texts/18656.txt,319,__main__.exp_context_drift; __main__.exp_detection; __main__.exp_human_attribution; __main__.exp_llm_attribution
arthur_scott_bailey,7836,3,gutenberg_texts/9462.txt; gutenberg_texts/18656.txt; gutenberg_texts/24589.txt,gutenberg_texts/2021.txt,11,__main__.exp_detection; __main__.exp_human_attribution
arthur_scott_bailey,7836,3,gutenberg_texts/9462.txt; gutenberg_texts/18656.txt; gutenberg_texts/24589.txt,gutenberg_texts/21107.txt,319,__main__.exp_context_drift; __main__.exp_detection; __main__.exp_human_attribution; __main__.exp_llm_attribution
arthur_scott_bailey,7836,3,gutenberg_texts/9462.txt; gutenberg_texts/18656.txt; gutenberg_texts/24589.txt,gutenberg_texts/21108.txt,19,__main__.exp_detection; __main__.exp_human_attribution
arthur_scott_bailey,7836,3,gutenberg_texts/9462.txt; gutenberg_texts/18656.txt; gutenberg_texts/24589.txt,gutenberg_texts/219.txt,206,__main__.exp_context_drift; __main__.exp_detection; __main__.exp_human_attribution; __main__.exp_llm_attribution
arthur_scott_bailey,7836,3,gutenberg_texts/9462.txt; gutenberg_texts/18656.txt; gutenberg_texts/24589.txt,gutenberg_texts/24267.txt,319,__main__.exp_context_drift; __main__.exp_detection; __main__.exp_human_attribution; __main__.exp_llm_attribution
arthur_scott_bailey,7836,3,gutenberg_texts/9462.txt; gutenberg_texts/18656.txt; gutenberg_texts/24589.txt,gutenberg_texts/244.txt,219,__main__.exp_context_drift; __main__.exp_detection; __main__.exp_human_attribution; __main__.exp_llm_attribution
arthur_scott_bailey,5186,2,gutenberg_texts/9462.txt; gutenberg_texts/18656.txt,gutenberg_texts/24589.txt,19,__main__.exp_detection; __main__.exp_human_attribution
arthur_scott_bailey,7836,3,gutenberg_texts/9462.txt; gutenberg_texts/18656.txt; gutenberg_texts/24589.txt,gutenberg_texts/28301.txt,19,__main__.exp_detection; __main__.exp_human_attribution
arthur_scott_bailey,7836,3,gutenberg_texts/9462.txt; gutenberg_texts/18656.txt; gutenberg_texts/24589.txt,gutenberg_texts/2852.txt,199,__main__.exp_context_drift; __main__.exp_detection; __main__.exp_human_attribution; __main__.exp_llm_attribution
arthur_scott_bailey,7836,3,gutenberg_texts/9462.txt; gutenberg_texts/18656.txt; gutenberg_texts/24589.txt,gutenberg_texts/29824.txt,19,__main__.exp_detection; __main__.exp_human_attribution
arthur_scott_bailey,7836,3,gutenberg_texts/9462.txt; gutenberg_texts/18656.txt; gutenberg_texts/24589.txt,gutenberg_texts/30486.txt,206,__main__.exp_context_drift; __main__.exp_detection; __main__.exp_human_attribution; __main__.exp_llm_attribution
arthur_scott_bailey,7836,3,gutenberg_texts/9462.txt; gutenberg_texts/18656.txt; gutenberg_texts/24589.txt,gutenberg_texts/31581.txt,319,__main__.exp_context_drift; __main__.exp_detection; __main__.exp_human_attribution; __main__.exp_llm_attribution
arthur_scott_bailey,7836,3,gutenberg_texts/9462.txt; gutenberg_texts/18656.txt; gutenberg_texts/24589.txt,gutenberg_texts/31589.txt,319,__main__.exp_context_drift; __main__.exp_detection; __main__.exp_human_attribution; __main__.exp_llm_attribution
arthur_scott_bailey,7836,3,gutenberg_texts/9462.txt; gutenberg_texts/18656.txt; gutenberg_texts/24589.txt,gutenberg_texts/32059.txt,19,__main__.exp_detection; __main__.exp_human_attribution
arthur_scott_bailey,7836,3,gutenberg_texts/9462.txt; gutenberg_texts/18656.txt; gutenberg_texts/24589.txt,gutenberg_texts/32331.txt,319,__main__.exp_context_drift; __main__.exp_detection; __main__.exp_human_attribution; __main__.exp_llm_attribution
arthur_scott_bailey,7836,3,gutenberg_texts/9462.txt; gutenberg_texts/18656.txt; gutenberg_texts/24589.txt,gutenberg_texts/32440.txt,319,__main__.exp_context_drift; __main__.exp_detection; __main__.exp_human_attribution; __main__.exp_llm_attribution
arthur_scott_bailey,7836,3,gutenberg_texts/9462.txt; gutenberg_texts/18656.txt; gutenberg_texts/24589.txt,gutenberg_texts/32542.txt,19,__main__.exp_detection; __main__.exp_human_attribution
arthur_scott_bailey,7836,3,gutenberg_texts/9462.txt; gutenberg_texts/18656.txt; gutenberg_texts/24589.txt,gutenberg_texts/34592.txt,319,__main__.exp_context_drift; __main__.exp_detection; __main__.exp_human_attribution; __main__.exp_llm_attribution
arthur_scott_bailey,7836,3,gutenberg_texts/9462.txt; gutenberg_texts/18656.txt; gutenberg_texts/24589.txt,gutenberg_texts/34832.txt,319,__main__.exp_context_drift; __main__.exp_detection; __main__.exp_human_attribution; __main__.exp_llm_attribution
arthur_scott_bailey,7836,3,gutenberg_texts/9462.txt; gutenberg_texts/18656.txt; gutenberg_texts/24589.txt,gutenberg_texts/35.txt,206,__main__.exp_context_drift; __main__.exp_detection; __main__.exp_human_attribution; __main__.exp_llm_attribution
arthur_scott_bailey,7836,3,gutenberg_texts/9462.txt; gutenberg_texts/18656.txt; gutenberg_texts/24589.txt,gutenberg_texts/35082.txt,19,__main__.exp_detection; __main__.exp_human_attribution
arthur_scott_bailey,7836,3,gutenberg_texts/9462.txt; gutenberg_texts/18656.txt; gutenberg_texts/24589.txt,gutenberg_texts/36.txt,11,__main__.exp_detection; __main__.exp_human_attribution
arthur_scott_bailey,7836,3,gutenberg_texts/9462.txt; gutenberg_texts/18656.txt; gutenberg_texts/24589.txt,gutenberg_texts/3635.txt,319,__main__.exp_context_drift; __main__.exp_detection; __main__.exp_human_attribution; __main__.exp_llm_attribution
arthur_scott_bailey,7836,3,gutenberg_texts/9462.txt; gutenberg_texts/18656.txt; gutenberg_texts/24589.txt,gutenberg_texts/46.txt,154,__main__.exp_context_drift; __main__.exp_detection; __main__.exp_human_attribution; __main__.exp_llm_attribution
arthur_scott_bailey,7836,3,gutenberg_texts/9462.txt; gutenberg_texts/18656.txt; gutenberg_texts/24589.txt,gutenberg_texts/4787.txt,319,__main__.exp_context_drift; __main__.exp_detection; __main__.exp_human_attribution; __main__.exp_llm_attribution
arthur_scott_bailey,7836,3,gutenberg_texts/9462.txt; gutenberg_texts/18656.txt; gutenberg_texts/24589.txt,gutenberg_texts/54629.txt,319,__main__.exp_context_drift; __main__.exp_detection; __main__.exp_human_attribution; __main__.exp_llm_attribution
arthur_scott_bailey,7836,3,gutenberg_texts/9462.txt; gutenberg_texts/18656.txt; gutenberg_texts/24589.txt,gutenberg_texts/54648.txt,319,__main__.exp_context_drift; __main__.exp_detection; __main__.exp_human_attribution; __main__.exp_llm_attribution
arthur_scott_bailey,7836,3,gutenberg_texts/9462.txt; gutenberg_texts/18656.txt; gutenberg_texts/24589.txt,gutenberg_texts/55562.txt,19,__main__.exp_detection; __main__.exp_human_attribution
arthur_scott_bailey,7836,3,gutenberg_texts/9462.txt; gutenberg_texts/18656.txt; gutenberg_texts/24589.txt,gutenberg_texts/5658.txt,206,__main__.exp_context_drift; __main__.exp_detection; __main__.exp_human_attribution; __main__.exp_llm_attribution
arthur_scott_bailey,7836,3,gutenberg_texts/9462.txt; gutenberg_texts/18656.txt; gutenberg_texts/24589.txt,gutenberg_texts/7063.txt,206,__main__.exp_context_drift; __main__.exp_detection; __main__.exp_human_attribution; __main__.exp_llm_attribution
arthur_scott_bailey,7836,3,gutenberg_texts/9462.txt; gutenberg_texts/18656.txt; gutenberg_texts/24589.txt,gutenberg_texts/74.txt,319,__main__.exp_context_drift; __main__.exp_detection; __main__.exp_human_attribution; __main__.exp_llm_attribution
arthur_scott_bailey,7836,3,gutenberg_texts/9462.txt; gutenberg_texts/18656.txt; gutenberg_texts/24589.txt,gutenberg_texts/76.txt,319,__main__.exp_context_drift; __main__.exp_detection; __main__.exp_human_attribution; __main__.exp_llm_attribution
arthur_scott_bailey,7836,3,gutenberg_texts/9462.txt; gutenberg_texts/18656.txt; gutenberg_texts/24589.txt,gutenberg_texts/773.txt,206,__main__.exp_context_drift; __main__.exp_detection; __main__.exp_human_attribution; __main__.exp_llm_attribution
arthur_scott_bailey,7836,3,gutenberg_texts/9462.txt; gutenberg_texts/18656.txt; gutenberg_texts/24589.txt,gutenberg_texts/84.txt,206,__main__.exp_context_drift; __main__.exp_detection; __main__.exp_human_attribution; __main__.exp_llm_attribution
arthur_scott_bailey,7836,3,gutenberg_texts/9462.txt; gutenberg_texts/18656.txt; gutenberg_texts/24589.txt,gutenberg_texts/86.txt,19,__main__.exp_detection; __main__.exp_human_attribution
arthur_scott_bailey,7836,3,gutenberg_texts/9462.txt; gutenberg_texts/18656.txt; gutenberg_texts/24589.txt,gutenberg_texts/8741.txt,319,__main__.exp_context_drift; __main__.exp_detection; __main__.exp_human_attribution; __main__.exp_llm_attribution
arthur_scott_bailey,7836,3,gutenberg_texts/9462.txt; gutenberg_texts/18656.txt; gutenberg_texts/24589.txt,gutenberg_texts/8874.txt,319,__main__.exp_context_drift; __main__.exp_detection; __main__.exp_human_attribution; __main__.exp_llm_attribution
arthur_scott_bailey,7836,3,gutenberg_texts/9462.txt; gutenberg_texts/18656.txt; gutenberg_texts/24589.txt,gutenberg_texts/9182.txt,11,__main__.exp_detection; __main__.exp_human_attribution
arthur_scott_bailey,7836,3,gutenberg_texts/9462.txt; gutenberg_texts/18656.txt; gutenberg_texts/24589.txt,gutenberg_texts/9378.txt,319,__main__.exp_context_drift; __main__.exp_detection; __main__.exp_human_attribution; __main__.exp_llm_attribution
arthur_scott_bailey,5495,2,gutenberg_texts/18656.txt; gutenberg_texts/24589.txt,gutenberg_texts/9462.txt,319,__main__.exp_context_drift; __main__.exp_detection; __main__.exp_human_attribution; __main__.exp_llm_attribution
arthur_scott_bailey,7836,3,gutenberg_texts/9462.txt; gutenberg_texts/18656.txt; gutenberg_texts/24589.txt,gutenberg_texts/9779.txt,19,__main__.exp_detection; __main__.exp_human_attribution
arthur_scott_bailey,7836,3,gutenberg_texts/9462.txt; gutenberg_texts/18656.txt; gutenberg_texts/24589.txt,gutenberg_texts/98.txt,141,__main__.exp_context_drift; __main__.exp_detection; __main__.exp_human_attribution; __main__.exp_llm_attribution
charles_dickens,70598,3,gutenberg_texts/46.txt; gutenberg_texts/98.txt; gutenberg_texts/1400.txt,,7381,__main__.exp_detection; __main__.exp_llm_attribution; __main__.exp_separability
charles_dickens,70598,3,gutenberg_texts/46.txt; gutenberg_texts/98.txt; gutenberg_texts/1400.txt,full_books/agnes_may_fleming_full.txt,206,__main__.exp_context_drift; __main__.exp_detection; __main__.exp_human_attribution; __main__.exp_llm_attribution
charles_dickens,70598,3,gutenberg_texts/46.txt; gutenberg_texts/98.txt; gutenberg_texts/1400.txt,full_books/herbert_george_wells_full.txt,206,__main__.exp_context_drift; __main__.exp_detection; __main__.exp_human_attribution; __main__.exp_llm_attribution
charles_dickens,70598,3,gutenberg_texts/46.txt; gutenberg_texts/98.txt; gutenberg_texts/1400.txt,full_books/jane_austen_full.txt,284,__main__.exp_context_drift; __main__.exp_detection; __main__.exp_human_attribution; __main__.exp_llm_attribution
charles_dickens,70598,3,gutenberg_texts/46.txt; gutenberg_texts/98.txt; gutenberg_texts/1400.txt,gutenberg_texts/12360.txt,206,__main__.exp_context_drift; __main__.exp_detection; __main__.exp_human_attribution; __main__.exp_llm_attribution
charles_dickens,70598,3,gutenberg_texts/46.txt; gutenberg_texts/98.txt; gutenberg_texts/1400.txt,gutenberg_texts/1260.txt,206,__main__.exp_context_drift; __main__.exp_detection; __main__.exp_human_attribution; __main__.exp_llm_attribution
charles_dickens,70598,3,gutenberg_texts/46.txt; gutenberg_texts/98.txt; gutenberg_texts/1400.txt,gutenberg_texts/1342.txt,11,__main__.exp_detection; __main__.exp_human_attribution
charles_dickens,70598,3,gutenberg_texts/46.txt; gutenberg_texts/98.txt; gutenberg_texts/1400.txt,gutenberg_texts/13547.txt,11,__main__.exp_detection; __main__.exp_human_attribution
charles_dickens,70598,3,gutenberg_texts/46.txt; gutenberg_texts/98.txt; gutenberg_texts/1400.txt,gutenberg_texts/13960.txt,206,__main__.exp_context_drift; __main__.exp_detection; __main__.exp_human_attribution; __main__.exp_llm_attribution
charles_dickens,34683,2,gutenberg_texts/46.txt; gutenberg_texts/98.txt,gutenberg_texts/1400.txt,128,__main__.exp_context_drift; __main__.exp_detection; __main__.exp_human_attribution; __main__.exp_llm_attribution
charles_dickens,70598,3,gutenberg_texts/46.txt; gutenberg_texts/98.txt; gutenberg_texts/1400.txt,gutenberg_texts/14522.txt,11,__main__.exp_detection; __main__.exp_human_attribution
charles_dickens,70598,3,gutenberg_texts/46.txt; gutenberg_texts/98.txt; gutenberg_texts/1400.txt,gutenberg_texts/15238.txt,11,__main__.exp_detection; __main__.exp_human_attribution
charles_dickens,70598,3,gutenberg_texts/46.txt; gutenberg_texts/98.txt; gutenberg_texts/1400.txt,gutenberg_texts/15317.txt,11,__main__.exp_detection; __main__.exp_human_attribution
charles_dickens,70598,3,gutenberg_texts/46.txt; gutenberg_texts/98.txt; gutenberg_texts/1400.txt,gutenberg_texts/161.txt,128,__main__.exp_context_drift; __main__.exp_detection; __main__.exp_human_attribution; __main__.exp_llm_attribution
charles_dickens,70598,3,gutenberg_texts/46.txt; gutenberg_texts/98.txt; gutenberg_texts/1400.txt,gutenberg_texts/1661.txt,154,__main__.exp_context_drift; __main__.exp_detection; __main__.exp_human_attribution; __main__.exp_llm_attribution
charles_dickens,70598,3,gutenberg_texts/46.txt; gutenberg_texts/98.txt; gutenberg_texts/1400.txt,gutenberg_texts/16918.txt,206,__main__.exp_context_drift; __main__.exp_detection; __main__.exp_human_attribution; __main__.exp_llm_attribution
charles_dickens,70598,3,gutenberg_texts/46.txt; gutenberg_texts/98.txt; gutenberg_texts/1400.txt,gutenberg_texts/174.txt,206,__main__.exp_context_drift; __main__.exp_detection; __main__.exp_human_attribution; __main__.exp_llm_attribution
charles_dickens,70598,3,gutenberg_texts/46.txt; gutenberg_texts/98.txt; gutenberg_texts/1400.txt,gutenberg_texts/18247.txt,206,__main__.exp_context_drift; __main__.exp_detection; __main__.exp_human_attribution; __main__.exp_llm_attribution
charles_dickens,70598,3,gutenberg_texts/46.txt; gutenberg_texts/98.txt; gutenberg_texts/1400.txt,gutenberg_texts/18656.txt,206,__main__.exp_context_drift; __main__.exp_detection; __main__.exp_human_attribution; __main__.exp_llm_attribution
charles_dickens,70598,3,gutenberg_texts/46.txt; gutenberg_texts/98.txt; gutenberg_texts/1400.txt,gutenberg_texts/2021.txt,11,__main__.exp_detection; __main__.exp_human_attribution
charles_dickens,70598,3,gutenberg_texts/46.txt; gutenberg_texts/98.txt; gutenberg_texts/1400.txt,gutenberg_texts/21107.txt,206,__main__.exp_context_drift; __main__.exp_detection; __main__.exp_human_attribution; __main__.exp_llm_attribution
charles_dickens,70598,3,gutenberg_texts/46.txt; gutenberg_texts/98.txt; gutenberg_texts/1400.txt,gutenberg_texts/21108.txt,11,__main__.exp_detection; __main__.exp_human_attribution
charles_dickens,70598,3,gutenberg_texts/46.txt; gutenberg_texts/98.txt; gutenberg_texts/1400.txt,gutenberg_texts/219.txt,206,__main__.exp_context_drift; __main__.exp_detection; __main__.exp_human_attribution; __main__.exp_llm_attribution
charles_dickens,70598,3,gutenberg_texts/46.txt; gutenberg_texts/98.txt; gutenberg_texts/1400.txt,gutenberg_texts/24267.txt,206,__main__.exp_context_drift; __main__.exp_detection; __main__.exp_human_attribution; __main__.exp_llm_attribution
charles_dickens,70598,3,gutenberg_texts/46.txt; gutenberg_texts/98.txt; gutenberg_texts/1400.txt,gutenberg_texts/244.txt,141,__main__.exp_context_drift; __main__.exp_detection; __main__.exp_human_attribution; __main__.exp_llm_attribution
charles_dickens,70598,3,gutenberg_texts/46.txt; gutenberg_texts/98.txt; gutenberg_texts/1400.txt,gutenberg_texts/24589.txt,11,__main__.exp_detection; __main__.exp_human_attribution
charles_dickens,70598,3,gutenberg_texts/46.txt; gutenberg_texts/98.txt; gutenberg_texts/1400.txt,gutenberg_texts/28301.txt,11,__main__.exp_detection; __main__.exp_human_attribution
charles_dickens,70598,3,gutenberg_texts/46.txt; gutenberg_texts/98.txt; gutenberg_texts/1400.txt,gutenberg_texts/2852.txt,128,__main__.exp_context_drift; __main__.exp_detection; __main__.exp_human_attribution; __main__.exp_llm_attribution
charles_dickens,70598,3,gutenberg_texts/46.txt; gutenberg_texts/98.txt; gutenberg_texts/1400.txt,gutenberg_texts/29824.txt,11,__main__.exp_detection; __main__.exp_human_attribution
charles_dickens,70598,3,gutenberg_texts/46.txt; gutenberg_texts/98.txt; gutenberg_texts/1400.txt,gutenberg_texts/30486.txt,206,__main__.exp_context_drift; __main__.exp_detection; __main__.exp_human_attribution; __main__.exp_llm_attribution
charles_dickens,70598,3,gutenberg_texts/46.txt; gutenberg_texts/98.txt; gutenberg_texts/1400.txt,gutenberg_texts/31581.txt,206,__main__.exp_context_drift; __main__.exp_detection; __main__.exp_human_attribution; __main__.exp_llm_attribution
charles_dickens,70598,3,gutenberg_texts/46.txt; gutenberg_texts/98.txt; gutenberg_texts/1400.txt,gutenberg_texts/31589.txt,206,__main__.exp_context_drift; __main__.exp_detection; __main__.exp_human_attribution; __main__.exp_llm_attribution
charles_dickens,70598,3,gutenberg_texts/46.txt; gutenberg_texts/98.txt; gutenberg_texts/1400.txt,gutenberg_texts/32059.txt,11,__main__.exp_detection; __main__.exp_human_attribution
charles_dickens,70598,3,gutenberg_texts/46.txt; gutenberg_texts/98.txt; gutenberg_texts/1400.txt,gutenberg_texts/32331.txt,206,__main__.exp_context_drift; __main__.exp_detection; __main__.exp_human_attribution; __main__.exp_llm_attribution
charles_dickens,70598,3,gutenberg_texts/46.txt; gutenberg_texts/98.txt; gutenberg_texts/1400.txt,gutenberg_texts/32440.txt,206,__main__.exp_context_drift; __main__.exp_detection; __main__.exp_human_attribution; __main__.exp_llm_attribution
charles_dickens,70598,3,gutenberg_texts/46.txt; gutenberg_texts/98.txt; gutenberg_texts/1400.txt,gutenberg_texts/32542.txt,11,__main__.exp_detection; __main__.exp_human_attribution
charles_dickens,70598,3,gutenberg_texts/46.txt; gutenberg_texts/98.txt; gutenberg_texts/1400.txt,gutenberg_texts/34592.txt,206,__main__.exp_context_drift; __main__.exp_detection; __main__.exp_human_attribution; __main__.exp_llm_attribution
charles_dickens,70598,3,gutenberg_texts/46.txt; gutenberg_texts/98.txt; gutenberg_texts/1400.txt,gutenberg_texts/34832.txt,206,__main__.exp_context_drift; __main__.exp_detection; __main__.exp_human_attribution; __main__.exp_llm_attribution
charles_dickens,70598,3,gutenberg_texts/46.txt; gutenberg_texts/98.txt; gutenberg_texts/1400.txt,gutenberg_texts/35.txt,206,__main__.exp_context_drift; __main__.exp_detection; __main__.exp_human_attribution; __main__.exp_llm_attribution
charles_dickens,70598,3,gutenberg_texts/46.txt; gutenberg_texts/98.txt; gutenberg_texts/1400.txt,gutenberg_texts/35082.txt,11,__main__.exp_detection; __main__.exp_human_attribution
charles_dickens,70598,3,gutenberg_texts/46.txt; gutenberg_texts/98.txt; gutenberg_texts/1400.txt,gutenberg_texts/36.txt,11,__main__.exp_detection; __main__.exp_human_attribution
charles_dickens,70598,3,gutenberg_texts/46.txt; gutenberg_texts/98.txt; gutenberg_texts/1400.txt,gutenberg_texts/3635.txt,206,__main__.exp_context_drift; __main__.exp_detection; __main__.exp_human_attribution; __main__.exp_llm_attribution
charles_dickens,64028,2,gutenberg_texts/98.txt; gutenberg_texts/1400.txt,gutenberg_texts/46.txt,154,__main__.exp_context_drift; __main__.exp_detection; __main__.exp_human_attribution; __main__.exp_llm_attribution
charles_dickens,70598,3,gutenberg_texts/46.txt; gutenberg_texts/98.txt; gutenberg_texts/1400.txt,gutenberg_texts/4787.txt,206,__main__.exp_context_drift; __main__.exp_detection; __main__.exp_human_attribution; __main__.exp_llm_attribution
charles_dickens,70598,3,gutenberg_texts/46.txt; gutenberg_texts/98.txt; gutenberg_texts/1400.txt,gutenberg_texts/54629.txt,206,__main__.exp_context_drift; __main__.exp_detection; __main__.exp_human_attribution; __main__.exp_llm_attribution
charles_dickens,70598,3,gutenberg_texts/46.txt; gutenberg_texts/98.txt; gutenberg_texts/1400.txt,gutenberg_texts/54648.txt,206,__main__.exp_context_drift; __main__.exp_detection; __main__.exp_human_attribution; __main__.exp_llm_attribution
charles_dickens,70598,3,gutenberg_texts/46.txt; gutenberg_texts/98.txt; gutenberg_texts/1400.txt,gutenberg_texts/55562.txt,11,__main__.exp_detection; __main__.exp_human_attribution
charles_dickens,70598,3,gutenberg_texts/46.txt; gutenberg_texts/98.txt; gutenberg_texts/1400.txt,gutenberg_texts/5658.txt,206,__main__.exp_context_drift; __main__.exp_detection; __main__.exp_human_attribution; __main__.exp_llm_attribution
charles_dickens,70598,3,gutenberg_texts/46.txt; gutenberg_texts/98.txt; gutenberg_texts/1400.txt,gutenberg_texts/7063.txt,206,__main__.exp_context_drift; __main__.exp_detection; __main__.exp_human_attribution; __main__.exp_llm_attribution
charles_dickens,70598,3,gutenberg_texts/46.txt; gutenberg_texts/98.txt; gutenberg_texts/1400.txt,gutenberg_texts/74.txt,206,__main__.exp_context_drift; __main__.exp_detection; __main__.exp_human_attribution; __main__.exp_llm_attribution
charles_dickens,70598,3,gutenberg_texts/46.txt; gutenberg_texts/98.txt; gutenberg_texts/1400.txt,gutenberg_texts/76.txt,206,__main__.exp_context_drift; __main__.exp_detection; __main__.exp_human_attribution; __main__.exp_llm_attribution
charles_dickens,70598,3,gutenberg_texts/46.txt; gutenberg_texts/98.txt; gutenberg_texts/1400.txt,gutenberg_texts/773.txt,206,__main__.exp_context_drift; __main__.exp_detection; __main__.exp_human_attribution; __main__.exp_llm_attribution
charles_dickens,70598,3,gutenberg_texts/46.txt; gutenberg_texts/98.txt; gutenberg_texts/1400.txt,gutenberg_texts/84.txt,206,__main__.exp_context_drift; __main__.exp_detection; __main__.exp_human_attribution; __main__.exp_llm_attribution
charles_dickens,70598,3,gutenberg_texts/46.txt; gutenberg_texts/98.txt; gutenberg_texts/1400.txt,gutenberg_texts/86.txt,11,__main__.exp_detection; __main__.exp_human_attribution
charles_dickens,70598,3,gutenberg_texts/46.txt; gutenberg_texts/98.txt; gutenberg_texts/1400.txt,gutenberg_texts/8741.txt,206,__main__.exp_context_drift; __main__.exp_detection; __main__.exp_human_attribution; __main__.exp_llm_attribution
charles_dickens,70598,3,gutenberg_texts/46.txt; gutenberg_texts/98.txt; gutenberg_texts/1400.txt,gutenberg_texts/8874.txt,206,__main__.exp_context_drift; __main__.exp_detection; __main__.exp_human_attribution; __main__.exp_llm_attribution
charles_dickens,70598,3,gutenberg_texts/46.txt; gutenberg_texts/98.txt; gutenberg_texts/1400.txt,gutenberg_texts/9182.txt,11,__main__.exp_detection; __main__.exp_human_attribution
charles_dickens,70598,3,gutenberg_texts/46.txt; gutenberg_texts/98.txt; gutenberg_texts/1400.txt,gutenberg_texts/9378.txt,206,__main__.exp_context_drift; __main__.exp_detection; __main__.exp_human_attribution; __main__.exp_llm_attribution
charles_dickens,70598,3,gutenberg_texts/46.txt; gutenberg_texts/98.txt; gutenberg_texts/1400.txt,gutenberg_texts/9462.txt,206,__main__.exp_context_drift; __main__.exp_detection; __main__.exp_human_attribution; __main__.exp_llm_attribution
charles_dickens,70598,3,gutenberg_texts/46.txt; gutenberg_texts/98.txt; gutenberg_texts/1400.txt,gutenberg_texts/9779.txt,11,__main__.exp_detection; __main__.exp_human_attribution
charles_dickens,42485,2,gutenberg_texts/46.txt; gutenberg_texts/1400.txt,gutenberg_texts/98.txt,141,__main__.exp_context_drift; __main__.exp_detection; __main__.exp_human_attribution; __main__.exp_llm_attribution
charlotte_bronte,122586,3,gutenberg_texts/1260.txt; gutenberg_texts/30486.txt; gutenberg_texts/9182.txt,,7381,__main__.exp_detection; __main__.exp_llm_attribution; __main__.exp_separability
charlotte_bronte,122586,3,gutenberg_texts/1260.txt; gutenberg_texts/30486.txt; gutenberg_texts/9182.txt,full_books/agnes_may_fleming_full.txt,206,__main__.exp_context_drift; __main__.exp_detection; __main__.exp_human_attribution; __main__.exp_llm_attribution
charlotte_bronte,122586,3,gutenberg_texts/1260.txt; gutenberg_texts/30486.txt; gutenberg_texts/9182.txt,full_books/herbert_george_wells_full.txt,206,__main__.exp_context_drift; __main__.exp_detection; __main__.exp_human_attribution; __main__.exp_llm_attribution
charlotte_bronte,122586,3,gutenberg_texts/1260.txt; gutenberg_texts/30486.txt; gutenberg_texts/9182.txt,full_books/jane_austen_full.txt,284,__main__.exp_context_drift; __main__.exp_detection; __main__.exp_human_attribution; __main__.exp_llm_attribution
charlotte_bronte,122586,3,gutenberg_texts/1260.txt; gutenberg_texts/30486.txt; gutenberg_texts/9182.txt,gutenberg_texts/12360.txt,206,__main__.exp_context_drift; __main__.exp_detection; __main__.exp_human_attribution; __main__.exp_llm_attribution
charlotte_bronte,84762,2,gutenberg_texts/30486.txt; gutenberg_texts/9182.txt,gutenberg_texts/1260.txt,206,__main__.exp_context_drift; __main__.exp_detection; __main__.exp_human_attribution; __main__.exp_llm_attribution
charlotte_bronte,122586,3,gutenberg_texts/1260.txt; gutenberg_texts/30486.txt; gutenberg_texts/9182.txt,gutenberg_texts/1342.txt,11,__main__.exp_detection; __main__.exp_human_attribution
charlotte_bronte,122586,3,gutenberg_texts/1260.txt; gutenberg_texts/30486.txt; gutenberg_texts/9182.txt,gutenberg_texts/13547.txt,11,__main__.exp_detection; __main__.exp_human_attribution
charlotte_bronte,122586,3,gutenberg_texts/1260.txt; gutenberg_texts/30486.txt; gutenberg_texts/9182.txt,gutenberg_texts/13960.txt,206,__main__.exp_context_drift; __main__.exp_detection; __main__.exp_human_attribution; __main__.exp_llm_attribution
charlotte_bronte,122586,3,gutenberg_texts/1260.txt; gutenberg_texts/30486.txt; gutenberg_texts/9182.txt,gutenberg_texts/1400.txt,128,__main__.exp_context_drift; __main__.exp_detection; __main__.exp_human_attribution; __main__.exp_llm_attribution
charlotte_bronte,122586,3,gutenberg_texts/1260.txt; gutenberg_texts/30486.txt; gutenberg_texts/9182.txt,gutenberg_texts/14522.txt,11,__main__.exp_detection; __main__.exp_human_attribution
charlotte_bronte,122586,3,gutenberg_texts/1260.txt; gutenberg_texts/30486.txt; gutenberg_texts/9182.txt,gutenberg_texts/15238.txt,11,__main__.exp_detection; __main__.exp_human_attribution
charlotte_bronte,122586,3,gutenberg_texts/1260.txt; gutenberg_texts/30486.txt; gutenberg_texts/9182.txt,gutenberg_texts/15317.txt,11,__main__.exp_detection; __main__.exp_human_attribution
charlotte_bronte,122586,3,gutenberg_texts/1260.txt; gutenberg_texts/30486.txt; gutenberg_texts/9182.txt,gutenberg_texts/161.txt,128,__main__.exp_context_drift; __main__.exp_detection; __main__.exp_human_attribution; __main__.exp_llm_attribution
charlotte_bronte,122586,3,gutenberg_texts/1260.txt; gutenberg_texts/30486.txt; gutenberg_texts/9182.txt,gutenberg_texts/1661.txt,154,__main__.exp_context_drift; __main__.exp_detection; __main__.exp_human_attribution; __main__.exp_llm_attribution
charlotte_bronte,122586,3,gutenberg_texts/1260.txt; gutenberg_texts/30486.txt; gutenberg_texts/9182.txt,gutenberg_texts/16918.txt,206,__main__.exp_context_drift; __main__.exp_detection; __main__.exp_human_attribution; __main__.exp_llm_attribution
charlotte_bronte,122586,3,gutenberg_texts/1260.txt; gutenberg_texts/30486.txt; gutenberg_texts/9182.txt,gutenberg_texts/174.txt,206,__main__.exp_context_drift; __main__.exp_detection; __main__.exp_human_attribution; __main__.exp_llm_attribution
charlotte_bronte,122586,3,gutenberg_texts/1260.txt; gutenberg_texts/30486.txt; gutenberg_texts/9182.txt,gutenberg_texts/18247.txt,206,__main__.exp_context_drift; __main__.exp_detection; __main__.exp_human_attribution; __main__.exp_llm_attribution
charlotte_bronte,122586,3,gutenberg_texts/1260.txt; gutenberg_texts/30486.txt; gutenberg_texts/9182.txt,gutenberg_texts/18656.txt,206,__main__.exp_context_drift; __main__.exp_detection; __main__.exp_human_attribution; __main__.exp_llm_attribution
charlotte_bronte,122586,3,gutenberg_texts/1260.txt; gutenberg_texts/30486.txt; gutenberg_texts/9182.txt,gutenberg_texts/2021.txt,11,__main__.exp_detection; __main__.exp_human_attribution
charlotte_bronte,122586,3,gutenberg_texts/1260.txt; gutenberg_texts/30486.txt; gutenberg_texts/9182.txt,gutenberg_texts/21107.txt,206,__main__.exp_context_drift; __main__.exp_detection; __main__.exp_human_attribution; __main__.exp_llm_attribution
charlotte_bronte,122586,3,gutenberg_texts/1260.txt; gutenberg_texts/30486.txt; gutenberg_texts/9182.txt,gutenberg_texts/21108.txt,11,__main__.exp_detection; __main__.exp_human_attribution
charlotte_bronte,122586,3,gutenberg_texts/1260.txt; gutenberg_texts/30486.txt; gutenberg_texts/9182.txt,gutenberg_texts/219.txt,206,__main__.exp_context_drift; __main__.exp_detection; __main__.exp_human_attribution; __main__.exp_llm_attribution
charlotte_bronte,122586,3,gutenberg_texts/1260.txt; gutenberg_texts/30486.txt; gutenberg_texts/9182.txt,gutenberg_texts/24267.txt,206,__main__.exp_context_drift; __main__.exp_detection; __main__.exp_human_attribution; __main__.exp_llm_attribution
charlotte_bronte,122586,3,gutenberg_texts/1260.txt; gutenberg_texts/30486.txt; gutenberg_texts/9182.txt,gutenberg_texts/244.txt,141,__main__.exp_context_drift; __main__.exp_detection; __main__.exp_human_attribution; __main__.exp_llm_attribution
charlotte_bronte,122586,3,gutenberg_texts/1260.txt; gutenberg_texts/30486.txt; gutenberg_texts/9182.txt,gutenberg_texts/24589.txt,11,__main__.exp_detection; __main__.exp_human_attribution
charlotte_bronte,122586,3,gutenberg_texts/1260.txt; gutenberg_texts/30486.txt; gutenberg_texts/9182.txt,gutenberg_texts/28301.txt,11,__main__.exp_detection; __main__.exp_human_attribution
charlotte_bronte,122586,3,gutenberg_texts/1260.txt; gutenberg_texts/30486.txt; gutenberg_texts/9182.txt,gutenberg_texts/2852.txt,128,__main__.exp_context_drift; __main__.exp_detection; __main__.exp_human_attribution; __main__.exp_llm_attribution
charlotte_bronte,122586,3,gutenberg_texts/1260.txt; gutenberg_texts/30486.txt; gutenberg_texts/9182.txt,gutenberg_texts/29824.txt,11,__main__.exp_detection; __main__.exp_human_attribution
charlotte_bronte,76548,2,gutenberg_texts/1260.txt; gutenberg_texts/9182.txt,gutenberg_texts/30486.txt,206,__main__.exp_context_drift; __main__.exp_detection; __main__.exp_human_attribution; __main__.exp_llm_attribution
charlotte_bronte,122586,3,gutenberg_texts/1260.txt; gutenberg_texts/30486.txt; gutenberg_texts/9182.txt,gutenberg_texts/31581.txt,206,__main__.exp_context_drift; __main__.exp_detection; __main__.exp_human_attribution; __main__.exp_llm_attribution
charlotte_bronte,122586,3,gutenberg_texts/1260.txt; gutenberg_texts/30486.txt; gutenberg_texts/9182.txt,gutenberg_texts/31589.txt,206,__main__.exp_context_drift; __main__.exp_detection; __main__.exp_human_attribution; __main__.exp_llm_attribution
charlotte_bronte,122586,3,gutenberg_texts/1260.txt; gutenberg_texts/30486.txt; gutenberg_texts/9182.txt,gutenberg_texts/32059.txt,11,__main__.exp_detection; __main__.exp_human_attribution
charlotte_bronte,122586,3,gutenberg_texts/1260.txt; gutenberg_texts/30486.txt; gutenberg_texts/9182.txt,gutenberg_texts/32331.txt,206,__main__.exp_context_drift; __main__.exp_detection; __main__.exp_human_attribution; __main__.exp_llm_attribution
charlotte_bronte,122586,3,gutenberg_texts/1260.txt; gutenberg_texts/30486.txt; gutenberg_texts/9182.txt,gutenberg_texts/32440.txt,206,__main__.exp_context_drift; __main__.exp_detection; __main__.exp_human_attribution; __main__.exp_llm_attribution
charlotte_bronte,122586,3,gutenberg_texts/1260.txt; gutenberg_texts/30486.txt; gutenberg_texts/9182.txt,gutenberg_texts/32542.txt,11,__main__.exp_detection; __main__.exp_human_attribution
charlotte_bronte,122586,3,gutenberg_texts/1260.txt; gutenberg_texts/30486.txt; gutenberg_texts/9182.txt,gutenberg_texts/34592.txt,206,__main__.exp_context_drift; __main__.exp_detection; __main__.exp_human_attribution; __main__.exp_llm_attribution
charlotte_bronte,122586,3,gutenberg_texts/1260.txt; gutenberg_texts/30486.txt; gutenberg_texts/9182.txt,gutenberg_texts/34832.txt,206,__main__.exp_context_drift; __main__.exp_detection; __main__.exp_human_attribution; __main__.exp_llm_attribution
charlotte_bronte,122586,3,gutenberg_texts/1260.txt; gutenberg_texts/30486.txt; gutenberg_texts/9182.txt,gutenberg_texts/35.txt,206,__main__.exp_context_drift; __main__.exp_detection; __main__.exp_human_attribution; __main__.exp_llm_attribution
charlotte_bronte,122586,3,gutenberg_texts/1260.txt; gutenberg_texts/30486.txt; gutenberg_texts/9182.txt,gutenberg_texts/35082.txt,11,__main__.exp_detection; __main__.exp_human_attribution
charlotte_bronte,122586,3,gutenberg_texts/1260.txt; gutenberg_texts/30486.txt; gutenberg_texts/9182.txt,gutenberg_texts/36.txt,11,__main__.exp_detection; __main__.exp_human_attribution
charlotte_bronte,122586,3,gutenberg_texts/1260.txt; gutenberg_texts/30486.txt; gutenberg_texts/9182.txt,gutenberg_texts/3635.txt,206,__main__.exp_context_drift; __main__.exp_detection; __main__.exp_human_attribution; __main__.exp_llm_attribution
charlotte_bronte,122586,3,gutenberg_texts/1260.txt; gutenberg_texts/30486.txt; gutenberg_texts/9182.txt,gutenberg_texts/46.txt,154,__main__.exp_context_drift; __main__.exp_detection; __main__.exp_human_attribution; __main__.exp_llm_attribution
charlotte_bronte,122586,3,gutenberg_texts/1260.txt; gutenberg_texts/30486.txt; gutenberg_texts/9182.txt,gutenberg_texts/4787.txt,206,__main__.exp_context_drift; __main__.exp_detection; __main__.exp_human_attribution; __main__.exp_llm_attribution
charlotte_bronte,122586,3,gutenberg_texts/1260.txt; gutenberg_texts/30486.txt; gutenberg_texts/9182.txt,gutenberg_texts/54629.txt,206,__main__.exp_context_drift; __main__.exp_detection; __main__.exp_human_attribution; __main__.exp_llm_attribution
charlotte_bronte,122586,3,gutenberg_texts/1260.txt; gutenberg_texts/30486.txt; gutenberg_texts/9182.txt,gutenberg_texts/54648.txt,206,__main__.exp_context_drift; __main__.exp_detection; __main__.exp_human_attribution; __main__.exp_llm_attribution
charlotte_bronte,122586,3,gutenberg_texts/1260.txt; gutenberg_texts/30486.txt; gutenberg_texts/9182.txt,gutenberg_texts/55562.txt,11,__main__.exp_detection; __main__.exp_human_attribution
charlotte_bronte,122586,3,gutenberg_texts/1260.txt; gutenberg_texts/30486.txt; gutenberg_texts/9182.txt,gutenberg_texts/5658.txt,206,__main__.exp_context_drift; __main__.exp_detection; __main__.exp_human_attribution; __main__.exp_llm_attribution
charlotte_bronte,122586,3,gutenberg_texts/1260.txt; gutenberg_texts/30486.txt; gutenberg_texts/9182.txt,gutenberg_texts/7063.txt,206,__main__.exp_context_drift; __main__.exp_detection; __main__.exp_human_attribution; __main__.exp_llm_attribution
charlotte_bronte,122586,3,gutenberg_texts/1260.txt; gutenberg_texts/30486.txt; gutenberg_texts/9182.txt,gutenberg_texts/74.txt,206,__main__.exp_context_drift; __main__.exp_detection; __main__.exp_human_attribution; __main__.exp_llm_attribution
charlotte_bronte,122586,3,gutenberg_texts/1260.txt; gutenberg_texts/30486.txt; gutenberg_texts/9182.txt,gutenberg_texts/76.txt,206,__main__.exp_context_drift; __main__.exp_detection; __main__.exp_human_attribution; __main__.exp_llm_attribution
charlotte_bronte,122586,3,gutenberg_texts/1260.txt; gutenberg_texts/30486.txt; gutenberg_texts/9182.txt,gutenberg_texts/773.txt,206,__main__.exp_context_drift; __main__.exp_detection; __main__.exp_human_attribution; __main__.exp_llm_attribution
charlotte_bronte,122586,3,gutenberg_texts/1260.txt; gutenberg_texts/30486.txt; gutenberg_texts/9182.txt,gutenberg_texts/84.txt,206,__main__.exp_context_drift; __main__.exp_detection; __main__.exp_human_attribution; __main__.exp_llm_attribution
charlotte_bronte,122586,3,gutenberg_texts/1260.txt; gutenberg_texts/30486.txt; gutenberg_texts/9182.txt,gutenberg_texts/86.txt,11,__main__.exp_detection; __main__.exp_human_attribution
charlotte_bronte,122586,3,gutenberg_texts/1260.txt; gutenberg_texts/30486.txt; gutenberg_texts/9182.txt,gutenberg_texts/8741.txt,206,__main__.exp_context_drift; __main__.exp_detection; __main__.exp_human_attribution; __main__.exp_llm_attribution
charlotte_bronte,122586,3,gutenberg_texts/1260.txt; gutenberg_texts/30486.txt; gutenberg_texts/9182.txt,gutenberg_texts/8874.txt,206,__main__.exp_context_drift; __main__.exp_detection; __main__.exp_human_attribution; __main__.exp_llm_attribution
charlotte_bronte,83862,2,gutenberg_texts/1260.txt; gutenberg_texts/30486.txt,gutenberg_texts/9182.txt,11,__main__.exp_detection; __main__.exp_human_attribution
charlotte_bronte,122586,3,gutenberg_texts/1260.txt; gutenberg_texts/30486.txt; gutenberg_texts/9182.txt,gutenberg_texts/9378.txt,206,__main__.exp_context_drift; __main__.exp_detection; __main__.exp_human_attribution; __main__.exp_llm_attribution
charlotte_bronte,122586,3,gutenberg_texts/1260.txt; gutenberg_texts/30486.txt; gutenberg_texts/9182.txt,gutenberg_texts/9462.txt,206,__main__.exp_context_drift; __main__.exp_detection; __main__.exp_human_attribution; __main__.exp_llm_attribution
charlotte_bronte,122586,3,gutenberg_texts/1260.txt; gutenberg_texts/30486.txt; gutenberg_texts/9182.txt,gutenberg_texts/9779.txt,11,__main__.exp_detection; __main__.exp_human_attribution
charlotte_bronte,122586,3,gutenberg_texts/1260.txt; gutenberg_texts/30486.txt; gutenberg_texts/9182.txt,gutenberg_texts/98.txt,141,__main__.exp_context_drift; __main__.exp_detection; __main__.exp_human_attribution; __main__.exp_llm_attribution
ethel_m_dell,80963,3,gutenberg_texts/12360.txt; gutenberg_texts/13960.txt; gutenberg_texts/13547.txt,,9721,__main__.exp_detection; __main__.exp_llm_attribution; __main__.exp_separability
ethel_m_dell,80963,3,gutenberg_texts/12360.txt; gutenberg_texts/13960.txt; gutenberg_texts/13547.txt,full_books/agnes_may_fleming_full.txt,206,__main__.exp_context_drift; __main__.exp_detection; __main__.exp_human_attribution; __main__.exp_llm_attribution
ethel_m_dell,80963,3,gutenberg_texts/12360.txt; gutenberg_texts/13960.txt; gutenberg_texts/13547.txt,full_books/herbert_george_wells_full.txt,206,__main__.exp_context_drift; __main__.exp_detection; __main__.exp_human_attribution; __main__.exp_llm_attribution
ethel_m_dell,80963,3,gutenberg_texts/12360.txt; gutenberg_texts/13960.txt; gutenberg_texts/13547.txt,full_books/jane_austen_full.txt,439,__main__.exp_context_drift; __main__.exp_detection; __main__.exp_human_attribution; __main__.exp_llm_attribution
ethel_m_dell,57518,2,gutenberg_texts/13960.txt; gutenberg_texts/13547.txt,gutenberg_texts/12360.txt,319,__main__.exp_context_drift; __main__.exp_detection; __main__.exp_human_attribution; __main__.exp_llm_attribution
ethel_m_dell,80963,3,gutenberg_texts/12360.txt; gutenberg_texts/13960.txt; gutenberg_texts/13547.txt,gutenberg_texts/1260.txt,206,__main__.exp_context_drift; __main__.exp_detection; __main__.exp_human_attribution; __main__.exp_llm_attribution
ethel_m_dell,80963,3,gutenberg_texts/12360.txt; gutenberg_texts/13960.txt; gutenberg_texts/13547.txt,gutenberg_texts/1342.txt,19,__main__.exp_detection; __main__.exp_human_attribution
ethel_m_dell,46790,2,gutenberg_texts/12360.txt; gutenberg_texts/13960.txt,gutenberg_texts/13547.txt,19,__main__.exp_detection; __main__.exp_human_attribution
ethel_m_dell,57618,2,gutenberg_texts/12360.txt; gutenberg_texts/13547.txt,gutenberg_texts/13960.txt,319,__main__.exp_context_drift; __main__.exp_detection; __main__.exp_human_attribution; __main__.exp_llm_attribution
ethel_m_dell,80963,3,gutenberg_texts/12360.txt; gutenberg_texts/13960.txt; gutenberg_texts/13547.txt,gutenberg_texts/1400.txt,128,__main__.exp_context_drift; __main__.exp_detection; __main__.exp_human_attribution; __main__.exp_llm_attribution
ethel_m_dell,80963,3,gutenberg_texts/12360.txt; gutenberg_texts/13960.txt; gutenberg_texts/13547.txt,gutenberg_texts/14522.txt,11,__main__.exp_detection; __main__.exp_human_attribution
ethel_m_dell,80963,3,gutenberg_texts/12360.txt; gutenberg_texts/13960.txt; gutenberg_texts/13547.txt,gutenberg_texts/15238.txt,11,__main__.exp_detection; __main__.exp_human_attribution
ethel_m_dell,80963,3,gutenberg_texts/12360.txt; gutenberg_texts/13960.txt; gutenberg_texts/13547.txt,gutenberg_texts/15317.txt,11,__main__.exp_detection; __main__.exp_human_attribution
ethel_m_dell,80963,3,gutenberg_texts/12360.txt; gutenberg_texts/13960.txt; gutenberg_texts/13547.txt,gutenberg_texts/161.txt,199,__main__.exp_context_drift; __main__.exp_detection; __main__.exp_human_attribution; __main__.exp_llm_attribution
ethel_m_dell,80963,3,gutenberg_texts/12360.txt; gutenberg_texts/13960.txt; gutenberg_texts/13547.txt,gutenberg_texts/1661.txt,239,__main__.exp_context_drift; __main__.exp_detection; __main__.exp_human_attribution; __main__.exp_llm_attribution
ethel_m_dell,80963,3,gutenberg_texts/12360.txt; gutenberg_texts/13960.txt; gutenberg_texts/13547.txt,gutenberg_texts/16918.txt,319,__main__.exp_context_drift; __main__.exp_detection; __main__.exp_human_attribution; __main__.exp_llm_attribution
ethel_m_dell,80963,3,gutenberg_texts/12360.txt; gutenberg_texts/13960.txt; gutenberg_texts/13547.txt,gutenberg_texts/174.txt,206,__main__.exp_context_drift; __main__.exp_detection; __main__.exp_human_attribution; __main__.exp_llm_attribution
ethel_m_dell,80963,3,gutenberg_texts/12360.txt; gutenberg_texts/13960.txt; gutenberg_texts/13547.txt,gutenberg_texts/18247.txt,206,__main__.exp_context_drift; __main__.exp_detection; __main__.exp_human_attribution; __main__.exp_llm_attribution
ethel_m_dell,80963,3,gutenberg_texts/12360.txt; gutenberg_texts/13960.txt; gutenberg_texts/13547.txt,gutenberg_texts/18656.txt,319,__main__.exp_context_drift; __main__.exp_detection; __main__.exp_human_attribution; __main__.exp_llm_attribution
ethel_m_dell,80963,3,gutenberg_texts/12360.txt; gutenberg_texts/13960.txt; gutenberg_texts/13547.txt,gutenberg_texts/2021.txt,11,__main__.exp_detection; __main__.exp_human_attribution
ethel_m_dell,80963,3,gutenberg_texts/12360.txt; gutenberg_texts/13960.txt; gutenberg_texts/13547.txt,gutenberg_texts/21107.txt,319,__main__.exp_context_drift; __main__.exp_detection; __main__.exp_human_attribution; __main__.exp_llm_attribution
ethel_m_dell,80963,3,gutenberg_texts/12360.txt; gutenberg_texts/13960.txt; gutenberg_texts/13547.txt,gutenberg_texts/21108.txt,19,__main__.exp_detection; __main__.exp_human_attribution
ethel_m_dell,80963,3,gutenberg_texts/12360.txt; gutenberg_texts/13960.txt; gutenberg_texts/13547.txt,gutenberg_texts/219.txt,206,__main__.exp_context_drift; __main__.exp_detection; __main__.exp_human_attribution; __main__.exp_llm_attribution
ethel_m_dell,80963,3,gutenberg_texts/12360.txt; gutenberg_texts/13960.txt; gutenberg_texts/13547.txt,gutenberg_texts/24267.txt,319,__main__.exp_context_drift; __main__.exp_detection; __main__.exp_human_attribution; __main__.exp_llm_attribution
ethel_m_dell,80963,3,gutenberg_texts/12360.txt; gutenberg_texts/13960.txt; gutenberg_texts/13547.txt,gutenberg_texts/244.txt,219,__main__.exp_context_drift; __main__.exp_detection; __main__.exp_human_attribution; __main__.exp_llm_attribution
ethel_m_dell,80963,3,gutenberg_texts/12360.txt; gutenberg_texts/13960.txt; gutenberg_texts/13547.txt,gutenberg_texts/24589.txt,19,__main__.exp_detection; __main__.exp_human_attribution
ethel_m_dell,80963,3,gutenberg_texts/12360.txt; gutenberg_texts/13960.txt; gutenberg_texts/13547.txt,gutenberg_texts/28301.txt,19,__main__.exp_detection; __main__.exp_human_attribution
ethel_m_dell,80963,3,gutenberg_texts/12360.txt; gutenberg_texts/13960.txt; gutenberg_texts/13547.txt,gutenberg_texts/2852.txt,199,__main__.exp_context_drift; __main__.exp_detection; __main__.exp_human_attribution; __main__.exp_llm_attribution
ethel_m_dell,80963,3,gutenberg_texts/12360.txt; gutenberg_texts/13960.txt; gutenberg_texts/13547.txt,gutenberg_texts/29824.txt,19,__main__.exp_detection; __main__.exp_human_attribution
ethel_m_dell,80963,3,gutenberg_texts/12360.txt; gutenberg_texts/13960.txt; gutenberg_texts/13547.txt,gutenberg_texts/30486.txt,206,__main__.exp_context_drift; __main__.exp_detection; __main__.exp_human_attribution; __main__.exp_llm_attribution
ethel_m_dell,80963,3,gutenberg_texts/12360.txt; gutenberg_texts/13960.txt; gutenberg_texts/13547.txt,gutenberg_texts/31581.txt,319,__main__.exp_context_drift; __main__.exp_detection; __main__.exp_human_attribution; __main__.exp_llm_attribution
ethel_m_dell,80963,3,gutenberg_texts/12360.txt; gutenberg_texts/13960.txt; gutenberg_texts/13547.txt,gutenberg_texts/31589.txt,319,__main__.exp_context_drift; __main__.exp_detection; __main__.exp_human_attribution; __main__.exp_llm_attribution
ethel_m_dell,80963,3,gutenberg_texts/12360.txt; gutenberg_texts/13960.txt; gutenberg_texts/13547.txt,gutenberg_texts/32059.txt,19,__main__.exp_detection; __main__.exp_human_attribution
ethel_m_dell,80963,3,gutenberg_texts/12360.txt; gutenberg_texts/13960.txt; gutenberg_texts/13547.txt,gutenberg_texts/32331.txt,319,__main__.exp_context_drift; __main__.exp_detection; __main__.exp_human_attribution; __main__.exp_llm_attribution
ethel_m_dell,80963,3,gutenberg_texts/12360.txt; gutenberg_texts/13960.txt; gutenberg_texts/13547.txt,gutenberg_texts/32440.txt,319,__main__.exp_context_drift; __main__.exp_detection; __main__.exp_human_attribution; __main__.exp_llm_attribution
ethel_m_dell,80963,3,gutenberg_texts/12360.txt; gutenberg_texts/13960.txt; gutenberg_texts/13547.txt,gutenberg_texts/32542.txt,19,__main__.exp_detection; __main__.exp_human_attribution
ethel_m_dell,80963,3,gutenberg_texts/12360.txt; gutenberg_texts/13960.txt; gutenberg_texts/13547.txt,gutenberg_texts/34592.txt,319,__main__.exp_context_drift; __main__.exp_detection; __main__.exp_human_attribution; __main__.exp_llm_attribution
ethel_m_dell,80963,3,gutenberg_texts/12360.txt; gutenberg_texts/13960.txt; gutenberg_texts/13547.txt,gutenberg_texts/34832.txt,319,__main__.exp_context_drift; __main__.exp_detection; __main__.exp_human_attribution; __main__.exp_llm_attribution
ethel_m_dell,80963,3,gutenberg_texts/12360.txt; gutenberg_texts/13960.txt; gutenberg_texts/13547.txt,gutenberg_texts/35.txt,206,__main__.exp_context_drift; __main__.exp_detection; __main__.exp_human_attribution; __main__.exp_llm_attribution
ethel_m_dell,80963,3,gutenberg_texts/12360.txt; gutenberg_texts/13960.txt; gutenberg_texts/13547.txt,gutenberg_texts/35082.txt,19,__main__.exp_detection; __main__.exp_human_attribution
ethel_m_dell,80963,3,gutenberg_texts/12360.txt; gutenberg_texts/13960.txt; gutenberg_texts/13547.txt,gutenberg_texts/36.txt,11,__main__.exp_detection; __main__.exp_human_attribution
ethel_m_dell,80963,3,gutenberg_texts/12360.txt; gutenberg_texts/13960.txt; gutenberg_texts/13547.txt,gutenberg_texts/3635.txt,319,__main__.exp_context_drift; __main__.exp_detection; __main__.exp_human_attribution; __main__.exp_llm_attribution
ethel_m_dell,80963,3,gutenberg_texts/12360.txt; gutenberg_texts/13960.txt; gutenberg_texts/13547.txt,gutenberg_texts/46.txt,154,__main__.exp_context_drift; __main__.exp_detection; __main__.exp_human_attribution; __main__.exp_llm_attribution
ethel_m_dell,80963,3,gutenberg_texts/12360.txt; gutenberg_texts/13960.txt; gutenberg_texts/13547.txt,gutenberg_texts/4787.txt,319,__main__.exp_context_drift; __main__.exp_detection; __main__.exp_human_attribution; __main__.exp_llm_attribution
ethel_m_dell,80963,3,gutenberg_texts/12360.txt; gutenberg_texts/13960.txt; gutenberg_texts/13547.txt,gutenberg_texts/54629.txt,319,__main__.exp_context_drift; __main__.exp_detection; __main__.exp_human_attribution; __main__.exp_llm_attribution
ethel_m_dell,80963,3,gutenberg_texts/12360.txt; gutenberg_texts/13960.txt; gutenberg_texts/13547.txt,gutenberg_texts/54648.txt,319,__main__.exp_context_drift; __main__.exp_detection; __main__.exp_human_attribution; __main__.exp_llm_attribution
ethel_m_dell,80963,3,gutenberg_texts/12360.txt; gutenberg_texts/13960.txt; gutenberg_texts/13547.txt,gutenberg_texts/55562.txt,19,__main__.exp_detection; __main__.exp_human_attribution
ethel_m_dell,80963,3,gutenberg_texts/12360.txt; gutenberg_texts/13960.txt; gutenberg_texts/13547.txt,gutenberg_texts/5658.txt,206,__main__.exp_context_drift; __main__.exp_detection; __main__.exp_human_attribution; __main__.exp_llm_attribution
ethel_m_dell,80963,3,gutenberg_texts/12360.txt; gutenberg_texts/13960.txt; gutenberg_texts/13547.txt,gutenberg_texts/7063.txt,206,__main__.exp_context_drift; __main__.exp_detection; __main__.exp_human_attribution; __main__.exp_llm_attribution
ethel_m_dell,80963,3,gutenberg_texts/12360.txt; gutenberg_texts/13960.txt; gutenberg_texts/13547.txt,gutenberg_texts/74.txt,319,__main__.exp_context_drift; __main__.exp_detection; __main__.exp_human_attribution; __main__.exp_llm_attribution
ethel_m_dell,80963,3,gutenberg_texts/12360.txt; gutenberg_texts/13960.txt; gutenberg_texts/13547.txt,gutenberg_texts/76.txt,319,__main__.exp_context_drift; __main__.exp_detection; __main__.exp_human_attribution; __main__.exp_llm_attribution
ethel_m_dell,80963,3,gutenberg_texts/12360.txt; gutenberg_texts/13960.txt; gutenberg_texts/13547.txt,gutenberg_texts/773.txt,206,__main__.exp_context_drift; __main__.exp_detection; __main__.exp_human_attribution; __main__.exp_llm_attribution
ethel_m_dell,80963,3,gutenberg_texts/12360.txt; gutenberg_texts/13960.txt; gutenberg_texts/13547.txt,gutenberg_texts/84.txt,206,__main__.exp_context_drift; __main__.exp_detection; __main__.exp_human_attribution; __main__.exp_llm_attribution
ethel_m_dell,80963,3,gutenberg_texts/12360.txt; gutenberg_texts/13960.txt; gutenberg_texts/13547.txt,gutenberg_texts/86.txt,19,__main__.exp_detection; __main__.exp_human_attribution
ethel_m_dell,80963,3,gutenberg_texts/12360.txt; gutenberg_texts/13960.txt; gutenberg_texts/13547.txt,gutenberg_texts/8741.txt,319,__main__.exp_context_drift; __main__.exp_detection; __main__.exp_human_attribution; __main__.exp_llm_attribution
ethel_m_dell,80963,3,gutenberg_texts/12360.txt; gutenberg_texts/13960.txt; gutenberg_texts/13547.txt,gutenberg_texts/8874.txt,319,__main__.exp_context_drift; __main__.exp_detection; __main__.exp_human_attribution; __main__.exp_llm_attribution
ethel_m_dell,80963,3,gutenberg_texts/12360.txt; gutenberg_texts/13960.txt; gutenberg_texts/13547.txt,gutenberg_texts/9182.txt,11,__main__.exp_detection; __main__.exp_human_attribution
ethel_m_dell,80963,3,gutenberg_texts/12360.txt; gutenberg_texts/13960.txt; gutenberg_texts/13547.txt,gutenberg_texts/9378.txt,319,__main__.exp_context_drift; __main__.exp_detection; __main__.exp_human_attribution; __main__.exp_llm_attribution
ethel_m_dell,80963,3,gutenberg_texts/12360.txt; gutenberg_texts/13960.txt; gutenberg_texts/13547.txt,gutenberg_texts/9462.txt,319,__main__.exp_context_drift; __main__.exp_detection; __main__.exp_human_attribution; __main__.exp_llm_attribution
ethel_m_dell,80963,3,gutenberg_texts/12360.txt; gutenberg_texts/13960.txt; gutenberg_texts/13547.txt,gutenberg_texts/9779.txt,19,__main__.exp_detection; __main__.exp_human_attribution
ethel_m_dell,80963,3,gutenberg_texts/12360.txt; gutenberg_texts/13960.txt; gutenberg_texts/13547.txt,gutenberg_texts/98.txt,141,__main__.exp_context_drift; __main__.exp_detection; __main__.exp_human_attribution; __main__.exp_llm_attribution
harold_l_goodwin,25310,3,gutenberg_texts/31581.txt; gutenberg_texts/31589.txt; gutenberg_texts/32059.txt,,9721,__main__.exp_detection; __main__.exp_llm_attribution; __main__.exp_separability
harold_l_goodwin,25310,3,gutenberg_texts/31581.txt; gutenberg_texts/31589.txt; gutenberg_texts/32059.txt,full_books/agnes_may_fleming_full.txt,206,__main__.exp_context_drift; __main__.exp_detection; __main__.exp_human_attribution; __main__.exp_llm_attribution
harold_l_goodwin,25310,3,gutenberg_texts/31581.txt; gutenberg_texts/31589.txt; gutenberg_texts/32059.txt,full_books/herbert_george_wells_full.txt,206,__main__.exp_context_drift; __main__.exp_detection; __main__.exp_human_attribution; __main__.exp_llm_attribution
harold_l_goodwin,25310,3,gutenberg_texts/31581.txt; gutenberg_texts/31589.txt; gutenberg_texts/32059.txt,full_books/jane_austen_full.txt,439,__main__.exp_context_drift; __main__.exp_detection; __main__.exp_human_attribution; __main__.exp_llm_attribution
harold_l_goodwin,25310,3,gutenberg_texts/31581.txt; gutenberg_texts/31589.txt; gutenberg_texts/32059.txt,gutenberg_texts/12360.txt,319,__main__.exp_context_drift; __main__.exp_detection; __main__.exp_human_attribution; __main__.exp_llm_attribution
harold_l_goodwin,25310,3,gutenberg_texts/31581.txt; gutenberg_texts/31589.txt; gutenberg_texts/32059.txt,gutenberg_texts/1260.txt,206,__main__.exp_context_drift; __main__.exp_detection; __main__.exp_human_attribution; __main__.exp_llm_attribution
harold_l_goodwin,25310,3,gutenberg_texts/31581.txt; gutenberg_texts/31589.txt; gutenberg_texts/32059.txt,gutenberg_texts/1342.txt,19,__main__.exp_detection; __main__.exp_human_attribution
harold_l_goodwin,25310,3,gutenberg_texts/31581.txt; gutenberg_texts/31589.txt; gutenberg_texts/32059.txt,gutenberg_texts/13547.txt,19,__main__.exp_detection; __main__.exp_human_attribution
harold_l_goodwin,25310,3,gutenberg_texts/31581.txt; gutenberg_texts/31589.txt; gutenberg_texts/32059.txt,gutenberg_texts/13960.txt,319,__main__.exp_context_drift; __main__.exp_detection; __main__.exp_human_attribution; __main__.exp_llm_attribution
harold_l_goodwin,25310,3,gutenberg_texts/31581.txt; gutenberg_texts/31589.txt; gutenberg_texts/32059.txt,gutenberg_texts/1400.txt,128,__main__.exp_context_drift; __main__.exp_detection; __main__.exp_human_attribution; __main__.exp_llm_attribution
harold_l_goodwin,25310,3,gutenberg_texts/31581.txt; gutenberg_texts/31589.txt; gutenberg_texts/32059.txt,gutenberg_texts/14522.txt,11,__main__.exp_detection; __main__.exp_human_attribution
harold_l_goodwin,25310,3,gutenberg_texts/31581.txt; gutenberg_texts/31589.txt; gutenberg_texts/32059.txt,gutenberg_texts/15238.txt,11,__main__.exp_detection; __main__.exp_human_attribution
harold_l_goodwin,25310,3,gutenberg_texts/31581.txt; gutenberg_texts/31589.txt; gutenberg_texts/32059.txt,gutenberg_texts/15317.txt,11,__main__.exp_detection; __main__.exp_human_attribution
harold_l_goodwin,25310,3,gutenberg_texts/31581.txt; gutenberg_texts/31589.txt; gutenberg_texts/32059.txt,gutenberg_texts/161.txt,199,__main__.exp_context_drift; __main__.exp_detection; __main__.exp_human_attribution; __main__.exp_llm_attribution
harold_l_goodwin,25310,3,gutenberg_texts/31581.txt; gutenberg_texts/31589.txt; gutenberg_texts/32059.txt,gutenberg_texts/1661.txt,239,__main__.exp_context_drift; __main__.exp_detection; __main__.exp_human_attribution; __main__.exp_llm_attribution
harold_l_goodwin,25310,3,gutenberg_texts/31581.txt; gutenberg_texts/31589.txt; gutenberg_texts/32059.txt,gutenberg_texts/16918.txt,319,__main__.exp_context_drift; __main__.exp_detection; __main__.exp_human_attribution; __main__.exp_llm_attribution
harold_l_goodwin,25310,3,gutenberg_texts/31581.txt; gutenberg_texts/31589.txt; gutenberg_texts/32059.txt,gutenberg_texts/174.txt,206,__main__.exp_context_drift; __main__.exp_detection; __main__.exp_human_attribution; __main__.exp_llm_attribution
harold_l_goodwin,25310,3,gutenberg_texts/31581.txt; gutenberg_texts/31589.txt; gutenberg_texts/32059.txt,gutenberg_texts/18247.txt,206,__main__.exp_context_drift; __main__.exp_detection; __main__.exp_human_attribution; __main__.exp_llm_attribution
harold_l_goodwin,25310,3,gutenberg_texts/31581.txt; gutenberg_texts/31589.txt; gutenberg_texts/32059.txt,gutenberg_texts/18656.txt,319,__main__.exp_context_drift; __main__.exp_detection; __main__.exp_human_attribution; __main__.exp_llm_attribution
harold_l_goodwin,25310,3,gutenberg_texts/31581.txt; gutenberg_texts/31589.txt; gutenberg_texts/32059.txt,gutenberg_texts/2021.txt,11,__main__.exp_detection; __main__.exp_human_attribution
harold_l_goodwin,25310,3,gutenberg_texts/31581.txt; gutenberg_texts/31589.txt; gutenberg_texts/32059.txt,gutenberg_texts/21107.txt,319,__main__.exp_context_drift; __main__.exp_detection; __main__.exp_human_attribution; __main__.exp_llm_attribution
harold_l_goodwin,25310,3,gutenberg_texts/31581.txt; gutenberg_texts/31589.txt; gutenberg_texts/32059.txt,gutenberg_texts/21108.txt,19,__main__.exp_detection; __main__.exp_human_attribution
harold_l_goodwin,25310,3,gutenberg_texts/31581.txt; gutenberg_texts/31589.txt; gutenberg_texts/32059.txt,gutenberg_texts/219.txt,206,__main__.exp_context_drift; __main__.exp_detection; __main__.exp_human_attribution; __main__.exp_llm_attribution
harold_l_goodwin,25310,3,gutenberg_texts/31581.txt; gutenberg_texts/31589.txt; gutenberg_texts/32059.txt,gutenberg_texts/24267.txt,319,__main__.exp_context_drift; __main__.exp_detection; __main__.exp_human_attribution; __main__.exp_llm_attribution
harold_l_goodwin,25310,3,gutenberg_texts/31581.txt; gutenberg_texts/31589.txt; gutenberg_texts/32059.txt,gutenberg_texts/244.txt,219,__main__.exp_context_drift; __main__.exp_detection; __main__.exp_human_attribution; __main__.exp_llm_attribution
harold_l_goodwin,25310,3,gutenberg_texts/31581.txt; gutenberg_texts/31589.txt; gutenberg_texts/32059.txt,gutenberg_texts/24589.txt,19,__main__.exp_detection; __main__.exp_human_attribution
harold_l_goodwin,25310,3,gutenberg_texts/31581.txt; gutenberg_texts/31589.txt; gutenberg_texts/32059.txt,gutenberg_texts/28301.txt,19,__main__.exp_detection; __main__.exp_human_attribution
harold_l_goodwin,25310,3,gutenberg_texts/31581.txt; gutenberg_texts/31589.txt; gutenberg_texts/32059.txt,gutenberg_texts/2852.txt,199,__main__.exp_context_drift; __main__.exp_detection; __main__.exp_human_attribution; __main__.exp_llm_attribution
harold_l_goodwin,25310,3,gutenberg_texts/31581.txt; gutenberg_texts/31589.txt; gutenberg_texts/32059.txt,gutenberg_texts/29824.txt,19,__main__.exp_detection; __main__.exp_human_attribution
harold_l_goodwin,25310,3,gutenberg_texts/31581.txt; gutenberg_texts/31589.txt; gutenberg_texts/32059.txt,gutenberg_texts/30486.txt,206,__main__.exp_context_drift; __main__.exp_detection; __main__.exp_human_attribution; __main__.exp_llm_attribution
harold_l_goodwin,16573,2,gutenberg_texts/31589.txt; gutenberg_texts/32059.txt,gutenberg_texts/31581.txt,319,__main__.exp_context_drift; __main__.exp_detection; __main__.exp_human_attribution; __main__.exp_llm_attribution
harold_l_goodwin,16761,2,gutenberg_texts/31581.txt; gutenberg_texts/32059.txt,gutenberg_texts/31589.txt,319,__main__.exp_context_drift; __main__.exp_detection; __main__.exp_human_attribution; __main__.exp_llm_attribution
harold_l_goodwin,17286,2,gutenberg_texts/31581.txt; gutenberg_texts/31589.txt,gutenberg_texts/32059.txt,19,__main__.exp_detection; __main__.exp_human_attribution
harold_l_goodwin,25310,3,gutenberg_texts/31581.txt; gutenberg_texts/31589.txt; gutenberg_texts/32059.txt,gutenberg_texts/32331.txt,319,__main__.exp_context_drift; __main__.exp_detection; __main__.exp_human_attribution; __main__.exp_llm_attribution
harold_l_goodwin,25310,3,gutenberg_texts/31581.txt; gutenberg_texts/31589.txt; gutenberg_texts/32059.txt,gutenberg_texts/32440.txt,319,__main__.exp_context_drift; __main__.exp_detection; __main__.exp_human_attribution; __main__.exp_llm_attribution
harold_l_goodwin,25310,3,gutenberg_texts/31581.txt; gutenberg_texts/31589.txt; gutenberg_texts/32059.txt,gutenberg_texts/32542.txt,19,__main__.exp_detection; __main__.exp_human_attribution
harold_l_goodwin,25310,3,gutenberg_texts/31581.txt; gutenberg_texts/31589.txt; gutenberg_texts/32059.txt,gutenberg_texts/34592.txt,319,__main__.exp_context_drift; __main__.exp_detection; __main__.exp_human_attribution; __main__.exp_llm_attribution
harold_l_goodwin,25310,3,gutenberg_texts/31581.txt; gutenberg_texts/31589.txt; gutenberg_texts/32059.txt,gutenberg_texts/34832.txt,319,__main__.exp_context_drift; __main__.exp_detection; __main__.exp_human_attribution; __main__.exp_llm_attribution
harold_l_goodwin,25310,3,gutenberg_texts/31581.txt; gutenberg_texts/31589.txt; gutenberg_texts/32059.txt,gutenberg_texts/35.txt,206,__main__.exp_context_drift; __main__.exp_detection; __main__.exp_human_attribution; __main__.exp_llm_attribution
harold_l_goodwin,25310,3,gutenberg_texts/31581.txt; gutenberg_texts/31589.txt; gutenberg_texts/32059.txt,gutenberg_texts/35082.txt,19,__main__.exp_detection; __main__.exp_human_attribution
harold_l_goodwin,25310,3,gutenberg_texts/31581.txt; gutenberg_texts/31589.txt; gutenberg_texts/32059.txt,gutenberg_texts/36.txt,11,__main__.exp_detection; __main__.exp_human_attribution
harold_l_goodwin,25310,3,gutenberg_texts/31581.txt; gutenberg_texts/31589.txt; gutenberg_texts/32059.txt,gutenberg_texts/3635.txt,319,__main__.exp_context_drift; __main__.exp_detection; __main__.exp_human_attribution; __main__.exp_llm_attribution
harold_l_goodwin,25310,3,gutenberg_texts/31581.txt; gutenberg_texts/31589.txt; gutenberg_texts/32059.txt,gutenberg_texts/46.txt,154,__main__.exp_context_drift; __main__.exp_detection; __main__.exp_human_attribution; __main__.exp_llm_attribution
harold_l_goodwin,25310,3,gutenberg_texts/31581.txt; gutenberg_texts/31589.txt; gutenberg_texts/32059.txt,gutenberg_texts/4787.txt,319,__main__.exp_context_drift; __main__.exp_detection; __main__.exp_human_attribution; __main__.exp_llm_attribution
harold_l_goodwin,25310,3,gutenberg_texts/31581.txt; gutenberg_texts/31589.txt; gutenberg_texts/32059.txt,gutenberg_texts/54629.txt,319,__main__.exp_context_drift; __main__.exp_detection; __main__.exp_human_attribution; __main__.exp_llm_attribution
harold_l_goodwin,25310,3,gutenberg_texts/31581.txt; gutenberg_texts/31589.txt; gutenberg_texts/32059.txt,gutenberg_texts/54648.txt,319,__main__.exp_context_drift; __main__.exp_detection; __main__.exp_human_attribution; __main__.exp_llm_attribution
harold_l_goodwin,25310,3,gutenberg_texts/31581.txt; gutenberg_texts/31589.txt; gutenberg_texts/32059.txt,gutenberg_texts/55562.txt,19,__main__.exp_detection; __main__.exp_human_attribution
harold_l_goodwin,25310,3,gutenberg_texts/31581.txt; gutenberg_texts/31589.txt; gutenberg_texts/32059.txt,gutenberg_texts/5658.txt,206,__main__.exp_context_drift; __main__.exp_detection; __main__.exp_human_attribution; __main__.exp_llm_attribution
harold_l_goodwin,25310,3,gutenberg_texts/31581.txt; gutenberg_texts/31589.txt; gutenberg_texts/32059.txt,gutenberg_texts/7063.txt,206,__main__.exp_context_drift; __main__.exp_detection; __main__.exp_human_attribution; __main__.exp_llm_attribution
harold_l_goodwin,25310,3,gutenberg_texts/31581.txt; gutenberg_texts/31589.txt; gutenberg_texts/32059.txt,gutenberg_texts/74.txt,319,__main__.exp_context_drift; __main__.exp_detection; __main__.exp_human_attribution; __main__.exp_llm_attribution
harold_l_goodwin,25310,3,gutenberg_texts/31581.txt; gutenberg_texts/31589.txt; gutenberg_texts/32059.txt,gutenberg_texts/76.txt,319,__main__.exp_context_drift; __main__.exp_detection; __main__.exp_human_attribution; __main__.exp_llm_attribution
harold_l_goodwin,25310,3,gutenberg_texts/31581.txt; gutenberg_texts/31589.txt; gutenberg_texts/32059.txt,gutenberg_texts/773.txt,206,__main__.exp_context_drift; __main__.exp_detection; __main__.exp_human_attribution; __main__.exp_llm_attribution
harold_l_goodwin,25310,3,gutenberg_texts/31581.txt; gutenberg_texts/31589.txt; gutenberg_texts/32059.txt,gutenberg_texts/84.txt,206,__main__.exp_context_drift; __main__.exp_detection; __main__.exp_human_attribution; __main__.exp_llm_attribution
harold_l_goodwin,25310,3,gutenberg_texts/31581.txt; gutenberg_texts/31589.txt; gutenberg_texts/32059.txt,gutenberg_texts/86.txt,19,__main__.exp_detection; __main__.exp_human_attribution
harold_l_goodwin,25310,3,gutenberg_texts/31581.txt; gutenberg_texts/31589.txt; gutenberg_texts/32059.txt,gutenberg_texts/8741.txt,319,__main__.exp_context_drift; __main__.exp_detection; __main__.exp_human_attribution; __main__.exp_llm_attribution
harold_l_goodwin,25310,3,gutenberg_texts/31581.txt; gutenberg_texts/31589.txt; gutenberg_texts/32059.txt,gutenberg_texts/8874.txt,319,__main__.exp_context_drift; __main__.exp_detection; __main__.exp_human_attribution; __main__.exp_llm_attribution
harold_l_goodwin,25310,3,gutenberg_texts/31581.txt; gutenberg_texts/31589.txt; gutenberg_texts/32059.txt,gutenberg_texts/9182.txt,11,__main__.exp_detection; __main__.exp_human_attribution
harold_l_goodwin,25310,3,gutenberg_texts/31581.txt; gutenberg_texts/31589.txt; gutenberg_texts/32059.txt,gutenberg_texts/9378.txt,319,__main__.exp_context_drift; __main__.exp_detection; __main__.exp_human_attribution; __main__.exp_llm_attribution
harold_l_goodwin,25310,3,gutenberg_texts/31581.txt; gutenberg_texts/31589.txt; gutenberg_texts/32059.txt,gutenberg_texts/9462.txt,319,__main__.exp_context_drift; __main__.exp_detection; __main__.exp_human_attribution; __main__.exp_llm_attribution
harold_l_goodwin,25310,3,gutenberg_texts/31581.txt; gutenberg_texts/31589.txt; gutenberg_texts/32059.txt,gutenberg_texts/9779.txt,19,__main__.exp_detection; __main__.exp_human_attribution
harold_l_goodwin,25310,3,gutenberg_texts/31581.txt; gutenberg_texts/31589.txt; gutenberg_texts/32059.txt,gutenberg_texts/98.txt,141,__main__.exp_context_drift; __main__.exp_detection; __main__.exp_human_attribution; __main__.exp_llm_attribution
herbert_george_wells,23627,3,full_books/herbert_george_wells_full.txt; gutenberg_texts/35.txt; gutenberg_texts/36.txt,,7381,__main__.exp_detection; __main__.exp_llm_attribution; __main__.exp_separability
herbert_george_wells,23627,3,full_books/herbert_george_wells_full.txt; gutenberg_texts/35.txt; gutenberg_texts/36.txt,full_books/agnes_may_fleming_full.txt,206,__main__.exp_context_drift; __main__.exp_detection; __main__.exp_human_attribution; __main__.exp_llm_attribution
herbert_george_wells,13528,2,gutenberg_texts/35.txt; gutenberg_texts/36.txt,full_books/herbert_george_wells_full.txt,206,__main__.exp_context_drift; __main__.exp_detection; __main__.exp_human_attribution; __main__.exp_llm_attribution
herbert_george_wells,23627,3,full_books/herbert_george_wells_full.txt; gutenberg_texts/35.txt; gutenberg_texts/36.txt,full_books/jane_austen_full.txt,284,__main__.exp_context_drift; __main__.exp_detection; __main__.exp_human_attribution; __main__.exp_llm_attribution
herbert_george_wells,23627,3,full_books/herbert_george_wells_full.txt; gutenberg_texts/35.txt; gutenberg_texts/36.txt,gutenberg_texts/12360.txt,206,__main__.exp_context_drift; __main__.exp_detection; __main__.exp_human_attribution; __main__.exp_llm_attribution
herbert_george_wells,23627,3,full_books/herbert_george_wells_full.txt; gutenberg_texts/35.txt; gutenberg_texts/36.txt,gutenberg_texts/1260.txt,206,__main__.exp_context_drift; __main__.exp_detection; __main__.exp_human_attribution; __main__.exp_llm_attribution
herbert_george_wells,23627,3,full_books/herbert_george_wells_full.txt; gutenberg_texts/35.txt; gutenberg_texts/36.txt,gutenberg_texts/1342.txt,11,__main__.exp_detection; __main__.exp_human_attribution
herbert_george_wells,23627,3,full_books/herbert_george_wells_full.txt; gutenberg_texts/35.txt; gutenberg_texts/36.txt,gutenberg_texts/13547.txt,11,__main__.exp_detection; __main__.exp_human_attribution
herbert_george_wells,23627,3,full_books/herbert_george_wells_full.txt; gutenberg_texts/35.txt; gutenberg_texts/36.txt,gutenberg_texts/13960.txt,206,__main__.exp_context_drift; __main__.exp_detection; __main__.exp_human_attribution; __main__.exp_llm_attribution
herbert_george_wells,23627,3,full_books/herbert_george_wells_full.txt; gutenberg_texts/35.txt; gutenberg_texts/36.txt,gutenberg_texts/1400.txt,128,__main__.exp_context_drift; __main__.exp_detection; __main__.exp_human_attribution; __main__.exp_llm_attribution
herbert_george_wells,23627,3,full_books/herbert_george_wells_full.txt; gutenberg_texts/35.txt; gutenberg_texts/36.txt,gutenberg_texts/14522.txt,11,__main__.exp_detection; __main__.exp_human_attribution
herbert_george_wells,23627,3,full_books/herbert_george_wells_full.txt; gutenberg_texts/35.txt; gutenberg_texts/36.txt,gutenberg_texts/15238.txt,11,__main__.exp_detection; __main__.exp_human_attribution
herbert_george_wells,23627,3,full_books/herbert_george_wells_full.txt; gutenberg_texts/35.txt; gutenberg_texts/36.txt,gutenberg_texts/15317.txt,11,__main__.exp_detection; __main__.exp_human_attribution
herbert_george_wells,23627,3,full_books/herbert_george_wells_full.txt; gutenberg_texts/35.txt; gutenberg_texts/36.txt,gutenberg_texts/161.txt,128,__main__.exp_context_drift; __main__.exp_detection; __main__.exp_human_attribution; __main__.exp_llm_attribution
herbert_george_wells,23627,3,full_books/herbert_george_wells_full.txt; gutenberg_texts/35.txt; gutenberg_texts/36.txt,gutenberg_texts/1661.txt,154,__main__.exp_context_drift; __main__.exp_detection; __main__.exp_human_attribution; __main__.exp_llm_attribution
herbert_george_wells,23627,3,full_books/herbert_george_wells_full.txt; gutenberg_texts/35.txt; gutenberg_texts/36.txt,gutenberg_texts/16918.txt,206,__main__.exp_context_drift; __main__.exp_detection; __main__.exp_human_attribution; __main__.exp_llm_attribution
herbert_george_wells,23627,3,full_books/herbert_george_wells_full.txt; gutenberg_texts/35.txt; gutenberg_texts/36.txt,gutenberg_texts/174.txt,206,__main__.exp_context_drift; __main__.exp_detection; __main__.exp_human_attribution; __main__.exp_llm_attribution
herbert_george_wells,23627,3,full_books/herbert_george_wells_full.txt; gutenberg_texts/35.txt; gutenberg_texts/36.txt,gutenberg_texts/18247.txt,206,__main__.exp_context_drift; __main__.exp_detection; __main__.exp_human_attribution; __main__.exp_llm_attribution
herbert_george_wells,23627,3,full_books/herbert_george_wells_full.txt; gutenberg_texts/35.txt; gutenberg_texts/36.txt,gutenberg_texts/18656.txt,206,__main__.exp_context_drift; __main__.exp_detection; __main__.exp_human_attribution; __main__.exp_llm_attribution
herbert_george_wells,23627,3,full_books/herbert_george_wells_full.txt; gutenberg_texts/35.txt; gutenberg_texts/36.txt,gutenberg_texts/2021.txt,11,__main__.exp_detection; __main__.exp_human_attribution
herbert_george_wells,23627,3,full_books/herbert_george_wells_full.txt; gutenberg_texts/35.txt; gutenberg_texts/36.txt,gutenberg_texts/21107.txt,206,__main__.exp_context_drift; __main__.exp_detection; __main__.exp_human_attribution; __main__.exp_llm_attribution
herbert_george_wells,23627,3,full_books/herbert_george_wells_full.txt; gutenberg_texts/35.txt; gutenberg_texts/36.txt,gutenberg_texts/21108.txt,11,__main__.exp_detection; __main__.exp_human_attribution
herbert_george_wells,23627,3,full_books/herbert_george_wells_full.txt; gutenberg_texts/35.txt; gutenberg_texts/36.txt,gutenberg_texts/219.txt,206,__main__.exp_context_drift; __main__.exp_detection; __main__.exp_human_attribution; __main__.exp_llm_attribution
herbert_george_wells,23627,3,full_books/herbert_george_wells_full.txt; gutenberg_texts/35.txt; gutenberg_texts/36.txt,gutenberg_texts/24267.txt,206,__main__.exp_context_drift; __main__.exp_detection; __main__.exp_human_attribution; __main__.exp_llm_attribution
herbert_george_wells,23627,3,full_books/herbert_george_wells_full.txt; gutenberg_texts/35.txt; gutenberg_texts/36.txt,gutenberg_texts/244.txt,141,__main__.exp_context_drift; __main__.exp_detection; __main__.exp_human_attribution; __main__.exp_llm_attribution
herbert_george_wells,23627,3,full_books/herbert_george_wells_full.txt; gutenberg_texts/35.txt; gutenberg_texts/36.txt,gutenberg_texts/24589.txt,11,__main__.exp_detection; __main__.exp_human_attribution
herbert_george_wells,23627,3,full_books/herbert_george_wells_full.txt; gutenberg_texts/35.txt; gutenberg_texts/36.txt,gutenberg_texts/28301.txt,11,__main__.exp_detection; __main__.exp_human_attribution
herbert_george_wells,23627,3,full_books/herbert_george_wells_full.txt; gutenberg_texts/35.txt; gutenberg_texts/36.txt,gutenberg_texts/2852.txt,128,__main__.exp_context_drift; __main__.exp_detection; __main__.exp_human_attribution; __main__.exp_llm_attribution
herbert_george_wells,23627,3,full_books/herbert_george_wells_full.txt; gutenberg_texts/35.txt; gutenberg_texts/36.txt,gutenberg_texts/29824.txt,11,__main__.exp_detection; __main__.exp_human_attribution
herbert_george_wells,23627,3,full_books/herbert_george_wells_full.txt; gutenberg_texts/35.txt; gutenberg_texts/36.txt,gutenberg_texts/30486.txt,206,__main__.exp_context_drift; __main__.exp_detection; __main__.exp_human_attribution; __main__.exp_llm_attribution
herbert_george_wells,23627,3,full_books/herbert_george_wells_full.txt; gutenberg_texts/35.txt; gutenberg_texts/36.txt,gutenberg_texts/31581.txt,206,__main__.exp_context_drift; __main__.exp_detection; __main__.exp_human_attribution; __main__.exp_llm_attribution
herbert_george_wells,23627,3,full_books/herbert_george_wells_full.txt; gutenberg_texts/35.txt; gutenberg_texts/36.txt,gutenberg_texts/31589.txt,206,__main__.exp_context_drift; __main__.exp_detection; __main__.exp_human_attribution; __main__.exp_llm_attribution
herbert_george_wells,23627,3,full_books/herbert_george_wells_full.txt; gutenberg_texts/35.txt; gutenberg_texts/36.txt,gutenberg_texts/32059.txt,11,__main__.exp_detection; __main__.exp_human_attribution
herbert_george_wells,23627,3,full_books/herbert_george_wells_full.txt; gutenberg_texts/35.txt; gutenberg_texts/36.txt,gutenberg_texts/32331.txt,206,__main__.exp_context_drift; __main__.exp_detection; __main__.exp_human_attribution; __main__.exp_llm_attribution
herbert_george_wells,23627,3,full_books/herbert_george_wells_full.txt; gutenberg_texts/35.txt; gutenberg_texts/36.txt,gutenberg_texts/32440.txt,206,__main__.exp_context_drift; __main__.exp_detection; __main__.exp_human_attribution; __main__.exp_llm_attribution
herbert_george_wells,23627,3,full_books/herbert_george_wells_full.txt; gutenberg_texts/35.txt; gutenberg_texts/36.txt,gutenberg_texts/32542.txt,11,__main__.exp_detection; __main__.exp_human_attribution
herbert_george_wells,23627,3,full_books/herbert_george_wells_full.txt; gutenberg_texts/35.txt; gutenberg_texts/36.txt,gutenberg_texts/34592.txt,206,__main__.exp_context_drift; __main__.exp_detection; __main__.exp_human_attribution; __main__.exp_llm_attribution
herbert_george_wells,23627,3,full_books/herbert_george_wells_full.txt; gutenberg_texts/35.txt; gutenberg_texts/36.txt,gutenberg_texts/34832.txt,206,__main__.exp_context_drift; __main__.exp_detection; __main__.exp_human_attribution; __main__.exp_llm_attribution
herbert_george_wells,18751,2,full_books/herbert_george_wells_full.txt; gutenberg_texts/36.txt,gutenberg_texts/35.txt,206,__main__.exp_context_drift; __main__.exp_detection; __main__.exp_human_attribution; __main__.exp_llm_attribution
herbert_george_wells,23627,3,full_books/herbert_george_wells_full.txt; gutenberg_texts/35.txt; gutenberg_texts/36.txt,gutenberg_texts/35082.txt,11,__main__.exp_detection; __main__.exp_human_attribution
herbert_george_wells,14975,2,full_books/herbert_george_wells_full.txt; gutenberg_texts/35.txt,gutenberg_texts/36.txt,11,__main__.exp_detection; __main__.exp_human_attribution
herbert_george_wells,23627,3,full_books/herbert_george_wells_full.txt; gutenberg_texts/35.txt; gutenberg_texts/36.txt,gutenberg_texts/3635.txt,206,__main__.exp_context_drift; __main__.exp_detection; __main__.exp_human_attribution; __main__.exp_llm_attribution
herbert_george_wells,23627,3,full_books/herbert_george_wells_full.txt; gutenberg_texts/35.txt; gutenberg_texts/36.txt,gutenberg_texts/46.txt,154,__main__.exp_context_drift; __main__.exp_detection; __main__.exp_human_attribution; __main__.exp_llm_attribution
herbert_george_wells,23627,3,full_books/herbert_george_wells_full.txt; gutenberg_texts/35.txt; gutenberg_texts/36.txt,gutenberg_texts/4787.txt,206,__main__.exp_context_drift; __main__.exp_detection; __main__.exp_human_attribution; __main__.exp_llm_attribution
herbert_george_wells,23627,3,full_books/herbert_george_wells_full.txt; gutenberg_texts/35.txt; gutenberg_texts/36.txt,gutenberg_texts/54629.txt,206,__main__.exp_context_drift; __main__.exp_detection; __main__.exp_human_attribution; __main__.exp_llm_attribution
herbert_george_wells,23627,3,full_books/herbert_george_wells_full.txt; gutenberg_texts/35.txt; gutenberg_texts/36.txt,gutenberg_texts/54648.txt,206,__main__.exp_context_drift; __main__.exp_detection; __main__.exp_human_attribution; __main__.exp_llm_attribution
herbert_george_wells,23627,3,full_books/herbert_george_wells_full.txt; gutenberg_texts/35.txt; gutenberg_texts/36.txt,gutenberg_texts/55562.txt,11,__main__.exp_detection; __main__.exp_human_attribution
herbert_george_wells,23627,3,full_books/herbert_george_wells_full.txt; gutenberg_texts/35.txt; gutenberg_texts/36.txt,gutenberg_texts/5658.txt,206,__main__.exp_context_drift; __main__.exp_detection; __main__.exp_human_attribution; __main__.exp_llm_attribution
herbert_george_wells,23627,3,full_books/herbert_george_wells_full.txt; gutenberg_texts/35.txt; gutenberg_texts/36.txt,gutenberg_texts/7063.txt,206,__main__.exp_context_drift; __main__.exp_detection; __main__.exp_human_attribution; __main__.exp_llm_attribution
herbert_george_wells,23627,3,full_books/herbert_george_wells_full.txt; gutenberg_texts/35.txt; gutenberg_texts/36.txt,gutenberg_texts/74.txt,206,__main__.exp_context_drift; __main__.exp_detection; __main__.exp_human_attribution; __main__.exp_llm_attribution
herbert_george_wells,23627,3,full_books/herbert_george_wells_full.txt; gutenberg_texts/35.txt; gutenberg_texts/36.txt,gutenberg_texts/76.txt,206,__main__.exp_context_drift; __main__.exp_detection; __main__.exp_human_attribution; __main__.exp_llm_attribution
herbert_george_wells,23627,3,full_books/herbert_george_wells_full.txt; gutenberg_texts/35.txt; gutenberg_texts/36.txt,gutenberg_texts/773.txt,206,__main__.exp_context_drift; __main__.exp_detection; __main__.exp_human_attribution; __main__.exp_llm_attribution
herbert_george_wells,23627,3,full_books/herbert_george_wells_full.txt; gutenberg_texts/35.txt; gutenberg_texts/36.txt,gutenberg_texts/84.txt,206,__main__.exp_context_drift; __main__.exp_detection; __main__.exp_human_attribution; __main__.exp_llm_attribution
herbert_george_wells,23627,3,full_books/herbert_george_wells_full.txt; gutenberg_texts/35.txt; gutenberg_texts/36.txt,gutenberg_texts/86.txt,11,__main__.exp_detection; __main__.exp_human_attribution
herbert_george_wells,23627,3,full_books/herbert_george_wells_full.txt; gutenberg_texts/35.txt; gutenberg_texts/36.txt,gutenberg_texts/8741.txt,206,__main__.exp_context_drift; __main__.exp_detection; __main__.exp_human_attribution; __main__.exp_llm_attribution
herbert_george_wells,23627,3,full_books/herbert_george_wells_full.txt; gutenberg_texts/35.txt; gutenberg_texts/36.txt,gutenberg_texts/8874.txt,206,__main__.exp_context_drift; __main__.exp_detection; __main__.exp_human_attribution; __main__.exp_llm_attribution
herbert_george_wells,23627,3,full_books/herbert_george_wells_full.txt; gutenberg_texts/35.txt; gutenberg_texts/36.txt,gutenberg_texts/9182.txt,11,__main__.exp_detection; __main__.exp_human_attribution
herbert_george_wells,23627,3,full_books/herbert_george_wells_full.txt; gutenberg_texts/35.txt; gutenberg_texts/36.txt,gutenberg_texts/9378.txt,206,__main__.exp_context_drift; __main__.exp_detection; __main__.exp_human_attribution; __main__.exp_llm_attribution
herbert_george_wells,23627,3,full_books/herbert_george_wells_full.txt; gutenberg_texts/35.txt; gutenberg_texts/36.txt,gutenberg_texts/9462.txt,206,__main__.exp_context_drift; __main__.exp_detection; __main__.exp_human_attribution; __main__.exp_llm_attribution
herbert_george_wells,23627,3,full_books/herbert_george_wells_full.txt; gutenberg_texts/35.txt; gutenberg_texts/36.txt,gutenberg_texts/9779.txt,11,__main__.exp_detection; __main__.exp_human_attribution
herbert_george_wells,23627,3,full_books/herbert_george_wells_full.txt; gutenberg_texts/35.txt; gutenberg_texts/36.txt,gutenberg_texts/98.txt,141,__main__.exp_context_drift; __main__.exp_detection; __main__.exp_human_attribution; __main__.exp_llm_attribution
jane_austen,67109,3,full_books/jane_austen_full.txt; gutenberg_texts/161.txt; gutenberg_texts/1342.txt,,9721,__main__.exp_detection; __main__.exp_llm_attribution; __main__.exp_separability
jane_austen,67109,3,full_books/jane_austen_full.txt; gutenberg_texts/161.txt; gutenberg_texts/1342.txt,full_books/agnes_may_fleming_full.txt,206,__main__.exp_context_drift; __main__.exp_detection; __main__.exp_human_attribution; __main__.exp_llm_attribution
jane_austen,67109,3,full_books/jane_austen_full.txt; gutenberg_texts/161.txt; gutenberg_texts/1342.txt,full_books/herbert_george_wells_full.txt,206,__main__.exp_context_drift; __main__.exp_detection; __main__.exp_human_attribution; __main__.exp_llm_attribution
jane_austen,41174,2,gutenberg_texts/161.txt; gutenberg_texts/1342.txt,full_books/jane_austen_full.txt,439,__main__.exp_context_drift; __main__.exp_detection; __main__.exp_human_attribution; __main__.exp_llm_attribution
jane_austen,67109,3,full_books/jane_austen_full.txt; gutenberg_texts/161.txt; gutenberg_texts/1342.txt,gutenberg_texts/12360.txt,319,__main__.exp_context_drift; __main__.exp_detection; __main__.exp_human_attribution; __main__.exp_llm_attribution
jane_austen,67109,3,full_books/jane_austen_full.txt; gutenberg_texts/161.txt; gutenberg_texts/1342.txt,gutenberg_texts/1260.txt,206,__main__.exp_context_drift; __main__.exp_detection; __main__.exp_human_attribution; __main__.exp_llm_attribution
jane_austen,45462,2,full_books/jane_austen_full.txt; gutenberg_texts/161.txt,gutenberg_texts/1342.txt,19,__main__.exp_detection; __main__.exp_human_attribution
jane_austen,67109,3,full_books/jane_austen_full.txt; gutenberg_texts/161.txt; gutenberg_texts/1342.txt,gutenberg_texts/13547.txt,19,__main__.exp_detection; __main__.exp_human_attribution
jane_austen,67109,3,full_books/jane_austen_full.txt; gutenberg_texts/161.txt; gutenberg_texts/1342.txt,gutenberg_texts/13960.txt,319,__main__.exp_context_drift; __main__.exp_detection; __main__.exp_human_attribution; __main__.exp_llm_attribution
jane_austen,67109,3,full_books/jane_austen_full.txt; gutenberg_texts/161.txt; gutenberg_texts/1342.txt,gutenberg_texts/1400.txt,128,__main__.exp_context_drift; __main__.exp_detection; __main__.exp_human_attribution; __main__.exp_llm_attribution
jane_austen,67109,3,full_books/jane_austen_full.txt; gutenberg_texts/161.txt; gutenberg_texts/1342.txt,gutenberg_texts/14522.txt,11,__main__.exp_detection; __main__.exp_human_attribution
jane_austen,67109,3,full_books/jane_austen_full.txt; gutenberg_texts/161.txt; gutenberg_texts/1342.txt,gutenberg_texts/15238.txt,11,__main__.exp_detection; __main__.exp_human_attribution
jane_austen,67109,3,full_books/jane_austen_full.txt; gutenberg_texts/161.txt; gutenberg_texts/1342.txt,gutenberg_texts/15317.txt,11,__main__.exp_detection; __main__.exp_human_attribution
jane_austen,47582,2,full_books/jane_austen_full.txt; gutenberg_texts/1342.txt,gutenberg_texts/161.txt,199,__main__.exp_context_drift; __main__.exp_detection; __main__.exp_human_attribution; __main__.exp_llm_attribution
jane_austen,67109,3,full_books/jane_austen_full.txt; gutenberg_texts/161.txt; gutenberg_texts/1342.txt,gutenberg_texts/1661.txt,239,__main__.exp_context_drift; __main__.exp_detection; __main__.exp_human_attribution; __main__.exp_llm_attribution
jane_austen,67109,3,full_books/jane_austen_full.txt; gutenberg_texts/161.txt; gutenberg_texts/1342.txt,gutenberg_texts/16918.txt,319,__main__.exp_context_drift; __main__.exp_detection; __main__.exp_human_attribution; __main__.exp_llm_attribution
jane_austen,67109,3,full_books/jane_austen_full.txt; gutenberg_texts/161.txt; gutenberg_texts/1342.txt,gutenberg_texts/174.txt,206,__main__.exp_context_drift; __main__.exp_detection; __main__.exp_human_attribution; __main__.exp_llm_attribution
jane_austen,67109,3,full_books/jane_austen_full.txt; gutenberg_texts/161.txt; gutenberg_texts/1342.txt,gutenberg_texts/18247.txt,206,__main__.exp_context_drift; __main__.exp_detection; __main__.exp_human_attribution; __main__.exp_llm_attribution
jane_austen,67109,3,full_books/jane_austen_full.txt; gutenberg_texts/161.txt; gutenberg_texts/1342.txt,gutenberg_texts/18656.txt,319,__main__.exp_context_drift; __main__.exp_detection; __main__.exp_human_attribution; __main__.exp_llm_attribution
jane_austen,67109,3,full_books/jane_austen_full.txt; gutenberg_texts/161.txt; gutenberg_texts/1342.txt,gutenberg_texts/2021.txt,11,__main__.exp_detection; __main__.exp_human_attribution
jane_austen,67109,3,full_books/jane_austen_full.txt; gutenberg_texts/161.txt; gutenberg_texts/1342.txt,gutenberg_texts/21107.txt,319,__main__.exp_context_drift; __main__.exp_detection; __main__.exp_human_attribution; __main__.exp_llm_attribution
jane_austen,67109,3,full_books/jane_austen_full.txt; gutenberg_texts/161.txt; gutenberg_texts/1342.txt,gutenberg_texts/21108.txt,19,__main__.exp_detection; __main__.exp_human_attribution
jane_austen,67109,3,full_books/jane_austen_full.txt; gutenberg_texts/161.txt; gutenberg_texts/1342.txt,gutenberg_texts/219.txt,206,__main__.exp_context_drift; __main__.exp_detection; __main__.exp_human_attribution; __main__.exp_llm_attribution
jane_austen,67109,3,full_books/jane_austen_full.txt; gutenberg_texts/161.txt; gutenberg_texts/1342.txt,gutenberg_texts/24267.txt,319,__main__.exp_context_drift; __main__.exp_detection; __main__.exp_human_attribution; __main__.exp_llm_attribution
jane_austen,67109,3,full_books/jane_austen_full.txt; gutenberg_texts/161.txt; gutenberg_texts/1342.txt,gutenberg_texts/244.txt,219,__main__.exp_context_drift; __main__.exp_detection; __main__.exp_human_attribution; __main__.exp_llm_attribution
jane_austen,67109,3,full_books/jane_austen_full.txt; gutenberg_texts/161.txt; gutenberg_texts/1342.txt,gutenberg_texts/24589.txt,19,__main__.exp_detection; __main__.exp_human_attribution
jane_austen,67109,3,full_books/jane_austen_full.txt; gutenberg_texts/161.txt; gutenberg_texts/1342.txt,gutenberg_texts/28301.txt,19,__main__.exp_detection; __main__.exp_human_attribution
jane_austen,67109,3,full_books/jane_austen_full.txt; gutenberg_texts/161.txt; gutenberg_texts/1342.txt,gutenberg_texts/2852.txt,199,__main__.exp_context_drift; __main__.exp_detection; __main__.exp_human_attribution; __main__.exp_llm_attribution
jane_austen,67109,3,full_books/jane_austen_full.txt; gutenberg_texts/161.txt; gutenberg_texts/1342.txt,gutenberg_texts/29824.txt,19,__main__.exp_detection; __main__.exp_human_attribution
jane_austen,67109,3,full_books/jane_austen_full.txt; gutenberg_texts/161.txt; gutenberg_texts/1342.txt,gutenberg_texts/30486.txt,206,__main__.exp_context_drift; __main__.exp_detection; __main__.exp_human_attribution; __main__.exp_llm_attribution
jane_austen,67109,3,full_books/jane_austen_full.txt; gutenberg_texts/161.txt; gutenberg_texts/1342.txt,gutenberg_texts/31581.txt,319,__main__.exp_context_drift; __main__.exp_detection; __main__.exp_human_attribution; __main__.exp_llm_attribution
jane_austen,67109,3,full_books/jane_austen_full.txt; gutenberg_texts/161.txt; gutenberg_texts/1342.txt,gutenberg_texts/31589.txt,319,__main__.exp_context_drift; __main__.exp_detection; __main__.exp_human_attribution; __main__.exp_llm_attribution
jane_austen,67109,3,full_books/jane_austen_full.txt; gutenberg_texts/161.txt; gutenberg_texts/1342.txt,gutenberg_texts/32059.txt,19,__main__.exp_detection; __main__.exp_human_attribution
jane_austen,67109,3,full_books/jane_austen_full.txt; gutenberg_texts/161.txt; gutenberg_texts/1342.txt,gutenberg_texts/32331.txt,319,__main__.exp_context_drift; __main__.exp_detection; __main__.exp_human_attribution; __main__.exp_llm_attribution
jane_austen,67109,3,full_books/jane_austen_full.txt; gutenberg_texts/161.txt; gutenberg_texts/1342.txt,gutenberg_texts/32440.txt,319,__main__.exp_context_drift; __main__.exp_detection; __main__.exp_human_attribution; __main__.exp_llm_attribution
jane_austen,67109,3,full_books/jane_austen_full.txt; gutenberg_texts/161.txt; gutenberg_texts/1342.txt,gutenberg_texts/32542.txt,19,__main__.exp_detection; __main__.exp_human_attribution
jane_austen,67109,3,full_books/jane_austen_full.txt; gutenberg_texts/161.txt; gutenberg_texts/1342.txt,gutenberg_texts/34592.txt,319,__main__.exp_context_drift; __main__.exp_detection; __main__.exp_human_attribution; __main__.exp_llm_attribution
jane_austen,67109,3,full_books/jane_austen_full.txt; gutenberg_texts/161.txt; gutenberg_texts/1342.txt,gutenberg_texts/34832.txt,319,__main__.exp_context_drift; __main__.exp_detection; __main__.exp_human_attribution; __main__.exp_llm_attribution
jane_austen,67109,3,full_books/jane_austen_full.txt; gutenberg_texts/161.txt; gutenberg_texts/1342.txt,gutenberg_texts/35.txt,206,__main__.exp_context_drift; __main__.exp_detection; __main__.exp_human_attribution; __main__.exp_llm_attribution
jane_austen,67109,3,full_books/jane_austen_full.txt; gutenberg_texts/161.txt; gutenberg_texts/1342.txt,gutenberg_texts/35082.txt,19,__main__.exp_detection; __main__.exp_human_attribution
jane_austen,67109,3,full_books/jane_austen_full.txt; gutenberg_texts/161.txt; gutenberg_texts/1342.txt,gutenberg_texts/36.txt,11,__main__.exp_detection; __main__.exp_human_attribution
jane_austen,67109,3,full_books/jane_austen_full.txt; gutenberg_texts/161.txt; gutenberg_texts/1342.txt,gutenberg_texts/3635.txt,319,__main__.exp_context_drift; __main__.exp_detection; __main__.exp_human_attribution; __main__.exp_llm_attribution
jane_austen,67109,3,full_books/jane_austen_full.txt; gutenberg_texts/161.txt; gutenberg_texts/1342.txt,gutenberg_texts/46.txt,154,__main__.exp_context_drift; __main__.exp_detection; __main__.exp_human_attribution; __main__.exp_llm_attribution
jane_austen,67109,3,full_books/jane_austen_full.txt; gutenberg_texts/161.txt; gutenberg_texts/1342.txt,gutenberg_texts/4787.txt,319,__main__.exp_context_drift; __main__.exp_detection; __main__.exp_human_attribution; __main__.exp_llm_attribution
jane_austen,67109,3,full_books/jane_austen_full.txt; gutenberg_texts/161.txt; gutenberg_texts/1342.txt,gutenberg_texts/54629.txt,319,__main__.exp_context_drift; __main__.exp_detection; __main__.exp_human_attribution; __main__.exp_llm_attribution
jane_austen,67109,3,full_books/jane_austen_full.txt; gutenberg_texts/161.txt; gutenberg_texts/1342.txt,gutenberg_texts/54648.txt,319,__main__.exp_context_drift; __main__.exp_detection; __main__.exp_human_attribution; __main__.exp_llm_attribution
jane_austen,67109,3,full_books/jane_austen_full.txt; gutenberg_texts/161.txt; gutenberg_texts/1342.txt,gutenberg_texts/55562.txt,19,__main__.exp_detection; __main__.exp_human_attribution
jane_austen,67109,3,full_books/jane_austen_full.txt; gutenberg_texts/161.txt; gutenberg_texts/1342.txt,gutenberg_texts/5658.txt,206,__main__.exp_context_drift; __main__.exp_detection; __main__.exp_human_attribution; __main__.exp_llm_attribution
jane_austen,67109,3,full_books/jane_austen_full.txt; gutenberg_texts/161.txt; gutenberg_texts/1342.txt,gutenberg_texts/7063.txt,206,__main__.exp_context_drift; __main__.exp_detection; __main__.exp_human_attribution; __main__.exp_llm_attribution
jane_austen,67109,3,full_books/jane_austen_full.txt; gutenberg_texts/161.txt; gutenberg_texts/1342.txt,gutenberg_texts/74.txt,319,__main__.exp_context_drift; __main__.exp_detection; __main__.exp_human_attribution; __main__.exp_llm_attribution
jane_austen,67109,3,full_books/jane_austen_full.txt; gutenberg_texts/161.txt; gutenberg_texts/1342.txt,gutenberg_texts/76.txt,319,__main__.exp_context_drift; __main__.exp_detection; __main__.exp_human_attribution; __main__.exp_llm_attribution
jane_austen,67109,3,full_books/jane_austen_full.txt; gutenberg_texts/161.txt; gutenberg_texts/1342.txt,gutenberg_texts/773.txt,206,__main__.exp_context_drift; __main__.exp_detection; __main__.exp_human_attribution; __main__.exp_llm_attribution
jane_austen,67109,3,full_books/jane_austen_full.txt; gutenberg_texts/161.txt; gutenberg_texts/1342.txt,gutenberg_texts/84.txt,206,__main__.exp_context_drift; __main__.exp_detection; __main__.exp_human_attribution; __main__.exp_llm_attribution
jane_austen,67109,3,full_books/jane_austen_full.txt; gutenberg_texts/161.txt; gutenberg_texts/1342.txt,gutenberg_texts/86.txt,19,__main__.exp_detection; __main__.exp_human_attribution
jane_austen,67109,3,full_books/jane_austen_full.txt; gutenberg_texts/161.txt; gutenberg_texts/1342.txt,gutenberg_texts/8741.txt,319,__main__.exp_context_drift; __main__.exp_detection; __main__.exp_human_attribution; __main__.exp_llm_attribution
jane_austen,67109,3,full_books/jane_austen_full.txt; gutenberg_texts/161.txt; gutenberg_texts/1342.txt,gutenberg_texts/8874.txt,319,__main__.exp_context_drift; __main__.exp_detection; __main__.exp_human_attribution; __main__.exp_llm_attribution
jane_austen,67109,3,full_books/jane_austen_full.txt; gutenberg_texts/161.txt; gutenberg_texts/1342.txt,gutenberg_texts/9182.txt,11,__main__.exp_detection; __main__.exp_human_attribution
jane_austen,67109,3,full_books/jane_austen_full.txt; gutenberg_texts/161.txt; gutenberg_texts/1342.txt,gutenberg_texts/9378.txt,319,__main__.exp_context_drift; __main__.exp_detection; __main__.exp_human_attribution; __main__.exp_llm_attribution
jane_austen,67109,3,full_books/jane_austen_full.txt; gutenberg_texts/161.txt; gutenberg_texts/1342.txt,gutenberg_texts/9462.txt,319,__main__.exp_context_drift; __main__.exp_detection; __main__.exp_human_attribution; __main__.exp_llm_attribution
jane_austen,67109,3,full_books/jane_austen_full.txt; gutenberg_texts/161.txt; gutenberg_texts/1342.txt,gutenberg_texts/9779.txt,19,__main__.exp_detection; __main__.exp_human_attribution
jane_austen,67109,3,full_books/jane_austen_full.txt; gutenberg_texts/161.txt; gutenberg_texts/1342.txt,gutenberg_texts/98.txt,141,__main__.exp_context_drift; __main__.exp_detection; __main__.exp_human_attribution; __main__.exp_llm_attribution
john_c_hutcheson,50693,3,gutenberg_texts/21107.txt; gutenberg_texts/24267.txt; gutenberg_texts/21108.txt,,9721,__main__.exp_detection; __main__.exp_llm_attribution; __main__.exp_separability
john_c_hutcheson,50693,3,gutenberg_texts/21107.txt; gutenberg_texts/24267.txt; gutenberg_texts/21108.txt,full_books/agnes_may_fleming_full.txt,206,__main__.exp_context_drift; __main__.exp_detection; __main__.exp_human_attribution; __main__.exp_llm_attribution
john_c_hutcheson,50693,3,gutenberg_texts/21107.txt; gutenberg_texts/24267.txt; gutenberg_texts/21108.txt,full_books/herbert_george_wells_full.txt,206,__main__.exp_context_drift; __main__.exp_detection; __main__.exp_human_attribution; __main__.exp_llm_attribution
john_c_hutcheson,50693,3,gutenberg_texts/21107.txt; gutenberg_texts/24267.txt; gutenberg_texts/21108.txt,full_books/jane_austen_full.txt,439,__main__.exp_context_drift; __main__.exp_detection; __main__.exp_human_attribution; __main__.exp_llm_attribution
john_c_hutcheson,50693,3,gutenberg_texts/21107.txt; gutenberg_texts/24267.txt; gutenberg_texts/21108.txt,gutenberg_texts/12360.txt,319,__main__.exp_context_drift; __main__.exp_detection; __main__.exp_human_attribution; __main__.exp_llm_attribution
john_c_hutcheson,50693,3,gutenberg_texts/21107.txt; gutenberg_texts/24267.txt; gutenberg_texts/21108.txt,gutenberg_texts/1260.txt,206,__main__.exp_context_drift; __main__.exp_detection; __main__.exp_human_attribution; __main__.exp_llm_attribution
john_c_hutcheson,50693,3,gutenberg_texts/21107.txt; gutenberg_texts/24267.txt; gutenberg_texts/21108.txt,gutenberg_texts/1342.txt,19,__main__.exp_detection; __main__.exp_human_attribution
john_c_hutcheson,50693,3,gutenberg_texts/21107.txt; gutenberg_texts/24267.txt; gutenberg_texts/21108.txt,gutenberg_texts/13547.txt,19,__main__.exp_detection; __main__.exp_human_attribution
john_c_hutcheson,50693,3,gutenberg_texts/21107.txt; gutenberg_texts/24267.txt; gutenberg_texts/21108.txt,gutenberg_texts/13960.txt,319,__main__.exp_context_drift; __main__.exp_detection; __main__.exp_human_attribution; __main__.exp_llm_attribution
john_c_hutcheson,50693,3,gutenberg_texts/21107.txt; gutenberg_texts/24267.txt; gutenberg_texts/21108.txt,gutenberg_texts/1400.txt,128,__main__.exp_context_drift; __main__.exp_detection; __main__.exp_human_attribution; __main__.exp_llm_attribution
john_c_hutcheson,50693,3,gutenberg_texts/21107.txt; gutenberg_texts/24267.txt; gutenberg_texts/21108.txt,gutenberg_texts/14522.txt,11,__main__.exp_detection; __main__.exp_human_attribution
john_c_hutcheson,50693,3,gutenberg_texts/21107.txt; gutenberg_texts/24267.txt; gutenberg_texts/21108.txt,gutenberg_texts/15238.txt,11,__main__.exp_detection; __main__.exp_human_attribution
john_c_hutcheson,50693,3,gutenberg_texts/21107.txt; gutenberg_texts/24267.txt; gutenberg_texts/21108.txt,gutenberg_texts/15317.txt,11,__main__.exp_detection; __main__.exp_human_attribution
john_c_hutcheson,50693,3,gutenberg_texts/21107.txt; gutenberg_texts/24267.txt; gutenberg_texts/21108.txt,gutenberg_texts/161.txt,199,__main__.exp_context_drift; __main__.exp_detection; __main__.exp_human_attribution; __main__.exp_llm_attribution
john_c_hutcheson,50693,3,gutenberg_texts/21107.txt; gutenberg_texts/24267.txt; gutenberg_texts/21108.txt,gutenberg_texts/1661.txt,239,__main__.exp_context_drift; __main__.exp_detection; __main__.exp_human_attribution; __main__.exp_llm_attribution
john_c_hutcheson,50693,3,gutenberg_texts/21107.txt; gutenberg_texts/24267.txt; gutenberg_texts/21108.txt,gutenberg_texts/16918.txt,319,__main__.exp_context_drift; __main__.exp_detection; __main__.exp_human_attribution; __main__.exp_llm_attribution
john_c_hutcheson,50693,3,gutenberg_texts/21107.txt; gutenberg_texts/24267.txt; gutenberg_texts/21108.txt,gutenberg_texts/174.txt,206,__main__.exp_context_drift; __main__.exp_detection; __main__.exp_human_attribution; __main__.exp_llm_attribution
john_c_hutcheson,50693,3,gutenberg_texts/21107.txt; gutenberg_texts/24267.txt; gutenberg_texts/21108.txt,gutenberg_texts/18247.txt,206,__main__.exp_context_drift; __main__.exp_detection; __main__.exp_human_attribution; __main__.exp_llm_attribution
john_c_hutcheson,50693,3,gutenberg_texts/21107.txt; gutenberg_texts/24267.txt; gutenberg_texts/21108.txt,gutenberg_texts/18656.txt,319,__main__.exp_context_drift; __main__.exp_detection; __main__.exp_human_attribution; __main__.exp_llm_attribution
john_c_hutcheson,50693,3,gutenberg_texts/21107.txt; gutenberg_texts/24267.txt; gutenberg_texts/21108.txt,gutenberg_texts/2021.txt,11,__main__.exp_detection; __main__.exp_human_attribution
john_c_hutcheson,36947,2,gutenberg_texts/24267.txt; gutenberg_texts/21108.txt,gutenberg_texts/21107.txt,319,__main__.exp_context_drift; __main__.exp_detection; __main__.exp_human_attribution; __main__.exp_llm_attribution
john_c_hutcheson,28760,2,gutenberg_texts/21107.txt; gutenberg_texts/24267.txt,gutenberg_texts/21108.txt,19,__main__.exp_detection; __main__.exp_human_attribution
john_c_hutcheson,50693,3,gutenberg_texts/21107.txt; gutenberg_texts/24267.txt; gutenberg_texts/21108.txt,gutenberg_texts/219.txt,206,__main__.exp_context_drift; __main__.exp_detection; __main__.exp_human_attribution; __main__.exp_llm_attribution
john_c_hutcheson,35679,2,gutenberg_texts/21107.txt; gutenberg_texts/21108.txt,gutenberg_texts/24267.txt,319,__main__.exp_context_drift; __main__.exp_detection; __main__.exp_human_attribution; __main__.exp_llm_attribution
john_c_hutcheson,50693,3,gutenberg_texts/21107.txt; gutenberg_texts/24267.txt; gutenberg_texts/21108.txt,gutenberg_texts/244.txt,219,__main__.exp_context_drift; __main__.exp_detection; __main__.exp_human_attribution; __main__.exp_llm_attribution
john_c_hutcheson,50693,3,gutenberg_texts/21107.txt; gutenberg_texts/24267.txt; gutenberg_texts/21108.txt,gutenberg_texts/24589.txt,19,__main__.exp_detection; __main__.exp_human_attribution
john_c_hutcheson,50693,3,gutenberg_texts/21107.txt; gutenberg_texts/24267.txt; gutenberg_texts/21108.txt,gutenberg_texts/28301.txt,19,__main__.exp_detection; __main__.exp_human_attribution
john_c_hutcheson,50693,3,gutenberg_texts/21107.txt; gutenberg_texts/24267.txt; gutenberg_texts/21108.txt,gutenberg_texts/2852.txt,199,__main__.exp_context_drift; __main__.exp_detection; __main__.exp_human_attribution; __main__.exp_llm_attribution
john_c_hutcheson,50693,3,gutenberg_texts/21107.txt; gutenberg_texts/24267.txt; gutenberg_texts/21108.txt,gutenberg_texts/29824.txt,19,__main__.exp_detection; __main__.exp_human_attribution
john_c_hutcheson,50693,3,gutenberg_texts/21107.txt; gutenberg_texts/24267.txt; gutenberg_texts/21108.txt,gutenberg_texts/30486.txt,206,__main__.exp_context_drift; __main__.exp_detection; __main__.exp_human_attribution; __main__.exp_llm_attribution
john_c_hutcheson,50693,3,gutenberg_texts/21107.txt; gutenberg_texts/24267.txt; gutenberg_texts/21108.txt,gutenberg_texts/31581.txt,319,__main__.exp_context_drift; __main__.exp_detection; __main__.exp_human_attribution; __main__.exp_llm_attribution
john_c_hutcheson,50693,3,gutenberg_texts/21107.txt; gutenberg_texts/24267.txt; gutenberg_texts/21108.txt,gutenberg_texts/31589.txt,319,__main__.exp_context_drift; __main__.exp_detection; __main__.exp_human_attribution; __main__.exp_llm_attribution
john_c_hutcheson,50693,3,gutenberg_texts/21107.txt; gutenberg_texts/24267.txt; gutenberg_texts/21108.txt,gutenberg_texts/32059.txt,19,__main__.exp_detection; __main__.exp_human_attribution
john_c_hutcheson,50693,3,gutenberg_texts/21107.txt; gutenberg_texts/24267.txt; gutenberg_texts/21108.txt,gutenberg_texts/32331.txt,319,__main__.exp_context_drift; __main__.exp_detection; __main__.exp_human_attribution; __main__.exp_llm_attribution
john_c_hutcheson,50693,3,gutenberg_texts/21107.txt; gutenberg_texts/24267.txt; gutenberg_texts/21108.txt,gutenberg_texts/32440.txt,319,__main__.exp_context_drift; __main__.exp_detection; __main__.exp_human_attribution; __main__.exp_llm_attribution
john_c_hutcheson,50693,3,gutenberg_texts/21107.txt; gutenberg_texts/24267.txt; gutenberg_texts/21108.txt,gutenberg_texts/32542.txt,19,__main__.exp_detection; __main__.exp_human_attribution
john_c_hutcheson,50693,3,gutenberg_texts/21107.txt; gutenberg_texts/24267.txt; gutenberg_texts/21108.txt,gutenberg_texts/34592.txt,319,__main__.exp_context_drift; __main__.exp_detection; __main__.exp_human_attribution; __main__.exp_llm_attribution
john_c_hutcheson,50693,3,gutenberg_texts/21107.txt; gutenberg_texts/24267.txt; gutenberg_texts/21108.txt,gutenberg_texts/34832.txt,319,__main__.exp_context_drift; __main__.exp_detection; __main__.exp_human_attribution; __main__.exp_llm_attribution
john_c_hutcheson,50693,3,gutenberg_texts/21107.txt; gutenberg_texts/24267.txt; gutenberg_texts/21108.txt,gutenberg_texts/35.txt,206,__main__.exp_context_drift; __main__.exp_detection; __main__.exp_human_attribution; __main__.exp_llm_attribution
john_c_hutcheson,50693,3,gutenberg_texts/21107.txt; gutenberg_texts/24267.txt; gutenberg_texts/21108.txt,gutenberg_texts/35082.txt,19,__main__.exp_detection; __main__.exp_human_attribution
john_c_hutcheson,50693,3,gutenberg_texts/21107.txt; gutenberg_texts/24267.txt; gutenberg_texts/21108.txt,gutenberg_texts/36.txt,11,__main__.exp_detection; __main__.exp_human_attribution
john_c_hutcheson,50693,3,gutenberg_texts/21107.txt; gutenberg_texts/24267.txt; gutenberg_texts/21108.txt,gutenberg_texts/3635.txt,319,__main__.exp_context_drift; __main__.exp_detection; __main__.exp_human_attribution; __main__.exp_llm_attribution
john_c_hutcheson,50693,3,gutenberg_texts/21107.txt; gutenberg_texts/24267.txt; gutenberg_texts/21108.txt,gutenberg_texts/46.txt,154,__main__.exp_context_drift; __main__.exp_detection; __main__.exp_human_attribution; __main__.exp_llm_attribution
john_c_hutcheson,50693,3,gutenberg_texts/21107.txt; gutenberg_texts/24267.txt; gutenberg_texts/21108.txt,gutenberg_texts/4787.txt,319,__main__.exp_context_drift; __main__.exp_detection; __main__.exp_human_attribution; __main__.exp_llm_attribution
john_c_hutcheson,50693,3,gutenberg_texts/21107.txt; gutenberg_texts/24267.txt; gutenberg_texts/21108.txt,gutenberg_texts/54629.txt,319,__main__.exp_context_drift; __main__.exp_detection; __main__.exp_human_attribution; __main__.exp_llm_attribution
john_c_hutcheson,50693,3,gutenberg_texts/21107.txt; gutenberg_texts/24267.txt; gutenberg_texts/21108.txt,gutenberg_texts/54648.txt,319,__main__.exp_context_drift; __main__.exp_detection; __main__.exp_human_attribution; __main__.exp_llm_attribution
john_c_hutcheson,50693,3,gutenberg_texts/21107.txt; gutenberg_texts/24267.txt; gutenberg_texts/21108.txt,gutenberg_texts/55562.txt,19,__main__.exp_detection; __main__.exp_human_attribution
john_c_hutcheson,50693,3,gutenberg_texts/21107.txt; gutenberg_texts/24267.txt; gutenberg_texts/21108.txt,gutenberg_texts/5658.txt,206,__main__.exp_context_drift; __main__.exp_detection; __main__.exp_human_attribution; __main__.exp_llm_attribution
john_c_hutcheson,50693,3,gutenberg_texts/21107.txt; gutenberg_texts/24267.txt; gutenberg_texts/21108.txt,gutenberg_texts/7063.txt,206,__main__.exp_context_drift; __main__.exp_detection; __main__.exp_human_attribution; __main__.exp_llm_attribution
john_c_hutcheson,50693,3,gutenberg_texts/21107.txt; gutenberg_texts/24267.txt; gutenberg_texts/21108.txt,gutenberg_texts/74.txt,319,__main__.exp_context_drift; __main__.exp_detection; __main__.exp_human_attribution; __main__.exp_llm_attribution
john_c_hutcheson,50693,3,gutenberg_texts/21107.txt; gutenberg_texts/24267.txt; gutenberg_texts/21108.txt,gutenberg_texts/76.txt,319,__main__.exp_context_drift; __main__.exp_detection; __main__.exp_human_attribution; __main__.exp_llm_attribution
john_c_hutcheson,50693,3,gutenberg_texts/21107.txt; gutenberg_texts/24267.txt; gutenberg_texts/21108.txt,gutenberg_texts/773.txt,206,__main__.exp_context_drift; __main__.exp_detection; __main__.exp_human_attribution; __main__.exp_llm_attribution
john_c_hutcheson,50693,3,gutenberg_texts/21107.txt; gutenberg_texts/24267.txt; gutenberg_texts/21108.txt,gutenberg_texts/84.txt,206,__main__.exp_context_drift; __main__.exp_detection; __main__.exp_human_attribution; __main__.exp_llm_attribution
john_c_hutcheson,50693,3,gutenberg_texts/21107.txt; gutenberg_texts/24267.txt; gutenberg_texts/21108.txt,gutenberg_texts/86.txt,19,__main__.exp_detection; __main__.exp_human_attribution
john_c_hutcheson,50693,3,gutenberg_texts/21107.txt; gutenberg_texts/24267.txt; gutenberg_texts/21108.txt,gutenberg_texts/8741.txt,319,__main__.exp_context_drift; __main__.exp_detection; __main__.exp_human_attribution; __main__.exp_llm_attribution
john_c_hutcheson,50693,3,gutenberg_texts/21107.txt; gutenberg_texts/24267.txt; gutenberg_texts/21108.txt,gutenberg_texts/8874.txt,319,__main__.exp_context_drift; __main__.exp_detection; __main__.exp_human_attribution; __main__.exp_llm_attribution
john_c_hutcheson,50693,3,gutenberg_texts/21107.txt; gutenberg_texts/24267.txt; gutenberg_texts/21108.txt,gutenberg_texts/9182.txt,11,__main__.exp_detection; __main__.exp_human_attribution
john_c_hutcheson,50693,3,gutenberg_texts/21107.txt; gutenberg_texts/24267.txt; gutenberg_texts/21108.txt,gutenberg_texts/9378.txt,319,__main__.exp_context_drift; __main__.exp_detection; __main__.exp_human_attribution; __main__.exp_llm_attribution
john_c_hutcheson,50693,3,gutenberg_texts/21107.txt; gutenberg_texts/24267.txt; gutenberg_texts/21108.txt,gutenberg_texts/9462.txt,319,__main__.exp_context_drift; __main__.exp_detection; __main__.exp_human_attribution; __main__.exp_llm_attribution
john_c_hutcheson,50693,3,gutenberg_texts/21107.txt; gutenberg_texts/24267.txt; gutenberg_texts/21108.txt,gutenberg_texts/9779.txt,19,__main__.exp_detection; __main__.exp_human_attribution
john_c_hutcheson,50693,3,gutenberg_texts/21107.txt; gutenberg_texts/24267.txt; gutenberg_texts/21108.txt,gutenberg_texts/98.txt,141,__main__.exp_context_drift; __main__.exp_detection; __main__.exp_human_attribution; __main__.exp_llm_attribution
joseph_conrad,54951,3,gutenberg_texts/219.txt; gutenberg_texts/5658.txt; gutenberg_texts/2021.txt,,7381,__main__.exp_detection; __main__.exp_llm_attribution; __main__.exp_separability
joseph_conrad,54951,3,gutenberg_texts/219.txt; gutenberg_texts/5658.txt; gutenberg_texts/2021.txt,full_books/agnes_may_fleming_full.txt,206,__main__.exp_context_drift; __main__.exp_detection; __main__.exp_human_attribution; __main__.exp_llm_attribution
joseph_conrad,54951,3,gutenberg_texts/219.txt; gutenberg_texts/5658.txt; gutenberg_texts/2021.txt,full_books/herbert_george_wells_full.txt,206,__main__.exp_context_drift; __main__.exp_detection; __main__.exp_human_attribution; __main__.exp_llm_attribution
joseph_conrad,54951,3,gutenberg_texts/219.txt; gutenberg_texts/5658.txt; gutenberg_texts/2021.txt,full_books/jane_austen_full.txt,284,__main__.exp_context_drift; __main__.exp_detection; __main__.exp_human_attribution; __main__.exp_llm_attribution
joseph_conrad,54951,3,gutenberg_texts/219.txt; gutenberg_texts/5658.txt; gutenberg_texts/2021.txt,gutenberg_texts/12360.txt,206,__main__.exp_context_drift; __main__.exp_detection; __main__.exp_human_attribution; __main__.exp_llm_attribution
joseph_conrad,54951,3,gutenberg_texts/219.txt; gutenberg_texts/5658.txt; gutenberg_texts/2021.txt,gutenberg_texts/1260.txt,206,__main__.exp_context_drift; __main__.exp_detection; __main__.exp_human_attribution; __main__.exp_llm_attribution
joseph_conrad,54951,3,gutenberg_texts/219.txt; gutenberg_texts/5658.txt; gutenberg_texts/2021.txt,gutenberg_texts/1342.txt,11,__main__.exp_detection; __main__.exp_human_attribution
joseph_conrad,54951,3,gutenberg_texts/219.txt; gutenberg_texts/5658.txt; gutenberg_texts/2021.txt,gutenberg_texts/13547.txt,11,__main__.exp_detection; __main__.exp_human_attribution
joseph_conrad,54951,3,gutenberg_texts/219.txt; gutenberg_texts/5658.txt; gutenberg_texts/2021.txt,gutenberg_texts/13960.txt,206,__main__.exp_context_drift; __main__.exp_detection; __main__.exp_human_attribution; __main__.exp_llm_attribution
joseph_conrad,54951,3,gutenberg_texts/219.txt; gutenberg_texts/5658.txt; gutenberg_texts/2021.txt,gutenberg_texts/1400.txt,128,__main__.exp_context_drift; __main__.exp_detection; __main__.exp_human_attribution; __main__.exp_llm_attribution
joseph_conrad,54951,3,gutenberg_texts/219.txt; gutenberg_texts/5658.txt; gutenberg_texts/2021.txt,gutenberg_texts/14522.txt,11,__main__.exp_detection; __main__.exp_human_attribution
joseph_conrad,54951,3,gutenberg_texts/219.txt; gutenberg_texts/5658.txt; gutenberg_texts/2021.txt,gutenberg_texts/15238.txt,11,__main__.exp_detection; __main__.exp_human_attribution
joseph_conrad,54951,3,gutenberg_texts/219.txt; gutenberg_texts/5658.txt; gutenberg_texts/2021.txt,gutenberg_texts/15317.txt,11,__main__.exp_detection; __main__.exp_human_attribution
joseph_conrad,54951,3,gutenberg_texts/219.txt; gutenberg_texts/5658.txt; gutenberg_texts/2021.txt,gutenberg_texts/161.txt,128,__main__.exp_context_drift; __main__.exp_detection; __main__.exp_human_attribution; __main__.exp_llm_attribution
joseph_conrad,54951,3,gutenberg_texts/219.txt; gutenberg_texts/5658.txt; gutenberg_texts/2021.txt,gutenberg_texts/1661.txt,154,__main__.exp_context_drift; __main__.exp_detection; __main__.exp_human_attribution; __main__.exp_llm_attribution
joseph_conrad,54951,3,gutenberg_texts/219.txt; gutenberg_texts/5658.txt; gutenberg_texts/2021.txt,gutenberg_texts/16918.txt,206,__main__.exp_context_drift; __main__.exp_detection; __main__.exp_human_attribution; __main__.exp_llm_attribution
joseph_conrad,54951,3,gutenberg_texts/219.txt; gutenberg_texts/5658.txt; gutenberg_texts/2021.txt,gutenberg_texts/174.txt,206,__main__.exp_context_drift; __main__.exp_detection; __main__.exp_human_attribution; __main__.exp_llm_attribution
joseph_conrad,54951,3,gutenberg_texts/219.txt; gutenberg_texts/5658.txt; gutenberg_texts/2021.txt,gutenberg_texts/18247.txt,206,__main__.exp_context_drift; __main__.exp_detection; __main__.exp_human_attribution; __main__.exp_llm_attribution
joseph_conrad,54951,3,gutenberg_texts/219.txt; gutenberg_texts/5658.txt; gutenberg_texts/2021.txt,gutenberg_texts/18656.txt,206,__main__.exp_context_drift; __main__.exp_detection; __main__.exp_human_attribution; __main__.exp_llm_attribution
joseph_conrad,27655,2,gutenberg_texts/219.txt; gutenberg_texts/5658.txt,gutenberg_texts/2021.txt,11,__main__.exp_detection; __main__.exp_human_attribution
joseph_conrad,54951,3,gutenberg_texts/219.txt; gutenberg_texts/5658.txt; gutenberg_texts/2021.txt,gutenberg_texts/21107.txt,206,__main__.exp_context_drift; __main__.exp_detection; __main__.exp_human_attribution; __main__.exp_llm_attribution
joseph_conrad,54951,3,gutenberg_texts/219.txt; gutenberg_texts/5658.txt; gutenberg_texts/2021.txt,gutenberg_texts/21108.txt,11,__main__.exp_detection; __main__.exp_human_attribution
joseph_conrad,49171,2,gutenberg_texts/5658.txt; gutenberg_texts/2021.txt,gutenberg_texts/219.txt,206,__main__.exp_context_drift; __main__.exp_detection; __main__.exp_human_attribution; __main__.exp_llm_attribution
joseph_conrad,54951,3,gutenberg_texts/219.txt; gutenberg_texts/5658.txt; gutenberg_texts/2021.txt,gutenberg_texts/24267.txt,206,__main__.exp_context_drift; __main__.exp_detection; __main__.exp_human_attribution; __main__.exp_llm_attribution
joseph_conrad,54951,3,gutenberg_texts/219.txt; gutenberg_texts/5658.txt; gutenberg_texts/2021.txt,gutenberg_texts/244.txt,141,__main__.exp_context_drift; __main__.exp_detection; __main__.exp_human_attribution; __main__.exp_llm_attribution
joseph_conrad,54951,3,gutenberg_texts/219.txt; gutenberg_texts/5658.txt; gutenberg_texts/2021.txt,gutenberg_texts/24589.txt,11,__main__.exp_detection; __main__.exp_human_attribution
joseph_conrad,54951,3,gutenberg_texts/219.txt; gutenberg_texts/5658.txt; gutenberg_texts/2021.txt,gutenberg_texts/28301.txt,11,__main__.exp_detection; __main__.exp_human_attribution
joseph_conrad,54951,3,gutenberg_texts/219.txt; gutenberg_texts/5658.txt; gutenberg_texts/2021.txt,gutenberg_texts/2852.txt,128,__main__.exp_context_drift; __main__.exp_detection; __main__.exp_human_attribution; __main__.exp_llm_attribution
joseph_conrad,54951,3,gutenberg_texts/219.txt; gutenberg_texts/5658.txt; gutenberg_texts/2021.txt,gutenberg_texts/29824.txt,11,__main__.exp_detection; __main__.exp_human_attribution
joseph_conrad,54951,3,gutenberg_texts/219.txt; gutenberg_texts/5658.txt; gutenberg_texts/2021.txt,gutenberg_texts/30486.txt,206,__main__.exp_context_drift; __main__.exp_detection; __main__.exp_human_attribution; __main__.exp_llm_attribution
joseph_conrad,54951,3,gutenberg_texts/219.txt; gutenberg_texts/5658.txt; gutenberg_texts/2021.txt,gutenberg_texts/31581.txt,206,__main__.exp_context_drift; __main__.exp_detection; __main__.exp_human_attribution; __main__.exp_llm_attribution
joseph_conrad,54951,3,gutenberg_texts/219.txt; gutenberg_texts/5658.txt; gutenberg_texts/2021.txt,gutenberg_texts/31589.txt,206,__main__.exp_context_drift; __main__.exp_detection; __main__.exp_human_attribution; __main__.exp_llm_attribution
joseph_conrad,54951,3,gutenberg_texts/219.txt; gutenberg_texts/5658.txt; gutenberg_texts/2021.txt,gutenberg_texts/32059.txt,11,__main__.exp_detection; __main__.exp_human_attribution
joseph_conrad,54951,3,gutenberg_texts/219.txt; gutenberg_texts/5658.txt; gutenberg_texts/2021.txt,gutenberg_texts/32331.txt,206,__main__.exp_context_drift; __main__.exp_detection; __main__.exp_human_attribution; __main__.exp_llm_attribution
joseph_conrad,54951,3,gutenberg_texts/219.txt; gutenberg_texts/5658.txt; gutenberg_texts/2021.txt,gutenberg_texts/32440.txt,206,__main__.exp_context_drift; __main__.exp_detection; __main__.exp_human_attribution; __main__.exp_llm_attribution
joseph_conrad,54951,3,gutenberg_texts/219.txt; gutenberg_texts/5658.txt; gutenberg_texts/2021.txt,gutenberg_texts/32542.txt,11,__main__.exp_detection; __main__.exp_human_attribution
joseph_conrad,54951,3,gutenberg_texts/219.txt; gutenberg_texts/5658.txt; gutenberg_texts/2021.txt,gutenberg_texts/34592.txt,206,__main__.exp_context_drift; __main__.exp_detection; __main__.exp_human_attribution; __main__.exp_llm_attribution
joseph_conrad,54951,3,gutenberg_texts/219.txt; gutenberg_texts/5658.txt; gutenberg_texts/2021.txt,gutenberg_texts/34832.txt,206,__main__.exp_context_drift; __main__.exp_detection; __main__.exp_human_attribution; __main__.exp_llm_attribution
joseph_conrad,54951,3,gutenberg_texts/219.txt; gutenberg_texts/5658.txt; gutenberg_texts/2021.txt,gutenberg_texts/35.txt,206,__main__.exp_context_drift; __main__.exp_detection; __main__.exp_human_attribution; __main__.exp_llm_attribution
joseph_conrad,54951,3,gutenberg_texts/219.txt; gutenberg_texts/5658.txt; gutenberg_texts/2021.txt,gutenberg_texts/35082.txt,11,__main__.exp_detection; __main__.exp_human_attribution
joseph_conrad,54951,3,gutenberg_texts/219.txt; gutenberg_texts/5658.txt; gutenberg_texts/2021.txt,gutenberg_texts/36.txt,11,__main__.exp_detection; __main__.exp_human_attribution
joseph_conrad,54951,3,gutenberg_texts/219.txt; gutenberg_texts/5658.txt; gutenberg_texts/2021.txt,gutenberg_texts/3635.txt,206,__main__.exp_context_drift; __main__.exp_detection; __main__.exp_human_attribution; __main__.exp_llm_attribution
joseph_conrad,54951,3,gutenberg_texts/219.txt; gutenberg_texts/5658.txt; gutenberg_texts/2021.txt,gutenberg_texts/46.txt,154,__main__.exp_context_drift; __main__.exp_detection; __main__.exp_human_attribution; __main__.exp_llm_attribution
joseph_conrad,54951,3,gutenberg_texts/219.txt; gutenberg_texts/5658.txt; gutenberg_texts/2021.txt,gutenberg_texts/4787.txt,206,__main__.exp_context_drift; __main__.exp_detection; __main__.exp_human_attribution; __main__.exp_llm_attribution
joseph_conrad,54951,3,gutenberg_texts/219.txt; gutenberg_texts/5658.txt; gutenberg_texts/2021.txt,gutenberg_texts/54629.txt,206,__main__.exp_context_drift; __main__.exp_detection; __main__.exp_human_attribution; __main__.exp_llm_attribution
joseph_conrad,54951,3,gutenberg_texts/219.txt; gutenberg_texts/5658.txt; gutenberg_texts/2021.txt,gutenberg_texts/54648.txt,206,__main__.exp_context_drift; __main__.exp_detection; __main__.exp_human_attribution; __main__.exp_llm_attribution
joseph_conrad,54951,3,gutenberg_texts/219.txt; gutenberg_texts/5658.txt; gutenberg_texts/2021.txt,gutenberg_texts/55562.txt,11,__main__.exp_detection; __main__.exp_human_attribution
joseph_conrad,33076,2,gutenberg_texts/219.txt; gutenberg_texts/2021.txt,gutenberg_texts/5658.txt,206,__main__.exp_context_drift; __main__.exp_detection; __main__.exp_human_attribution; __main__.exp_llm_attribution
joseph_conrad,54951,3,gutenberg_texts/219.txt; gutenberg_texts/5658.txt; gutenberg_texts/2021.txt,gutenberg_texts/7063.txt,206,__main__.exp_context_drift; __main__.exp_detection; __main__.exp_human_attribution; __main__.exp_llm_attribution
joseph_conrad,54951,3,gutenberg_texts/219.txt; gutenberg_texts/5658.txt; gutenberg_texts/2021.txt,gutenberg_texts/74.txt,206,__main__.exp_context_drift; __main__.exp_detection; __main__.exp_human_attribution; __main__.exp_llm_attribution
joseph_conrad,54951,3,gutenberg_texts/219.txt; gutenberg_texts/5658.txt; gutenberg_texts/2021.txt,gutenberg_texts/76.txt,206,__main__.exp_context_drift; __main__.exp_detection; __main__.exp_human_attribution; __main__.exp_llm_attribution
joseph_conrad,54951,3,gutenberg_texts/219.txt; gutenberg_texts/5658.txt; gutenberg_texts/2021.txt,gutenberg_texts/773.txt,206,__main__.exp_context_drift; __main__.exp_detection; __main__.exp_human_attribution; __main__.exp_llm_attribution
joseph_conrad,54951,3,gutenberg_texts/219.txt; gutenberg_texts/5658.txt; gutenberg_texts/2021.txt,gutenberg_texts/84.txt,206,__main__.exp_context_drift; __main__.exp_detection; __main__.exp_human_attribution; __main__.exp_llm_attribution
joseph_conrad,54951,3,gutenberg_texts/219.txt; gutenberg_texts/5658.txt; gutenberg_texts/2021.txt,gutenberg_texts/86.txt,11,__main__.exp_detection; __main__.exp_human_attribution
joseph_conrad,54951,3,gutenberg_texts/219.txt; gutenberg_texts/5658.txt; gutenberg_texts/2021.txt,gutenberg_texts/8741.txt,206,__main__.exp_context_drift; __main__.exp_detection; __main__.exp_human_attribution; __main__.exp_llm_attribution
joseph_conrad,54951,3,gutenberg_texts/219.txt; gutenberg_texts/5658.txt; gutenberg_texts/2021.txt,gutenberg_texts/8874.txt,206,__main__.exp_context_drift; __main__.exp_detection; __main__.exp_human_attribution; __main__.exp_llm_attribution
joseph_conrad,54951,3,gutenberg_texts/219.txt; gutenberg_texts/5658.txt; gutenberg_texts/2021.txt,gutenberg_texts/9182.txt,11,__main__.exp_detection; __main__.exp_human_attribution
joseph_conrad,54951,3,gutenberg_texts/219.txt; gutenberg_texts/5658.txt; gutenberg_texts/2021.txt,gutenberg_texts/9378.txt,206,__main__.exp_context_drift; __main__.exp_detection; __main__.exp_human_attribution; __main__.exp_llm_attribution
joseph_conrad,54951,3,gutenberg_texts/219.txt; gutenberg_texts/5658.txt; gutenberg_texts/2021.txt,gutenberg_texts/9462.txt,206,__main__.exp_context_drift; __main__.exp_detection; __main__.exp_human_attribution; __main__.exp_llm_attribution
joseph_conrad,54951,3,gutenberg_texts/219.txt; gutenberg_texts/5658.txt; gutenberg_texts/2021.txt,gutenberg_texts/9779.txt,11,__main__.exp_detection; __main__.exp_human_attribution
joseph_conrad,54951,3,gutenberg_texts/219.txt; gutenberg_texts/5658.txt; gutenberg_texts/2021.txt,gutenberg_texts/98.txt,141,__main__.exp_context_drift; __main__.exp_detection; __main__.exp_human_attribution; __main__.exp_llm_attribution
kathleen_thompson_norris,55096,3,gutenberg_texts/3635.txt; gutenberg_texts/4787.txt; gutenberg_texts/28301.txt,,9721,__main__.exp_detection; __main__.exp_llm_attribution; __main__.exp_separability
kathleen_thompson_norris,55096,3,gutenberg_texts/3635.txt; gutenberg_texts/4787.txt; gutenberg_texts/28301.txt,full_books/agnes_may_fleming_full.txt,206,__main__.exp_context_drift; __main__.exp_detection; __main__.exp_human_attribution; __main__.exp_llm_attribution
kathleen_thompson_norris,55096,3,gutenberg_texts/3635.txt; gutenberg_texts/4787.txt; gutenberg_texts/28301.txt,full_books/herbert_george_wells_full.txt,206,__main__.exp_context_drift; __main__.exp_detection; __main__.exp_human_attribution; __main__.exp_llm_attribution
kathleen_thompson_norris,55096,3,gutenberg_texts/3635.txt; gutenberg_texts/4787.txt; gutenberg_texts/28301.txt,full_books/jane_austen_full.txt,439,__main__.exp_context_drift; __main__.exp_detection; __main__.exp_human_attribution; __main__.exp_llm_attribution
kathleen_thompson_norris,55096,3,gutenberg_texts/3635.txt; gutenberg_texts/4787.txt; gutenberg_texts/28301.txt,gutenberg_texts/12360.txt,319,__main__.exp_context_drift; __main__.exp_detection; __main__.exp_human_attribution; __main__.exp_llm_attribution
kathleen_thompson_norris,55096,3,gutenberg_texts/3635.txt; gutenberg_texts/4787.txt; gutenberg_texts/28301.txt,gutenberg_texts/1260.txt,206,__main__.exp_context_drift; __main__.exp_detection; __main__.exp_human_attribution; __main__.exp_llm_attribution
kathleen_thompson_norris,55096,3,gutenberg_texts/3635.txt; gutenberg_texts/4787.txt; gutenberg_texts/28301.txt,gutenberg_texts/1342.txt,19,__main__.exp_detection; __main__.exp_human_attribution
kathleen_thompson_norris,55096,3,gutenberg_texts/3635.txt; gutenberg_texts/4787.txt; gutenberg_texts/28301.txt,gutenberg_texts/13547.txt,19,__main__.exp_detection; __main__.exp_human_attribution
kathleen_thompson_norris,55096,3,gutenberg_texts/3635.txt; gutenberg_texts/4787.txt; gutenberg_texts/28301.txt,gutenberg_texts/13960.txt,319,__main__.exp_context_drift; __main__.exp_detection; __main__.exp_human_attribution; __main__.exp_llm_attribution
kathleen_thompson_norris,55096,3,gutenberg_texts/3635.txt; gutenberg_texts/4787.txt; gutenberg_texts/28301.txt,gutenberg_texts/1400.txt,128,__main__.exp_context_drift; __main__.exp_detection; __main__.exp_human_attribution; __main__.exp_llm_attribution
kathleen_thompson_norris,55096,3,gutenberg_texts/3635.txt; gutenberg_texts/4787.txt; gutenberg_texts/28301.txt,gutenberg_texts/14522.txt,11,__main__.exp_detection; __main__.exp_human_attribution
kathleen_thompson_norris,55096,3,gutenberg_texts/3635.txt; gutenberg_texts/4787.txt; gutenberg_texts/28301.txt,gutenberg_texts/15238.txt,11,__main__.exp_detection; __main__.exp_human_attribution
kathleen_thompson_norris,55096,3,gutenberg_texts/3635.txt; gutenberg_texts/4787.txt; gutenberg_texts/28301.txt,gutenberg_texts/15317.txt,11,__main__.exp_detection; __main__.exp_human_attribution
kathleen_thompson_norris,55096,3,gutenberg_texts/3635.txt; gutenberg_texts/4787.txt; gutenberg_texts/28301.txt,gutenberg_texts/161.txt,199,__main__.exp_context_drift; __main__.exp_detection; __main__.exp_human_attribution; __main__.exp_llm_attribution
kathleen_thompson_norris,55096,3,gutenberg_texts/3635.txt; gutenberg_texts/4787.txt; gutenberg_texts/28301.txt,gutenberg_texts/1661.txt,239,__main__.exp_context_drift; __main__.exp_detection; __main__.exp_human_attribution; __main__.exp_llm_attribution
kathleen_thompson_norris,55096,3,gutenberg_texts/3635.txt; gutenberg_texts/4787.txt; gutenberg_texts/28301.txt,gutenberg_texts/16918.txt,319,__main__.exp_context_drift; __main__.exp_detection; __main__.exp_human_attribution; __main__.exp_llm_attribution
kathleen_thompson_norris,55096,3,gutenberg_texts/3635.txt; gutenberg_texts/4787.txt; gutenberg_texts/28301.txt,gutenberg_texts/174.txt,206,__main__.exp_context_drift; __main__.exp_detection; __main__.exp_human_attribution; __main__.exp_llm_attribution
kathleen_thompson_norris,55096,3,gutenberg_texts/3635.txt; gutenberg_texts/4787.txt; gutenberg_texts/28301.txt,gutenberg_texts/18247.txt,206,__main__.exp_context_drift; __main__.exp_detection; __main__.exp_human_attribution; __main__.exp_llm_attribution
kathleen_thompson_norris,55096,3,gutenberg_texts/3635.txt; gutenberg_texts/4787.txt; gutenberg_texts/28301.txt,gutenberg_texts/18656.txt,319,__main__.exp_context_drift; __main__.exp_detection; __main__.exp_human_attribution; __main__.exp_llm_attribution
kathleen_thompson_norris,55096,3,gutenberg_texts/3635.txt; gutenberg_texts/4787.txt; gutenberg_texts/28301.txt,gutenberg_texts/2021.txt,11,__main__.exp_detection; __main__.exp_human_attribution
kathleen_thompson_norris,55096,3,gutenberg_texts/3635.txt; gutenberg_texts/4787.txt; gutenberg_texts/28301.txt,gutenberg_texts/21107.txt,319,__main__.exp_context_drift; __main__.exp_detection; __main__.exp_human_attribution; __main__.exp_llm_attribution
kathleen_thompson_norris,55096,3,gutenberg_texts/3635.txt; gutenberg_texts/4787.txt; gutenberg_texts/28301.txt,gutenberg_texts/21108.txt,19,__main__.exp_detection; __main__.exp_human_attribution
kathleen_thompson_norris,55096,3,gutenberg_texts/3635.txt; gutenberg_texts/4787.txt; gutenberg_texts/28301.txt,gutenberg_texts/219.txt,206,__main__.exp_context_drift; __main__.exp_detection; __main__.exp_human_attribution; __main__.exp_llm_attribution
kathleen_thompson_norris,55096,3,gutenberg_texts/3635.txt; gutenberg_texts/4787.txt; gutenberg_texts/28301.txt,gutenberg_texts/24267.txt,319,__main__.exp_context_drift; __main__.exp_detection; __main__.exp_human_attribution; __main__.exp_llm_attribution
kathleen_thompson_norris,55096,3,gutenberg_texts/3635.txt; gutenberg_texts/4787.txt; gutenberg_texts/28301.txt,gutenberg_texts/244.txt,219,__main__.exp_context_drift; __main__.exp_detection; __main__.exp_human_attribution; __main__.exp_llm_attribution
kathleen_thompson_norris,55096,3,gutenberg_texts/3635.txt; gutenberg_texts/4787.txt; gutenberg_texts/28301.txt,gutenberg_texts/24589.txt,19,__main__.exp_detection; __main__.exp_human_attribution
kathleen_thompson_norris,36316,2,gutenberg_texts/3635.txt; gutenberg_texts/4787.txt,gutenberg_texts/28301.txt,19,__main__.exp_detection; __main__.exp_human_attribution
kathleen_thompson_norris,55096,3,gutenberg_texts/3635.txt; gutenberg_texts/4787.txt; gutenberg_texts/28301.txt,gutenberg_texts/2852.txt,199,__main__.exp_context_drift; __main__.exp_detection; __main__.exp_human_attribution; __main__.exp_llm_attribution
kathleen_thompson_norris,55096,3,gutenberg_texts/3635.txt; gutenberg_texts/4787.txt; gutenberg_texts/28301.txt,gutenberg_texts/29824.txt,19,__main__.exp_detection; __main__.exp_human_attribution
kathleen_thompson_norris,55096,3,gutenberg_texts/3635.txt; gutenberg_texts/4787.txt; gutenberg_texts/28301.txt,gutenberg_texts/30486.txt,206,__main__.exp_context_drift; __main__.exp_detection; __main__.exp_human_attribution; __main__.exp_llm_attribution
kathleen_thompson_norris,55096,3,gutenberg_texts/3635.txt; gutenberg_texts/4787.txt; gutenberg_texts/28301.txt,gutenberg_texts/31581.txt,319,__main__.exp_context_drift; __main__.exp_detection; __main__.exp_human_attribution; __main__.exp_llm_attribution
kathleen_thompson_norris,55096,3,gutenberg_texts/3635.txt; gutenberg_texts/4787.txt; gutenberg_texts/28301.txt,gutenberg_texts/31589.txt,319,__main__.exp_context_drift; __main__.exp_detection; __main__.exp_human_attribution; __main__.exp_llm_attribution
kathleen_thompson_norris,55096,3,gutenberg_texts/3635.txt; gutenberg_texts/4787.txt; gutenberg_texts/28301.txt,gutenberg_texts/32059.txt,19,__main__.exp_detection; __main__.exp_human_attribution
kathleen_thompson_norris,55096,3,gutenberg_texts/3635.txt; gutenberg_texts/4787.txt; gutenberg_texts/28301.txt,gutenberg_texts/32331.txt,319,__main__.exp_context_drift; __main__.exp_detection; __main__.exp_human_attribution; __main__.exp_llm_attribution
kathleen_thompson_norris,55096,3,gutenberg_texts/3635.txt; gutenberg_texts/4787.txt; gutenberg_texts/28301.txt,gutenberg_texts/32440.txt,319,__main__.exp_context_drift; __main__.exp_detection; __main__.exp_human_attribution; __main__.exp_llm_attribution
kathleen_thompson_norris,55096,3,gutenberg_texts/3635.txt; gutenberg_texts/4787.txt; gutenberg_texts/28301.txt,gutenberg_texts/32542.txt,19,__main__.exp_detection; __main__.exp_human_attribution
kathleen_thompson_norris,55096,3,gutenberg_texts/3635.txt; gutenberg_texts/4787.txt; gutenberg_texts/28301.txt,gutenberg_texts/34592.txt,319,__main__.exp_context_drift; __main__.exp_detection; __main__.exp_human_attribution; __main__.exp_llm_attribution
kathleen_thompson_norris,55096,3,gutenberg_texts/3635.txt; gutenberg_texts/4787.txt; gutenberg_texts/28301.txt,gutenberg_texts/34832.txt,319,__main__.exp_context_drift; __main__.exp_detection; __main__.exp_human_attribution; __main__.exp_llm_attribution
kathleen_thompson_norris,55096,3,gutenberg_texts/3635.txt; gutenberg_texts/4787.txt; gutenberg_texts/28301.txt,gutenberg_texts/35.txt,206,__main__.exp_context_drift; __main__.exp_detection; __main__.exp_human_attribution; __main__.exp_llm_attribution
kathleen_thompson_norris,55096,3,gutenberg_texts/3635.txt; gutenberg_texts/4787.txt; gutenberg_texts/28301.txt,gutenberg_texts/35082.txt,19,__main__.exp_detection; __main__.exp_human_attribution
kathleen_thompson_norris,55096,3,gutenberg_texts/3635.txt; gutenberg_texts/4787.txt; gutenberg_texts/28301.txt,gutenberg_texts/36.txt,11,__main__.exp_detection; __main__.exp_human_attribution
kathleen_thompson_norris,48651,2,gutenberg_texts/4787.txt; gutenberg_texts/28301.txt,gutenberg_texts/3635.txt,319,__main__.exp_context_drift; __main__.exp_detection; __main__.exp_human_attribution; __main__.exp_llm_attribution
kathleen_thompson_norris,55096,3,gutenberg_texts/3635.txt; gutenberg_texts/4787.txt; gutenberg_texts/28301.txt,gutenberg_texts/46.txt,154,__main__.exp_context_drift; __main__.exp_detection; __main__.exp_human_attribution; __main__.exp_llm_attribution
kathleen_thompson_norris,25225,2,gutenberg_texts/3635.txt; gutenberg_texts/28301.txt,gutenberg_texts/4787.txt,319,__main__.exp_context_drift; __main__.exp_detection; __main__.exp_human_attribution; __main__.exp_llm_attribution
kathleen_thompson_norris,55096,3,gutenberg_texts/3635.txt; gutenberg_texts/4787.txt; gutenberg_texts/28301.txt,gutenberg_texts/54629.txt,319,__main__.exp_context_drift; __main__.exp_detection; __main__.exp_human_attribution; __main__.exp_llm_attribution
kathleen_thompson_norris,55096,3,gutenberg_texts/3635.txt; gutenberg_texts/4787.txt; gutenberg_texts/28301.txt,gutenberg_texts/54648.txt,319,__main__.exp_context_drift; __main__.exp_detection; __main__.exp_human_attribution; __main__.exp_llm_attribution
kathleen_thompson_norris,55096,3,gutenberg_texts/3635.txt; gutenberg_texts/4787.txt; gutenberg_texts/28301.txt,gutenberg_texts/55562.txt,19,__main__.exp_detection; __main__.exp_human_attribution
kathleen_thompson_norris,55096,3,gutenberg_texts/3635.txt; gutenberg_texts/4787.txt; gutenberg_texts/28301.txt,gutenberg_texts/5658.txt,206,__main__.exp_context_drift; __main__.exp_detection; __main__.exp_human_attribution; __main__.exp_llm_attribution
kathleen_thompson_norris,55096,3,gutenberg_texts/3635.txt; gutenberg_texts/4787.txt; gutenberg_texts/28301.txt,gutenberg_texts/7063.txt,206,__main__.exp_context_drift; __main__.exp_detection; __main__.exp_human_attribution; __main__.exp_llm_attribution
kathleen_thompson_norris,55096,3,gutenberg_texts/3635.txt; gutenberg_texts/4787.txt; gutenberg_texts/28301.txt,gutenberg_texts/74.txt,319,__main__.exp_context_drift; __main__.exp_detection; __main__.exp_human_attribution; __main__.exp_llm_attribution
kathleen_thompson_norris,55096,3,gutenberg_texts/3635.txt; gutenberg_texts/4787.txt; gutenberg_texts/28301.txt,gutenberg_texts/76.txt,319,__main__.exp_context_drift; __main__.exp_detection; __main__.exp_human_attribution; __main__.exp_llm_attribution
kathleen_thompson_norris,55096,3,gutenberg_texts/3635.txt; gutenberg_texts/4787.txt; gutenberg_texts/28301.txt,gutenberg_texts/773.txt,206,__main__.exp_context_drift; __main__.exp_detection; __main__.exp_human_attribution; __main__.exp_llm_attribution
kathleen_thompson_norris,55096,3,gutenberg_texts/3635.txt; gutenberg_texts/4787.txt; gutenberg_texts/28301.txt,gutenberg_texts/84.txt,206,__main__.exp_context_drift; __main__.exp_detection; __main__.exp_human_attribution; __main__.exp_llm_attribution
kathleen_thompson_norris,55096,3,gutenberg_texts/3635.txt; gutenberg_texts/4787.txt; gutenberg_texts/28301.txt,gutenberg_texts/86.txt,19,__main__.exp_detection; __main__.exp_human_attribution
kathleen_thompson_norris,55096,3,gutenberg_texts/3635.txt; gutenberg_texts/4787.txt; gutenberg_texts/28301.txt,gutenberg_texts/8741.txt,319,__main__.exp_context_drift; __main__.exp_detection; __main__.exp_human_attribution; __main__.exp_llm_attribution
kathleen_thompson_norris,55096,3,gutenberg_texts/3635.txt; gutenberg_texts/4787.txt; gutenberg_texts/28301.txt,gutenberg_texts/8874.txt,319,__main__.exp_context_drift; __main__.exp_detection; __main__.exp_human_attribution; __main__.exp_llm_attribution
kathleen_thompson_norris,55096,3,gutenberg_texts/3635.txt; gutenberg_texts/4787.txt; gutenberg_texts/28301.txt,gutenberg_texts/9182.txt,11,__main__.exp_detection; __main__.exp_human_attribution
kathleen_thompson_norris,55096,3,gutenberg_texts/3635.txt; gutenberg_texts/4787.txt; gutenberg_texts/28301.txt,gutenberg_texts/9378.txt,319,__main__.exp_context_drift; __main__.exp_detection; __main__.exp_human_attribution; __main__.exp_llm_attribution
kathleen_thompson_norris,55096,3,gutenberg_texts/3635.txt; gutenberg_texts/4787.txt; gutenberg_texts/28301.txt,gutenberg_texts/9462.txt,319,__main__.exp_context_drift; __main__.exp_detection; __main__.exp_human_attribution; __main__.exp_llm_attribution
kathleen_thompson_norris,55096,3,gutenberg_texts/3635.txt; gutenberg_texts/4787.txt; gutenberg_texts/28301.txt,gutenberg_texts/9779.txt,19,__main__.exp_detection; __main__.exp_human_attribution
kathleen_thompson_norris,55096,3,gutenberg_texts/3635.txt; gutenberg_texts/4787.txt; gutenberg_texts/28301.txt,gutenberg_texts/98.txt,141,__main__.exp_context_drift; __main__.exp_detection; __main__.exp_human_attribution; __main__.exp_llm_attribution
louis_joseph_vance,45444,3,gutenberg_texts/8741.txt; gutenberg_texts/9378.txt; gutenberg_texts/9779.txt,,9721,__main__.exp_detection; __main__.exp_llm_attribution; __main__.exp_separability
louis_joseph_vance,45444,3,gutenberg_texts/8741.txt; gutenberg_texts/9378.txt; gutenberg_texts/9779.txt,full_books/agnes_may_fleming_full.txt,206,__main__.exp_context_drift; __main__.exp_detection; __main__.exp_human_attribution; __main__.exp_llm_attribution
louis_joseph_vance,45444,3,gutenberg_texts/8741.txt; gutenberg_texts/9378.txt; gutenberg_texts/9779.txt,full_books/herbert_george_wells_full.txt,206,__main__.exp_context_drift; __main__.exp_detection; __main__.exp_human_attribution; __main__.exp_llm_attribution
louis_joseph_vance,45444,3,gutenberg_texts/8741.txt; gutenberg_texts/9378.txt; gutenberg_texts/9779.txt,full_books/jane_austen_full.txt,439,__main__.exp_context_drift; __main__.exp_detection; __main__.exp_human_attribution; __main__.exp_llm_attribution
louis_joseph_vance,45444,3,gutenberg_texts/8741.txt; gutenberg_texts/9378.txt; gutenberg_texts/9779.txt,gutenberg_texts/12360.txt,319,__main__.exp_context_drift; __main__.exp_detection; __main__.exp_human_attribution; __main__.exp_llm_attribution
louis_joseph_vance,45444,3,gutenberg_texts/8741.txt; gutenberg_texts/9378.txt; gutenberg_texts/9779.txt,gutenberg_texts/1260.txt,206,__main__.exp_context_drift; __main__.exp_detection; __main__.exp_human_attribution; __main__.exp_llm_attribution
louis_joseph_vance,45444,3,gutenberg_texts/8741.txt; gutenberg_texts/9378.txt; gutenberg_texts/9779.txt,gutenberg_texts/1342.txt,19,__main__.exp_detection; __main__.exp_human_attribution
louis_joseph_vance,45444,3,gutenberg_texts/8741.txt; gutenberg_texts/9378.txt; gutenberg_texts/9779.txt,gutenberg_texts/13547.txt,19,__main__.exp_detection; __main__.exp_human_attribution
louis_joseph_vance,45444,3,gutenberg_texts/8741.txt; gutenberg_texts/9378.txt; gutenberg_texts/9779.txt,gutenberg_texts/13960.txt,319,__main__.exp_context_drift; __main__.exp_detection; __main__.exp_human_attribution; __main__.exp_llm_attribution
louis_joseph_vance,45444,3,gutenberg_texts/8741.txt; gutenberg_texts/9378.txt; gutenberg_texts/9779.txt,gutenberg_texts/1400.txt,128,__main__.exp_context_drift; __main__.exp_detection; __main__.exp_human_attribution; __main__.exp_llm_attribution
louis_joseph_vance,45444,3,gutenberg_texts/8741.txt; gutenberg_texts/9378.txt; gutenberg_texts/9779.txt,gutenberg_texts/14522.txt,11,__main__.exp_detection; __main__.exp_human_attribution
louis_joseph_vance,45444,3,gutenberg_texts/8741.txt; gutenberg_texts/9378.txt; gutenberg_texts/9779.txt,gutenberg_texts/15238.txt,11,__main__.exp_detection; __main__.exp_human_attribution
louis_joseph_vance,45444,3,gutenberg_texts/8741.txt; gutenberg_texts/9378.txt; gutenberg_texts/9779.txt,gutenberg_texts/15317.txt,11,__main__.exp_detection; __main__.exp_human_attribution
louis_joseph_vance,45444,3,gutenberg_texts/8741.txt; gutenberg_texts/9378.txt; gutenberg_texts/9779.txt,gutenberg_texts/161.txt,199,__main__.exp_context_drift; __main__.exp_detection; __main__.exp_human_attribution; __main__.exp_llm_attribution
louis_joseph_vance,45444,3,gutenberg_texts/8741.txt; gutenberg_texts/9378.txt; gutenberg_texts/9779.txt,gutenberg_texts/1661.txt,239,__main__.exp_context_drift; __main__.exp_detection; __main__.exp_human_attribution; __main__.exp_llm_attribution
louis_joseph_vance,45444,3,gutenberg_texts/8741.txt; gutenberg_texts/9378.txt; gutenberg_texts/9779.txt,gutenberg_texts/16918.txt,319,__main__.exp_context_drift; __main__.exp_detection; __main__.exp_human_attribution; __main__.exp_llm_attribution
louis_joseph_vance,45444,3,gutenberg_texts/8741.txt; gutenberg_texts/9378.txt; gutenberg_texts/9779.txt,gutenberg_texts/174.txt,206,__main__.exp_context_drift; __main__.exp_detection; __main__.exp_human_attribution; __main__.exp_llm_attribution
louis_joseph_vance,45444,3,gutenberg_texts/8741.txt; gutenberg_texts/9378.txt; gutenberg_texts/9779.txt,gutenberg_texts/18247.txt,206,__main__.exp_context_drift; __main__.exp_detection; __main__.exp_human_attribution; __main__.exp_llm_attribution
louis_joseph_vance,45444,3,gutenberg_texts/8741.txt; gutenberg_texts/9378.txt; gutenberg_texts/9779.txt,gutenberg_texts/18656.txt,319,__main__.exp_context_drift; __main__.exp_detection; __main__.exp_human_attribution; __main__.exp_llm_attribution
louis_joseph_vance,45444,3,gutenberg_texts/8741.txt; gutenberg_texts/9378.txt; gutenberg_texts/9779.txt,gutenberg_texts/2021.txt,11,__main__.exp_detection; __main__.exp_human_attribution
louis_joseph_vance,45444,3,gutenberg_texts/8741.txt; gutenberg_texts/9378.txt; gutenberg_texts/9779.txt,gutenberg_texts/21107.txt,319,__main__.exp_context_drift; __main__.exp_detection; __main__.exp_human_attribution; __main__.exp_llm_attribution
louis_joseph_vance,45444,3,gutenberg_texts/8741.txt; gutenberg_texts/9378.txt; gutenberg_texts/9779.txt,gutenberg_texts/21108.txt,19,__main__.exp_detection; __main__.exp_human_attribution
louis_joseph_vance,45444,3,gutenberg_texts/8741.txt; gutenberg_texts/9378.txt; gutenberg_texts/9779.txt,gutenberg_texts/219.txt,206,__main__.exp_context_drift; __main__.exp_detection; __main__.exp_human_attribution; __main__.exp_llm_attribution
louis_joseph_vance,45444,3,gutenberg_texts/8741.txt; gutenberg_texts/9378.txt; gutenberg_texts/9779.txt,gutenberg_texts/24267.txt,319,__main__.exp_context_drift; __main__.exp_detection; __main__.exp_human_attribution; __main__.exp_llm_attribution
louis_joseph_vance,45444,3,gutenberg_texts/8741.txt; gutenberg_texts/9378.txt; gutenberg_texts/9779.txt,gutenberg_texts/244.txt,219,__main__.exp_context_drift; __main__.exp_detection; __main__.exp_human_attribution; __main__.exp_llm_attribution
louis_joseph_vance,45444,3,gutenberg_texts/8741.txt; gutenberg_texts/9378.txt; gutenberg_texts/9779.txt,gutenberg_texts/24589.txt,19,__main__.exp_detection; __main__.exp_human_attribution
louis_joseph_vance,45444,3,gutenberg_texts/8741.txt; gutenberg_texts/9378.txt; gutenberg_texts/9779.txt,gutenberg_texts/28301.txt,19,__main__.exp_detection; __main__.exp_human_attribution
louis_joseph_vance,45444,3,gutenberg_texts/8741.txt; gutenberg_texts/9378.txt; gutenberg_texts/9779.txt,gutenberg_texts/2852.txt,199,__main__.exp_context_drift; __main__.exp_detection; __main__.exp_human_attribution; __main__.exp_llm_attribution
louis_joseph_vance,45444,3,gutenberg_texts/8741.txt; gutenberg_texts/9378.txt; gutenberg_texts/9779.txt,gutenberg_texts/29824.txt,19,__main__.exp_detection; __main__.exp_human_attribution
louis_joseph_vance,45444,3,gutenberg_texts/8741.txt; gutenberg_texts/9378.txt; gutenberg_texts/9779.txt,gutenberg_texts/30486.txt,206,__main__.exp_context_drift; __main__.exp_detection; __main__.exp_human_attribution; __main__.exp_llm_attribution
louis_joseph_vance,45444,3,gutenberg_texts/8741.txt; gutenberg_texts/9378.txt; gutenberg_texts/9779.txt,gutenberg_texts/31581.txt,319,__main__.exp_context_drift; __main__.exp_detection; __main__.exp_human_attribution; __main__.exp_llm_attribution
louis_joseph_vance,45444,3,gutenberg_texts/8741.txt; gutenberg_texts/9378.txt; gutenberg_texts/9779.txt,gutenberg_texts/31589.txt,319,__main__.exp_context_drift; __main__.exp_detection; __main__.exp_human_attribution; __main__.exp_llm_attribution
louis_joseph_vance,45444,3,gutenberg_texts/8741.txt; gutenberg_texts/9378.txt; gutenberg_texts/9779.txt,gutenberg_texts/32059.txt,19,__main__.exp_detection; __main__.exp_human_attribution
louis_joseph_vance,45444,3,gutenberg_texts/8741.txt; gutenberg_texts/9378.txt; gutenberg_texts/9779.txt,gutenberg_texts/32331.txt,319,__main__.exp_context_drift; __main__.exp_detection; __main__.exp_human_attribution; __main__.exp_llm_attribution
louis_joseph_vance,45444,3,gutenberg_texts/8741.txt; gutenberg_texts/9378.txt; gutenberg_texts/9779.txt,gutenberg_texts/32440.txt,319,__main__.exp_context_drift; __main__.exp_detection; __main__.exp_human_attribution; __main__.exp_llm_attribution
louis_joseph_vance,45444,3,gutenberg_texts/8741.txt; gutenberg_texts/9378.txt; gutenberg_texts/9779.txt,gutenberg_texts/32542.txt,19,__main__.exp_detection; __main__.exp_human_attribution
louis_joseph_vance,45444,3,gutenberg_texts/8741.txt; gutenberg_texts/9378.txt; gutenberg_texts/9779.txt,gutenberg_texts/34592.txt,319,__main__.exp_context_drift; __main__.exp_detection; __main__.exp_human_attribution; __main__.exp_llm_attribution
louis_joseph_vance,45444,3,gutenberg_texts/8741.txt; gutenberg_texts/9378.txt; gutenberg_texts/9779.txt,gutenberg_texts/34832.txt,319,__main__.exp_context_drift; __main__.exp_detection; __main__.exp_human_attribution; __main__.exp_llm_attribution
louis_joseph_vance,45444,3,gutenberg_texts/8741.txt; gutenberg_texts/9378.txt; gutenberg_texts/9779.txt,gutenberg_texts/35.txt,206,__main__.exp_context_drift; __main__.exp_detection; __main__.exp_human_attribution; __main__.exp_llm_attribution
louis_joseph_vance,45444,3,gutenberg_texts/8741.txt; gutenberg_texts/9378.txt; gutenberg_texts/9779.txt,gutenberg_texts/35082.txt,19,__main__.exp_detection; __main__.exp_human_attribution
louis_joseph_vance,45444,3,gutenberg_texts/8741.txt; gutenberg_texts/9378.txt; gutenberg_texts/9779.txt,gutenberg_texts/36.txt,11,__main__.exp_detection; __main__.exp_human_attribution
louis_joseph_vance,45444,3,gutenberg_texts/8741.txt; gutenberg_texts/9378.txt; gutenberg_texts/9779.txt,gutenberg_texts/3635.txt,319,__main__.exp_context_drift; __main__.exp_detection; __main__.exp_human_attribution; __main__.exp_llm_attribution
louis_joseph_vance,45444,3,gutenberg_texts/8741.txt; gutenberg_texts/9378.txt; gutenberg_texts/9779.txt,gutenberg_texts/46.txt,154,__main__.exp_context_drift; __main__.exp_detection; __main__.exp_human_attribution; __main__.exp_llm_attribution
louis_joseph_vance,45444,3,gutenberg_texts/8741.txt; gutenberg_texts/9378.txt; gutenberg_texts/9779.txt,gutenberg_texts/4787.txt,319,__main__.exp_context_drift; __main__.exp_detection; __main__.exp_human_attribution; __main__.exp_llm_attribution
louis_joseph_vance,45444,3,gutenberg_texts/8741.txt; gutenberg_texts/9378.txt; gutenberg_texts/9779.txt,gutenberg_texts/54629.txt,319,__main__.exp_context_drift; __main__.exp_detection; __main__.exp_human_attribution; __main__.exp_llm_attribution
louis_joseph_vance,45444,3,gutenberg_texts/8741.txt; gutenberg_texts/9378.txt; gutenberg_texts/9779.txt,gutenberg_texts/54648.txt,319,__main__.exp_context_drift; __main__.exp_detection; __main__.exp_human_attribution; __main__.exp_llm_attribution
louis_joseph_vance,45444,3,gutenberg_texts/8741.txt; gutenberg_texts/9378.txt; gutenberg_texts/9779.txt,gutenberg_texts/55562.txt,19,__main__.exp_detection; __main__.exp_human_attribution
louis_joseph_vance,45444,3,gutenberg_texts/8741.txt; gutenberg_texts/9378.txt; gutenberg_texts/9779.txt,gutenberg_texts/5658.txt,206,__main__.exp_context_drift; __main__.exp_detection; __main__.exp_human_attribution; __main__.exp_llm_attribution
louis_joseph_vance,45444,3,gutenberg_texts/8741.txt; gutenberg_texts/9378.txt; gutenberg_texts/9779.txt,gutenberg_texts/7063.txt,206,__main__.exp_context_drift; __main__.exp_detection; __main__.exp_human_attribution; __main__.exp_llm_attribution
louis_joseph_vance,45444,3,gutenberg_texts/8741.txt; gutenberg_texts/9378.txt; gutenberg_texts/9779.txt,gutenberg_texts/74.txt,319,__main__.exp_context_drift; __main__.exp_detection; __main__.exp_human_attribution; __main__.exp_llm_attribution
louis_joseph_vance,45444,3,gutenberg_texts/8741.txt; gutenberg_texts/9378.txt; gutenberg_texts/9779.txt,gutenberg_texts/76.txt,319,__main__.exp_context_drift; __main__.exp_detection; __main__.exp_human_attribution; __main__.exp_llm_attribution
louis_joseph_vance,45444,3,gutenberg_texts/8741.txt; gutenberg_texts/9378.txt; gutenberg_texts/9779.txt,gutenberg_texts/773.txt,206,__main__.exp_context_drift; __main__.exp_detection; __main__.exp_human_attribution; __main__.exp_llm_attribution
louis_joseph_vance,45444,3,gutenberg_texts/8741.txt; gutenberg_texts/9378.txt; gutenberg_texts/9779.txt,gutenberg_texts/84.txt,206,__main__.exp_context_drift; __main__.exp_detection; __main__.exp_human_attribution; __main__.exp_llm_attribution
louis_joseph_vance,45444,3,gutenberg_texts/8741.txt; gutenberg_texts/9378.txt; gutenberg_texts/9779.txt,gutenberg_texts/86.txt,19,__main__.exp_detection; __main__.exp_human_attribution
louis_joseph_vance,32290,2,gutenberg_texts/9378.txt; gutenberg_texts/9779.txt,gutenberg_texts/8741.txt,319,__main__.exp_context_drift; __main__.exp_detection; __main__.exp_human_attribution; __main__.exp_llm_attribution
louis_joseph_vance,45444,3,gutenberg_texts/8741.txt; gutenberg_texts/9378.txt; gutenberg_texts/9779.txt,gutenberg_texts/8874.txt,319,__main__.exp_context_drift; __main__.exp_detection; __main__.exp_human_attribution; __main__.exp_llm_attribution
louis_joseph_vance,45444,3,gutenberg_texts/8741.txt; gutenberg_texts/9378.txt; gutenberg_texts/9779.txt,gutenberg_texts/9182.txt,11,__main__.exp_detection; __main__.exp_human_attribution
louis_joseph_vance,32007,2,gutenberg_texts/8741.txt; gutenberg_texts/9779.txt,gutenberg_texts/9378.txt,319,__main__.exp_context_drift; __main__.exp_detection; __main__.exp_human_attribution; __main__.exp_llm_attribution
louis_joseph_vance,45444,3,gutenberg_texts/8741.txt; gutenberg_texts/9378.txt; gutenberg_texts/9779.txt,gutenberg_texts/9462.txt,319,__main__.exp_context_drift; __main__.exp_detection; __main__.exp_human_attribution; __main__.exp_llm_attribution
louis_joseph_vance,26591,2,gutenberg_texts/8741.txt; gutenberg_texts/9378.txt,gutenberg_texts/9779.txt,19,__main__.exp_detection; __main__.exp_human_attribution
louis_joseph_vance,45444,3,gutenberg_texts/8741.txt; gutenberg_texts/9378.txt; gutenberg_texts/9779.txt,gutenberg_texts/98.txt,141,__main__.exp_context_drift; __main__.exp_detection; __main__.exp_human_attribution; __main__.exp_llm_attribution
luis_senarens,19697,3,gutenberg_texts/54629.txt; gutenberg_texts/54648.txt; gutenberg_texts/55562.txt,,9721,__main__.exp_detection; __main__.exp_llm_attribution; __main__.exp_separability
luis_senarens,19697,3,gutenberg_texts/54629.txt; gutenberg_texts/54648.txt; gutenberg_texts/55562.txt,full_books/agnes_may_fleming_full.txt,206,__main__.exp_context_drift; __main__.exp_detection; __main__.exp_human_attribution; __main__.exp_llm_attribution
luis_senarens,19697,3,gutenberg_texts/54629.txt; gutenberg_texts/54648.txt; gutenberg_texts/55562.txt,full_books/herbert_george_wells_full.txt,206,__main__.exp_context_drift; __main__.exp_detection; __main__.exp_human_attribution; __main__.exp_llm_attribution
luis_senarens,19697,3,gutenberg_texts/54629.txt; gutenberg_texts/54648.txt; gutenberg_texts/55562.txt,full_books/jane_austen_full.txt,439,__main__.exp_context_drift; __main__.exp_detection; __main__.exp_human_attribution; __main__.exp_llm_attribution
luis_senarens,19697,3,gutenberg_texts/54629.txt; gutenberg_texts/54648.txt; gutenberg_texts/55562.txt,gutenberg_texts/12360.txt,319,__main__.exp_context_drift; __main__.exp_detection; __main__.exp_human_attribution; __main__.exp_llm_attribution
luis_senarens,19697,3,gutenberg_texts/54629.txt; gutenberg_texts/54648.txt; gutenberg_texts/55562.txt,gutenberg_texts/1260.txt,206,__main__.exp_context_drift; __main__.exp_detection; __main__.exp_human_attribution; __main__.exp_llm_attribution
luis_senarens,19697,3,gutenberg_texts/54629.txt; gutenberg_texts/54648.txt; gutenberg_texts/55562.txt,gutenberg_texts/1342.txt,19,__main__.exp_detection; __main__.exp_human_attribution
luis_senarens,19697,3,gutenberg_texts/54629.txt; gutenberg_texts/54648.txt; gutenberg_texts/55562.txt,gutenberg_texts/13547.txt,19,__main__.exp_detection; __main__.exp_human_attribution
luis_senarens,19697,3,gutenberg_texts/54629.txt; gutenberg_texts/54648.txt; gutenberg_texts/55562.txt,gutenberg_texts/13960.txt,319,__main__.exp_context_drift; __main__.exp_detection; __main__.exp_human_attribution; __main__.exp_llm_attribution
luis_senarens,19697,3,gutenberg_texts/54629.txt; gutenberg_texts/54648.txt; gutenberg_texts/55562.txt,gutenberg_texts/1400.txt,128,__main__.exp_context_drift; __main__.exp_detection; __main__.exp_human_attribution; __main__.exp_llm_attribution
luis_senarens,19697,3,gutenberg_texts/54629.txt; gutenberg_texts/54648.txt; gutenberg_texts/55562.txt,gutenberg_texts/14522.txt,11,__main__.exp_detection; __main__.exp_human_attribution
luis_senarens,19697,3,gutenberg_texts/54629.txt; gutenberg_texts/54648.txt; gutenberg_texts/55562.txt,gutenberg_texts/15238.txt,11,__main__.exp_detection; __main__.exp_human_attribution
luis_senarens,19697,3,gutenberg_texts/54629.txt; gutenberg_texts/54648.txt; gutenberg_texts/55562.txt,gutenberg_texts/15317.txt,11,__main__.exp_detection; __main__.exp_human_attribution
luis_senarens,19697,3,gutenberg_texts/54629.txt; gutenberg_texts/54648.txt; gutenberg_texts/55562.txt,gutenberg_texts/161.txt,199,__main__.exp_context_drift; __main__.exp_detection; __main__.exp_human_attribution; __main__.exp_llm_attribution
luis_senarens,19697,3,gutenberg_texts/54629.txt; gutenberg_texts/54648.txt; gutenberg_texts/55562.txt,gutenberg_texts/1661.txt,239,__main__.exp_context_drift; __main__.exp_detection; __main__.exp_human_attribution; __main__.exp_llm_attribution
luis_senarens,19697,3,gutenberg_texts/54629.txt; gutenberg_texts/54648.txt; gutenberg_texts/55562.txt,gutenberg_texts/16918.txt,319,__main__.exp_context_drift; __main__.exp_detection; __main__.exp_human_attribution; __main__.exp_llm_attribution
luis_senarens,19697,3,gutenberg_texts/54629.txt; gutenberg_texts/54648.txt; gutenberg_texts/55562.txt,gutenberg_texts/174.txt,206,__main__.exp_context_drift; __main__.exp_detection; __main__.exp_human_attribution; __main__.exp_llm_attribution
luis_senarens,19697,3,gutenberg_texts/54629.txt; gutenberg_texts/54648.txt; gutenberg_texts/55562.txt,gutenberg_texts/18247.txt,206,__main__.exp_context_drift; __main__.exp_detection; __main__.exp_human_attribution; __main__.exp_llm_attribution
luis_senarens,19697,3,gutenberg_texts/54629.txt; gutenberg_texts/54648.txt; gutenberg_texts/55562.txt,gutenberg_texts/18656.txt,319,__main__.exp_context_drift; __main__.exp_detection; __main__.exp_human_attribution; __main__.exp_llm_attribution
luis_senarens,19697,3,gutenberg_texts/54629.txt; gutenberg_texts/54648.txt; gutenberg_texts/55562.txt,gutenberg_texts/2021.txt,11,__main__.exp_detection; __main__.exp_human_attribution
luis_senarens,19697,3,gutenberg_texts/54629.txt; gutenberg_texts/54648.txt; gutenberg_texts/55562.txt,gutenberg_texts/21107.txt,319,__main__.exp_context_drift; __main__.exp_detection; __main__.exp_human_attribution; __main__.exp_llm_attribution
luis_senarens,19697,3,gutenberg_texts/54629.txt; gutenberg_texts/54648.txt; gutenberg_texts/55562.txt,gutenberg_texts/21108.txt,19,__main__.exp_detection; __main__.exp_human_attribution
luis_senarens,19697,3,gutenberg_texts/54629.txt; gutenberg_texts/54648.txt; gutenberg_texts/55562.txt,gutenberg_texts/219.txt,206,__main__.exp_context_drift; __main__.exp_detection; __main__.exp_human_attribution; __main__.exp_llm_attribution
luis_senarens,19697,3,gutenberg_texts/54629.txt; gutenberg_texts/54648.txt; gutenberg_texts/55562.txt,gutenberg_texts/24267.txt,319,__main__.exp_context_drift; __main__.exp_detection; __main__.exp_human_attribution; __main__.exp_llm_attribution
luis_senarens,19697,3,gutenberg_texts/54629.txt; gutenberg_texts/54648.txt; gutenberg_texts/55562.txt,gutenberg_texts/244.txt,219,__main__.exp_context_drift; __main__.exp_detection; __main__.exp_human_attribution; __main__.exp_llm_attribution
luis_senarens,19697,3,gutenberg_texts/54629.txt; gutenberg_texts/54648.txt; gutenberg_texts/55562.txt,gutenberg_texts/24589.txt,19,__main__.exp_detection; __main__.exp_human_attribution
luis_senarens,19697,3,gutenberg_texts/54629.txt; gutenberg_texts/54648.txt; gutenberg_texts/55562.txt,gutenberg_texts/28301.txt,19,__main__.exp_detection; __main__.exp_human_attribution
luis_senarens,19697,3,gutenberg_texts/54629.txt; gutenberg_texts/54648.txt; gutenberg_texts/55562.txt,gutenberg_texts/2852.txt,199,__main__.exp_context_drift; __main__.exp_detection; __main__.exp_human_attribution; __main__.exp_llm_attribution
luis_senarens,19697,3,gutenberg_texts/54629.txt; gutenberg_texts/54648.txt; gutenberg_texts/55562.txt,gutenberg_texts/29824.txt,19,__main__.exp_detection; __main__.exp_human_attribution
luis_senarens,19697,3,gutenberg_texts/54629.txt; gutenberg_texts/54648.txt; gutenberg_texts/55562.txt,gutenberg_texts/30486.txt,206,__main__.exp_context_drift; __main__.exp_detection; __main__.exp_human_attribution; __main__.exp_llm_attribution
luis_senarens,19697,3,gutenberg_texts/54629.txt; gutenberg_texts/54648.txt; gutenberg_texts/55562.txt,gutenberg_texts/31581.txt,319,__main__.exp_context_drift; __main__.exp_detection; __main__.exp_human_attribution; __main__.exp_llm_attribution
luis_senarens,19697,3,gutenberg_texts/54629.txt; gutenberg_texts/54648.txt; gutenberg_texts/55562.txt,gutenberg_texts/31589.txt,319,__main__.exp_context_drift; __main__.exp_detection; __main__.exp_human_attribution; __main__.exp_llm_attribution
luis_senarens,19697,3,gutenberg_texts/54629.txt; gutenberg_texts/54648.txt; gutenberg_texts/55562.txt,gutenberg_texts/32059.txt,19,__main__.exp_detection; __main__.exp_human_attribution
luis_senarens,19697,3,gutenberg_texts/54629.txt; gutenberg_texts/54648.txt; gutenberg_texts/55562.txt,gutenberg_texts/32331.txt,319,__main__.exp_context_drift; __main__.exp_detection; __main__.exp_human_attribution; __main__.exp_llm_attribution
luis_senarens,19697,3,gutenberg_texts/54629.txt; gutenberg_texts/54648.txt; gutenberg_texts/55562.txt,gutenberg_texts/32440.txt,319,__main__.exp_context_drift; __main__.exp_detection; __main__.exp_human_attribution; __main__.exp_llm_attribution
luis_senarens,19697,3,gutenberg_texts/54629.txt; gutenberg_texts/54648.txt; gutenberg_texts/55562.txt,gutenberg_texts/32542.txt,19,__main__.exp_detection; __main__.exp_human_attribution
luis_senarens,19697,3,gutenberg_texts/54629.txt; gutenberg_texts/54648.txt; gutenberg_texts/55562.txt,gutenberg_texts/34592.txt,319,__main__.exp_context_drift; __main__.exp_detection; __main__.exp_human_attribution; __main__.exp_llm_attribution
luis_senarens,19697,3,gutenberg_texts/54629.txt; gutenberg_texts/54648.txt; gutenberg_texts/55562.txt,gutenberg_texts/34832.txt,319,__main__.exp_context_drift; __main__.exp_detection; __main__.exp_human_attribution; __main__.exp_llm_attribution
luis_senarens,19697,3,gutenberg_texts/54629.txt; gutenberg_texts/54648.txt; gutenberg_texts/55562.txt,gutenberg_texts/35.txt,206,__main__.exp_context_drift; __main__.exp_detection; __main__.exp_human_attribution; __main__.exp_llm_attribution
luis_senarens,19697,3,gutenberg_texts/54629.txt; gutenberg_texts/54648.txt; gutenberg_texts/55562.txt,gutenberg_texts/35082.txt,19,__main__.exp_detection; __main__.exp_human_attribution
luis_senarens,19697,3,gutenberg_texts/54629.txt; gutenberg_texts/54648.txt; gutenberg_texts/55562.txt,gutenberg_texts/36.txt,11,__main__.exp_detection; __main__.exp_human_attribution
luis_senarens,19697,3,gutenberg_texts/54629.txt; gutenberg_texts/54648.txt; gutenberg_texts/55562.txt,gutenberg_texts/3635.txt,319,__main__.exp_context_drift; __main__.exp_detection; __main__.exp_human_attribution; __main__.exp_llm_attribution
luis_senarens,19697,3,gutenberg_texts/54629.txt; gutenberg_texts/54648.txt; gutenberg_texts/55562.txt,gutenberg_texts/46.txt,154,__main__.exp_context_drift; __main__.exp_detection; __main__.exp_human_attribution; __main__.exp_llm_attribution
luis_senarens,19697,3,gutenberg_texts/54629.txt; gutenberg_texts/54648.txt; gutenberg_texts/55562.txt,gutenberg_texts/4787.txt,319,__main__.exp_context_drift; __main__.exp_detection; __main__.exp_human_attribution; __main__.exp_llm_attribution
luis_senarens,13122,2,gutenberg_texts/54648.txt; gutenberg_texts/55562.txt,gutenberg_texts/54629.txt,319,__main__.exp_context_drift; __main__.exp_detection; __main__.exp_human_attribution; __main__.exp_llm_attribution
luis_senarens,13076,2,gutenberg_texts/54629.txt; gutenberg_texts/55562.txt,gutenberg_texts/54648.txt,319,__main__.exp_context_drift; __main__.exp_detection; __main__.exp_human_attribution; __main__.exp_llm_attribution
luis_senarens,13196,2,gutenberg_texts/54629.txt; gutenberg_texts/54648.txt,gutenberg_texts/55562.txt,19,__main__.exp_detection; __main__.exp_human_attribution
luis_senarens,19697,3,gutenberg_texts/54629.txt; gutenberg_texts/54648.txt; gutenberg_texts/55562.txt,gutenberg_texts/5658.txt,206,__main__.exp_context_drift; __main__.exp_detection; __main__.exp_human_attribution; __main__.exp_llm_attribution
luis_senarens,19697,3,gutenberg_texts/54629.txt; gutenberg_texts/54648.txt; gutenberg_texts/55562.txt,gutenberg_texts/7063.txt,206,__main__.exp_context_drift; __main__.exp_detection; __main__.exp_human_attribution; __main__.exp_llm_attribution
luis_senarens,19697,3,gutenberg_texts/54629.txt; gutenberg_texts/54648.txt; gutenberg_texts/55562.txt,gutenberg_texts/74.txt,319,__main__.exp_context_drift; __main__.exp_detection; __main__.exp_human_attribution; __main__.exp_llm_attribution
luis_senarens,19697,3,gutenberg_texts/54629.txt; gutenberg_texts/54648.txt; gutenberg_texts/55562.txt,gutenberg_texts/76.txt,319,__main__.exp_context_drift; __main__.exp_detection; __main__.exp_human_attribution; __main__.exp_llm_attribution
luis_senarens,19697,3,gutenberg_texts/54629.txt; gutenberg_texts/54648.txt; gutenberg_texts/55562.txt,gutenberg_texts/773.txt,206,__main__.exp_context_drift; __main__.exp_detection; __main__.exp_human_attribution; __main__.exp_llm_attribution
luis_senarens,19697,3,gutenberg_texts/54629.txt; gutenberg_texts/54648.txt; gutenberg_texts/55562.txt,gutenberg_texts/84.txt,206,__main__.exp_context_drift; __main__.exp_detection; __main__.exp_human_attribution; __main__.exp_llm_attribution
luis_senarens,19697,3,gutenberg_texts/54629.txt; gutenberg_texts/54648.txt; gutenberg_texts/55562.txt,gutenberg_texts/86.txt,19,__main__.exp_detection; __main__.exp_human_attribution
luis_senarens,19697,3,gutenberg_texts/54629.txt; gutenberg_texts/54648.txt; gutenberg_texts/55562.txt,gutenberg_texts/8741.txt,319,__main__.exp_context_drift; __main__.exp_detection; __main__.exp_human_attribution; __main__.exp_llm_attribution
luis_senarens,19697,3,gutenberg_texts/54629.txt; gutenberg_texts/54648.txt; gutenberg_texts/55562.txt,gutenberg_texts/8874.txt,319,__main__.exp_context_drift; __main__.exp_detection; __main__.exp_human_attribution; __main__.exp_llm_attribution
luis_senarens,19697,3,gutenberg_texts/54629.txt; gutenberg_texts/54648.txt; gutenberg_texts/55562.txt,gutenberg_texts/9182.txt,11,__main__.exp_detection; __main__.exp_human_attribution
luis_senarens,19697,3,gutenberg_texts/54629.txt; gutenberg_texts/54648.txt; gutenberg_texts/55562.txt,gutenberg_texts/9378.txt,319,__main__.exp_context_drift; __main__.exp_detection; __main__.exp_human_attribution; __main__.exp_llm_attribution
luis_senarens,19697,3,gutenberg_texts/54629.txt; gutenberg_texts/54648.txt; gutenberg_texts/55562.txt,gutenberg_texts/9462.txt,319,__main__.exp_context_drift; __main__.exp_detection; __main__.exp_human_attribution; __main__.exp_llm_attribution
luis_senarens,19697,3,gutenberg_texts/54629.txt; gutenberg_texts/54648.txt; gutenberg_texts/55562.txt,gutenberg_texts/9779.txt,19,__main__.exp_detection; __main__.exp_human_attribution
luis_senarens,19697,3,gutenberg_texts/54629.txt; gutenberg_texts/54648.txt; gutenberg_texts/55562.txt,gutenberg_texts/98.txt,141,__main__.exp_context_drift; __main__.exp_detection; __main__.exp_human_attribution; __main__.exp_llm_attribution
mark_twain,52087,3,gutenberg_texts/74.txt; gutenberg_texts/76.txt; gutenberg_texts/86.txt,,9721,__main__.exp_detection; __main__.exp_llm_attribution; __main__.exp_separability
mark_twain,52087,3,gutenberg_texts/74.txt; gutenberg_texts/76.txt; gutenberg_texts/86.txt,full_books/agnes_may_fleming_full.txt,206,__main__.exp_context_drift; __main__.exp_detection; __main__.exp_human_attribution; __main__.exp_llm_attribution
mark_twain,52087,3,gutenberg_texts/74.txt; gutenberg_texts/76.txt; gutenberg_texts/86.txt,full_books/herbert_george_wells_full.txt,206,__main__.exp_context_drift; __main__.exp_detection; __main__.exp_human_attribution; __main__.exp_llm_attribution
mark_twain,52087,3,gutenberg_texts/74.txt; gutenberg_texts/76.txt; gutenberg_texts/86.txt,full_books/jane_austen_full.txt,439,__main__.exp_context_drift; __main__.exp_detection; __main__.exp_human_attribution; __main__.exp_llm_attribution
mark_twain,52087,3,gutenberg_texts/74.txt; gutenberg_texts/76.txt; gutenberg_texts/86.txt,gutenberg_texts/12360.txt,319,__main__.exp_context_drift; __main__.exp_detection; __main__.exp_human_attribution; __main__.exp_llm_attribution
mark_twain,52087,3,gutenberg_texts/74.txt; gutenberg_texts/76.txt; gutenberg_texts/86.txt,gutenberg_texts/1260.txt,206,__main__.exp_context_drift; __main__.exp_detection; __main__.exp_human_attribution; __main__.exp_llm_attribution
mark_twain,52087,3,gutenberg_texts/74.txt; gutenberg_texts/76.txt; gutenberg_texts/86.txt,gutenberg_texts/1342.txt,19,__main__.exp_detection; __main__.exp_human_attribution
mark_twain,52087,3,gutenberg_texts/74.txt; gutenberg_texts/76.txt; gutenberg_texts/86.txt,gutenberg_texts/13547.txt,19,__main__.exp_detection; __main__.exp_human_attribution
mark_twain,52087,3,gutenberg_texts/74.txt; gutenberg_texts/76.txt; gutenberg_texts/86.txt,gutenberg_texts/13960.txt,319,__main__.exp_context_drift; __main__.exp_detection; __main__.exp_human_attribution; __main__.exp_llm_attribution
mark_twain,52087,3,gutenberg_texts/74.txt; gutenberg_texts/76.txt; gutenberg_texts/86.txt,gutenberg_texts/1400.txt,128,__main__.exp_context_drift; __main__.exp_detection; __main__.exp_human_attribution; __main__.exp_llm_attribution
mark_twain,52087,3,gutenberg_texts/74.txt; gutenberg_texts/76.txt; gutenberg_texts/86.txt,gutenberg_texts/14522.txt,11,__main__.exp_detection; __main__.exp_human_attribution
mark_twain,52087,3,gutenberg_texts/74.txt; gutenberg_texts/76.txt; gutenberg_texts/86.txt,gutenberg_texts/15238.txt,11,__main__.exp_detection; __main__.exp_human_attribution
mark_twain,52087,3,gutenberg_texts/74.txt; gutenberg_texts/76.txt; gutenberg_texts/86.txt,gutenberg_texts/15317.txt,11,__main__.exp_detection; __main__.exp_human_attribution
mark_twain,52087,3,gutenberg_texts/74.txt; gutenberg_texts/76.txt; gutenberg_texts/86.txt,gutenberg_texts/161.txt,199,__main__.exp_context_drift; __main__.exp_detection; __main__.exp_human_attribution; __main__.exp_llm_attribution
mark_twain,52087,3,gutenberg_texts/74.txt; gutenberg_texts/76.txt; gutenberg_texts/86.txt,gutenberg_texts/1661.txt,239,__main__.exp_context_drift; __main__.exp_detection; __main__.exp_human_attribution; __main__.exp_llm_attribution
mark_twain,52087,3,gutenberg_texts/74.txt; gutenberg_texts/76.txt; gutenberg_texts/86.txt,gutenberg_texts/16918.txt,319,__main__.exp_context_drift; __main__.exp_detection; __main__.exp_human_attribution; __main__.exp_llm_attribution
mark_twain,52087,3,gutenberg_texts/74.txt; gutenberg_texts/76.txt; gutenberg_texts/86.txt,gutenberg_texts/174.txt,206,__main__.exp_context_drift; __main__.exp_detection; __main__.exp_human_attribution; __main__.exp_llm_attribution
mark_twain,52087,3,gutenberg_texts/74.txt; gutenberg_texts/76.txt; gutenberg_texts/86.txt,gutenberg_texts/18247.txt,206,__main__.exp_context_drift; __main__.exp_detection; __main__.exp_human_attribution; __main__.exp_llm_attribution
mark_twain,52087,3,gutenberg_texts/74.txt; gutenberg_texts/76.txt; gutenberg_texts/86.txt,gutenberg_texts/18656.txt,319,__main__.exp_context_drift; __main__.exp_detection; __main__.exp_human_attribution; __main__.exp_llm_attribution
mark_twain,52087,3,gutenberg_texts/74.txt; gutenberg_texts/76.txt; gutenberg_texts/86.txt,gutenberg_texts/2021.txt,11,__main__.exp_detection; __main__.exp_human_attribution
mark_twain,52087,3,gutenberg_texts/74.txt; gutenberg_texts/76.txt; gutenberg_texts/86.txt,gutenberg_texts/21107.txt,319,__main__.exp_context_drift; __main__.exp_detection; __main__.exp_human_attribution; __main__.exp_llm_attribution
mark_twain,52087,3,gutenberg_texts/74.txt; gutenberg_texts/76.txt; gutenberg_texts/86.txt,gutenberg_texts/21108.txt,19,__main__.exp_detection; __main__.exp_human_attribution
mark_twain,52087,3,gutenberg_texts/74.txt; gutenberg_texts/76.txt; gutenberg_texts/86.txt,gutenberg_texts/219.txt,206,__main__.exp_context_drift; __main__.exp_detection; __main__.exp_human_attribution; __main__.exp_llm_attribution
mark_twain,52087,3,gutenberg_texts/74.txt; gutenberg_texts/76.txt; gutenberg_texts/86.txt,gutenberg_texts/24267.txt,319,__main__.exp_context_drift; __main__.exp_detection; __main__.exp_human_attribution; __main__.exp_llm_attribution
mark_twain,52087,3,gutenberg_texts/74.txt; gutenberg_texts/76.txt; gutenberg_texts/86.txt,gutenberg_texts/244.txt,219,__main__.exp_context_drift; __main__.exp_detection; __main__.exp_human_attribution; __main__.exp_llm_attribution
mark_twain,52087,3,gutenberg_texts/74.txt; gutenberg_texts/76.txt; gutenberg_texts/86.txt,gutenberg_texts/24589.txt,19,__main__.exp_detection; __main__.exp_human_attribution
mark_twain,52087,3,gutenberg_texts/74.txt; gutenberg_texts/76.txt; gutenberg_texts/86.txt,gutenberg_texts/28301.txt,19,__main__.exp_detection; __main__.exp_human_attribution
mark_twain,52087,3,gutenberg_texts/74.txt; gutenberg_texts/76.txt; gutenberg_texts/86.txt,gutenberg_texts/2852.txt,199,__main__.exp_context_drift; __main__.exp_detection; __main__.exp_human_attribution; __main__.exp_llm_attribution
mark_twain,52087,3,gutenberg_texts/74.txt; gutenberg_texts/76.txt; gutenberg_texts/86.txt,gutenberg_texts/29824.txt,19,__main__.exp_detection; __main__.exp_human_attribution
mark_twain,52087,3,gutenberg_texts/74.txt; gutenberg_texts/76.txt; gutenberg_texts/86.txt,gutenberg_texts/30486.txt,206,__main__.exp_context_drift; __main__.exp_detection; __main__.exp_human_attribution; __main__.exp_llm_attribution
mark_twain,52087,3,gutenberg_texts/74.txt; gutenberg_texts/76.txt; gutenberg_texts/86.txt,gutenberg_texts/31581.txt,319,__main__.exp_context_drift; __main__.exp_detection; __main__.exp_human_attribution; __main__.exp_llm_attribution
mark_twain,52087,3,gutenberg_texts/74.txt; gutenberg_texts/76.txt; gutenberg_texts/86.txt,gutenberg_texts/31589.txt,319,__main__.exp_context_drift; __main__.exp_detection; __main__.exp_human_attribution; __main__.exp_llm_attribution
mark_twain,52087,3,gutenberg_texts/74.txt; gutenberg_texts/76.txt; gutenberg_texts/86.txt,gutenberg_texts/32059.txt,19,__main__.exp_detection; __main__.exp_human_attribution
mark_twain,52087,3,gutenberg_texts/74.txt; gutenberg_texts/76.txt; gutenberg_texts/86.txt,gutenberg_texts/32331.txt,319,__main__.exp_context_drift; __main__.exp_detection; __main__.exp_human_attribution; __main__.exp_llm_attribution
mark_twain,52087,3,gutenberg_texts/74.txt; gutenberg_texts/76.txt; gutenberg_texts/86.txt,gutenberg_texts/32440.txt,319,__main__.exp_context_drift; __main__.exp_detection; __main__.exp_human_attribution; __main__.exp_llm_attribution
mark_twain,52087,3,gutenberg_texts/74.txt; gutenberg_texts/76.txt; gutenberg_texts/86.txt,gutenberg_texts/32542.txt,19,__main__.exp_detection; __main__.exp_human_attribution
mark_twain,52087,3,gutenberg_texts/74.txt; gutenberg_texts/76.txt; gutenberg_texts/86.txt,gutenberg_texts/34592.txt,319,__main__.exp_context_drift; __main__.exp_detection; __main__.exp_human_attribution; __main__.exp_llm_attribution
mark_twain,52087,3,gutenberg_texts/74.txt; gutenberg_texts/76.txt; gutenberg_texts/86.txt,gutenberg_texts/34832.txt,319,__main__.exp_context_drift; __main__.exp_detection; __main__.exp_human_attribution; __main__.exp_llm_attribution
mark_twain,52087,3,gutenberg_texts/74.txt; gutenberg_texts/76.txt; gutenberg_texts/86.txt,gutenberg_texts/35.txt,206,__main__.exp_context_drift; __main__.exp_detection; __main__.exp_human_attribution; __main__.exp_llm_attribution
mark_twain,52087,3,gutenberg_texts/74.txt; gutenberg_texts/76.txt; gutenberg_texts/86.txt,gutenberg_texts/35082.txt,19,__main__.exp_detection; __main__.exp_human_attribution
mark_twain,52087,3,gutenberg_texts/74.txt; gutenberg_texts/76.txt; gutenberg_texts/86.txt,gutenberg_texts/36.txt,11,__main__.exp_detection; __main__.exp_human_attribution
mark_twain,52087,3,gutenberg_texts/74.txt; gutenberg_texts/76.txt; gutenberg_texts/86.txt,gutenberg_texts/3635.txt,319,__main__.exp_context_drift; __main__.exp_detection; __main__.exp_human_attribution; __main__.exp_llm_attribution
mark_twain,52087,3,gutenberg_texts/74.txt; gutenberg_texts/76.txt; gutenberg_texts/86.txt,gutenberg_texts/46.txt,154,__main__.exp_context_drift; __main__.exp_detection; __main__.exp_human_attribution; __main__.exp_llm_attribution
mark_twain,52087,3,gutenberg_texts/74.txt; gutenberg_texts/76.txt; gutenberg_texts/86.txt,gutenberg_texts/4787.txt,319,__main__.exp_context_drift; __main__.exp_detection; __main__.exp_human_attribution; __main__.exp_llm_attribution
mark_twain,52087,3,gutenberg_texts/74.txt; gutenberg_texts/76.txt; gutenberg_texts/86.txt,gutenberg_texts/54629.txt,319,__main__.exp_context_drift; __main__.exp_detection; __main__.exp_human_attribution; __main__.exp_llm_attribution
mark_twain,52087,3,gutenberg_texts/74.txt; gutenberg_texts/76.txt; gutenberg_texts/86.txt,gutenberg_texts/54648.txt,319,__main__.exp_context_drift; __main__.exp_detection; __main__.exp_human_attribution; __main__.exp_llm_attribution
mark_twain,52087,3,gutenberg_texts/74.txt; gutenberg_texts/76.txt; gutenberg_texts/86.txt,gutenberg_texts/55562.txt,19,__main__.exp_detection; __main__.exp_human_attribution
mark_twain,52087,3,gutenberg_texts/74.txt; gutenberg_texts/76.txt; gutenberg_texts/86.txt,gutenberg_texts/5658.txt,206,__main__.exp_context_drift; __main__.exp_detection; __main__.exp_human_attribution; __main__.exp_llm_attribution
mark_twain,52087,3,gutenberg_texts/74.txt; gutenberg_texts/76.txt; gutenberg_texts/86.txt,gutenberg_texts/7063.txt,206,__main__.exp_context_drift; __main__.exp_detection; __main__.exp_human_attribution; __main__.exp_llm_attribution
mark_twain,38291,2,gutenberg_texts/76.txt; gutenberg_texts/86.txt,gutenberg_texts/74.txt,319,__main__.exp_context_drift; __main__.exp_detection; __main__.exp_human_attribution; __main__.exp_llm_attribution
mark_twain,32777,2,gutenberg_texts/74.txt; gutenberg_texts/86.txt,gutenberg_texts/76.txt,319,__main__.exp_context_drift; __main__.exp_detection; __main__.exp_human_attribution; __main__.exp_llm_attribution
mark_twain,52087,3,gutenberg_texts/74.txt; gutenberg_texts/76.txt; gutenberg_texts/86.txt,gutenberg_texts/773.txt,206,__main__.exp_context_drift; __main__.exp_detection; __main__.exp_human_attribution; __main__.exp_llm_attribution
mark_twain,52087,3,gutenberg_texts/74.txt; gutenberg_texts/76.txt; gutenberg_texts/86.txt,gutenberg_texts/84.txt,206,__main__.exp_context_drift; __main__.exp_detection; __main__.exp_human_attribution; __main__.exp_llm_attribution
mark_twain,33106,2,gutenberg_texts/74.txt; gutenberg_texts/76.txt,gutenberg_texts/86.txt,19,__main__.exp_detection; __main__.exp_human_attribution
mark_twain,52087,3,gutenberg_texts/74.txt; gutenberg_texts/76.txt; gutenberg_texts/86.txt,gutenberg_texts/8741.txt,319,__main__.exp_context_drift; __main__.exp_detection; __main__.exp_human_attribution; __main__.exp_llm_attribution
mark_twain,52087,3,gutenberg_texts/74.txt; gutenberg_texts/76.txt; gutenberg_texts/86.txt,gutenberg_texts/8874.txt,319,__main__.exp_context_drift; __main__.exp_detection; __main__.exp_human_attribution; __main__.exp_llm_attribution
mark_twain,52087,3,gutenberg_texts/74.txt; gutenberg_texts/76.txt; gutenberg_texts/86.txt,gutenberg_texts/9182.txt,11,__main__.exp_detection; __main__.exp_human_attribution
mark_twain,52087,3,gutenberg_texts/74.txt; gutenberg_texts/76.txt; gutenberg_texts/86.txt,gutenberg_texts/9378.txt,319,__main__.exp_context_drift; __main__.exp_detection; __main__.exp_human_attribution; __main__.exp_llm_attribution
mark_twain,52087,3,gutenberg_texts/74.txt; gutenberg_texts/76.txt; gutenberg_texts/86.txt,gutenberg_texts/9462.txt,319,__main__.exp_context_drift; __main__.exp_detection; __main__.exp_human_attribution; __main__.exp_llm_attribution
mark_twain,52087,3,gutenberg_texts/74.txt; gutenberg_texts/76.txt; gutenberg_texts/86.txt,gutenberg_texts/9779.txt,19,__main__.exp_detection; __main__.exp_human_attribution
mark_twain,52087,3,gutenberg_texts/74.txt; gutenberg_texts/76.txt; gutenberg_texts/86.txt,gutenberg_texts/98.txt,141,__main__.exp_context_drift; __main__.exp_detection; __main__.exp_human_attribution; __main__.exp_llm_attribution
mary_shelley,42463,3,gutenberg_texts/84.txt; gutenberg_texts/18247.txt; gutenberg_texts/15238.txt,,7381,__main__.exp_detection; __main__.exp_llm_attribution; __main__.exp_separability
mary_shelley,42463,3,gutenberg_texts/84.txt; gutenberg_texts/18247.txt; gutenberg_texts/15238.txt,full_books/agnes_may_fleming_full.txt,206,__main__.exp_context_drift; __main__.exp_detection; __main__.exp_human_attribution; __main__.exp_llm_attribution
mary_shelley,42463,3,gutenberg_texts/84.txt; gutenberg_texts/18247.txt; gutenberg_texts/15238.txt,full_books/herbert_george_wells_full.txt,206,__main__.exp_context_drift; __main__.exp_detection; __main__.exp_human_attribution; __main__.exp_llm_attribution
mary_shelley,42463,3,gutenberg_texts/84.txt; gutenberg_texts/18247.txt; gutenberg_texts/15238.txt,full_books/jane_austen_full.txt,284,__main__.exp_context_drift; __main__.exp_detection; __main__.exp_human_attribution; __main__.exp_llm_attribution
mary_shelley,42463,3,gutenberg_texts/84.txt; gutenberg_texts/18247.txt; gutenberg_texts/15238.txt,gutenberg_texts/12360.txt,206,__main__.exp_context_drift; __main__.exp_detection; __main__.exp_human_attribution; __main__.exp_llm_attribution
mary_shelley,42463,3,gutenberg_texts/84.txt; gutenberg_texts/18247.txt; gutenberg_texts/15238.txt,gutenberg_texts/1260.txt,206,__main__.exp_context_drift; __main__.exp_detection; __main__.exp_human_attribution; __main__.exp_llm_attribution
mary_shelley,42463,3,gutenberg_texts/84.txt; gutenberg_texts/18247.txt; gutenberg_texts/15238.txt,gutenberg_texts/1342.txt,11,__main__.exp_detection; __main__.exp_human_attribution
mary_shelley,42463,3,gutenberg_texts/84.txt; gutenberg_texts/18247.txt; gutenberg_texts/15238.txt,gutenberg_texts/13547.txt,11,__main__.exp_detection; __main__.exp_human_attribution
mary_shelley,42463,3,gutenberg_texts/84.txt; gutenberg_texts/18247.txt; gutenberg_texts/15238.txt,gutenberg_texts/13960.txt,206,__main__.exp_context_drift; __main__.exp_detection; __main__.exp_human_attribution; __main__.exp_llm_attribution
mary_shelley,42463,3,gutenberg_texts/84.txt; gutenberg_texts/18247.txt; gutenberg_texts/15238.txt,gutenberg_texts/1400.txt,128,__main__.exp_context_drift; __main__.exp_detection; __main__.exp_human_attribution; __main__.exp_llm_attribution
mary_shelley,42463,3,gutenberg_texts/84.txt; gutenberg_texts/18247.txt; gutenberg_texts/15238.txt,gutenberg_texts/14522.txt,11,__main__.exp_detection; __main__.exp_human_attribution
mary_shelley,37401,2,gutenberg_texts/84.txt; gutenberg_texts/18247.txt,gutenberg_texts/15238.txt,11,__main__.exp_detection; __main__.exp_human_attribution
mary_shelley,42463,3,gutenberg_texts/84.txt; gutenberg_texts/18247.txt; gutenberg_texts/15238.txt,gutenberg_texts/15317.txt,11,__main__.exp_detection; __main__.exp_human_attribution
mary_shelley,42463,3,gutenberg_texts/84.txt; gutenberg_texts/18247.txt; gutenberg_texts/15238.txt,gutenberg_texts/161.txt,128,__main__.exp_context_drift; __main__.exp_detection; __main__.exp_human_attribution; __main__.exp_llm_attribution
mary_shelley,42463,3,gutenberg_texts/84.txt; gutenberg_texts/18247.txt; gutenberg_texts/15238.txt,gutenberg_texts/1661.txt,154,__main__.exp_context_drift; __main__.exp_detection; __main__.exp_human_attribution; __main__.exp_llm_attribution
mary_shelley,42463,3,gutenberg_texts/84.txt; gutenberg_texts/18247.txt; gutenberg_texts/15238.txt,gutenberg_texts/16918.txt,206,__main__.exp_context_drift; __main__.exp_detection; __main__.exp_human_attribution; __main__.exp_llm_attribution
mary_shelley,42463,3,gutenberg_texts/84.txt; gutenberg_texts/18247.txt; gutenberg_texts/15238.txt,gutenberg_texts/174.txt,206,__main__.exp_context_drift; __main__.exp_detection; __main__.exp_human_attribution; __main__.exp_llm_attribution
mary_shelley,15151,2,gutenberg_texts/84.txt; gutenberg_texts/15238.txt,gutenberg_texts/18247.txt,206,__main__.exp_context_drift; __main__.exp_detection; __main__.exp_human_attribution; __main__.exp_llm_attribution
mary_shelley,42463,3,gutenberg_texts/84.txt; gutenberg_texts/18247.txt; gutenberg_texts/15238.txt,gutenberg_texts/18656.txt,206,__main__.exp_context_drift; __main__.exp_detection; __main__.exp_human_attribution; __main__.exp_llm_attribution
mary_shelley,42463,3,gutenberg_texts/84.txt; gutenberg_texts/18247.txt; gutenberg_texts/15238.txt,gutenberg_texts/2021.txt,11,__main__.exp_detection; __main__.exp_human_attribution
mary_shelley,42463,3,gutenberg_texts/84.txt; gutenberg_texts/18247.txt; gutenberg_texts/15238.txt,gutenberg_texts/21107.txt,206,__main__.exp_context_drift; __main__.exp_detection; __main__.exp_human_attribution; __main__.exp_llm_attribution
mary_shelley,42463,3,gutenberg_texts/84.txt; gutenberg_texts/18247.txt; gutenberg_texts/15238.txt,gutenberg_texts/21108.txt,11,__main__.exp_detection; __main__.exp_human_attribution
mary_shelley,42463,3,gutenberg_texts/84.txt; gutenberg_texts/18247.txt; gutenberg_texts/15238.txt,gutenberg_texts/219.txt,206,__main__.exp_context_drift; __main__.exp_detection; __main__.exp_human_attribution; __main__.exp_llm_attribution
mary_shelley,42463,3,gutenberg_texts/84.txt; gutenberg_texts/18247.txt; gutenberg_texts/15238.txt,gutenberg_texts/24267.txt,206,__main__.exp_context_drift; __main__.exp_detection; __main__.exp_human_attribution; __main__.exp_llm_attribution
mary_shelley,42463,3,gutenberg_texts/84.txt; gutenberg_texts/18247.txt; gutenberg_texts/15238.txt,gutenberg_texts/244.txt,141,__main__.exp_context_drift; __main__.exp_detection; __main__.exp_human_attribution; __main__.exp_llm_attribution
mary_shelley,42463,3,gutenberg_texts/84.txt; gutenberg_texts/18247.txt; gutenberg_texts/15238.txt,gutenberg_texts/24589.txt,11,__main__.exp_detection; __main__.exp_human_attribution
mary_shelley,42463,3,gutenberg_texts/84.txt; gutenberg_texts/18247.txt; gutenberg_texts/15238.txt,gutenberg_texts/28301.txt,11,__main__.exp_detection; __main__.exp_human_attribution
mary_shelley,42463,3,gutenberg_texts/84.txt; gutenberg_texts/18247.txt; gutenberg_texts/15238.txt,gutenberg_texts/2852.txt,128,__main__.exp_context_drift; __main__.exp_detection; __main__.exp_human_attribution; __main__.exp_llm_attribution
mary_shelley,42463,3,gutenberg_texts/84.txt; gutenberg_texts/18247.txt; gutenberg_texts/15238.txt,gutenberg_texts/29824.txt,11,__main__.exp_detection; __main__.exp_human_attribution
mary_shelley,42463,3,gutenberg_texts/84.txt; gutenberg_texts/18247.txt; gutenberg_texts/15238.txt,gutenberg_texts/30486.txt,206,__main__.exp_context_drift; __main__.exp_detection; __main__.exp_human_attribution; __main__.exp_llm_attribution
mary_shelley,42463,3,gutenberg_texts/84.txt; gutenberg_texts/18247.txt; gutenberg_texts/15238.txt,gutenberg_texts/31581.txt,206,__main__.exp_context_drift; __main__.exp_detection; __main__.exp_human_attribution; __main__.exp_llm_attribution
mary_shelley,42463,3,gutenberg_texts/84.txt; gutenberg_texts/18247.txt; gutenberg_texts/15238.txt,gutenberg_texts/31589.txt,206,__main__.exp_context_drift; __main__.exp_detection; __main__.exp_human_attribution; __main__.exp_llm_attribution
mary_shelley,42463,3,gutenberg_texts/84.txt; gutenberg_texts/18247.txt; gutenberg_texts/15238.txt,gutenberg_texts/32059.txt,11,__main__.exp_detection; __main__.exp_human_attribution
mary_shelley,42463,3,gutenberg_texts/84.txt; gutenberg_texts/18247.txt; gutenberg_texts/15238.txt,gutenberg_texts/32331.txt,206,__main__.exp_context_drift; __main__.exp_detection; __main__.exp_human_attribution; __main__.exp_llm_attribution
mary_shelley,42463,3,gutenberg_texts/84.txt; gutenberg_texts/18247.txt; gutenberg_texts/15238.txt,gutenberg_texts/32440.txt,206,__main__.exp_context_drift; __main__.exp_detection; __main__.exp_human_attribution; __main__.exp_llm_attribution
mary_shelley,42463,3,gutenberg_texts/84.txt; gutenberg_texts/18247.txt; gutenberg_texts/15238.txt,gutenberg_texts/32542.txt,11,__main__.exp_detection; __main__.exp_human_attribution
mary_shelley,42463,3,gutenberg_texts/84.txt; gutenberg_texts/18247.txt; gutenberg_texts/15238.txt,gutenberg_texts/34592.txt,206,__main__.exp_context_drift; __main__.exp_detection; __main__.exp_human_attribution; __main__.exp_llm_attribution
mary_shelley,42463,3,gutenberg_texts/84.txt; gutenberg_texts/18247.txt; gutenberg_texts/15238.txt,gutenberg_texts/34832.txt,206,__main__.exp_context_drift; __main__.exp_detection; __main__.exp_human_attribution; __main__.exp_llm_attribution
mary_shelley,42463,3,gutenberg_texts/84.txt; gutenberg_texts/18247.txt; gutenberg_texts/15238.txt,gutenberg_texts/35.txt,206,__main__.exp_context_drift; __main__.exp_detection; __main__.exp_human_attribution; __main__.exp_llm_attribution
mary_shelley,42463,3,gutenberg_texts/84.txt; gutenberg_texts/18247.txt; gutenberg_texts/15238.txt,gutenberg_texts/35082.txt,11,__main__.exp_detection; __main__.exp_human_attribution
mary_shelley,42463,3,gutenberg_texts/84.txt; gutenberg_texts/18247.txt; gutenberg_texts/15238.txt,gutenberg_texts/36.txt,11,__main__.exp_detection; __main__.exp_human_attribution
mary_shelley,42463,3,gutenberg_texts/84.txt; gutenberg_texts/18247.txt; gutenberg_texts/15238.txt,gutenberg_texts/3635.txt,206,__main__.exp_context_drift; __main__.exp_detection; __main__.exp_human_attribution; __main__.exp_llm_attribution
mary_shelley,42463,3,gutenberg_texts/84.txt; gutenberg_texts/18247.txt; gutenberg_texts/15238.txt,gutenberg_texts/46.txt,154,__main__.exp_context_drift; __main__.exp_detection; __main__.exp_human_attribution; __main__.exp_llm_attribution
mary_shelley,42463,3,gutenberg_texts/84.txt; gutenberg_texts/18247.txt; gutenberg_texts/15238.txt,gutenberg_texts/4787.txt,206,__main__.exp_context_drift; __main__.exp_detection; __main__.exp_human_attribution; __main__.exp_llm_attribution
mary_shelley,42463,3,gutenberg_texts/84.txt; gutenberg_texts/18247.txt; gutenberg_texts/15238.txt,gutenberg_texts/54629.txt,206,__main__.exp_context_drift; __main__.exp_detection; __main__.exp_human_attribution; __main__.exp_llm_attribution
mary_shelley,42463,3,gutenberg_texts/84.txt; gutenberg_texts/18247.txt; gutenberg_texts/15238.txt,gutenberg_texts/54648.txt,206,__main__.exp_context_drift; __main__.exp_detection; __main__.exp_human_attribution; __main__.exp_llm_attribution
mary_shelley,42463,3,gutenberg_texts/84.txt; gutenberg_texts/18247.txt; gutenberg_texts/15238.txt,gutenberg_texts/55562.txt,11,__main__.exp_detection; __main__.exp_human_attribution
mary_shelley,42463,3,gutenberg_texts/84.txt; gutenberg_texts/18247.txt; gutenberg_texts/15238.txt,gutenberg_texts/5658.txt,206,__main__.exp_context_drift; __main__.exp_detection; __main__.exp_human_attribution; __main__.exp_llm_attribution
mary_shelley,42463,3,gutenberg_texts/84.txt; gutenberg_texts/18247.txt; gutenberg_texts/15238.txt,gutenberg_texts/7063.txt,206,__main__.exp_context_drift; __main__.exp_detection; __main__.exp_human_attribution; __main__.exp_llm_attribution
mary_shelley,42463,3,gutenberg_texts/84.txt; gutenberg_texts/18247.txt; gutenberg_texts/15238.txt,gutenberg_texts/74.txt,206,__main__.exp_context_drift; __main__.exp_detection; __main__.exp_human_attribution; __main__.exp_llm_attribution
mary_shelley,42463,3,gutenberg_texts/84.txt; gutenberg_texts/18247.txt; gutenberg_texts/15238.txt,gutenberg_texts/76.txt,206,__main__.exp_context_drift; __main__.exp_detection; __main__.exp_human_attribution; __main__.exp_llm_attribution
mary_shelley,42463,3,gutenberg_texts/84.txt; gutenberg_texts/18247.txt; gutenberg_texts/15238.txt,gutenberg_texts/773.txt,206,__main__.exp_context_drift; __main__.exp_detection; __main__.exp_human_attribution; __main__.exp_llm_attribution
mary_shelley,32374,2,gutenberg_texts/18247.txt; gutenberg_texts/15238.txt,gutenberg_texts/84.txt,206,__main__.exp_context_drift; __main__.exp_detection; __main__.exp_human_attribution; __main__.exp_llm_attribution
mary_shelley,42463,3,gutenberg_texts/84.txt; gutenberg_texts/18247.txt; gutenberg_texts/15238.txt,gutenberg_texts/86.txt,11,__main__.exp_detection; __main__.exp_human_attribution
mary_shelley,42463,3,gutenberg_texts/84.txt; gutenberg_texts/18247.txt; gutenberg_texts/15238.txt,gutenberg_texts/8741.txt,206,__main__.exp_context_drift; __main__.exp_detection; __main__.exp_human_attribution; __main__.exp_llm_attribution
mary_shelley,42463,3,gutenberg_texts/84.txt; gutenberg_texts/18247.txt; gutenberg_texts/15238.txt,gutenberg_texts/8874.txt,206,__main__.exp_context_drift; __main__.exp_detection; __main__.exp_human_attribution; __main__.exp_llm_attribution
mary_shelley,42463,3,gutenberg_texts/84.txt; gutenberg_texts/18247.txt; gutenberg_texts/15238.txt,gutenberg_texts/9182.txt,11,__main__.exp_detection; __main__.exp_human_attribution
mary_shelley,42463,3,gutenberg_texts/84.txt; gutenberg_texts/18247.txt; gutenberg_texts/15238.txt,gutenberg_texts/9378.txt,206,__main__.exp_context_drift; __main__.exp_detection; __main__.exp_human_attribution; __main__.exp_llm_attribution
mary_shelley,42463,3,gutenberg_texts/84.txt; gutenberg_texts/18247.txt; gutenberg_texts/15238.txt,gutenberg_texts/9462.txt,206,__main__.exp_context_drift; __main__.exp_detection; __main__.exp_human_attribution; __main__.exp_llm_attribution
mary_shelley,42463,3,gutenberg_texts/84.txt; gutenberg_texts/18247.txt; gutenberg_texts/15238.txt,gutenberg_texts/9779.txt,11,__main__.exp_detection; __main__.exp_human_attribution
mary_shelley,42463,3,gutenberg_texts/84.txt; gutenberg_texts/18247.txt; gutenberg_texts/15238.txt,gutenberg_texts/98.txt,141,__main__.exp_context_drift; __main__.exp_detection; __main__.exp_human_attribution; __main__.exp_llm_attribution
mildred_wirt,30836,3,gutenberg_texts/34592.txt; gutenberg_texts/34832.txt; gutenberg_texts/35082.txt,,9721,__main__.exp_detection; __main__.exp_llm_attribution; __main__.exp_separability
mildred_wirt,30836,3,gutenberg_texts/34592.txt; gutenberg_texts/34832.txt; gutenberg_texts/35082.txt,full_books/agnes_may_fleming_full.txt,206,__main__.exp_context_drift; __main__.exp_detection; __main__.exp_human_attribution; __main__.exp_llm_attribution
mildred_wirt,30836,3,gutenberg_texts/34592.txt; gutenberg_texts/34832.txt; gutenberg_texts/35082.txt,full_books/herbert_george_wells_full.txt,206,__main__.exp_context_drift; __main__.exp_detection; __main__.exp_human_attribution; __main__.exp_llm_attribution
mildred_wirt,30836,3,gutenberg_texts/34592.txt; gutenberg_texts/34832.txt; gutenberg_texts/35082.txt,full_books/jane_austen_full.txt,439,__main__.exp_context_drift; __main__.exp_detection; __main__.exp_human_attribution; __main__.exp_llm_attribution
mildred_wirt,30836,3,gutenberg_texts/34592.txt; gutenberg_texts/34832.txt; gutenberg_texts/35082.txt,gutenberg_texts/12360.txt,319,__main__.exp_context_drift; __main__.exp_detection; __main__.exp_human_attribution; __main__.exp_llm_attribution
mildred_wirt,30836,3,gutenberg_texts/34592.txt; gutenberg_texts/34832.txt; gutenberg_texts/35082.txt,gutenberg_texts/1260.txt,206,__main__.exp_context_drift; __main__.exp_detection; __main__.exp_human_attribution; __main__.exp_llm_attribution
mildred_wirt,30836,3,gutenberg_texts/34592.txt; gutenberg_texts/34832.txt; gutenberg_texts/35082.txt,gutenberg_texts/1342.txt,19,__main__.exp_detection; __main__.exp_human_attribution
mildred_wirt,30836,3,gutenberg_texts/34592.txt; gutenberg_texts/34832.txt; gutenberg_texts/35082.txt,gutenberg_texts/13547.txt,19,__main__.exp_detection; __main__.exp_human_attribution
mildred_wirt,30836,3,gutenberg_texts/34592.txt; gutenberg_texts/34832.txt; gutenberg_texts/35082.txt,gutenberg_texts/13960.txt,319,__main__.exp_context_drift; __main__.exp_detection; __main__.exp_human_attribution; __main__.exp_llm_attribution
mildred_wirt,30836,3,gutenberg_texts/34592.txt; gutenberg_texts/34832.txt; gutenberg_texts/35082.txt,gutenberg_texts/1400.txt,128,__main__.exp_context_drift; __main__.exp_detection; __main__.exp_human_attribution; __main__.exp_llm_attribution
mildred_wirt,30836,3,gutenberg_texts/34592.txt; gutenberg_texts/34832.txt; gutenberg_texts/35082.txt,gutenberg_texts/14522.txt,11,__main__.exp_detection; __main__.exp_human_attribution
mildred_wirt,30836,3,gutenberg_texts/34592.txt; gutenberg_texts/34832.txt; gutenberg_texts/35082.txt,gutenberg_texts/15238.txt,11,__main__.exp_detection; __main__.exp_human_attribution
mildred_wirt,30836,3,gutenberg_texts/34592.txt; gutenberg_texts/34832.txt; gutenberg_texts/35082.txt,gutenberg_texts/15317.txt,11,__main__.exp_detection; __main__.exp_human_attribution
mildred_wirt,30836,3,gutenberg_texts/34592.txt; gutenberg_texts/34832.txt; gutenberg_texts/35082.txt,gutenberg_texts/161.txt,199,__main__.exp_context_drift; __main__.exp_detection; __main__.exp_human_attribution; __main__.exp_llm_attribution
mildred_wirt,30836,3,gutenberg_texts/34592.txt; gutenberg_texts/34832.txt; gutenberg_texts/35082.txt,gutenberg_texts/1661.txt,239,__main__.exp_context_drift; __main__.exp_detection; __main__.exp_human_attribution; __main__.exp_llm_attribution
mildred_wirt,30836,3,gutenberg_texts/34592.txt; gutenberg_texts/34832.txt; gutenberg_texts/35082.txt,gutenberg_texts/16918.txt,319,__main__.exp_context_drift; __main__.exp_detection; __main__.exp_human_attribution; __main__.exp_llm_attribution
mildred_wirt,30836,3,gutenberg_texts/34592.txt; gutenberg_texts/34832.txt; gutenberg_texts/35082.txt,gutenberg_texts/174.txt,206,__main__.exp_context_drift; __main__.exp_detection; __main__.exp_human_attribution; __main__.exp_llm_attribution
mildred_wirt,30836,3,gutenberg_texts/34592.txt; gutenberg_texts/34832.txt; gutenberg_texts/35082.txt,gutenberg_texts/18247.txt,206,__main__.exp_context_drift; __main__.exp_detection; __main__.exp_human_attribution; __main__.exp_llm_attribution
mildred_wirt,30836,3,gutenberg_texts/34592.txt; gutenberg_texts/34832.txt; gutenberg_texts/35082.txt,gutenberg_texts/18656.txt,319,__main__.exp_context_drift; __main__.exp_detection; __main__.exp_human_attribution; __main__.exp_llm_attribution
mildred_wirt,30836,3,gutenberg_texts/34592.txt; gutenberg_texts/34832.txt; gutenberg_texts/35082.txt,gutenberg_texts/2021.txt,11,__main__.exp_detection; __main__.exp_human_attribution
mildred_wirt,30836,3,gutenberg_texts/34592.txt; gutenberg_texts/34832.txt; gutenberg_texts/35082.txt,gutenberg_texts/21107.txt,319,__main__.exp_context_drift; __main__.exp_detection; __main__.exp_human_attribution; __main__.exp_llm_attribution
mildred_wirt,30836,3,gutenberg_texts/34592.txt; gutenberg_texts/34832.txt; gutenberg_texts/35082.txt,gutenberg_texts/21108.txt,19,__main__.exp_detection; __main__.exp_human_attribution
mildred_wirt,30836,3,gutenberg_texts/34592.txt; gutenberg_texts/34832.txt; gutenberg_texts/35082.txt,gutenberg_texts/219.txt,206,__main__.exp_context_drift; __main__.exp_detection; __main__.exp_human_attribution; __main__.exp_llm_attribution
mildred_wirt,30836,3,gutenberg_texts/34592.txt; gutenberg_texts/34832.txt; gutenberg_texts/35082.txt,gutenberg_texts/24267.txt,319,__main__.exp_context_drift; __main__.exp_detection; __main__.exp_human_attribution; __main__.exp_llm_attribution
mildred_wirt,30836,3,gutenberg_texts/34592.txt; gutenberg_texts/34832.txt; gutenberg_texts/35082.txt,gutenberg_texts/244.txt,219,__main__.exp_context_drift; __main__.exp_detection; __main__.exp_human_attribution; __main__.exp_llm_attribution
mildred_wirt,30836,3,gutenberg_texts/34592.txt; gutenberg_texts/34832.txt; gutenberg_texts/35082.txt,gutenberg_texts/24589.txt,19,__main__.exp_detection; __main__.exp_human_attribution
mildred_wirt,30836,3,gutenberg_texts/34592.txt; gutenberg_texts/34832.txt; gutenberg_texts/35082.txt,gutenberg_texts/28301.txt,19,__main__.exp_detection; __main__.exp_human_attribution
mildred_wirt,30836,3,gutenberg_texts/34592.txt; gutenberg_texts/34832.txt; gutenberg_texts/35082.txt,gutenberg_texts/2852.txt,199,__main__.exp_context_drift; __main__.exp_detection; __main__.exp_human_attribution; __main__.exp_llm_attribution
mildred_wirt,30836,3,gutenberg_texts/34592.txt; gutenberg_texts/34832.txt; gutenberg_texts/35082.txt,gutenberg_texts/29824.txt,19,__main__.exp_detection; __main__.exp_human_attribution
mildred_wirt,30836,3,gutenberg_texts/34592.txt; gutenberg_texts/34832.txt; gutenberg_texts/35082.txt,gutenberg_texts/30486.txt,206,__main__.exp_context_drift; __main__.exp_detection; __main__.exp_human_attribution; __main__.exp_llm_attribution
mildred_wirt,30836,3,gutenberg_texts/34592.txt; gutenberg_texts/34832.txt; gutenberg_texts/35082.txt,gutenberg_texts/31581.txt,319,__main__.exp_context_drift; __main__.exp_detection; __main__.exp_human_attribution; __main__.exp_llm_attribution
mildred_wirt,30836,3,gutenberg_texts/34592.txt; gutenberg_texts/34832.txt; gutenberg_texts/35082.txt,gutenberg_texts/31589.txt,319,__main__.exp_context_drift; __main__.exp_detection; __main__.exp_human_attribution; __main__.exp_llm_attribution
mildred_wirt,30836,3,gutenberg_texts/34592.txt; gutenberg_texts/34832.txt; gutenberg_texts/35082.txt,gutenberg_texts/32059.txt,19,__main__.exp_detection; __main__.exp_human_attribution
mildred_wirt,30836,3,gutenberg_texts/34592.txt; gutenberg_texts/34832.txt; gutenberg_texts/35082.txt,gutenberg_texts/32331.txt,319,__main__.exp_context_drift; __main__.exp_detection; __main__.exp_human_attribution; __main__.exp_llm_attribution
mildred_wirt,30836,3,gutenberg_texts/34592.txt; gutenberg_texts/34832.txt; gutenberg_texts/35082.txt,gutenberg_texts/32440.txt,319,__main__.exp_context_drift; __main__.exp_detection; __main__.exp_human_attribution; __main__.exp_llm_attribution
mildred_wirt,30836,3,gutenberg_texts/34592.txt; gutenberg_texts/34832.txt; gutenberg_texts/35082.txt,gutenberg_texts/32542.txt,19,__main__.exp_detection; __main__.exp_human_attribution
mildred_wirt,21021,2,gutenberg_texts/34832.txt; gutenberg_texts/35082.txt,gutenberg_texts/34592.txt,319,__main__.exp_context_drift; __main__.exp_detection; __main__.exp_human_attribution; __main__.exp_llm_attribution
mildred_wirt,20640,2,gutenberg_texts/34592.txt; gutenberg_texts/35082.txt,gutenberg_texts/34832.txt,319,__main__.exp_context_drift; __main__.exp_detection; __main__.exp_human_attribution; __main__.exp_llm_attribution
mildred_wirt,30836,3,gutenberg_texts/34592.txt; gutenberg_texts/34832.txt; gutenberg_texts/35082.txt,gutenberg_texts/35.txt,206,__main__.exp_context_drift; __main__.exp_detection; __main__.exp_human_attribution; __main__.exp_llm_attribution
mildred_wirt,20011,2,gutenberg_texts/34592.txt; gutenberg_texts/34832.txt,gutenberg_texts/35082.txt,19,__main__.exp_detection; __main__.exp_human_attribution
mildred_wirt,30836,3,gutenberg_texts/34592.txt; gutenberg_texts/34832.txt; gutenberg_texts/35082.txt,gutenberg_texts/36.txt,11,__main__.exp_detection; __main__.exp_human_attribution
mildred_wirt,30836,3,gutenberg_texts/34592.txt; gutenberg_texts/34832.txt; gutenberg_texts/35082.txt,gutenberg_texts/3635.txt,319,__main__.exp_context_drift; __main__.exp_detection; __main__.exp_human_attribution; __main__.exp_llm_attribution
mildred_wirt,30836,3,gutenberg_texts/34592.txt; gutenberg_texts/34832.txt; gutenberg_texts/35082.txt,gutenberg_texts/46.txt,154,__main__.exp_context_drift; __main__.exp_detection; __main__.exp_human_attribution; __main__.exp_llm_attribution
mildred_wirt,30836,3,gutenberg_texts/34592.txt; gutenberg_texts/34832.txt; gutenberg_texts/35082.txt,gutenberg_texts/4787.txt,319,__main__.exp_context_drift; __main__.exp_detection; __main__.exp_human_attribution; __main__.exp_llm_attribution
mildred_wirt,30836,3,gutenberg_texts/34592.txt; gutenberg_texts/34832.txt; gutenberg_texts/35082.txt,gutenberg_texts/54629.txt,319,__main__.exp_context_drift; __main__.exp_detection; __main__.exp_human_attribution; __main__.exp_llm_attribution
mildred_wirt,30836,3,gutenberg_texts/34592.txt; gutenberg_texts/34832.txt; gutenberg_texts/35082.txt,gutenberg_texts/54648.txt,319,__main__.exp_context_drift; __main__.exp_detection; __main__.exp_human_attribution; __main__.exp_llm_attribution
mildred_wirt,30836,3,gutenberg_texts/34592.txt; gutenberg_texts/34832.txt; gutenberg_texts/35082.txt,gutenberg_texts/55562.txt,19,__main__.exp_detection; __main__.exp_human_attribution
mildred_wirt,30836,3,gutenberg_texts/34592.txt; gutenberg_texts/34832.txt; gutenberg_texts/35082.txt,gutenberg_texts/5658.txt,206,__main__.exp_context_drift; __main__.exp_detection; __main__.exp_human_attribution; __main__.exp_llm_attribution
mildred_wirt,30836,3,gutenberg_texts/34592.txt; gutenberg_texts/34832.txt; gutenberg_texts/35082.txt,gutenberg_texts/7063.txt,206,__main__.exp_context_drift; __main__.exp_detection; __main__.exp_human_attribution; __main__.exp_llm_attribution
mildred_wirt,30836,3,gutenberg_texts/34592.txt; gutenberg_texts/34832.txt; gutenberg_texts/35082.txt,gutenberg_texts/74.txt,319,__main__.exp_context_drift; __main__.exp_detection; __main__.exp_human_attribution; __main__.exp_llm_attribution
mildred_wirt,30836,3,gutenberg_texts/34592.txt; gutenberg_texts/34832.txt; gutenberg_texts/35082.txt,gutenberg_texts/76.txt,319,__main__.exp_context_drift; __main__.exp_detection; __main__.exp_human_attribution; __main__.exp_llm_attribution
mildred_wirt,30836,3,gutenberg_texts/34592.txt; gutenberg_texts/34832.txt; gutenberg_texts/35082.txt,gutenberg_texts/773.txt,206,__main__.exp_context_drift; __main__.exp_detection; __main__.exp_human_attribution; __main__.exp_llm_attribution
mildred_wirt,30836,3,gutenberg_texts/34592.txt; gutenberg_texts/34832.txt; gutenberg_texts/35082.txt,gutenberg_texts/84.txt,206,__main__.exp_context_drift; __main__.exp_detection; __main__.exp_human_attribution; __main__.exp_llm_attribution
mildred_wirt,30836,3,gutenberg_texts/34592.txt; gutenberg_texts/34832.txt; gutenberg_texts/35082.txt,gutenberg_texts/86.txt,19,__main__.exp_detection; __main__.exp_human_attribution
mildred_wirt,30836,3,gutenberg_texts/34592.txt; gutenberg_texts/34832.txt; gutenberg_texts/35082.txt,gutenberg_texts/8741.txt,319,__main__.exp_context_drift; __main__.exp_detection; __main__.exp_human_attribution; __main__.exp_llm_attribution
mildred_wirt,30836,3,gutenberg_texts/34592.txt; gutenberg_texts/34832.txt; gutenberg_texts/35082.txt,gutenberg_texts/8874.txt,319,__main__.exp_context_drift; __main__.exp_detection; __main__.exp_human_attribution; __main__.exp_llm_attribution
mildred_wirt,30836,3,gutenberg_texts/34592.txt; gutenberg_texts/34832.txt; gutenberg_texts/35082.txt,gutenberg_texts/9182.txt,11,__main__.exp_detection; __main__.exp_human_attribution
mildred_wirt,30836,3,gutenberg_texts/34592.txt; gutenberg_texts/34832.txt; gutenberg_texts/35082.txt,gutenberg_texts/9378.txt,319,__main__.exp_context_drift; __main__.exp_detection; __main__.exp_human_attribution; __main__.exp_llm_attribution
mildred_wirt,30836,3,gutenberg_texts/34592.txt; gutenberg_texts/34832.txt; gutenberg_texts/35082.txt,gutenberg_texts/9462.txt,319,__main__.exp_context_drift; __main__.exp_detection; __main__.exp_human_attribution; __main__.exp_llm_attribution
mildred_wirt,30836,3,gutenberg_texts/34592.txt; gutenberg_texts/34832.txt; gutenberg_texts/35082.txt,gutenberg_texts/9779.txt,19,__main__.exp_detection; __main__.exp_human_attribution
mildred_wirt,30836,3,gutenberg_texts/34592.txt; gutenberg_texts/34832.txt; gutenberg_texts/35082.txt,gutenberg_texts/98.txt,141,__main__.exp_context_drift; __main__.exp_detection; __main__.exp_human_attribution; __main__.exp_llm_attribution
oscar_wilde,22920,3,gutenberg_texts/174.txt; gutenberg_texts/773.txt; gutenberg_texts/14522.txt,,7381,__main__.exp_detection; __main__.exp_llm_attribution; __main__.exp_separability
oscar_wilde,22920,3,gutenberg_texts/174.txt; gutenberg_texts/773.txt; gutenberg_texts/14522.txt,full_books/agnes_may_fleming_full.txt,206,__main__.exp_context_drift; __main__.exp_detection; __main__.exp_human_attribution; __main__.exp_llm_attribution
oscar_wilde,22920,3,gutenberg_texts/174.txt; gutenberg_texts/773.txt; gutenberg_texts/14522.txt,full_books/herbert_george_wells_full.txt,206,__main__.exp_context_drift; __main__.exp_detection; __main__.exp_human_attribution; __main__.exp_llm_attribution
oscar_wilde,22920,3,gutenberg_texts/174.txt; gutenberg_texts/773.txt; gutenberg_texts/14522.txt,full_books/jane_austen_full.txt,284,__main__.exp_context_drift; __main__.exp_detection; __main__.exp_human_attribution; __main__.exp_llm_attribution
oscar_wilde,22920,3,gutenberg_texts/174.txt; gutenberg_texts/773.txt; gutenberg_texts/14522.txt,gutenberg_texts/12360.txt,206,__main__.exp_context_drift; __main__.exp_detection; __main__.exp_human_attribution; __main__.exp_llm_attribution
oscar_wilde,22920,3,gutenberg_texts/174.txt; gutenberg_texts/773.txt; gutenberg_texts/14522.txt,gutenberg_texts/1260.txt,206,__main__.exp_context_drift; __main__.exp_detection; __main__.exp_human_attribution; __main__.exp_llm_attribution
oscar_wilde,22920,3,gutenberg_texts/174.txt; gutenberg_texts/773.txt; gutenberg_texts/14522.txt,gutenberg_texts/1342.txt,11,__main__.exp_detection; __main__.exp_human_attribution
oscar_wilde,22920,3,gutenberg_texts/174.txt; gutenberg_texts/773.txt; gutenberg_texts/14522.txt,gutenberg_texts/13547.txt,11,__main__.exp_detection; __main__.exp_human_attribution
oscar_wilde,22920,3,gutenberg_texts/174.txt; gutenberg_texts/773.txt; gutenberg_texts/14522.txt,gutenberg_texts/13960.txt,206,__main__.exp_context_drift; __main__.exp_detection; __main__.exp_human_attribution; __main__.exp_llm_attribution
oscar_wilde,22920,3,gutenberg_texts/174.txt; gutenberg_texts/773.txt; gutenberg_texts/14522.txt,gutenberg_texts/1400.txt,128,__main__.exp_context_drift; __main__.exp_detection; __main__.exp_human_attribution; __main__.exp_llm_attribution
oscar_wilde,20965,2,gutenberg_texts/174.txt; gutenberg_texts/773.txt,gutenberg_texts/14522.txt,11,__main__.exp_detection; __main__.exp_human_attribution
oscar_wilde,22920,3,gutenberg_texts/174.txt; gutenberg_texts/773.txt; gutenberg_texts/14522.txt,gutenberg_texts/15238.txt,11,__main__.exp_detection; __main__.exp_human_attribution
oscar_wilde,22920,3,gutenberg_texts/174.txt; gutenberg_texts/773.txt; gutenberg_texts/14522.txt,gutenberg_texts/15317.txt,11,__main__.exp_detection; __main__.exp_human_attribution
oscar_wilde,22920,3,gutenberg_texts/174.txt; gutenberg_texts/773.txt; gutenberg_texts/14522.txt,gutenberg_texts/161.txt,128,__main__.exp_context_drift; __main__.exp_detection; __main__.exp_human_attribution; __main__.exp_llm_attribution
oscar_wilde,22920,3,gutenberg_texts/174.txt; gutenberg_texts/773.txt; gutenberg_texts/14522.txt,gutenberg_texts/1661.txt,154,__main__.exp_context_drift; __main__.exp_detection; __main__.exp_human_attribution; __main__.exp_llm_attribution
oscar_wilde,22920,3,gutenberg_texts/174.txt; gutenberg_texts/773.txt; gutenberg_texts/14522.txt,gutenberg_texts/16918.txt,206,__main__.exp_context_drift; __main__.exp_detection; __main__.exp_human_attribution; __main__.exp_llm_attribution
oscar_wilde,7720,2,gutenberg_texts/773.txt; gutenberg_texts/14522.txt,gutenberg_texts/174.txt,206,__main__.exp_context_drift; __main__.exp_detection; __main__.exp_human_attribution; __main__.exp_llm_attribution
oscar_wilde,22920,3,gutenberg_texts/174.txt; gutenberg_texts/773.txt; gutenberg_texts/14522.txt,gutenberg_texts/18247.txt,206,__main__.exp_context_drift; __main__.exp_detection; __main__.exp_human_attribution; __main__.exp_llm_attribution
oscar_wilde,22920,3,gutenberg_texts/174.txt; gutenberg_texts/773.txt; gutenberg_texts/14522.txt,gutenberg_texts/18656.txt,206,__main__.exp_context_drift; __main__.exp_detection; __main__.exp_human_attribution; __main__.exp_llm_attribution
oscar_wilde,22920,3,gutenberg_texts/174.txt; gutenberg_texts/773.txt; gutenberg_texts/14522.txt,gutenberg_texts/2021.txt,11,__main__.exp_detection; __main__.exp_human_attribution
oscar_wilde,22920,3,gutenberg_texts/174.txt; gutenberg_texts/773.txt; gutenberg_texts/14522.txt,gutenberg_texts/21107.txt,206,__main__.exp_context_drift; __main__.exp_detection; __main__.exp_human_attribution; __main__.exp_llm_attribution
oscar_wilde,22920,3,gutenberg_texts/174.txt; gutenberg_texts/773.txt; gutenberg_texts/14522.txt,gutenberg_texts/21108.txt,11,__main__.exp_detection; __main__.exp_human_attribution
oscar_wilde,22920,3,gutenberg_texts/174.txt; gutenberg_texts/773.txt; gutenberg_texts/14522.txt,gutenberg_texts/219.txt,206,__main__.exp_context_drift; __main__.exp_detection; __main__.exp_human_attribution; __main__.exp_llm_attribution
oscar_wilde,22920,3,gutenberg_texts/174.txt; gutenberg_texts/773.txt; gutenberg_texts/14522.txt,gutenberg_texts/24267.txt,206,__main__.exp_context_drift; __main__.exp_detection; __main__.exp_human_attribution; __main__.exp_llm_attribution
oscar_wilde,22920,3,gutenberg_texts/174.txt; gutenberg_texts/773.txt; gutenberg_texts/14522.txt,gutenberg_texts/244.txt,141,__main__.exp_context_drift; __main__.exp_detection; __main__.exp_human_attribution; __main__.exp_llm_attribution
oscar_wilde,22920,3,gutenberg_texts/174.txt; gutenberg_texts/773.txt; gutenberg_texts/14522.txt,gutenberg_texts/24589.txt,11,__main__.exp_detection; __main__.exp_human_attribution
oscar_wilde,22920,3,gutenberg_texts/174.txt; gutenberg_texts/773.txt; gutenberg_texts/14522.txt,gutenberg_texts/28301.txt,11,__main__.exp_detection; __main__.exp_human_attribution
oscar_wilde,22920,3,gutenberg_texts/174.txt; gutenberg_texts/773.txt; gutenberg_texts/14522.txt,gutenberg_texts/2852.txt,128,__main__.exp_context_drift; __main__.exp_detection; __main__.exp_human_attribution; __main__.exp_llm_attribution
oscar_wilde,22920,3,gutenberg_texts/174.txt; gutenberg_texts/773.txt; gutenberg_texts/14522.txt,gutenberg_texts/29824.txt,11,__main__.exp_detection; __main__.exp_human_attribution
oscar_wilde,22920,3,gutenberg_texts/174.txt; gutenberg_texts/773.txt; gutenberg_texts/14522.txt,gutenberg_texts/30486.txt,206,__main__.exp_context_drift; __main__.exp_detection; __main__.exp_human_attribution; __main__.exp_llm_attribution
oscar_wilde,22920,3,gutenberg_texts/174.txt; gutenberg_texts/773.txt; gutenberg_texts/14522.txt,gutenberg_texts/31581.txt,206,__main__.exp_context_drift; __main__.exp_detection; __main__.exp_human_attribution; __main__.exp_llm_attribution
oscar_wilde,22920,3,gutenberg_texts/174.txt; gutenberg_texts/773.txt; gutenberg_texts/14522.txt,gutenberg_texts/31589.txt,206,__main__.exp_context_drift; __main__.exp_detection; __main__.exp_human_attribution; __main__.exp_llm_attribution
oscar_wilde,22920,3,gutenberg_texts/174.txt; gutenberg_texts/773.txt; gutenberg_texts/14522.txt,gutenberg_texts/32059.txt,11,__main__.exp_detection; __main__.exp_human_attribution
oscar_wilde,22920,3,gutenberg_texts/174.txt; gutenberg_texts/773.txt; gutenberg_texts/14522.txt,gutenberg_texts/32331.txt,206,__main__.exp_context_drift; __main__.exp_detection; __main__.exp_human_attribution; __main__.exp_llm_attribution
oscar_wilde,22920,3,gutenberg_texts/174.txt; gutenberg_texts/773.txt; gutenberg_texts/14522.txt,gutenberg_texts/32440.txt,206,__main__.exp_context_drift; __main__.exp_detection; __main__.exp_human_attribution; __main__.exp_llm_attribution
oscar_wilde,22920,3,gutenberg_texts/174.txt; gutenberg_texts/773.txt; gutenberg_texts/14522.txt,gutenberg_texts/32542.txt,11,__main__.exp_detection; __main__.exp_human_attribution
oscar_wilde,22920,3,gutenberg_texts/174.txt; gutenberg_texts/773.txt; gutenberg_texts/14522.txt,gutenberg_texts/34592.txt,206,__main__.exp_context_drift; __main__.exp_detection; __main__.exp_human_attribution; __main__.exp_llm_attribution
oscar_wilde,22920,3,gutenberg_texts/174.txt; gutenberg_texts/773.txt; gutenberg_texts/14522.txt,gutenberg_texts/34832.txt,206,__main__.exp_context_drift; __main__.exp_detection; __main__.exp_human_attribution; __main__.exp_llm_attribution
oscar_wilde,22920,3,gutenberg_texts/174.txt; gutenberg_texts/773.txt; gutenberg_texts/14522.txt,gutenberg_texts/35.txt,206,__main__.exp_context_drift; __main__.exp_detection; __main__.exp_human_attribution; __main__.exp_llm_attribution
oscar_wilde,22920,3,gutenberg_texts/174.txt; gutenberg_texts/773.txt; gutenberg_texts/14522.txt,gutenberg_texts/35082.txt,11,__main__.exp_detection; __main__.exp_human_attribution
oscar_wilde,22920,3,gutenberg_texts/174.txt; gutenberg_texts/773.txt; gutenberg_texts/14522.txt,gutenberg_texts/36.txt,11,__main__.exp_detection; __main__.exp_human_attribution
oscar_wilde,22920,3,gutenberg_texts/174.txt; gutenberg_texts/773.txt; gutenberg_texts/14522.txt,gutenberg_texts/3635.txt,206,__main__.exp_context_drift; __main__.exp_detection; __main__.exp_human_attribution; __main__.exp_llm_attribution
oscar_wilde,22920,3,gutenberg_texts/174.txt; gutenberg_texts/773.txt; gutenberg_texts/14522.txt,gutenberg_texts/46.txt,154,__main__.exp_context_drift; __main__.exp_detection; __main__.exp_human_attribution; __main__.exp_llm_attribution
oscar_wilde,22920,3,gutenberg_texts/174.txt; gutenberg_texts/773.txt; gutenberg_texts/14522.txt,gutenberg_texts/4787.txt,206,__main__.exp_context_drift; __main__.exp_detection; __main__.exp_human_attribution; __main__.exp_llm_attribution
oscar_wilde,22920,3,gutenberg_texts/174.txt; gutenberg_texts/773.txt; gutenberg_texts/14522.txt,gutenberg_texts/54629.txt,206,__main__.exp_context_drift; __main__.exp_detection; __main__.exp_human_attribution; __main__.exp_llm_attribution
oscar_wilde,22920,3,gutenberg_texts/174.txt; gutenberg_texts/773.txt; gutenberg_texts/14522.txt,gutenberg_texts/54648.txt,206,__main__.exp_context_drift; __main__.exp_detection; __main__.exp_human_attribution; __main__.exp_llm_attribution
oscar_wilde,22920,3,gutenberg_texts/174.txt; gutenberg_texts/773.txt; gutenberg_texts/14522.txt,gutenberg_texts/55562.txt,11,__main__.exp_detection; __main__.exp_human_attribution
oscar_wilde,22920,3,gutenberg_texts/174.txt; gutenberg_texts/773.txt; gutenberg_texts/14522.txt,gutenberg_texts/5658.txt,206,__main__.exp_context_drift; __main__.exp_detection; __main__.exp_human_attribution; __main__.exp_llm_attribution
oscar_wilde,22920,3,gutenberg_texts/174.txt; gutenberg_texts/773.txt; gutenberg_texts/14522.txt,gutenberg_texts/7063.txt,206,__main__.exp_context_drift; __main__.exp_detection; __main__.exp_human_attribution; __main__.exp_llm_attribution
oscar_wilde,22920,3,gutenberg_texts/174.txt; gutenberg_texts/773.txt; gutenberg_texts/14522.txt,gutenberg_texts/74.txt,206,__main__.exp_context_drift; __main__.exp_detection; __main__.exp_human_attribution; __main__.exp_llm_attribution
oscar_wilde,22920,3,gutenberg_texts/174.txt; gutenberg_texts/773.txt; gutenberg_texts/14522.txt,gutenberg_texts/76.txt,206,__main__.exp_context_drift; __main__.exp_detection; __main__.exp_human_attribution; __main__.exp_llm_attribution
oscar_wilde,17155,2,gutenberg_texts/174.txt; gutenberg_texts/14522.txt,gutenberg_texts/773.txt,206,__main__.exp_context_drift; __main__.exp_detection; __main__.exp_human_attribution; __main__.exp_llm_attribution
oscar_wilde,22920,3,gutenberg_texts/174.txt; gutenberg_texts/773.txt; gutenberg_texts/14522.txt,gutenberg_texts/84.txt,206,__main__.exp_context_drift; __main__.exp_detection; __main__.exp_human_attribution; __main__.exp_llm_attribution
oscar_wilde,22920,3,gutenberg_texts/174.txt; gutenberg_texts/773.txt; gutenberg_texts/14522.txt,gutenberg_texts/86.txt,11,__main__.exp_detection; __main__.exp_human_attribution
oscar_wilde,22920,3,gutenberg_texts/174.txt; gutenberg_texts/773.txt; gutenberg_texts/14522.txt,gutenberg_texts/8741.txt,206,__main__.exp_context_drift; __main__.exp_detection; __main__.exp_human_attribution; __main__.exp_llm_attribution
oscar_wilde,22920,3,gutenberg_texts/174.txt; gutenberg_texts/773.txt; gutenberg_texts/14522.txt,gutenberg_texts/8874.txt,206,__main__.exp_context_drift; __main__.exp_detection; __main__.exp_human_attribution; __main__.exp_llm_attribution
oscar_wilde,22920,3,gutenberg_texts/174.txt; gutenberg_texts/773.txt; gutenberg_texts/14522.txt,gutenberg_texts/9182.txt,11,__main__.exp_detection; __main__.exp_human_attribution
oscar_wilde,22920,3,gutenberg_texts/174.txt; gutenberg_texts/773.txt; gutenberg_texts/14522.txt,gutenberg_texts/9378.txt,206,__main__.exp_context_drift; __main__.exp_detection; __main__.exp_human_attribution; __main__.exp_llm_attribution
oscar_wilde,22920,3,gutenberg_texts/174.txt; gutenberg_texts/773.txt; gutenberg_texts/14522.txt,gutenberg_texts/9462.txt,206,__main__.exp_context_drift; __main__.exp_detection; __main__.exp_human_attribution; __main__.exp_llm_attribution
oscar_wilde,22920,3,gutenberg_texts/174.txt; gutenberg_texts/773.txt; gutenberg_texts/14522.txt,gutenberg_texts/9779.txt,11,__main__.exp_detection; __main__.exp_human_attribution
oscar_wilde,22920,3,gutenberg_texts/174.txt; gutenberg_texts/773.txt; gutenberg_texts/14522.txt,gutenberg_texts/98.txt,141,__main__.exp_context_drift; __main__.exp_detection; __main__.exp_human_attribution; __main__.exp_llm_attribution
robert_sidney_bowen,29255,3,gutenberg_texts/32440.txt; gutenberg_texts/32331.txt; gutenberg_texts/32542.txt,,9721,__main__.exp_detection; __main__.exp_llm_attribution; __main__.exp_separability
robert_sidney_bowen,29255,3,gutenberg_texts/32440.txt; gutenberg_texts/32331.txt; gutenberg_texts/32542.txt,full_books/agnes_may_fleming_full.txt,206,__main__.exp_context_drift; __main__.exp_detection; __main__.exp_human_attribution; __main__.exp_llm_attribution
robert_sidney_bowen,29255,3,gutenberg_texts/32440.txt; gutenberg_texts/32331.txt; gutenberg_texts/32542.txt,full_books/herbert_george_wells_full.txt,206,__main__.exp_context_drift; __main__.exp_detection; __main__.exp_human_attribution; __main__.exp_llm_attribution
robert_sidney_bowen,29255,3,gutenberg_texts/32440.txt; gutenberg_texts/32331.txt; gutenberg_texts/32542.txt,full_books/jane_austen_full.txt,439,__main__.exp_context_drift; __main__.exp_detection; __main__.exp_human_attribution; __main__.exp_llm_attribution
robert_sidney_bowen,29255,3,gutenberg_texts/32440.txt; gutenberg_texts/32331.txt; gutenberg_texts/32542.txt,gutenberg_texts/12360.txt,319,__main__.exp_context_drift; __main__.exp_detection; __main__.exp_human_attribution; __main__.exp_llm_attribution
robert_sidney_bowen,29255,3,gutenberg_texts/32440.txt; gutenberg_texts/32331.txt; gutenberg_texts/32542.txt,gutenberg_texts/1260.txt,206,__main__.exp_context_drift; __main__.exp_detection; __main__.exp_human_attribution; __main__.exp_llm_attribution
robert_sidney_bowen,29255,3,gutenberg_texts/32440.txt; gutenberg_texts/32331.txt; gutenberg_texts/32542.txt,gutenberg_texts/1342.txt,19,__main__.exp_detection; __main__.exp_human_attribution
robert_sidney_bowen,29255,3,gutenberg_texts/32440.txt; gutenberg_texts/32331.txt; gutenberg_texts/32542.txt,gutenberg_texts/13547.txt,19,__main__.exp_detection; __main__.exp_human_attribution
robert_sidney_bowen,29255,3,gutenberg_texts/32440.txt; gutenberg_texts/32331.txt; gutenberg_texts/32542.txt,gutenberg_texts/13960.txt,319,__main__.exp_context_drift; __main__.exp_detection; __main__.exp_human_attribution; __main__.exp_llm_attribution
robert_sidney_bowen,29255,3,gutenberg_texts/32440.txt; gutenberg_texts/32331.txt; gutenberg_texts/32542.txt,gutenberg_texts/1400.txt,128,__main__.exp_context_drift; __main__.exp_detection; __main__.exp_human_attribution; __main__.exp_llm_attribution
robert_sidney_bowen,29255,3,gutenberg_texts/32440.txt; gutenberg_texts/32331.txt; gutenberg_texts/32542.txt,gutenberg_texts/14522.txt,11,__main__.exp_detection; __main__.exp_human_attribution
robert_sidney_bowen,29255,3,gutenberg_texts/32440.txt; gutenberg_texts/32331.txt; gutenberg_texts/32542.txt,gutenberg_texts/15238.txt,11,__main__.exp_detection; __main__.exp_human_attribution
robert_sidney_bowen,29255,3,gutenberg_texts/32440.txt; gutenberg_texts/32331.txt; gutenberg_texts/32542.txt,gutenberg_texts/15317.txt,11,__main__.exp_detection; __main__.exp_human_attribution
robert_sidney_bowen,29255,3,gutenberg_texts/32440.txt; gutenberg_texts/32331.txt; gutenberg_texts/32542.txt,gutenberg_texts/161.txt,199,__main__.exp_context_drift; __main__.exp_detection; __main__.exp_human_attribution; __main__.exp_llm_attribution
robert_sidney_bowen,29255,3,gutenberg_texts/32440.txt; gutenberg_texts/32331.txt; gutenberg_texts/32542.txt,gutenberg_texts/1661.txt,239,__main__.exp_context_drift; __main__.exp_detection; __main__.exp_human_attribution; __main__.exp_llm_attribution
robert_sidney_bowen,29255,3,gutenberg_texts/32440.txt; gutenberg_texts/32331.txt; gutenberg_texts/32542.txt,gutenberg_texts/16918.txt,319,__main__.exp_context_drift; __main__.exp_detection; __main__.exp_human_attribution; __main__.exp_llm_attribution
robert_sidney_bowen,29255,3,gutenberg_texts/32440.txt; gutenberg_texts/32331.txt; gutenberg_texts/32542.txt,gutenberg_texts/174.txt,206,__main__.exp_context_drift; __main__.exp_detection; __main__.exp_human_attribution; __main__.exp_llm_attribution
robert_sidney_bowen,29255,3,gutenberg_texts/32440.txt; gutenberg_texts/32331.txt; gutenberg_texts/32542.txt,gutenberg_texts/18247.txt,206,__main__.exp_context_drift; __main__.exp_detection; __main__.exp_human_attribution; __main__.exp_llm_attribution
robert_sidney_bowen,29255,3,gutenberg_texts/32440.txt; gutenberg_texts/32331.txt; gutenberg_texts/32542.txt,gutenberg_texts/18656.txt,319,__main__.exp_context_drift; __main__.exp_detection; __main__.exp_human_attribution; __main__.exp_llm_attribution
robert_sidney_bowen,29255,3,gutenberg_texts/32440.txt; gutenberg_texts/32331.txt; gutenberg_texts/32542.txt,gutenberg_texts/2021.txt,11,__main__.exp_detection; __main__.exp_human_attribution
robert_sidney_bowen,29255,3,gutenberg_texts/32440.txt; gutenberg_texts/32331.txt; gutenberg_texts/32542.txt,gutenberg_texts/21107.txt,319,__main__.exp_context_drift; __main__.exp_detection; __main__.exp_human_attribution; __main__.exp_llm_attribution
robert_sidney_bowen,29255,3,gutenberg_texts/32440.txt; gutenberg_texts/32331.txt; gutenberg_texts/32542.txt,gutenberg_texts/21108.txt,19,__main__.exp_detection; __main__.exp_human_attribution
robert_sidney_bowen,29255,3,gutenberg_texts/32440.txt; gutenberg_texts/32331.txt; gutenberg_texts/32542.txt,gutenberg_texts/219.txt,206,__main__.exp_context_drift; __main__.exp_detection; __main__.exp_human_attribution; __main__.exp_llm_attribution
robert_sidney_bowen,29255,3,gutenberg_texts/32440.txt; gutenberg_texts/32331.txt; gutenberg_texts/32542.txt,gutenberg_texts/24267.txt,319,__main__.exp_context_drift; __main__.exp_detection; __main__.exp_human_attribution; __main__.exp_llm_attribution
robert_sidney_bowen,29255,3,gutenberg_texts/32440.txt; gutenberg_texts/32331.txt; gutenberg_texts/32542.txt,gutenberg_texts/244.txt,219,__main__.exp_context_drift; __main__.exp_detection; __main__.exp_human_attribution; __main__.exp_llm_attribution
robert_sidney_bowen,29255,3,gutenberg_texts/32440.txt; gutenberg_texts/32331.txt; gutenberg_texts/32542.txt,gutenberg_texts/24589.txt,19,__main__.exp_detection; __main__.exp_human_attribution
robert_sidney_bowen,29255,3,gutenberg_texts/32440.txt; gutenberg_texts/32331.txt; gutenberg_texts/32542.txt,gutenberg_texts/28301.txt,19,__main__.exp_detection; __main__.exp_human_attribution
robert_sidney_bowen,29255,3,gutenberg_texts/32440.txt; gutenberg_texts/32331.txt; gutenberg_texts/32542.txt,gutenberg_texts/2852.txt,199,__main__.exp_context_drift; __main__.exp_detection; __main__.exp_human_attribution; __main__.exp_llm_attribution
robert_sidney_bowen,29255,3,gutenberg_texts/32440.txt; gutenberg_texts/32331.txt; gutenberg_texts/32542.txt,gutenberg_texts/29824.txt,19,__main__.exp_detection; __main__.exp_human_attribution
robert_sidney_bowen,29255,3,gutenberg_texts/32440.txt; gutenberg_texts/32331.txt; gutenberg_texts/32542.txt,gutenberg_texts/30486.txt,206,__main__.exp_context_drift; __main__.exp_detection; __main__.exp_human_attribution; __main__.exp_llm_attribution
robert_sidney_bowen,29255,3,gutenberg_texts/32440.txt; gutenberg_texts/32331.txt; gutenberg_texts/32542.txt,gutenberg_texts/31581.txt,319,__main__.exp_context_drift; __main__.exp_detection; __main__.exp_human_attribution; __main__.exp_llm_attribution
robert_sidney_bowen,29255,3,gutenberg_texts/32440.txt; gutenberg_texts/32331.txt; gutenberg_texts/32542.txt,gutenberg_texts/31589.txt,319,__main__.exp_context_drift; __main__.exp_detection; __main__.exp_human_attribution; __main__.exp_llm_attribution
robert_sidney_bowen,29255,3,gutenberg_texts/32440.txt; gutenberg_texts/32331.txt; gutenberg_texts/32542.txt,gutenberg_texts/32059.txt,19,__main__.exp_detection; __main__.exp_human_attribution
robert_sidney_bowen,19712,2,gutenberg_texts/32440.txt; gutenberg_texts/32542.txt,gutenberg_texts/32331.txt,319,__main__.exp_context_drift; __main__.exp_detection; __main__.exp_human_attribution; __main__.exp_llm_attribution
robert_sidney_bowen,19481,2,gutenberg_texts/32331.txt; gutenberg_texts/32542.txt,gutenberg_texts/32440.txt,319,__main__.exp_context_drift; __main__.exp_detection; __main__.exp_human_attribution; __main__.exp_llm_attribution
robert_sidney_bowen,19317,2,gutenberg_texts/32440.txt; gutenberg_texts/32331.txt,gutenberg_texts/32542.txt,19,__main__.exp_detection; __main__.exp_human_attribution
robert_sidney_bowen,29255,3,gutenberg_texts/32440.txt; gutenberg_texts/32331.txt; gutenberg_texts/32542.txt,gutenberg_texts/34592.txt,319,__main__.exp_context_drift; __main__.exp_detection; __main__.exp_human_attribution; __main__.exp_llm_attribution
robert_sidney_bowen,29255,3,gutenberg_texts/32440.txt; gutenberg_texts/32331.txt; gutenberg_texts/32542.txt,gutenberg_texts/34832.txt,319,__main__.exp_context_drift; __main__.exp_detection; __main__.exp_human_attribution; __main__.exp_llm_attribution
robert_sidney_bowen,29255,3,gutenberg_texts/32440.txt; gutenberg_texts/32331.txt; gutenberg_texts/32542.txt,gutenberg_texts/35.txt,206,__main__.exp_context_drift; __main__.exp_detection; __main__.exp_human_attribution; __main__.exp_llm_attribution
robert_sidney_bowen,29255,3,gutenberg_texts/32440.txt; gutenberg_texts/32331.txt; gutenberg_texts/32542.txt,gutenberg_texts/35082.txt,19,__main__.exp_detection; __main__.exp_human_attribution
robert_sidney_bowen,29255,3,gutenberg_texts/32440.txt; gutenberg_texts/32331.txt; gutenberg_texts/32542.txt,gutenberg_texts/36.txt,11,__main__.exp_detection; __main__.exp_human_attribution
robert_sidney_bowen,29255,3,gutenberg_texts/32440.txt; gutenberg_texts/32331.txt; gutenberg_texts/32542.txt,gutenberg_texts/3635.txt,319,__main__.exp_context_drift; __main__.exp_detection; __main__.exp_human_attribution; __main__.exp_llm_attribution
robert_sidney_bowen,29255,3,gutenberg_texts/32440.txt; gutenberg_texts/32331.txt; gutenberg_texts/32542.txt,gutenberg_texts/46.txt,154,__main__.exp_context_drift; __main__.exp_detection; __main__.exp_human_attribution; __main__.exp_llm_attribution
robert_sidney_bowen,29255,3,gutenberg_texts/32440.txt; gutenberg_texts/32331.txt; gutenberg_texts/32542.txt,gutenberg_texts/4787.txt,319,__main__.exp_context_drift; __main__.exp_detection; __main__.exp_human_attribution; __main__.exp_llm_attribution
robert_sidney_bowen,29255,3,gutenberg_texts/32440.txt; gutenberg_texts/32331.txt; gutenberg_texts/32542.txt,gutenberg_texts/54629.txt,319,__main__.exp_context_drift; __main__.exp_detection; __main__.exp_human_attribution; __main__.exp_llm_attribution
robert_sidney_bowen,29255,3,gutenberg_texts/32440.txt; gutenberg_texts/32331.txt; gutenberg_texts/32542.txt,gutenberg_texts/54648.txt,319,__main__.exp_context_drift; __main__.exp_detection; __main__.exp_human_attribution; __main__.exp_llm_attribution
robert_sidney_bowen,29255,3,gutenberg_texts/32440.txt; gutenberg_texts/32331.txt; gutenberg_texts/32542.txt,gutenberg_texts/55562.txt,19,__main__.exp_detection; __main__.exp_human_attribution
robert_sidney_bowen,29255,3,gutenberg_texts/32440.txt; gutenberg_texts/32331.txt; gutenberg_texts/32542.txt,gutenberg_texts/5658.txt,206,__main__.exp_context_drift; __main__.exp_detection; __main__.exp_human_attribution; __main__.exp_llm_attribution
robert_sidney_bowen,29255,3,gutenberg_texts/32440.txt; gutenberg_texts/32331.txt; gutenberg_texts/32542.txt,gutenberg_texts/7063.txt,206,__main__.exp_context_drift; __main__.exp_detection; __main__.exp_human_attribution; __main__.exp_llm_attribution
robert_sidney_bowen,29255,3,gutenberg_texts/32440.txt; gutenberg_texts/32331.txt; gutenberg_texts/32542.txt,gutenberg_texts/74.txt,319,__main__.exp_context_drift; __main__.exp_detection; __main__.exp_human_attribution; __main__.exp_llm_attribution
robert_sidney_bowen,29255,3,gutenberg_texts/32440.txt; gutenberg_texts/32331.txt; gutenberg_texts/32542.txt,gutenberg_texts/76.txt,319,__main__.exp_context_drift; __main__.exp_detection; __main__.exp_human_attribution; __main__.exp_llm_attribution
robert_sidney_bowen,29255,3,gutenberg_texts/32440.txt; gutenberg_texts/32331.txt; gutenberg_texts/32542.txt,gutenberg_texts/773.txt,206,__main__.exp_context_drift; __main__.exp_detection; __main__.exp_human_attribution; __main__.exp_llm_attribution
robert_sidney_bowen,29255,3,gutenberg_texts/32440.txt; gutenberg_texts/32331.txt; gutenberg_texts/32542.txt,gutenberg_texts/84.txt,206,__main__.exp_context_drift; __main__.exp_detection; __main__.exp_human_attribution; __main__.exp_llm_attribution
robert_sidney_bowen,29255,3,gutenberg_texts/32440.txt; gutenberg_texts/32331.txt; gutenberg_texts/32542.txt,gutenberg_texts/86.txt,19,__main__.exp_detection; __main__.exp_human_attribution
robert_sidney_bowen,29255,3,gutenberg_texts/32440.txt; gutenberg_texts/32331.txt; gutenberg_texts/32542.txt,gutenberg_texts/8741.txt,319,__main__.exp_context_drift; __main__.exp_detection; __main__.exp_human_attribution; __main__.exp_llm_attribution
robert_sidney_bowen,29255,3,gutenberg_texts/32440.txt; gutenberg_texts/32331.txt; gutenberg_texts/32542.txt,gutenberg_texts/8874.txt,319,__main__.exp_context_drift; __main__.exp_detection; __main__.exp_human_attribution; __main__.exp_llm_attribution
robert_sidney_bowen,29255,3,gutenberg_texts/32440.txt; gutenberg_texts/32331.txt; gutenberg_texts/32542.txt,gutenberg_texts/9182.txt,11,__main__.exp_detection; __main__.exp_human_attribution
robert_sidney_bowen,29255,3,gutenberg_texts/32440.txt; gutenberg_texts/32331.txt; gutenberg_texts/32542.txt,gutenberg_texts/9378.txt,319,__main__.exp_context_drift; __main__.exp_detection; __main__.exp_human_attribution; __main__.exp_llm_attribution
robert_sidney_bowen,29255,3,gutenberg_texts/32440.txt; gutenberg_texts/32331.txt; gutenberg_texts/32542.txt,gutenberg_texts/9462.txt,319,__main__.exp_context_drift; __main__.exp_detection; __main__.exp_human_attribution; __main__.exp_llm_attribution
robert_sidney_bowen,29255,3,gutenberg_texts/32440.txt; gutenberg_texts/32331.txt; gutenberg_texts/32542.txt,gutenberg_texts/9779.txt,19,__main__.exp_detection; __main__.exp_human_attribution
robert_sidney_bowen,29255,3,gutenberg_texts/32440.txt; gutenberg_texts/32331.txt; gutenberg_texts/32542.txt,gutenberg_texts/98.txt,141,__main__.exp_context_drift; __main__.exp_detection; __main__.exp_human_attribution; __main__.exp_llm_attribution
susan_warner,128872,3,gutenberg_texts/16918.txt; gutenberg_texts/8874.txt; gutenberg_texts/29824.txt,,9721,__main__.exp_detection; __main__.exp_llm_attribution; __main__.exp_separability
susan_warner,128872,3,gutenberg_texts/16918.txt; gutenberg_texts/8874.txt; gutenberg_texts/29824.txt,full_books/agnes_may_fleming_full.txt,206,__main__.exp_context_drift; __main__.exp_detection; __main__.exp_human_attribution; __main__.exp_llm_attribution
susan_warner,128872,3,gutenberg_texts/16918.txt; gutenberg_texts/8874.txt; gutenberg_texts/29824.txt,full_books/herbert_george_wells_full.txt,206,__main__.exp_context_drift; __main__.exp_detection; __main__.exp_human_attribution; __main__.exp_llm_attribution
susan_warner,128872,3,gutenberg_texts/16918.txt; gutenberg_texts/8874.txt; gutenberg_texts/29824.txt,full_books/jane_austen_full.txt,439,__main__.exp_context_drift; __main__.exp_detection; __main__.exp_human_attribution; __main__.exp_llm_attribution
susan_warner,128872,3,gutenberg_texts/16918.txt; gutenberg_texts/8874.txt; gutenberg_texts/29824.txt,gutenberg_texts/12360.txt,319,__main__.exp_context_drift; __main__.exp_detection; __main__.exp_human_attribution; __main__.exp_llm_attribution
susan_warner,128872,3,gutenberg_texts/16918.txt; gutenberg_texts/8874.txt; gutenberg_texts/29824.txt,gutenberg_texts/1260.txt,206,__main__.exp_context_drift; __main__.exp_detection; __main__.exp_human_attribution; __main__.exp_llm_attribution
susan_warner,128872,3,gutenberg_texts/16918.txt; gutenberg_texts/8874.txt; gutenberg_texts/29824.txt,gutenberg_texts/1342.txt,19,__main__.exp_detection; __main__.exp_human_attribution
susan_warner,128872,3,gutenberg_texts/16918.txt; gutenberg_texts/8874.txt; gutenberg_texts/29824.txt,gutenberg_texts/13547.txt,19,__main__.exp_detection; __main__.exp_human_attribution
susan_warner,128872,3,gutenberg_texts/16918.txt; gutenberg_texts/8874.txt; gutenberg_texts/29824.txt,gutenberg_texts/13960.txt,319,__main__.exp_context_drift; __main__.exp_detection; __main__.exp_human_attribution; __main__.exp_llm_attribution
susan_warner,128872,3,gutenberg_texts/16918.txt; gutenberg_texts/8874.txt; gutenberg_texts/29824.txt,gutenberg_texts/1400.txt,128,__main__.exp_context_drift; __main__.exp_detection; __main__.exp_human_attribution; __main__.exp_llm_attribution
susan_warner,128872,3,gutenberg_texts/16918.txt; gutenberg_texts/8874.txt; gutenberg_texts/29824.txt,gutenberg_texts/14522.txt,11,__main__.exp_detection; __main__.exp_human_attribution
susan_warner,128872,3,gutenberg_texts/16918.txt; gutenberg_texts/8874.txt; gutenberg_texts/29824.txt,gutenberg_texts/15238.txt,11,__main__.exp_detection; __main__.exp_human_attribution
susan_warner,128872,3,gutenberg_texts/16918.txt; gutenberg_texts/8874.txt; gutenberg_texts/29824.txt,gutenberg_texts/15317.txt,11,__main__.exp_detection; __main__.exp_human_attribution
susan_warner,128872,3,gutenberg_texts/16918.txt; gutenberg_texts/8874.txt; gutenberg_texts/29824.txt,gutenberg_texts/161.txt,199,__main__.exp_context_drift; __main__.exp_detection; __main__.exp_human_attribution; __main__.exp_llm_attribution
susan_warner,128872,3,gutenberg_texts/16918.txt; gutenberg_texts/8874.txt; gutenberg_texts/29824.txt,gutenberg_texts/1661.txt,239,__main__.exp_context_drift; __main__.exp_detection; __main__.exp_human_attribution; __main__.exp_llm_attribution
susan_warner,81556,2,gutenberg_texts/8874.txt; gutenberg_texts/29824.txt,gutenberg_texts/16918.txt,319,__main__.exp_context_drift; __main__.exp_detection; __main__.exp_human_attribution; __main__.exp_llm_attribution
susan_warner,128872,3,gutenberg_texts/16918.txt; gutenberg_texts/8874.txt; gutenberg_texts/29824.txt,gutenberg_texts/174.txt,206,__main__.exp_context_drift; __main__.exp_detection; __main__.exp_human_attribution; __main__.exp_llm_attribution
susan_warner,128872,3,gutenberg_texts/16918.txt; gutenberg_texts/8874.txt; gutenberg_texts/29824.txt,gutenberg_texts/18247.txt,206,__main__.exp_context_drift; __main__.exp_detection; __main__.exp_human_attribution; __main__.exp_llm_attribution
susan_warner,128872,3,gutenberg_texts/16918.txt; gutenberg_texts/8874.txt; gutenberg_texts/29824.txt,gutenberg_texts/18656.txt,319,__main__.exp_context_drift; __main__.exp_detection; __main__.exp_human_attribution; __main__.exp_llm_attribution
susan_warner,128872,3,gutenberg_texts/16918.txt; gutenberg_texts/8874.txt; gutenberg_texts/29824.txt,gutenberg_texts/2021.txt,11,__main__.exp_detection; __main__.exp_human_attribution
susan_warner,128872,3,gutenberg_texts/16918.txt; gutenberg_texts/8874.txt; gutenberg_texts/29824.txt,gutenberg_texts/21107.txt,319,__main__.exp_context_drift; __main__.exp_detection; __main__.exp_human_attribution; __main__.exp_llm_attribution
susan_warner,128872,3,gutenberg_texts/16918.txt; gutenberg_texts/8874.txt; gutenberg_texts/29824.txt,gutenberg_texts/21108.txt,19,__main__.exp_detection; __main__.exp_human_attribution
susan_warner,128872,3,gutenberg_texts/16918.txt; gutenberg_texts/8874.txt; gutenberg_texts/29824.txt,gutenberg_texts/219.txt,206,__main__.exp_context_drift; __main__.exp_detection; __main__.exp_human_attribution; __main__.exp_llm_attribution
susan_warner,128872,3,gutenberg_texts/16918.txt; gutenberg_texts/8874.txt; gutenberg_texts/29824.txt,gutenberg_texts/24267.txt,319,__main__.exp_context_drift; __main__.exp_detection; __main__.exp_human_attribution; __main__.exp_llm_attribution
susan_warner,128872,3,gutenberg_texts/16918.txt; gutenberg_texts/8874.txt; gutenberg_texts/29824.txt,gutenberg_texts/244.txt,219,__main__.exp_context_drift; __main__.exp_detection; __main__.exp_human_attribution; __main__.exp_llm_attribution
susan_warner,128872,3,gutenberg_texts/16918.txt; gutenberg_texts/8874.txt; gutenberg_texts/29824.txt,gutenberg_texts/24589.txt,19,__main__.exp_detection; __main__.exp_human_attribution
susan_warner,128872,3,gutenberg_texts/16918.txt; gutenberg_texts/8874.txt; gutenberg_texts/29824.txt,gutenberg_texts/28301.txt,19,__main__.exp_detection; __main__.exp_human_attribution
susan_warner,128872,3,gutenberg_texts/16918.txt; gutenberg_texts/8874.txt; gutenberg_texts/29824.txt,gutenberg_texts/2852.txt,199,__main__.exp_context_drift; __main__.exp_detection; __main__.exp_human_attribution; __main__.exp_llm_attribution
susan_warner,99236,2,gutenberg_texts/16918.txt; gutenberg_texts/8874.txt,gutenberg_texts/29824.txt,19,__main__.exp_detection; __main__.exp_human_attribution
susan_warner,128872,3,gutenberg_texts/16918.txt; gutenberg_texts/8874.txt; gutenberg_texts/29824.txt,gutenberg_texts/30486.txt,206,__main__.exp_context_drift; __main__.exp_detection; __main__.exp_human_attribution; __main__.exp_llm_attribution
susan_warner,128872,3,gutenberg_texts/16918.txt; gutenberg_texts/8874.txt; gutenberg_texts/29824.txt,gutenberg_texts/31581.txt,319,__main__.exp_context_drift; __main__.exp_detection; __main__.exp_human_attribution; __main__.exp_llm_attribution
susan_warner,128872,3,gutenberg_texts/16918.txt; gutenberg_texts/8874.txt; gutenberg_texts/29824.txt,gutenberg_texts/31589.txt,319,__main__.exp_context_drift; __main__.exp_detection; __main__.exp_human_attribution; __main__.exp_llm_attribution
susan_warner,128872,3,gutenberg_texts/16918.txt; gutenberg_texts/8874.txt; gutenberg_texts/29824.txt,gutenberg_texts/32059.txt,19,__main__.exp_detection; __main__.exp_human_attribution
susan_warner,128872,3,gutenberg_texts/16918.txt; gutenberg_texts/8874.txt; gutenberg_texts/29824.txt,gutenberg_texts/32331.txt,319,__main__.exp_context_drift; __main__.exp_detection; __main__.exp_human_attribution; __main__.exp_llm_attribution
susan_warner,128872,3,gutenberg_texts/16918.txt; gutenberg_texts/8874.txt; gutenberg_texts/29824.txt,gutenberg_texts/32440.txt,319,__main__.exp_context_drift; __main__.exp_detection; __main__.exp_human_attribution; __main__.exp_llm_attribution
susan_warner,128872,3,gutenberg_texts/16918.txt; gutenberg_texts/8874.txt; gutenberg_texts/29824.txt,gutenberg_texts/32542.txt,19,__main__.exp_detection; __main__.exp_human_attribution
susan_warner,128872,3,gutenberg_texts/16918.txt; gutenberg_texts/8874.txt; gutenberg_texts/29824.txt,gutenberg_texts/34592.txt,319,__main__.exp_context_drift; __main__.exp_detection; __main__.exp_human_attribution; __main__.exp_llm_attribution
susan_warner,128872,3,gutenberg_texts/16918.txt; gutenberg_texts/8874.txt; gutenberg_texts/29824.txt,gutenberg_texts/34832.txt,319,__main__.exp_context_drift; __main__.exp_detection; __main__.exp_human_attribution; __main__.exp_llm_attribution
susan_warner,128872,3,gutenberg_texts/16918.txt; gutenberg_texts/8874.txt; gutenberg_texts/29824.txt,gutenberg_texts/35.txt,206,__main__.exp_context_drift; __main__.exp_detection; __main__.exp_human_attribution; __main__.exp_llm_attribution
susan_warner,128872,3,gutenberg_texts/16918.txt; gutenberg_texts/8874.txt; gutenberg_texts/29824.txt,gutenberg_texts/35082.txt,19,__main__.exp_detection; __main__.exp_human_attribution
susan_warner,128872,3,gutenberg_texts/16918.txt; gutenberg_texts/8874.txt; gutenberg_texts/29824.txt,gutenberg_texts/36.txt,11,__main__.exp_detection; __main__.exp_human_attribution
susan_warner,128872,3,gutenberg_texts/16918.txt; gutenberg_texts/8874.txt; gutenberg_texts/29824.txt,gutenberg_texts/3635.txt,319,__main__.exp_context_drift; __main__.exp_detection; __main__.exp_human_attribution; __main__.exp_llm_attribution
susan_warner,128872,3,gutenberg_texts/16918.txt; gutenberg_texts/8874.txt; gutenberg_texts/29824.txt,gutenberg_texts/46.txt,154,__main__.exp_context_drift; __main__.exp_detection; __main__.exp_human_attribution; __main__.exp_llm_attribution
susan_warner,128872,3,gutenberg_texts/16918.txt; gutenberg_texts/8874.txt; gutenberg_texts/29824.txt,gutenberg_texts/4787.txt,319,__main__.exp_context_drift; __main__.exp_detection; __main__.exp_human_attribution; __main__.exp_llm_attribution
susan_warner,128872,3,gutenberg_texts/16918.txt; gutenberg_texts/8874.txt; gutenberg_texts/29824.txt,gutenberg_texts/54629.txt,319,__main__.exp_context_drift; __main__.exp_detection; __main__.exp_human_attribution; __main__.exp_llm_attribution
susan_warner,128872,3,gutenberg_texts/16918.txt; gutenberg_texts/8874.txt; gutenberg_texts/29824.txt,gutenberg_texts/54648.txt,319,__main__.exp_context_drift; __main__.exp_detection; __main__.exp_human_attribution; __main__.exp_llm_attribution
susan_warner,128872,3,gutenberg_texts/16918.txt; gutenberg_texts/8874.txt; gutenberg_texts/29824.txt,gutenberg_texts/55562.txt,19,__main__.exp_detection; __main__.exp_human_attribution
susan_warner,128872,3,gutenberg_texts/16918.txt; gutenberg_texts/8874.txt; gutenberg_texts/29824.txt,gutenberg_texts/5658.txt,206,__main__.exp_context_drift; __main__.exp_detection; __main__.exp_human_attribution; __main__.exp_llm_attribution
susan_warner,128872,3,gutenberg_texts/16918.txt; gutenberg_texts/8874.txt; gutenberg_texts/29824.txt,gutenberg_texts/7063.txt,206,__main__.exp_context_drift; __main__.exp_detection; __main__.exp_human_attribution; __main__.exp_llm_attribution
susan_warner,128872,3,gutenberg_texts/16918.txt; gutenberg_texts/8874.txt; gutenberg_texts/29824.txt,gutenberg_texts/74.txt,319,__main__.exp_context_drift; __main__.exp_detection; __main__.exp_human_attribution; __main__.exp_llm_attribution
susan_warner,128872,3,gutenberg_texts/16918.txt; gutenberg_texts/8874.txt; gutenberg_texts/29824.txt,gutenberg_texts/76.txt,319,__main__.exp_context_drift; __main__.exp_detection; __main__.exp_human_attribution; __main__.exp_llm_attribution
susan_warner,128872,3,gutenberg_texts/16918.txt; gutenberg_texts/8874.txt; gutenberg_texts/29824.txt,gutenberg_texts/773.txt,206,__main__.exp_context_drift; __main__.exp_detection; __main__.exp_human_attribution; __main__.exp_llm_attribution
susan_warner,128872,3,gutenberg_texts/16918.txt; gutenberg_texts/8874.txt; gutenberg_texts/29824.txt,gutenberg_texts/84.txt,206,__main__.exp_context_drift; __main__.exp_detection; __main__.exp_human_attribution; __main__.exp_llm_attribution
susan_warner,128872,3,gutenberg_texts/16918.txt; gutenberg_texts/8874.txt; gutenberg_texts/29824.txt,gutenberg_texts/86.txt,19,__main__.exp_detection; __main__.exp_human_attribution
susan_warner,128872,3,gutenberg_texts/16918.txt; gutenberg_texts/8874.txt; gutenberg_texts/29824.txt,gutenberg_texts/8741.txt,319,__main__.exp_context_drift; __main__.exp_detection; __main__.exp_human_attribution; __main__.exp_llm_attribution
susan_warner,76952,2,gutenberg_texts/16918.txt; gutenberg_texts/29824.txt,gutenberg_texts/8874.txt,319,__main__.exp_context_drift; __main__.exp_detection; __main__.exp_human_attribution; __main__.exp_llm_attribution
susan_warner,128872,3,gutenberg_texts/16918.txt; gutenberg_texts/8874.txt; gutenberg_texts/29824.txt,gutenberg_texts/9182.txt,11,__main__.exp_detection; __main__.exp_human_attribution
susan_warner,128872,3,gutenberg_texts/16918.txt; gutenberg_texts/8874.txt; gutenberg_texts/29824.txt,gutenberg_texts/9378.txt,319,__main__.exp_context_drift; __main__.exp_detection; __main__.exp_human_attribution; __main__.exp_llm_attribution
susan_warner,128872,3,gutenberg_texts/16918.txt; gutenberg_texts/8874.txt; gutenberg_texts/29824.txt,gutenberg_texts/9462.txt,319,__main__.exp_context_drift; __main__.exp_detection; __main__.exp_human_attribution; __main__.exp_llm_attribution
susan_warner,128872,3,gutenberg_texts/16918.txt; gutenberg_texts/8874.txt; gutenberg_texts/29824.txt,gutenberg_texts/9779.txt,19,__main__.exp_detection; __main__.exp_human_attribution
susan_warner,128872,3,gutenberg_texts/16918.txt; gutenberg_texts/8874.txt; gutenberg_texts/29824.txt,gutenberg_texts/98.txt,141,__main__.exp_context_drift; __main__.exp_detection; __main__.exp_human_attribution; __main__.exp_llm_attribution
