author,included_books,excluded_books,n_marks,caller,build_calls
agnes_may_fleming,full_books/agnes_may_fleming_full.txt;gutenberg_texts/15317.txt,gutenberg_texts/13960.txt;gutenberg_texts/161.txt;gutenberg_texts/18247.txt;gutenberg_texts/18656.txt;gutenberg_texts/24267.txt;gutenberg_texts/244.txt;gutenberg_texts/30486.txt;gutenberg_texts/31589.txt;gutenberg_texts/32331.txt;gutenberg_texts/34832.txt;gutenberg_texts/35.txt;gutenberg_texts/4787.txt;gutenberg_texts/54648.txt;gutenberg_texts/5658.txt;gutenberg_texts/7063.txt;gutenberg_texts/76.txt;gutenberg_texts/773.txt;gutenberg_texts/8874.txt;gutenberg_texts/9378.txt;gutenberg_texts/98.txt,37359,__main__.crossfit_separability:707,2
agnes_may_fleming,full_books/agnes_may_fleming_full.txt;gutenberg_texts/15317.txt,gutenberg_texts/7063.txt,37359,__main__.collect_attribution_observations:225,12
agnes_may_fleming,full_books/agnes_may_fleming_full.txt;gutenberg_texts/15317.txt,gutenberg_texts/7063.txt,37359,__main__.collect_attribution_observations:260,180
agnes_may_fleming,full_books/agnes_may_fleming_full.txt;gutenberg_texts/7063.txt,gutenberg_texts/1342.txt;gutenberg_texts/13547.txt;gutenberg_texts/1400.txt;gutenberg_texts/14522.txt;gutenberg_texts/15238.txt;gutenberg_texts/15317.txt;gutenberg_texts/2021.txt;gutenberg_texts/21108.txt;gutenberg_texts/24589.txt;gutenberg_texts/28301.txt;gutenberg_texts/2852.txt;gutenberg_texts/29824.txt;gutenberg_texts/32059.txt;gutenberg_texts/32542.txt;gutenberg_texts/35082.txt;gutenberg_texts/36.txt;gutenberg_texts/55562.txt;gutenberg_texts/86.txt;gutenberg_texts/9182.txt;gutenberg_texts/9779.txt,50170,__main__.crossfit_separability:707,2
agnes_may_fleming,full_books/agnes_may_fleming_full.txt;gutenberg_texts/7063.txt,gutenberg_texts/15317.txt,50170,__main__.collect_attribution_observations:225,12
agnes_may_fleming,full_books/agnes_may_fleming_full.txt;gutenberg_texts/7063.txt;gutenberg_texts/15317.txt,full_books/herbert_george_wells_full.txt,68607,__main__.collect_attribution_observations:225,12
agnes_may_fleming,full_books/agnes_may_fleming_full.txt;gutenberg_texts/7063.txt;gutenberg_texts/15317.txt,full_books/herbert_george_wells_full.txt,68607,__main__.collect_attribution_observations:260,180
agnes_may_fleming,full_books/agnes_may_fleming_full.txt;gutenberg_texts/7063.txt;gutenberg_texts/15317.txt,full_books/jane_austen_full.txt,68607,__main__.collect_attribution_observations:225,12
agnes_may_fleming,full_books/agnes_may_fleming_full.txt;gutenberg_texts/7063.txt;gutenberg_texts/15317.txt,full_books/jane_austen_full.txt,68607,__main__.collect_attribution_observations:260,252
agnes_may_fleming,full_books/agnes_may_fleming_full.txt;gutenberg_texts/7063.txt;gutenberg_texts/15317.txt,gutenberg_texts/12360.txt,68607,__main__.collect_attribution_observations:225,6
agnes_may_fleming,full_books/agnes_may_fleming_full.txt;gutenberg_texts/7063.txt;gutenberg_texts/15317.txt,gutenberg_texts/12360.txt,68607,__main__.collect_attribution_observations:260,90
agnes_may_fleming,full_books/agnes_may_fleming_full.txt;gutenberg_texts/7063.txt;gutenberg_texts/15317.txt,gutenberg_texts/1260.txt,68607,__main__.collect_attribution_observations:225,12
agnes_may_fleming,full_books/agnes_may_fleming_full.txt;gutenberg_texts/7063.txt;gutenberg_texts/15317.txt,gutenberg_texts/1260.txt,68607,__main__.collect_attribution_observations:260,180
agnes_may_fleming,full_books/agnes_may_fleming_full.txt;gutenberg_texts/7063.txt;gutenberg_texts/15317.txt,gutenberg_texts/1342.txt,68607,__main__.collect_attribution_observations:225,12
agnes_may_fleming,full_books/agnes_may_fleming_full.txt;gutenberg_texts/7063.txt;gutenberg_texts/15317.txt,gutenberg_texts/13547.txt,68607,__main__.collect_attribution_observations:225,6
agnes_may_fleming,full_books/agnes_may_fleming_full.txt;gutenberg_texts/7063.txt;gutenberg_texts/15317.txt,gutenberg_texts/13960.txt,68607,__main__.collect_attribution_observations:225,6
agnes_may_fleming,full_books/agnes_may_fleming_full.txt;gutenberg_texts/7063.txt;gutenberg_texts/15317.txt,gutenberg_texts/13960.txt,68607,__main__.collect_attribution_observations:260,90
agnes_may_fleming,full_books/agnes_may_fleming_full.txt;gutenberg_texts/7063.txt;gutenberg_texts/15317.txt,gutenberg_texts/1400.txt,68607,__main__.collect_attribution_observations:225,12
agnes_may_fleming,full_books/agnes_may_fleming_full.txt;gutenberg_texts/7063.txt;gutenberg_texts/15317.txt,gutenberg_texts/1400.txt,68607,__main__.collect_attribution_observations:260,108
agnes_may_fleming,full_books/agnes_may_fleming_full.txt;gutenberg_texts/7063.txt;gutenberg_texts/15317.txt,gutenberg_texts/14522.txt,68607,__main__.collect_attribution_observations:225,12
agnes_may_fleming,full_books/agnes_may_fleming_full.txt;gutenberg_texts/7063.txt;gutenberg_texts/15317.txt,gutenberg_texts/15238.txt,68607,__main__.collect_attribution_observations:225,12
agnes_may_fleming,full_books/agnes_may_fleming_full.txt;gutenberg_texts/7063.txt;gutenberg_texts/15317.txt,gutenberg_texts/161.txt,68607,__main__.collect_attribution_observations:225,12
agnes_may_fleming,full_books/agnes_may_fleming_full.txt;gutenberg_texts/7063.txt;gutenberg_texts/15317.txt,gutenberg_texts/161.txt,68607,__main__.collect_attribution_observations:260,108
agnes_may_fleming,full_books/agnes_may_fleming_full.txt;gutenberg_texts/7063.txt;gutenberg_texts/15317.txt,gutenberg_texts/1661.txt,68607,__main__.collect_attribution_observations:225,12
agnes_may_fleming,full_books/agnes_may_fleming_full.txt;gutenberg_texts/7063.txt;gutenberg_texts/15317.txt,gutenberg_texts/1661.txt,68607,__main__.collect_attribution_observations:260,132
agnes_may_fleming,full_books/agnes_may_fleming_full.txt;gutenberg_texts/7063.txt;gutenberg_texts/15317.txt,gutenberg_texts/16918.txt,68607,__main__.collect_attribution_observations:225,6
agnes_may_fleming,full_books/agnes_may_fleming_full.txt;gutenberg_texts/7063.txt;gutenberg_texts/15317.txt,gutenberg_texts/16918.txt,68607,__main__.collect_attribution_observations:260,90
agnes_may_fleming,full_books/agnes_may_fleming_full.txt;gutenberg_texts/7063.txt;gutenberg_texts/15317.txt,gutenberg_texts/174.txt,68607,__main__.collect_attribution_observations:225,12
agnes_may_fleming,full_books/agnes_may_fleming_full.txt;gutenberg_texts/7063.txt;gutenberg_texts/15317.txt,gutenberg_texts/174.txt,68607,__main__.collect_attribution_observations:260,180
agnes_may_fleming,full_books/agnes_may_fleming_full.txt;gutenberg_texts/7063.txt;gutenberg_texts/15317.txt,gutenberg_texts/18247.txt,68607,__main__.collect_attribution_observations:225,12
agnes_may_fleming,full_books/agnes_may_fleming_full.txt;gutenberg_texts/7063.txt;gutenberg_texts/15317.txt,gutenberg_texts/18247.txt,68607,__main__.collect_attribution_observations:260,180
agnes_may_fleming,full_books/agnes_may_fleming_full.txt;gutenberg_texts/7063.txt;gutenberg_texts/15317.txt,gutenberg_texts/18656.txt,68607,__main__.collect_attribution_observations:225,6
agnes_may_fleming,full_books/agnes_may_fleming_full.txt;gutenberg_texts/7063.txt;gutenberg_texts/15317.txt,gutenberg_texts/18656.txt,68607,__main__.collect_attribution_observations:260,90
agnes_may_fleming,full_books/agnes_may_fleming_full.txt;gutenberg_texts/7063.txt;gutenberg_texts/15317.txt,gutenberg_texts/2021.txt,68607,__main__.collect_attribution_observations:225,12
agnes_may_fleming,full_books/agnes_may_fleming_full.txt;gutenberg_texts/7063.txt;gutenberg_texts/15317.txt,gutenberg_texts/21107.txt,68607,__main__.collect_attribution_observations:225,6
agnes_may_fleming,full_books/agnes_may_fleming_full.txt;gutenberg_texts/7063.txt;gutenberg_texts/15317.txt,gutenberg_texts/21107.txt,68607,__main__.collect_attribution_observations:260,90
agnes_may_fleming,full_books/agnes_may_fleming_full.txt;gutenberg_texts/7063.txt;gutenberg_texts/15317.txt,gutenberg_texts/21108.txt,68607,__main__.collect_attribution_observations:225,6
agnes_may_fleming,full_books/agnes_may_fleming_full.txt;gutenberg_texts/7063.txt;gutenberg_texts/15317.txt,gutenberg_texts/219.txt,68607,__main__.collect_attribution_observations:225,12
agnes_may_fleming,full_books/agnes_may_fleming_full.txt;gutenberg_texts/7063.txt;gutenberg_texts/15317.txt,gutenberg_texts/219.txt,68607,__main__.collect_attribution_observations:260,180
agnes_may_fleming,full_books/agnes_may_fleming_full.txt;gutenberg_texts/7063.txt;gutenberg_texts/15317.txt,gutenberg_texts/24267.txt,68607,__main__.collect_attribution_observations:225,6
agnes_may_fleming,full_books/agnes_may_fleming_full.txt;gutenberg_texts/7063.txt;gutenberg_texts/15317.txt,gutenberg_texts/24267.txt,68607,__main__.collect_attribution_observations:260,90
agnes_may_fleming,full_books/agnes_may_fleming_full.txt;gutenberg_texts/7063.txt;gutenberg_texts/15317.txt,gutenberg_texts/244.txt,68607,__main__.collect_attribution_observations:225,12
agnes_may_fleming,full_books/agnes_may_fleming_full.txt;gutenberg_texts/7063.txt;gutenberg_texts/15317.txt,gutenberg_texts/244.txt,68607,__main__.collect_attribution_observations:260,120
agnes_may_fleming,full_books/agnes_may_fleming_full.txt;gutenberg_texts/7063.txt;gutenberg_texts/15317.txt,gutenberg_texts/24589.txt,68607,__main__.collect_attribution_observations:225,6
agnes_may_fleming,full_books/agnes_may_fleming_full.txt;gutenberg_texts/7063.txt;gutenberg_texts/15317.txt,gutenberg_texts/28301.txt,68607,__main__.collect_attribution_observations:225,6
agnes_may_fleming,full_books/agnes_may_fleming_full.txt;gutenberg_texts/7063.txt;gutenberg_texts/15317.txt,gutenberg_texts/2852.txt,68607,__main__.collect_attribution_observations:225,12
agnes_may_fleming,full_books/agnes_may_fleming_full.txt;gutenberg_texts/7063.txt;gutenberg_texts/15317.txt,gutenberg_texts/2852.txt,68607,__main__.collect_attribution_observations:260,108
agnes_may_fleming,full_books/agnes_may_fleming_full.txt;gutenberg_texts/7063.txt;gutenberg_texts/15317.txt,gutenberg_texts/29824.txt,68607,__main__.collect_attribution_observations:225,6
agnes_may_fleming,full_books/agnes_may_fleming_full.txt;gutenberg_texts/7063.txt;gutenberg_texts/15317.txt,gutenberg_texts/30486.txt,68607,__main__.collect_attribution_observations:225,12
agnes_may_fleming,full_books/agnes_may_fleming_full.txt;gutenberg_texts/7063.txt;gutenberg_texts/15317.txt,gutenberg_texts/30486.txt,68607,__main__.collect_attribution_observations:260,180
agnes_may_fleming,full_books/agnes_may_fleming_full.txt;gutenberg_texts/7063.txt;gutenberg_texts/15317.txt,gutenberg_texts/31581.txt,68607,__main__.collect_attribution_observations:225,6
agnes_may_fleming,full_books/agnes_may_fleming_full.txt;gutenberg_texts/7063.txt;gutenberg_texts/15317.txt,gutenberg_texts/31581.txt,68607,__main__.collect_attribution_observations:260,90
agnes_may_fleming,full_books/agnes_may_fleming_full.txt;gutenberg_texts/7063.txt;gutenberg_texts/15317.txt,gutenberg_texts/31589.txt,68607,__main__.collect_attribution_observations:225,6
agnes_may_fleming,full_books/agnes_may_fleming_full.txt;gutenberg_texts/7063.txt;gutenberg_texts/15317.txt,gutenberg_texts/31589.txt,68607,__main__.collect_attribution_observations:260,90
agnes_may_fleming,full_books/agnes_may_fleming_full.txt;gutenberg_texts/7063.txt;gutenberg_texts/15317.txt,gutenberg_texts/32059.txt,68607,__main__.collect_attribution_observations:225,6
agnes_may_fleming,full_books/agnes_may_fleming_full.txt;gutenberg_texts/7063.txt;gutenberg_texts/15317.txt,gutenberg_texts/32331.txt,68607,__main__.collect_attribution_observations:225,6
agnes_may_fleming,full_books/agnes_may_fleming_full.txt;gutenberg_texts/7063.txt;gutenberg_texts/15317.txt,gutenberg_texts/32331.txt,68607,__main__.collect_attribution_observations:260,90
agnes_may_fleming,full_books/agnes_may_fleming_full.txt;gutenberg_texts/7063.txt;gutenberg_texts/15317.txt,gutenberg_texts/32440.txt,68607,__main__.collect_attribution_observations:225,6
agnes_may_fleming,full_books/agnes_may_fleming_full.txt;gutenberg_texts/7063.txt;gutenberg_texts/15317.txt,gutenberg_texts/32440.txt,68607,__main__.collect_attribution_observations:260,90
agnes_may_fleming,full_books/agnes_may_fleming_full.txt;gutenberg_texts/7063.txt;gutenberg_texts/15317.txt,gutenberg_texts/32542.txt,68607,__main__.collect_attribution_observations:225,6
agnes_may_fleming,full_books/agnes_may_fleming_full.txt;gutenberg_texts/7063.txt;gutenberg_texts/15317.txt,gutenberg_texts/34592.txt,68607,__main__.collect_attribution_observations:225,6
agnes_may_fleming,full_books/agnes_may_fleming_full.txt;gutenberg_texts/7063.txt;gutenberg_texts/15317.txt,gutenberg_texts/34592.txt,68607,__main__.collect_attribution_observations:260,90
agnes_may_fleming,full_books/agnes_may_fleming_full.txt;gutenberg_texts/7063.txt;gutenberg_texts/15317.txt,gutenberg_texts/34832.txt,68607,__main__.collect_attribution_observations:225,6
agnes_may_fleming,full_books/agnes_may_fleming_full.txt;gutenberg_texts/7063.txt;gutenberg_texts/15317.txt,gutenberg_texts/34832.txt,68607,__main__.collect_attribution_observations:260,90
agnes_may_fleming,full_books/agnes_may_fleming_full.txt;gutenberg_texts/7063.txt;gutenberg_texts/15317.txt,gutenberg_texts/35.txt,68607,__main__.collect_attribution_observations:225,12
agnes_may_fleming,full_books/agnes_may_fleming_full.txt;gutenberg_texts/7063.txt;gutenberg_texts/15317.txt,gutenberg_texts/35.txt,68607,__main__.collect_attribution_observations:260,180
agnes_may_fleming,full_books/agnes_may_fleming_full.txt;gutenberg_texts/7063.txt;gutenberg_texts/15317.txt,gutenberg_texts/35082.txt,68607,__main__.collect_attribution_observations:225,6
agnes_may_fleming,full_books/agnes_may_fleming_full.txt;gutenberg_texts/7063.txt;gutenberg_texts/15317.txt,gutenberg_texts/36.txt,68607,__main__.collect_attribution_observations:225,12
agnes_may_fleming,full_books/agnes_may_fleming_full.txt;gutenberg_texts/7063.txt;gutenberg_texts/15317.txt,gutenberg_texts/3635.txt,68607,__main__.collect_attribution_observations:225,6
agnes_may_fleming,full_books/agnes_may_fleming_full.txt;gutenberg_texts/7063.txt;gutenberg_texts/15317.txt,gutenberg_texts/3635.txt,68607,__main__.collect_attribution_observations:260,90
agnes_may_fleming,full_books/agnes_may_fleming_full.txt;gutenberg_texts/7063.txt;gutenberg_texts/15317.txt,gutenberg_texts/46.txt,68607,__main__.collect_attribution_observations:225,12
agnes_may_fleming,full_books/agnes_may_fleming_full.txt;gutenberg_texts/7063.txt;gutenberg_texts/15317.txt,gutenberg_texts/46.txt,68607,__main__.collect_attribution_observations:260,132
agnes_may_fleming,full_books/agnes_may_fleming_full.txt;gutenberg_texts/7063.txt;gutenberg_texts/15317.txt,gutenberg_texts/4787.txt,68607,__main__.collect_attribution_observations:225,6
agnes_may_fleming,full_books/agnes_may_fleming_full.txt;gutenberg_texts/7063.txt;gutenberg_texts/15317.txt,gutenberg_texts/4787.txt,68607,__main__.collect_attribution_observations:260,90
agnes_may_fleming,full_books/agnes_may_fleming_full.txt;gutenberg_texts/7063.txt;gutenberg_texts/15317.txt,gutenberg_texts/54629.txt,68607,__main__.collect_attribution_observations:225,6
agnes_may_fleming,full_books/agnes_may_fleming_full.txt;gutenberg_texts/7063.txt;gutenberg_texts/15317.txt,gutenberg_texts/54629.txt,68607,__main__.collect_attribution_observations:260,90
agnes_may_fleming,full_books/agnes_may_fleming_full.txt;gutenberg_texts/7063.txt;gutenberg_texts/15317.txt,gutenberg_texts/54648.txt,68607,__main__.collect_attribution_observations:225,6
agnes_may_fleming,full_books/agnes_may_fleming_full.txt;gutenberg_texts/7063.txt;gutenberg_texts/15317.txt,gutenberg_texts/54648.txt,68607,__main__.collect_attribution_observations:260,90
agnes_may_fleming,full_books/agnes_may_fleming_full.txt;gutenberg_texts/7063.txt;gutenberg_texts/15317.txt,gutenberg_texts/55562.txt,68607,__main__.collect_attribution_observations:225,6
agnes_may_fleming,full_books/agnes_may_fleming_full.txt;gutenberg_texts/7063.txt;gutenberg_texts/15317.txt,gutenberg_texts/5658.txt,68607,__main__.collect_attribution_observations:225,12
agnes_may_fleming,full_books/agnes_may_fleming_full.txt;gutenberg_texts/7063.txt;gutenberg_texts/15317.txt,gutenberg_texts/5658.txt,68607,__main__.collect_attribution_observations:260,180
agnes_may_fleming,full_books/agnes_may_fleming_full.txt;gutenberg_texts/7063.txt;gutenberg_texts/15317.txt,gutenberg_texts/74.txt,68607,__main__.collect_attribution_observations:225,12
agnes_may_fleming,full_books/agnes_may_fleming_full.txt;gutenberg_texts/7063.txt;gutenberg_texts/15317.txt,gutenberg_texts/74.txt,68607,__main__.collect_attribution_observations:260,180
agnes_may_fleming,full_books/agnes_may_fleming_full.txt;gutenberg_texts/7063.txt;gutenberg_texts/15317.txt,gutenberg_texts/76.txt,68607,__main__.collect_attribution_observations:225,12
agnes_may_fleming,full_books/agnes_may_fleming_full.txt;gutenberg_texts/7063.txt;gutenberg_texts/15317.txt,gutenberg_texts/76.txt,68607,__main__.collect_attribution_observations:260,180
agnes_may_fleming,full_books/agnes_may_fleming_full.txt;gutenberg_texts/7063.txt;gutenberg_texts/15317.txt,gutenberg_texts/773.txt,68607,__main__.collect_attribution_observations:225,12
agnes_may_fleming,full_books/agnes_may_fleming_full.txt;gutenberg_texts/7063.txt;gutenberg_texts/15317.txt,gutenberg_texts/773.txt,68607,__main__.collect_attribution_observations:260,180
agnes_may_fleming,full_books/agnes_may_fleming_full.txt;gutenberg_texts/7063.txt;gutenberg_texts/15317.txt,gutenberg_texts/84.txt,68607,__main__.collect_attribution_observations:225,12
agnes_may_fleming,full_books/agnes_may_fleming_full.txt;gutenberg_texts/7063.txt;gutenberg_texts/15317.txt,gutenberg_texts/84.txt,68607,__main__.collect_attribution_observations:260,180
agnes_may_fleming,full_books/agnes_may_fleming_full.txt;gutenberg_texts/7063.txt;gutenberg_texts/15317.txt,gutenberg_texts/86.txt,68607,__main__.collect_attribution_observations:225,12
agnes_may_fleming,full_books/agnes_may_fleming_full.txt;gutenberg_texts/7063.txt;gutenberg_texts/15317.txt,gutenberg_texts/8741.txt,68607,__main__.collect_attribution_observations:225,6
agnes_may_fleming,full_books/agnes_may_fleming_full.txt;gutenberg_texts/7063.txt;gutenberg_texts/15317.txt,gutenberg_texts/8741.txt,68607,__main__.collect_attribution_observations:260,90
agnes_may_fleming,full_books/agnes_may_fleming_full.txt;gutenberg_texts/7063.txt;gutenberg_texts/15317.txt,gutenberg_texts/8874.txt,68607,__main__.collect_attribution_observations:225,6
agnes_may_fleming,full_books/agnes_may_fleming_full.txt;gutenberg_texts/7063.txt;gutenberg_texts/15317.txt,gutenberg_texts/8874.txt,68607,__main__.collect_attribution_observations:260,90
agnes_may_fleming,full_books/agnes_may_fleming_full.txt;gutenberg_texts/7063.txt;gutenberg_texts/15317.txt,gutenberg_texts/9182.txt,68607,__main__.collect_attribution_observations:225,12
agnes_may_fleming,full_books/agnes_may_fleming_full.txt;gutenberg_texts/7063.txt;gutenberg_texts/15317.txt,gutenberg_texts/9378.txt,68607,__main__.collect_attribution_observations:225,6
agnes_may_fleming,full_books/agnes_may_fleming_full.txt;gutenberg_texts/7063.txt;gutenberg_texts/15317.txt,gutenberg_texts/9378.txt,68607,__main__.collect_attribution_observations:260,90
agnes_may_fleming,full_books/agnes_may_fleming_full.txt;gutenberg_texts/7063.txt;gutenberg_texts/15317.txt,gutenberg_texts/9462.txt,68607,__main__.collect_attribution_observations:225,6
agnes_may_fleming,full_books/agnes_may_fleming_full.txt;gutenberg_texts/7063.txt;gutenberg_texts/15317.txt,gutenberg_texts/9462.txt,68607,__main__.collect_attribution_observations:260,90
agnes_may_fleming,full_books/agnes_may_fleming_full.txt;gutenberg_texts/7063.txt;gutenberg_texts/15317.txt,gutenberg_texts/9779.txt,68607,__main__.collect_attribution_observations:225,6
agnes_may_fleming,full_books/agnes_may_fleming_full.txt;gutenberg_texts/7063.txt;gutenberg_texts/15317.txt,gutenberg_texts/98.txt,68607,__main__.collect_attribution_observations:225,12
agnes_may_fleming,full_books/agnes_may_fleming_full.txt;gutenberg_texts/7063.txt;gutenberg_texts/15317.txt,gutenberg_texts/98.txt,68607,__main__.collect_attribution_observations:260,120
agnes_may_fleming,gutenberg_texts/7063.txt;gutenberg_texts/15317.txt,full_books/agnes_may_fleming_full.txt,49685,__main__.collect_attribution_observations:225,12
agnes_may_fleming,gutenberg_texts/7063.txt;gutenberg_texts/15317.txt,full_books/agnes_may_fleming_full.txt,49685,__main__.collect_attribution_observations:260,180
agnes_may_fleming,gutenberg_texts/7063.txt;gutenberg_texts/15317.txt,full_books/agnes_may_fleming_full.txt;full_books/herbert_george_wells_full.txt;full_books/jane_austen_full.txt;gutenberg_texts/12360.txt;gutenberg_texts/1260.txt;gutenberg_texts/1661.txt;gutenberg_texts/16918.txt;gutenberg_texts/174.txt;gutenberg_texts/21107.txt;gutenberg_texts/219.txt;gutenberg_texts/31581.txt;gutenberg_texts/32440.txt;gutenberg_texts/34592.txt;gutenberg_texts/3635.txt;gutenberg_texts/46.txt;gutenberg_texts/54629.txt;gutenberg_texts/74.txt;gutenberg_texts/84.txt;gutenberg_texts/8741.txt;gutenberg_texts/9462.txt,49685,__main__.crossfit_separability:707,2
arthur_conan_doyle,gutenberg_texts/1661.txt;gutenberg_texts/244.txt,gutenberg_texts/1342.txt;gutenberg_texts/13547.txt;gutenberg_texts/1400.txt;gutenberg_texts/14522.txt;gutenberg_texts/15238.txt;gutenberg_texts/15317.txt;gutenberg_texts/2021.txt;gutenberg_texts/21108.txt;gutenberg_texts/24589.txt;gutenberg_texts/28301.txt;gutenberg_texts/2852.txt;gutenberg_texts/29824.txt;gutenberg_texts/32059.txt;gutenberg_texts/32542.txt;gutenberg_texts/35082.txt;gutenberg_texts/36.txt;gutenberg_texts/55562.txt;gutenberg_texts/86.txt;gutenberg_texts/9182.txt;gutenberg_texts/9779.txt,27283,__main__.crossfit_separability:707,2
arthur_conan_doyle,gutenberg_texts/1661.txt;gutenberg_texts/244.txt,gutenberg_texts/2852.txt,27283,__main__.collect_attribution_observations:225,12
arthur_conan_doyle,gutenberg_texts/1661.txt;gutenberg_texts/244.txt,gutenberg_texts/2852.txt,27283,__main__.collect_attribution_observations:260,108
arthur_conan_doyle,gutenberg_texts/1661.txt;gutenberg_texts/244.txt;gutenberg_texts/2852.txt,full_books/agnes_may_fleming_full.txt,37418,__main__.collect_attribution_observations:225,12
arthur_conan_doyle,gutenberg_texts/1661.txt;gutenberg_texts/244.txt;gutenberg_texts/2852.txt,full_books/agnes_may_fleming_full.txt,37418,__main__.collect_attribution_observations:260,180
arthur_conan_doyle,gutenberg_texts/1661.txt;gutenberg_texts/244.txt;gutenberg_texts/2852.txt,full_books/herbert_george_wells_full.txt,37418,__main__.collect_attribution_observations:225,12
arthur_conan_doyle,gutenberg_texts/1661.txt;gutenberg_texts/244.txt;gutenberg_texts/2852.txt,full_books/herbert_george_wells_full.txt,37418,__main__.collect_attribution_observations:260,180
arthur_conan_doyle,gutenberg_texts/1661.txt;gutenberg_texts/244.txt;gutenberg_texts/2852.txt,full_books/jane_austen_full.txt,37418,__main__.collect_attribution_observations:225,12
arthur_conan_doyle,gutenberg_texts/1661.txt;gutenberg_texts/244.txt;gutenberg_texts/2852.txt,full_books/jane_austen_full.txt,37418,__main__.collect_attribution_observations:260,252
arthur_conan_doyle,gutenberg_texts/1661.txt;gutenberg_texts/244.txt;gutenberg_texts/2852.txt,gutenberg_texts/12360.txt,37418,__main__.collect_attribution_observations:225,6
arthur_conan_doyle,gutenberg_texts/1661.txt;gutenberg_texts/244.txt;gutenberg_texts/2852.txt,gutenberg_texts/12360.txt,37418,__main__.collect_attribution_observations:260,90
arthur_conan_doyle,gutenberg_texts/1661.txt;gutenberg_texts/244.txt;gutenberg_texts/2852.txt,gutenberg_texts/1260.txt,37418,__main__.collect_attribution_observations:225,12
arthur_conan_doyle,gutenberg_texts/1661.txt;gutenberg_texts/244.txt;gutenberg_texts/2852.txt,gutenberg_texts/1260.txt,37418,__main__.collect_attribution_observations:260,180
arthur_conan_doyle,gutenberg_texts/1661.txt;gutenberg_texts/244.txt;gutenberg_texts/2852.txt,gutenberg_texts/1342.txt,37418,__main__.collect_attribution_observations:225,12
arthur_conan_doyle,gutenberg_texts/1661.txt;gutenberg_texts/244.txt;gutenberg_texts/2852.txt,gutenberg_texts/13547.txt,37418,__main__.collect_attribution_observations:225,6
arthur_conan_doyle,gutenberg_texts/1661.txt;gutenberg_texts/244.txt;gutenberg_texts/2852.txt,gutenberg_texts/13960.txt,37418,__main__.collect_attribution_observations:225,6
arthur_conan_doyle,gutenberg_texts/1661.txt;gutenberg_texts/244.txt;gutenberg_texts/2852.txt,gutenberg_texts/13960.txt,37418,__main__.collect_attribution_observations:260,90
arthur_conan_doyle,gutenberg_texts/1661.txt;gutenberg_texts/244.txt;gutenberg_texts/2852.txt,gutenberg_texts/1400.txt,37418,__main__.collect_attribution_observations:225,12
arthur_conan_doyle,gutenberg_texts/1661.txt;gutenberg_texts/244.txt;gutenberg_texts/2852.txt,gutenberg_texts/1400.txt,37418,__main__.collect_attribution_observations:260,108
arthur_conan_doyle,gutenberg_texts/1661.txt;gutenberg_texts/244.txt;gutenberg_texts/2852.txt,gutenberg_texts/14522.txt,37418,__main__.collect_attribution_observations:225,12
arthur_conan_doyle,gutenberg_texts/1661.txt;gutenberg_texts/244.txt;gutenberg_texts/2852.txt,gutenberg_texts/15238.txt,37418,__main__.collect_attribution_observations:225,12
arthur_conan_doyle,gutenberg_texts/1661.txt;gutenberg_texts/244.txt;gutenberg_texts/2852.txt,gutenberg_texts/15317.txt,37418,__main__.collect_attribution_observations:225,12
arthur_conan_doyle,gutenberg_texts/1661.txt;gutenberg_texts/244.txt;gutenberg_texts/2852.txt,gutenberg_texts/161.txt,37418,__main__.collect_attribution_observations:225,12
arthur_conan_doyle,gutenberg_texts/1661.txt;gutenberg_texts/244.txt;gutenberg_texts/2852.txt,gutenberg_texts/161.txt,37418,__main__.collect_attribution_observations:260,108
arthur_conan_doyle,gutenberg_texts/1661.txt;gutenberg_texts/244.txt;gutenberg_texts/2852.txt,gutenberg_texts/16918.txt,37418,__main__.collect_attribution_observations:225,6
arthur_conan_doyle,gutenberg_texts/1661.txt;gutenberg_texts/244.txt;gutenberg_texts/2852.txt,gutenberg_texts/16918.txt,37418,__main__.collect_attribution_observations:260,90
arthur_conan_doyle,gutenberg_texts/1661.txt;gutenberg_texts/244.txt;gutenberg_texts/2852.txt,gutenberg_texts/174.txt,37418,__main__.collect_attribution_observations:225,12
arthur_conan_doyle,gutenberg_texts/1661.txt;gutenberg_texts/244.txt;gutenberg_texts/2852.txt,gutenberg_texts/174.txt,37418,__main__.collect_attribution_observations:260,180
arthur_conan_doyle,gutenberg_texts/1661.txt;gutenberg_texts/244.txt;gutenberg_texts/2852.txt,gutenberg_texts/18247.txt,37418,__main__.collect_attribution_observations:225,12
arthur_conan_doyle,gutenberg_texts/1661.txt;gutenberg_texts/244.txt;gutenberg_texts/2852.txt,gutenberg_texts/18247.txt,37418,__main__.collect_attribution_observations:260,180
arthur_conan_doyle,gutenberg_texts/1661.txt;gutenberg_texts/244.txt;gutenberg_texts/2852.txt,gutenberg_texts/18656.txt,37418,__main__.collect_attribution_observations:225,6
arthur_conan_doyle,gutenberg_texts/1661.txt;gutenberg_texts/244.txt;gutenberg_texts/2852.txt,gutenberg_texts/18656.txt,37418,__main__.collect_attribution_observations:260,90
arthur_conan_doyle,gutenberg_texts/1661.txt;gutenberg_texts/244.txt;gutenberg_texts/2852.txt,gutenberg_texts/2021.txt,37418,__main__.collect_attribution_observations:225,12
arthur_conan_doyle,gutenberg_texts/1661.txt;gutenberg_texts/244.txt;gutenberg_texts/2852.txt,gutenberg_texts/21107.txt,37418,__main__.collect_attribution_observations:225,6
arthur_conan_doyle,gutenberg_texts/1661.txt;gutenberg_texts/244.txt;gutenberg_texts/2852.txt,gutenberg_texts/21107.txt,37418,__main__.collect_attribution_observations:260,90
arthur_conan_doyle,gutenberg_texts/1661.txt;gutenberg_texts/244.txt;gutenberg_texts/2852.txt,gutenberg_texts/21108.txt,37418,__main__.collect_attribution_observations:225,6
arthur_conan_doyle,gutenberg_texts/1661.txt;gutenberg_texts/244.txt;gutenberg_texts/2852.txt,gutenberg_texts/219.txt,37418,__main__.collect_attribution_observations:225,12
arthur_conan_doyle,gutenberg_texts/1661.txt;gutenberg_texts/244.txt;gutenberg_texts/2852.txt,gutenberg_texts/219.txt,37418,__main__.collect_attribution_observations:260,180
arthur_conan_doyle,gutenberg_texts/1661.txt;gutenberg_texts/244.txt;gutenberg_texts/2852.txt,gutenberg_texts/24267.txt,37418,__main__.collect_attribution_observations:225,6
arthur_conan_doyle,gutenberg_texts/1661.txt;gutenberg_texts/244.txt;gutenberg_texts/2852.txt,gutenberg_texts/24267.txt,37418,__main__.collect_attribution_observations:260,90
arthur_conan_doyle,gutenberg_texts/1661.txt;gutenberg_texts/244.txt;gutenberg_texts/2852.txt,gutenberg_texts/24589.txt,37418,__main__.collect_attribution_observations:225,6
arthur_conan_doyle,gutenberg_texts/1661.txt;gutenberg_texts/244.txt;gutenberg_texts/2852.txt,gutenberg_texts/28301.txt,37418,__main__.collect_attribution_observations:225,6
arthur_conan_doyle,gutenberg_texts/1661.txt;gutenberg_texts/244.txt;gutenberg_texts/2852.txt,gutenberg_texts/29824.txt,37418,__main__.collect_attribution_observations:225,6
arthur_conan_doyle,gutenberg_texts/1661.txt;gutenberg_texts/244.txt;gutenberg_texts/2852.txt,gutenberg_texts/30486.txt,37418,__main__.collect_attribution_observations:225,12
arthur_conan_doyle,gutenberg_texts/1661.txt;gutenberg_texts/244.txt;gutenberg_texts/2852.txt,gutenberg_texts/30486.txt,37418,__main__.collect_attribution_observations:260,180
arthur_conan_doyle,gutenberg_texts/1661.txt;gutenberg_texts/244.txt;gutenberg_texts/2852.txt,gutenberg_texts/31581.txt,37418,__main__.collect_attribution_observations:225,6
arthur_conan_doyle,gutenberg_texts/1661.txt;gutenberg_texts/244.txt;gutenberg_texts/2852.txt,gutenberg_texts/31581.txt,37418,__main__.collect_attribution_observations:260,90
arthur_conan_doyle,gutenberg_texts/1661.txt;gutenberg_texts/244.txt;gutenberg_texts/2852.txt,gutenberg_texts/31589.txt,37418,__main__.collect_attribution_observations:225,6
arthur_conan_doyle,gutenberg_texts/1661.txt;gutenberg_texts/244.txt;gutenberg_texts/2852.txt,gutenberg_texts/31589.txt,37418,__main__.collect_attribution_observations:260,90
arthur_conan_doyle,gutenberg_texts/1661.txt;gutenberg_texts/244.txt;gutenberg_texts/2852.txt,gutenberg_texts/32059.txt,37418,__main__.collect_attribution_observations:225,6
arthur_conan_doyle,gutenberg_texts/1661.txt;gutenberg_texts/244.txt;gutenberg_texts/2852.txt,gutenberg_texts/32331.txt,37418,__main__.collect_attribution_observations:225,6
arthur_conan_doyle,gutenberg_texts/1661.txt;gutenberg_texts/244.txt;gutenberg_texts/2852.txt,gutenberg_texts/32331.txt,37418,__main__.collect_attribution_observations:260,90
arthur_conan_doyle,gutenberg_texts/1661.txt;gutenberg_texts/244.txt;gutenberg_texts/2852.txt,gutenberg_texts/32440.txt,37418,__main__.collect_attribution_observations:225,6
arthur_conan_doyle,gutenberg_texts/1661.txt;gutenberg_texts/244.txt;gutenberg_texts/2852.txt,gutenberg_texts/32440.txt,37418,__main__.collect_attribution_observations:260,90
arthur_conan_doyle,gutenberg_texts/1661.txt;gutenberg_texts/244.txt;gutenberg_texts/2852.txt,gutenberg_texts/32542.txt,37418,__main__.collect_attribution_observations:225,6
arthur_conan_doyle,gutenberg_texts/1661.txt;gutenberg_texts/244.txt;gutenberg_texts/2852.txt,gutenberg_texts/34592.txt,37418,__main__.collect_attribution_observations:225,6
arthur_conan_doyle,gutenberg_texts/1661.txt;gutenberg_texts/244.txt;gutenberg_texts/2852.txt,gutenberg_texts/34592.txt,37418,__main__.collect_attribution_observations:260,90
arthur_conan_doyle,gutenberg_texts/1661.txt;gutenberg_texts/244.txt;gutenberg_texts/2852.txt,gutenberg_texts/34832.txt,37418,__main__.collect_attribution_observations:225,6
arthur_conan_doyle,gutenberg_texts/1661.txt;gutenberg_texts/244.txt;gutenberg_texts/2852.txt,gutenberg_texts/34832.txt,37418,__main__.collect_attribution_observations:260,90
arthur_conan_doyle,gutenberg_texts/1661.txt;gutenberg_texts/244.txt;gutenberg_texts/2852.txt,gutenberg_texts/35.txt,37418,__main__.collect_attribution_observations:225,12
arthur_conan_doyle,gutenberg_texts/1661.txt;gutenberg_texts/244.txt;gutenberg_texts/2852.txt,gutenberg_texts/35.txt,37418,__main__.collect_attribution_observations:260,180
arthur_conan_doyle,gutenberg_texts/1661.txt;gutenberg_texts/244.txt;gutenberg_texts/2852.txt,gutenberg_texts/35082.txt,37418,__main__.collect_attribution_observations:225,6
arthur_conan_doyle,gutenberg_texts/1661.txt;gutenberg_texts/244.txt;gutenberg_texts/2852.txt,gutenberg_texts/36.txt,37418,__main__.collect_attribution_observations:225,12
arthur_conan_doyle,gutenberg_texts/1661.txt;gutenberg_texts/244.txt;gutenberg_texts/2852.txt,gutenberg_texts/3635.txt,37418,__main__.collect_attribution_observations:225,6
arthur_conan_doyle,gutenberg_texts/1661.txt;gutenberg_texts/244.txt;gutenberg_texts/2852.txt,gutenberg_texts/3635.txt,37418,__main__.collect_attribution_observations:260,90
arthur_conan_doyle,gutenberg_texts/1661.txt;gutenberg_texts/244.txt;gutenberg_texts/2852.txt,gutenberg_texts/46.txt,37418,__main__.collect_attribution_observations:225,12
arthur_conan_doyle,gutenberg_texts/1661.txt;gutenberg_texts/244.txt;gutenberg_texts/2852.txt,gutenberg_texts/46.txt,37418,__main__.collect_attribution_observations:260,132
arthur_conan_doyle,gutenberg_texts/1661.txt;gutenberg_texts/244.txt;gutenberg_texts/2852.txt,gutenberg_texts/4787.txt,37418,__main__.collect_attribution_observations:225,6
arthur_conan_doyle,gutenberg_texts/1661.txt;gutenberg_texts/244.txt;gutenberg_texts/2852.txt,gutenberg_texts/4787.txt,37418,__main__.collect_attribution_observations:260,90
arthur_conan_doyle,gutenberg_texts/1661.txt;gutenberg_texts/244.txt;gutenberg_texts/2852.txt,gutenberg_texts/54629.txt,37418,__main__.collect_attribution_observations:225,6
arthur_conan_doyle,gutenberg_texts/1661.txt;gutenberg_texts/244.txt;gutenberg_texts/2852.txt,gutenberg_texts/54629.txt,37418,__main__.collect_attribution_observations:260,90
arthur_conan_doyle,gutenberg_texts/1661.txt;gutenberg_texts/244.txt;gutenberg_texts/2852.txt,gutenberg_texts/54648.txt,37418,__main__.collect_attribution_observations:225,6
arthur_conan_doyle,gutenberg_texts/1661.txt;gutenberg_texts/244.txt;gutenberg_texts/2852.txt,gutenberg_texts/54648.txt,37418,__main__.collect_attribution_observations:260,90
arthur_conan_doyle,gutenberg_texts/1661.txt;gutenberg_texts/244.txt;gutenberg_texts/2852.txt,gutenberg_texts/55562.txt,37418,__main__.collect_attribution_observations:225,6
arthur_conan_doyle,gutenberg_texts/1661.txt;gutenberg_texts/244.txt;gutenberg_texts/2852.txt,gutenberg_texts/5658.txt,37418,__main__.collect_attribution_observations:225,12
arthur_conan_doyle,gutenberg_texts/1661.txt;gutenberg_texts/244.txt;gutenberg_texts/2852.txt,gutenberg_texts/5658.txt,37418,__main__.collect_attribution_observations:260,180
arthur_conan_doyle,gutenberg_texts/1661.txt;gutenberg_texts/244.txt;gutenberg_texts/2852.txt,gutenberg_texts/7063.txt,37418,__main__.collect_attribution_observations:225,12
arthur_conan_doyle,gutenberg_texts/1661.txt;gutenberg_texts/244.txt;gutenberg_texts/2852.txt,gutenberg_texts/7063.txt,37418,__main__.collect_attribution_observations:260,180
arthur_conan_doyle,gutenberg_texts/1661.txt;gutenberg_texts/244.txt;gutenberg_texts/2852.txt,gutenberg_texts/74.txt,37418,__main__.collect_attribution_observations:225,12
arthur_conan_doyle,gutenberg_texts/1661.txt;gutenberg_texts/244.txt;gutenberg_texts/2852.txt,gutenberg_texts/74.txt,37418,__main__.collect_attribution_observations:260,180
arthur_conan_doyle,gutenberg_texts/1661.txt;gutenberg_texts/244.txt;gutenberg_texts/2852.txt,gutenberg_texts/76.txt,37418,__main__.collect_attribution_observations:225,12
arthur_conan_doyle,gutenberg_texts/1661.txt;gutenberg_texts/244.txt;gutenberg_texts/2852.txt,gutenberg_texts/76.txt,37418,__main__.collect_attribution_observations:260,180
arthur_conan_doyle,gutenberg_texts/1661.txt;gutenberg_texts/244.txt;gutenberg_texts/2852.txt,gutenberg_texts/773.txt,37418,__main__.collect_attribution_observations:225,12
arthur_conan_doyle,gutenberg_texts/1661.txt;gutenberg_texts/244.txt;gutenberg_texts/2852.txt,gutenberg_texts/773.txt,37418,__main__.collect_attribution_observations:260,180
arthur_conan_doyle,gutenberg_texts/1661.txt;gutenberg_texts/244.txt;gutenberg_texts/2852.txt,gutenberg_texts/84.txt,37418,__main__.collect_attribution_observations:225,12
arthur_conan_doyle,gutenberg_texts/1661.txt;gutenberg_texts/244.txt;gutenberg_texts/2852.txt,gutenberg_texts/84.txt,37418,__main__.collect_attribution_observations:260,180
arthur_conan_doyle,gutenberg_texts/1661.txt;gutenberg_texts/244.txt;gutenberg_texts/2852.txt,gutenberg_texts/86.txt,37418,__main__.collect_attribution_observations:225,12
arthur_conan_doyle,gutenberg_texts/1661.txt;gutenberg_texts/244.txt;gutenberg_texts/2852.txt,gutenberg_texts/8741.txt,37418,__main__.collect_attribution_observations:225,6
arthur_conan_doyle,gutenberg_texts/1661.txt;gutenberg_texts/244.txt;gutenberg_texts/2852.txt,gutenberg_texts/8741.txt,37418,__main__.collect_attribution_observations:260,90
arthur_conan_doyle,gutenberg_texts/1661.txt;gutenberg_texts/244.txt;gutenberg_texts/2852.txt,gutenberg_texts/8874.txt,37418,__main__.collect_attribution_observations:225,6
arthur_conan_doyle,gutenberg_texts/1661.txt;gutenberg_texts/244.txt;gutenberg_texts/2852.txt,gutenberg_texts/8874.txt,37418,__main__.collect_attribution_observations:260,90
arthur_conan_doyle,gutenberg_texts/1661.txt;gutenberg_texts/244.txt;gutenberg_texts/2852.txt,gutenberg_texts/9182.txt,37418,__main__.collect_attribution_observations:225,12
arthur_conan_doyle,gutenberg_texts/1661.txt;gutenberg_texts/244.txt;gutenberg_texts/2852.txt,gutenberg_texts/9378.txt,37418,__main__.collect_attribution_observations:225,6
arthur_conan_doyle,gutenberg_texts/1661.txt;gutenberg_texts/244.txt;gutenberg_texts/2852.txt,gutenberg_texts/9378.txt,37418,__main__.collect_attribution_observations:260,90
arthur_conan_doyle,gutenberg_texts/1661.txt;gutenberg_texts/244.txt;gutenberg_texts/2852.txt,gutenberg_texts/9462.txt,37418,__main__.collect_attribution_observations:225,6
arthur_conan_doyle,gutenberg_texts/1661.txt;gutenberg_texts/244.txt;gutenberg_texts/2852.txt,gutenberg_texts/9462.txt,37418,__main__.collect_attribution_observations:260,90
arthur_conan_doyle,gutenberg_texts/1661.txt;gutenberg_texts/244.txt;gutenberg_texts/2852.txt,gutenberg_texts/9779.txt,37418,__main__.collect_attribution_observations:225,6
arthur_conan_doyle,gutenberg_texts/1661.txt;gutenberg_texts/244.txt;gutenberg_texts/2852.txt,gutenberg_texts/98.txt,37418,__main__.collect_attribution_observations:225,12
arthur_conan_doyle,gutenberg_texts/1661.txt;gutenberg_texts/244.txt;gutenberg_texts/2852.txt,gutenberg_texts/98.txt,37418,__main__.collect_attribution_observations:260,120
arthur_conan_doyle,gutenberg_texts/1661.txt;gutenberg_texts/2852.txt,gutenberg_texts/13960.txt;gutenberg_texts/161.txt;gutenberg_texts/18247.txt;gutenberg_texts/18656.txt;gutenberg_texts/24267.txt;gutenberg_texts/244.txt;gutenberg_texts/30486.txt;gutenberg_texts/31589.txt;gutenberg_texts/32331.txt;gutenberg_texts/34832.txt;gutenberg_texts/35.txt;gutenberg_texts/4787.txt;gutenberg_texts/54648.txt;gutenberg_texts/5658.txt;gutenberg_texts/7063.txt;gutenberg_texts/76.txt;gutenberg_texts/773.txt;gutenberg_texts/8874.txt;gutenberg_texts/9378.txt;gutenberg_texts/98.txt,29903,__main__.crossfit_separability:707,2
arthur_conan_doyle,gutenberg_texts/1661.txt;gutenberg_texts/2852.txt,gutenberg_texts/244.txt,29903,__main__.collect_attribution_observations:225,12
arthur_conan_doyle,gutenberg_texts/1661.txt;gutenberg_texts/2852.txt,gutenberg_texts/244.txt,29903,__main__.collect_attribution_observations:260,120
arthur_conan_doyle,gutenberg_texts/244.txt;gutenberg_texts/2852.txt,full_books/agnes_may_fleming_full.txt;full_books/herbert_george_wells_full.txt;full_books/jane_austen_full.txt;gutenberg_texts/12360.txt;gutenberg_texts/1260.txt;gutenberg_texts/1661.txt;gutenberg_texts/16918.txt;gutenberg_texts/174.txt;gutenberg_texts/21107.txt;gutenberg_texts/219.txt;gutenberg_texts/31581.txt;gutenberg_texts/32440.txt;gutenberg_texts/34592.txt;gutenberg_texts/3635.txt;gutenberg_texts/46.txt;gutenberg_texts/54629.txt;gutenberg_texts/74.txt;gutenberg_texts/84.txt;gutenberg_texts/8741.txt;gutenberg_texts/9462.txt,17650,__main__.crossfit_separability:707,2
arthur_conan_doyle,gutenberg_texts/244.txt;gutenberg_texts/2852.txt,gutenberg_texts/1661.txt,17650,__main__.collect_attribution_observations:225,12
arthur_conan_doyle,gutenberg_texts/244.txt;gutenberg_texts/2852.txt,gutenberg_texts/1661.txt,17650,__main__.collect_attribution_observations:260,132
arthur_scott_bailey,gutenberg_texts/18656.txt;gutenberg_texts/24589.txt,full_books/agnes_may_fleming_full.txt;full_books/herbert_george_wells_full.txt;full_books/jane_austen_full.txt;gutenberg_texts/12360.txt;gutenberg_texts/1260.txt;gutenberg_texts/1661.txt;gutenberg_texts/16918.txt;gutenberg_texts/174.txt;gutenberg_texts/21107.txt;gutenberg_texts/219.txt;gutenberg_texts/31581.txt;gutenberg_texts/32440.txt;gutenberg_texts/34592.txt;gutenberg_texts/3635.txt;gutenberg_texts/46.txt;gutenberg_texts/54629.txt;gutenberg_texts/74.txt;gutenberg_texts/84.txt;gutenberg_texts/8741.txt;gutenberg_texts/9462.txt,5495,__main__.crossfit_separability:707,2
arthur_scott_bailey,gutenberg_texts/18656.txt;gutenberg_texts/24589.txt,gutenberg_texts/9462.txt,5495,__main__.collect_attribution_observations:225,12
arthur_scott_bailey,gutenberg_texts/18656.txt;gutenberg_texts/24589.txt,gutenberg_texts/9462.txt,5495,__main__.collect_attribution_observations:260,180
arthur_scott_bailey,gutenberg_texts/9462.txt;gutenberg_texts/18656.txt,gutenberg_texts/1342.txt;gutenberg_texts/13547.txt;gutenberg_texts/1400.txt;gutenberg_texts/14522.txt;gutenberg_texts/15238.txt;gutenberg_texts/15317.txt;gutenberg_texts/2021.txt;gutenberg_texts/21108.txt;gutenberg_texts/24589.txt;gutenberg_texts/28301.txt;gutenberg_texts/2852.txt;gutenberg_texts/29824.txt;gutenberg_texts/32059.txt;gutenberg_texts/32542.txt;gutenberg_texts/35082.txt;gutenberg_texts/36.txt;gutenberg_texts/55562.txt;gutenberg_texts/86.txt;gutenberg_texts/9182.txt;gutenberg_texts/9779.txt,5186,__main__.crossfit_separability:707,2
arthur_scott_bailey,gutenberg_texts/9462.txt;gutenberg_texts/18656.txt,gutenberg_texts/24589.txt,5186,__main__.collect_attribution_observations:225,12
arthur_scott_bailey,gutenberg_texts/9462.txt;gutenberg_texts/18656.txt;gutenberg_texts/24589.txt,full_books/agnes_may_fleming_full.txt,7836,__main__.collect_attribution_observations:225,6
arthur_scott_bailey,gutenberg_texts/9462.txt;gutenberg_texts/18656.txt;gutenberg_texts/24589.txt,full_books/agnes_may_fleming_full.txt,7836,__main__.collect_attribution_observations:260,90
arthur_scott_bailey,gutenberg_texts/9462.txt;gutenberg_texts/18656.txt;gutenberg_texts/24589.txt,full_books/herbert_george_wells_full.txt,7836,__main__.collect_attribution_observations:225,6
arthur_scott_bailey,gutenberg_texts/9462.txt;gutenberg_texts/18656.txt;gutenberg_texts/24589.txt,full_books/herbert_george_wells_full.txt,7836,__main__.collect_attribution_observations:260,90
arthur_scott_bailey,gutenberg_texts/9462.txt;gutenberg_texts/18656.txt;gutenberg_texts/24589.txt,full_books/jane_austen_full.txt,7836,__main__.collect_attribution_observations:225,6
arthur_scott_bailey,gutenberg_texts/9462.txt;gutenberg_texts/18656.txt;gutenberg_texts/24589.txt,full_books/jane_austen_full.txt,7836,__main__.collect_attribution_observations:260,126
arthur_scott_bailey,gutenberg_texts/9462.txt;gutenberg_texts/18656.txt;gutenberg_texts/24589.txt,gutenberg_texts/12360.txt,7836,__main__.collect_attribution_observations:225,12
arthur_scott_bailey,gutenberg_texts/9462.txt;gutenberg_texts/18656.txt;gutenberg_texts/24589.txt,gutenberg_texts/12360.txt,7836,__main__.collect_attribution_observations:260,180
arthur_scott_bailey,gutenberg_texts/9462.txt;gutenberg_texts/18656.txt;gutenberg_texts/24589.txt,gutenberg_texts/1260.txt,7836,__main__.collect_attribution_observations:225,6
arthur_scott_bailey,gutenberg_texts/9462.txt;gutenberg_texts/18656.txt;gutenberg_texts/24589.txt,gutenberg_texts/1260.txt,7836,__main__.collect_attribution_observations:260,90
arthur_scott_bailey,gutenberg_texts/9462.txt;gutenberg_texts/18656.txt;gutenberg_texts/24589.txt,gutenberg_texts/1342.txt,7836,__main__.collect_attribution_observations:225,6
arthur_scott_bailey,gutenberg_texts/9462.txt;gutenberg_texts/18656.txt;gutenberg_texts/24589.txt,gutenberg_texts/13547.txt,7836,__main__.collect_attribution_observations:225,12
arthur_scott_bailey,gutenberg_texts/9462.txt;gutenberg_texts/18656.txt;gutenberg_texts/24589.txt,gutenberg_texts/13960.txt,7836,__main__.collect_attribution_observations:225,12
arthur_scott_bailey,gutenberg_texts/9462.txt;gutenberg_texts/18656.txt;gutenberg_texts/24589.txt,gutenberg_texts/13960.txt,7836,__main__.collect_attribution_observations:260,180
arthur_scott_bailey,gutenberg_texts/9462.txt;gutenberg_texts/18656.txt;gutenberg_texts/24589.txt,gutenberg_texts/1400.txt,7836,__main__.collect_attribution_observations:225,6
arthur_scott_bailey,gutenberg_texts/9462.txt;gutenberg_texts/18656.txt;gutenberg_texts/24589.txt,gutenberg_texts/1400.txt,7836,__main__.collect_attribution_observations:260,54
arthur_scott_bailey,gutenberg_texts/9462.txt;gutenberg_texts/18656.txt;gutenberg_texts/24589.txt,gutenberg_texts/14522.txt,7836,__main__.collect_attribution_observations:225,6
arthur_scott_bailey,gutenberg_texts/9462.txt;gutenberg_texts/18656.txt;gutenberg_texts/24589.txt,gutenberg_texts/15238.txt,7836,__main__.collect_attribution_observations:225,6
arthur_scott_bailey,gutenberg_texts/9462.txt;gutenberg_texts/18656.txt;gutenberg_texts/24589.txt,gutenberg_texts/15317.txt,7836,__main__.collect_attribution_observations:225,6
arthur_scott_bailey,gutenberg_texts/9462.txt;gutenberg_texts/18656.txt;gutenberg_texts/24589.txt,gutenberg_texts/161.txt,7836,__main__.collect_attribution_observations:225,6
arthur_scott_bailey,gutenberg_texts/9462.txt;gutenberg_texts/18656.txt;gutenberg_texts/24589.txt,gutenberg_texts/161.txt,7836,__main__.collect_attribution_observations:260,54
arthur_scott_bailey,gutenberg_texts/9462.txt;gutenberg_texts/18656.txt;gutenberg_texts/24589.txt,gutenberg_texts/1661.txt,7836,__main__.collect_attribution_observations:225,6
arthur_scott_bailey,gutenberg_texts/9462.txt;gutenberg_texts/18656.txt;gutenberg_texts/24589.txt,gutenberg_texts/1661.txt,7836,__main__.collect_attribution_observations:260,66
arthur_scott_bailey,gutenberg_texts/9462.txt;gutenberg_texts/18656.txt;gutenberg_texts/24589.txt,gutenberg_texts/16918.txt,7836,__main__.collect_attribution_observations:225,12
arthur_scott_bailey,gutenberg_texts/9462.txt;gutenberg_texts/18656.txt;gutenberg_texts/24589.txt,gutenberg_texts/16918.txt,7836,__main__.collect_attribution_observations:260,180
arthur_scott_bailey,gutenberg_texts/9462.txt;gutenberg_texts/18656.txt;gutenberg_texts/24589.txt,gutenberg_texts/174.txt,7836,__main__.collect_attribution_observations:225,6
arthur_scott_bailey,gutenberg_texts/9462.txt;gutenberg_texts/18656.txt;gutenberg_texts/24589.txt,gutenberg_texts/174.txt,7836,__main__.collect_attribution_observations:260,90
arthur_scott_bailey,gutenberg_texts/9462.txt;gutenberg_texts/18656.txt;gutenberg_texts/24589.txt,gutenberg_texts/18247.txt,7836,__main__.collect_attribution_observations:225,6
arthur_scott_bailey,gutenberg_texts/9462.txt;gutenberg_texts/18656.txt;gutenberg_texts/24589.txt,gutenberg_texts/18247.txt,7836,__main__.collect_attribution_observations:260,90
arthur_scott_bailey,gutenberg_texts/9462.txt;gutenberg_texts/18656.txt;gutenberg_texts/24589.txt,gutenberg_texts/2021.txt,7836,__main__.collect_attribution_observations:225,6
arthur_scott_bailey,gutenberg_texts/9462.txt;gutenberg_texts/18656.txt;gutenberg_texts/24589.txt,gutenberg_texts/21107.txt,7836,__main__.collect_attribution_observations:225,12
arthur_scott_bailey,gutenberg_texts/9462.txt;gutenberg_texts/18656.txt;gutenberg_texts/24589.txt,gutenberg_texts/21107.txt,7836,__main__.collect_attribution_observations:260,180
arthur_scott_bailey,gutenberg_texts/9462.txt;gutenberg_texts/18656.txt;gutenberg_texts/24589.txt,gutenberg_texts/21108.txt,7836,__main__.collect_attribution_observations:225,12
arthur_scott_bailey,gutenberg_texts/9462.txt;gutenberg_texts/18656.txt;gutenberg_texts/24589.txt,gutenberg_texts/219.txt,7836,__main__.collect_attribution_observations:225,6
arthur_scott_bailey,gutenberg_texts/9462.txt;gutenberg_texts/18656.txt;gutenberg_texts/24589.txt,gutenberg_texts/219.txt,7836,__main__.collect_attribution_observations:260,90
arthur_scott_bailey,gutenberg_texts/9462.txt;gutenberg_texts/18656.txt;gutenberg_texts/24589.txt,gutenberg_texts/24267.txt,7836,__main__.collect_attribution_observations:225,12
arthur_scott_bailey,gutenberg_texts/9462.txt;gutenberg_texts/18656.txt;gutenberg_texts/24589.txt,gutenberg_texts/24267.txt,7836,__main__.collect_attribution_observations:260,180
arthur_scott_bailey,gutenberg_texts/9462.txt;gutenberg_texts/18656.txt;gutenberg_texts/24589.txt,gutenberg_texts/244.txt,7836,__main__.collect_attribution_observations:225,6
arthur_scott_bailey,gutenberg_texts/9462.txt;gutenberg_texts/18656.txt;gutenberg_texts/24589.txt,gutenberg_texts/244.txt,7836,__main__.collect_attribution_observations:260,60
arthur_scott_bailey,gutenberg_texts/9462.txt;gutenberg_texts/18656.txt;gutenberg_texts/24589.txt,gutenberg_texts/28301.txt,7836,__main__.collect_attribution_observations:225,12
arthur_scott_bailey,gutenberg_texts/9462.txt;gutenberg_texts/18656.txt;gutenberg_texts/24589.txt,gutenberg_texts/2852.txt,7836,__main__.collect_attribution_observations:225,6
arthur_scott_bailey,gutenberg_texts/9462.txt;gutenberg_texts/18656.txt;gutenberg_texts/24589.txt,gutenberg_texts/2852.txt,7836,__main__.collect_attribution_observations:260,54
arthur_scott_bailey,gutenberg_texts/9462.txt;gutenberg_texts/18656.txt;gutenberg_texts/24589.txt,gutenberg_texts/29824.txt,7836,__main__.collect_attribution_observations:225,12
arthur_scott_bailey,gutenberg_texts/9462.txt;gutenberg_texts/18656.txt;gutenberg_texts/24589.txt,gutenberg_texts/30486.txt,7836,__main__.collect_attribution_observations:225,6
arthur_scott_bailey,gutenberg_texts/9462.txt;gutenberg_texts/18656.txt;gutenberg_texts/24589.txt,gutenberg_texts/30486.txt,7836,__main__.collect_attribution_observations:260,90
arthur_scott_bailey,gutenberg_texts/9462.txt;gutenberg_texts/18656.txt;gutenberg_texts/24589.txt,gutenberg_texts/31581.txt,7836,__main__.collect_attribution_observations:225,12
arthur_scott_bailey,gutenberg_texts/9462.txt;gutenberg_texts/18656.txt;gutenberg_texts/24589.txt,gutenberg_texts/31581.txt,7836,__main__.collect_attribution_observations:260,180
arthur_scott_bailey,gutenberg_texts/9462.txt;gutenberg_texts/18656.txt;gutenberg_texts/24589.txt,gutenberg_texts/31589.txt,7836,__main__.collect_attribution_observations:225,12
arthur_scott_bailey,gutenberg_texts/9462.txt;gutenberg_texts/18656.txt;gutenberg_texts/24589.txt,gutenberg_texts/31589.txt,7836,__main__.collect_attribution_observations:260,180
arthur_scott_bailey,gutenberg_texts/9462.txt;gutenberg_texts/18656.txt;gutenberg_texts/24589.txt,gutenberg_texts/32059.txt,7836,__main__.collect_attribution_observations:225,12
arthur_scott_bailey,gutenberg_texts/9462.txt;gutenberg_texts/18656.txt;gutenberg_texts/24589.txt,gutenberg_texts/32331.txt,7836,__main__.collect_attribution_observations:225,12
arthur_scott_bailey,gutenberg_texts/9462.txt;gutenberg_texts/18656.txt;gutenberg_texts/24589.txt,gutenberg_texts/32331.txt,7836,__main__.collect_attribution_observations:260,180
arthur_scott_bailey,gutenberg_texts/9462.txt;gutenberg_texts/18656.txt;gutenberg_texts/24589.txt,gutenberg_texts/32440.txt,7836,__main__.collect_attribution_observations:225,12
arthur_scott_bailey,gutenberg_texts/9462.txt;gutenberg_texts/18656.txt;gutenberg_texts/24589.txt,gutenberg_texts/32440.txt,7836,__main__.collect_attribution_observations:260,180
arthur_scott_bailey,gutenberg_texts/9462.txt;gutenberg_texts/18656.txt;gutenberg_texts/24589.txt,gutenberg_texts/32542.txt,7836,__main__.collect_attribution_observations:225,12
arthur_scott_bailey,gutenberg_texts/9462.txt;gutenberg_texts/18656.txt;gutenberg_texts/24589.txt,gutenberg_texts/34592.txt,7836,__main__.collect_attribution_observations:225,12
arthur_scott_bailey,gutenberg_texts/9462.txt;gutenberg_texts/18656.txt;gutenberg_texts/24589.txt,gutenberg_texts/34592.txt,7836,__main__.collect_attribution_observations:260,180
arthur_scott_bailey,gutenberg_texts/9462.txt;gutenberg_texts/18656.txt;gutenberg_texts/24589.txt,gutenberg_texts/34832.txt,7836,__main__.collect_attribution_observations:225,12
arthur_scott_bailey,gutenberg_texts/9462.txt;gutenberg_texts/18656.txt;gutenberg_texts/24589.txt,gutenberg_texts/34832.txt,7836,__main__.collect_attribution_observations:260,180
arthur_scott_bailey,gutenberg_texts/9462.txt;gutenberg_texts/18656.txt;gutenberg_texts/24589.txt,gutenberg_texts/35.txt,7836,__main__.collect_attribution_observations:225,6
arthur_scott_bailey,gutenberg_texts/9462.txt;gutenberg_texts/18656.txt;gutenberg_texts/24589.txt,gutenberg_texts/35.txt,7836,__main__.collect_attribution_observations:260,90
arthur_scott_bailey,gutenberg_texts/9462.txt;gutenberg_texts/18656.txt;gutenberg_texts/24589.txt,gutenberg_texts/35082.txt,7836,__main__.collect_attribution_observations:225,12
arthur_scott_bailey,gutenberg_texts/9462.txt;gutenberg_texts/18656.txt;gutenberg_texts/24589.txt,gutenberg_texts/36.txt,7836,__main__.collect_attribution_observations:225,6
arthur_scott_bailey,gutenberg_texts/9462.txt;gutenberg_texts/18656.txt;gutenberg_texts/24589.txt,gutenberg_texts/3635.txt,7836,__main__.collect_attribution_observations:225,12
arthur_scott_bailey,gutenberg_texts/9462.txt;gutenberg_texts/18656.txt;gutenberg_texts/24589.txt,gutenberg_texts/3635.txt,7836,__main__.collect_attribution_observations:260,180
arthur_scott_bailey,gutenberg_texts/9462.txt;gutenberg_texts/18656.txt;gutenberg_texts/24589.txt,gutenberg_texts/46.txt,7836,__main__.collect_attribution_observations:225,6
arthur_scott_bailey,gutenberg_texts/9462.txt;gutenberg_texts/18656.txt;gutenberg_texts/24589.txt,gutenberg_texts/46.txt,7836,__main__.collect_attribution_observations:260,66
arthur_scott_bailey,gutenberg_texts/9462.txt;gutenberg_texts/18656.txt;gutenberg_texts/24589.txt,gutenberg_texts/4787.txt,7836,__main__.collect_attribution_observations:225,12
arthur_scott_bailey,gutenberg_texts/9462.txt;gutenberg_texts/18656.txt;gutenberg_texts/24589.txt,gutenberg_texts/4787.txt,7836,__main__.collect_attribution_observations:260,180
arthur_scott_bailey,gutenberg_texts/9462.txt;gutenberg_texts/18656.txt;gutenberg_texts/24589.txt,gutenberg_texts/54629.txt,7836,__main__.collect_attribution_observations:225,12
arthur_scott_bailey,gutenberg_texts/9462.txt;gutenberg_texts/18656.txt;gutenberg_texts/24589.txt,gutenberg_texts/54629.txt,7836,__main__.collect_attribution_observations:260,180
arthur_scott_bailey,gutenberg_texts/9462.txt;gutenberg_texts/18656.txt;gutenberg_texts/24589.txt,gutenberg_texts/54648.txt,7836,__main__.collect_attribution_observations:225,12
arthur_scott_bailey,gutenberg_texts/9462.txt;gutenberg_texts/18656.txt;gutenberg_texts/24589.txt,gutenberg_texts/54648.txt,7836,__main__.collect_attribution_observations:260,180
arthur_scott_bailey,gutenberg_texts/9462.txt;gutenberg_texts/18656.txt;gutenberg_texts/24589.txt,gutenberg_texts/55562.txt,7836,__main__.collect_attribution_observations:225,12
arthur_scott_bailey,gutenberg_texts/9462.txt;gutenberg_texts/18656.txt;gutenberg_texts/24589.txt,gutenberg_texts/5658.txt,7836,__main__.collect_attribution_observations:225,6
arthur_scott_bailey,gutenberg_texts/9462.txt;gutenberg_texts/18656.txt;gutenberg_texts/24589.txt,gutenberg_texts/5658.txt,7836,__main__.collect_attribution_observations:260,90
arthur_scott_bailey,gutenberg_texts/9462.txt;gutenberg_texts/18656.txt;gutenberg_texts/24589.txt,gutenberg_texts/7063.txt,7836,__main__.collect_attribution_observations:225,6
arthur_scott_bailey,gutenberg_texts/9462.txt;gutenberg_texts/18656.txt;gutenberg_texts/24589.txt,gutenberg_texts/7063.txt,7836,__main__.collect_attribution_observations:260,90
arthur_scott_bailey,gutenberg_texts/9462.txt;gutenberg_texts/18656.txt;gutenberg_texts/24589.txt,gutenberg_texts/74.txt,7836,__main__.collect_attribution_observations:225,6
arthur_scott_bailey,gutenberg_texts/9462.txt;gutenberg_texts/18656.txt;gutenberg_texts/24589.txt,gutenberg_texts/74.txt,7836,__main__.collect_attribution_observations:260,90
arthur_scott_bailey,gutenberg_texts/9462.txt;gutenberg_texts/18656.txt;gutenberg_texts/24589.txt,gutenberg_texts/76.txt,7836,__main__.collect_attribution_observations:225,6
arthur_scott_bailey,gutenberg_texts/9462.txt;gutenberg_texts/18656.txt;gutenberg_texts/24589.txt,gutenberg_texts/76.txt,7836,__main__.collect_attribution_observations:260,90
arthur_scott_bailey,gutenberg_texts/9462.txt;gutenberg_texts/18656.txt;gutenberg_texts/24589.txt,gutenberg_texts/773.txt,7836,__main__.collect_attribution_observations:225,6
arthur_scott_bailey,gutenberg_texts/9462.txt;gutenberg_texts/18656.txt;gutenberg_texts/24589.txt,gutenberg_texts/773.txt,7836,__main__.collect_attribution_observations:260,90
arthur_scott_bailey,gutenberg_texts/9462.txt;gutenberg_texts/18656.txt;gutenberg_texts/24589.txt,gutenberg_texts/84.txt,7836,__main__.collect_attribution_observations:225,6
arthur_scott_bailey,gutenberg_texts/9462.txt;gutenberg_texts/18656.txt;gutenberg_texts/24589.txt,gutenberg_texts/84.txt,7836,__main__.collect_attribution_observations:260,90
arthur_scott_bailey,gutenberg_texts/9462.txt;gutenberg_texts/18656.txt;gutenberg_texts/24589.txt,gutenberg_texts/86.txt,7836,__main__.collect_attribution_observations:225,6
arthur_scott_bailey,gutenberg_texts/9462.txt;gutenberg_texts/18656.txt;gutenberg_texts/24589.txt,gutenberg_texts/8741.txt,7836,__main__.collect_attribution_observations:225,12
arthur_scott_bailey,gutenberg_texts/9462.txt;gutenberg_texts/18656.txt;gutenberg_texts/24589.txt,gutenberg_texts/8741.txt,7836,__main__.collect_attribution_observations:260,180
arthur_scott_bailey,gutenberg_texts/9462.txt;gutenberg_texts/18656.txt;gutenberg_texts/24589.txt,gutenberg_texts/8874.txt,7836,__main__.collect_attribution_observations:225,12
arthur_scott_bailey,gutenberg_texts/9462.txt;gutenberg_texts/18656.txt;gutenberg_texts/24589.txt,gutenberg_texts/8874.txt,7836,__main__.collect_attribution_observations:260,180
arthur_scott_bailey,gutenberg_texts/9462.txt;gutenberg_texts/18656.txt;gutenberg_texts/24589.txt,gutenberg_texts/9182.txt,7836,__main__.collect_attribution_observations:225,6
arthur_scott_bailey,gutenberg_texts/9462.txt;gutenberg_texts/18656.txt;gutenberg_texts/24589.txt,gutenberg_texts/9378.txt,7836,__main__.collect_attribution_observations:225,12
arthur_scott_bailey,gutenberg_texts/9462.txt;gutenberg_texts/18656.txt;gutenberg_texts/24589.txt,gutenberg_texts/9378.txt,7836,__main__.collect_attribution_observations:260,180
arthur_scott_bailey,gutenberg_texts/9462.txt;gutenberg_texts/18656.txt;gutenberg_texts/24589.txt,gutenberg_texts/9779.txt,7836,__main__.collect_attribution_observations:225,12
arthur_scott_bailey,gutenberg_texts/9462.txt;gutenberg_texts/18656.txt;gutenberg_texts/24589.txt,gutenberg_texts/98.txt,7836,__main__.collect_attribution_observations:225,6
arthur_scott_bailey,gutenberg_texts/9462.txt;gutenberg_texts/18656.txt;gutenberg_texts/24589.txt,gutenberg_texts/98.txt,7836,__main__.collect_attribution_observations:260,60
arthur_scott_bailey,gutenberg_texts/9462.txt;gutenberg_texts/24589.txt,gutenberg_texts/13960.txt;gutenberg_texts/161.txt;gutenberg_texts/18247.txt;gutenberg_texts/18656.txt;gutenberg_texts/24267.txt;gutenberg_texts/244.txt;gutenberg_texts/30486.txt;gutenberg_texts/31589.txt;gutenberg_texts/32331.txt;gutenberg_texts/34832.txt;gutenberg_texts/35.txt;gutenberg_texts/4787.txt;gutenberg_texts/54648.txt;gutenberg_texts/5658.txt;gutenberg_texts/7063.txt;gutenberg_texts/76.txt;gutenberg_texts/773.txt;gutenberg_texts/8874.txt;gutenberg_texts/9378.txt;gutenberg_texts/98.txt,4991,__main__.crossfit_separability:707,2
arthur_scott_bailey,gutenberg_texts/9462.txt;gutenberg_texts/24589.txt,gutenberg_texts/18656.txt,4991,__main__.collect_attribution_observations:225,12
arthur_scott_bailey,gutenberg_texts/9462.txt;gutenberg_texts/24589.txt,gutenberg_texts/18656.txt,4991,__main__.collect_attribution_observations:260,180
charles_dickens,gutenberg_texts/46.txt;gutenberg_texts/1400.txt,gutenberg_texts/13960.txt;gutenberg_texts/161.txt;gutenberg_texts/18247.txt;gutenberg_texts/18656.txt;gutenberg_texts/24267.txt;gutenberg_texts/244.txt;gutenberg_texts/30486.txt;gutenberg_texts/31589.txt;gutenberg_texts/32331.txt;gutenberg_texts/34832.txt;gutenberg_texts/35.txt;gutenberg_texts/4787.txt;gutenberg_texts/54648.txt;gutenberg_texts/5658.txt;gutenberg_texts/7063.txt;gutenberg_texts/76.txt;gutenberg_texts/773.txt;gutenberg_texts/8874.txt;gutenberg_texts/9378.txt;gutenberg_texts/98.txt,42485,__main__.crossfit_separability:707,2
charles_dickens,gutenberg_texts/46.txt;gutenberg_texts/1400.txt,gutenberg_texts/98.txt,42485,__main__.collect_attribution_observations:225,12
charles_dickens,gutenberg_texts/46.txt;gutenberg_texts/1400.txt,gutenberg_texts/98.txt,42485,__main__.collect_attribution_observations:260,120
charles_dickens,gutenberg_texts/46.txt;gutenberg_texts/98.txt,gutenberg_texts/1342.txt;gutenberg_texts/13547.txt;gutenberg_texts/1400.txt;gutenberg_texts/14522.txt;gutenberg_texts/15238.txt;gutenberg_texts/15317.txt;gutenberg_texts/2021.txt;gutenberg_texts/21108.txt;gutenberg_texts/24589.txt;gutenberg_texts/28301.txt;gutenberg_texts/2852.txt;gutenberg_texts/29824.txt;gutenberg_texts/32059.txt;gutenberg_texts/32542.txt;gutenberg_texts/35082.txt;gutenberg_texts/36.txt;gutenberg_texts/55562.txt;gutenberg_texts/86.txt;gutenberg_texts/9182.txt;gutenberg_texts/9779.txt,34683,__main__.crossfit_separability:707,2
charles_dickens,gutenberg_texts/46.txt;gutenberg_texts/98.txt,gutenberg_texts/1400.txt,34683,__main__.collect_attribution_observations:225,12
charles_dickens,gutenberg_texts/46.txt;gutenberg_texts/98.txt,gutenberg_texts/1400.txt,34683,__main__.collect_attribution_observations:260,108
charles_dickens,gutenberg_texts/46.txt;gutenberg_texts/98.txt;gutenberg_texts/1400.txt,full_books/agnes_may_fleming_full.txt,70598,__main__.collect_attribution_observations:225,12
charles_dickens,gutenberg_texts/46.txt;gutenberg_texts/98.txt;gutenberg_texts/1400.txt,full_books/agnes_may_fleming_full.txt,70598,__main__.collect_attribution_observations:260,180
charles_dickens,gutenberg_texts/46.txt;gutenberg_texts/98.txt;gutenberg_texts/1400.txt,full_books/herbert_george_wells_full.txt,70598,__main__.collect_attribution_observations:225,12
charles_dickens,gutenberg_texts/46.txt;gutenberg_texts/98.txt;gutenberg_texts/1400.txt,full_books/herbert_george_wells_full.txt,70598,__main__.collect_attribution_observations:260,180
charles_dickens,gutenberg_texts/46.txt;gutenberg_texts/98.txt;gutenberg_texts/1400.txt,full_books/jane_austen_full.txt,70598,__main__.collect_attribution_observations:225,12
charles_dickens,gutenberg_texts/46.txt;gutenberg_texts/98.txt;gutenberg_texts/1400.txt,full_books/jane_austen_full.txt,70598,__main__.collect_attribution_observations:260,252
charles_dickens,gutenberg_texts/46.txt;gutenberg_texts/98.txt;gutenberg_texts/1400.txt,gutenberg_texts/12360.txt,70598,__main__.collect_attribution_observations:225,6
charles_dickens,gutenberg_texts/46.txt;gutenberg_texts/98.txt;gutenberg_texts/1400.txt,gutenberg_texts/12360.txt,70598,__main__.collect_attribution_observations:260,90
charles_dickens,gutenberg_texts/46.txt;gutenberg_texts/98.txt;gutenberg_texts/1400.txt,gutenberg_texts/1260.txt,70598,__main__.collect_attribution_observations:225,12
charles_dickens,gutenberg_texts/46.txt;gutenberg_texts/98.txt;gutenberg_texts/1400.txt,gutenberg_texts/1260.txt,70598,__main__.collect_attribution_observations:260,180
charles_dickens,gutenberg_texts/46.txt;gutenberg_texts/98.txt;gutenberg_texts/1400.txt,gutenberg_texts/1342.txt,70598,__main__.collect_attribution_observations:225,12
charles_dickens,gutenberg_texts/46.txt;gutenberg_texts/98.txt;gutenberg_texts/1400.txt,gutenberg_texts/13547.txt,70598,__main__.collect_attribution_observations:225,6
charles_dickens,gutenberg_texts/46.txt;gutenberg_texts/98.txt;gutenberg_texts/1400.txt,gutenberg_texts/13960.txt,70598,__main__.collect_attribution_observations:225,6
charles_dickens,gutenberg_texts/46.txt;gutenberg_texts/98.txt;gutenberg_texts/1400.txt,gutenberg_texts/13960.txt,70598,__main__.collect_attribution_observations:260,90
charles_dickens,gutenberg_texts/46.txt;gutenberg_texts/98.txt;gutenberg_texts/1400.txt,gutenberg_texts/14522.txt,70598,__main__.collect_attribution_observations:225,12
charles_dickens,gutenberg_texts/46.txt;gutenberg_texts/98.txt;gutenberg_texts/1400.txt,gutenberg_texts/15238.txt,70598,__main__.collect_attribution_observations:225,12
charles_dickens,gutenberg_texts/46.txt;gutenberg_texts/98.txt;gutenberg_texts/1400.txt,gutenberg_texts/15317.txt,70598,__main__.collect_attribution_observations:225,12
charles_dickens,gutenberg_texts/46.txt;gutenberg_texts/98.txt;gutenberg_texts/1400.txt,gutenberg_texts/161.txt,70598,__main__.collect_attribution_observations:225,12
charles_dickens,gutenberg_texts/46.txt;gutenberg_texts/98.txt;gutenberg_texts/1400.txt,gutenberg_texts/161.txt,70598,__main__.collect_attribution_observations:260,108
charles_dickens,gutenberg_texts/46.txt;gutenberg_texts/98.txt;gutenberg_texts/1400.txt,gutenberg_texts/1661.txt,70598,__main__.collect_attribution_observations:225,12
charles_dickens,gutenberg_texts/46.txt;gutenberg_texts/98.txt;gutenberg_texts/1400.txt,gutenberg_texts/1661.txt,70598,__main__.collect_attribution_observations:260,132
charles_dickens,gutenberg_texts/46.txt;gutenberg_texts/98.txt;gutenberg_texts/1400.txt,gutenberg_texts/16918.txt,70598,__main__.collect_attribution_observations:225,6
charles_dickens,gutenberg_texts/46.txt;gutenberg_texts/98.txt;gutenberg_texts/1400.txt,gutenberg_texts/16918.txt,70598,__main__.collect_attribution_observations:260,90
charles_dickens,gutenberg_texts/46.txt;gutenberg_texts/98.txt;gutenberg_texts/1400.txt,gutenberg_texts/174.txt,70598,__main__.collect_attribution_observations:225,12
charles_dickens,gutenberg_texts/46.txt;gutenberg_texts/98.txt;gutenberg_texts/1400.txt,gutenberg_texts/174.txt,70598,__main__.collect_attribution_observations:260,180
charles_dickens,gutenberg_texts/46.txt;gutenberg_texts/98.txt;gutenberg_texts/1400.txt,gutenberg_texts/18247.txt,70598,__main__.collect_attribution_observations:225,12
charles_dickens,gutenberg_texts/46.txt;gutenberg_texts/98.txt;gutenberg_texts/1400.txt,gutenberg_texts/18247.txt,70598,__main__.collect_attribution_observations:260,180
charles_dickens,gutenberg_texts/46.txt;gutenberg_texts/98.txt;gutenberg_texts/1400.txt,gutenberg_texts/18656.txt,70598,__main__.collect_attribution_observations:225,6
charles_dickens,gutenberg_texts/46.txt;gutenberg_texts/98.txt;gutenberg_texts/1400.txt,gutenberg_texts/18656.txt,70598,__main__.collect_attribution_observations:260,90
charles_dickens,gutenberg_texts/46.txt;gutenberg_texts/98.txt;gutenberg_texts/1400.txt,gutenberg_texts/2021.txt,70598,__main__.collect_attribution_observations:225,12
charles_dickens,gutenberg_texts/46.txt;gutenberg_texts/98.txt;gutenberg_texts/1400.txt,gutenberg_texts/21107.txt,70598,__main__.collect_attribution_observations:225,6
charles_dickens,gutenberg_texts/46.txt;gutenberg_texts/98.txt;gutenberg_texts/1400.txt,gutenberg_texts/21107.txt,70598,__main__.collect_attribution_observations:260,90
charles_dickens,gutenberg_texts/46.txt;gutenberg_texts/98.txt;gutenberg_texts/1400.txt,gutenberg_texts/21108.txt,70598,__main__.collect_attribution_observations:225,6
charles_dickens,gutenberg_texts/46.txt;gutenberg_texts/98.txt;gutenberg_texts/1400.txt,gutenberg_texts/219.txt,70598,__main__.collect_attribution_observations:225,12
charles_dickens,gutenberg_texts/46.txt;gutenberg_texts/98.txt;gutenberg_texts/1400.txt,gutenberg_texts/219.txt,70598,__main__.collect_attribution_observations:260,180
charles_dickens,gutenberg_texts/46.txt;gutenberg_texts/98.txt;gutenberg_texts/1400.txt,gutenberg_texts/24267.txt,70598,__main__.collect_attribution_observations:225,6
charles_dickens,gutenberg_texts/46.txt;gutenberg_texts/98.txt;gutenberg_texts/1400.txt,gutenberg_texts/24267.txt,70598,__main__.collect_attribution_observations:260,90
charles_dickens,gutenberg_texts/46.txt;gutenberg_texts/98.txt;gutenberg_texts/1400.txt,gutenberg_texts/244.txt,70598,__main__.collect_attribution_observations:225,12
charles_dickens,gutenberg_texts/46.txt;gutenberg_texts/98.txt;gutenberg_texts/1400.txt,gutenberg_texts/244.txt,70598,__main__.collect_attribution_observations:260,120
charles_dickens,gutenberg_texts/46.txt;gutenberg_texts/98.txt;gutenberg_texts/1400.txt,gutenberg_texts/24589.txt,70598,__main__.collect_attribution_observations:225,6
charles_dickens,gutenberg_texts/46.txt;gutenberg_texts/98.txt;gutenberg_texts/1400.txt,gutenberg_texts/28301.txt,70598,__main__.collect_attribution_observations:225,6
charles_dickens,gutenberg_texts/46.txt;gutenberg_texts/98.txt;gutenberg_texts/1400.txt,gutenberg_texts/2852.txt,70598,__main__.collect_attribution_observations:225,12
charles_dickens,gutenberg_texts/46.txt;gutenberg_texts/98.txt;gutenberg_texts/1400.txt,gutenberg_texts/2852.txt,70598,__main__.collect_attribution_observations:260,108
charles_dickens,gutenberg_texts/46.txt;gutenberg_texts/98.txt;gutenberg_texts/1400.txt,gutenberg_texts/29824.txt,70598,__main__.collect_attribution_observations:225,6
charles_dickens,gutenberg_texts/46.txt;gutenberg_texts/98.txt;gutenberg_texts/1400.txt,gutenberg_texts/30486.txt,70598,__main__.collect_attribution_observations:225,12
charles_dickens,gutenberg_texts/46.txt;gutenberg_texts/98.txt;gutenberg_texts/1400.txt,gutenberg_texts/30486.txt,70598,__main__.collect_attribution_observations:260,180
charles_dickens,gutenberg_texts/46.txt;gutenberg_texts/98.txt;gutenberg_texts/1400.txt,gutenberg_texts/31581.txt,70598,__main__.collect_attribution_observations:225,6
charles_dickens,gutenberg_texts/46.txt;gutenberg_texts/98.txt;gutenberg_texts/1400.txt,gutenberg_texts/31581.txt,70598,__main__.collect_attribution_observations:260,90
charles_dickens,gutenberg_texts/46.txt;gutenberg_texts/98.txt;gutenberg_texts/1400.txt,gutenberg_texts/31589.txt,70598,__main__.collect_attribution_observations:225,6
charles_dickens,gutenberg_texts/46.txt;gutenberg_texts/98.txt;gutenberg_texts/1400.txt,gutenberg_texts/31589.txt,70598,__main__.collect_attribution_observations:260,90
charles_dickens,gutenberg_texts/46.txt;gutenberg_texts/98.txt;gutenberg_texts/1400.txt,gutenberg_texts/32059.txt,70598,__main__.collect_attribution_observations:225,6
charles_dickens,gutenberg_texts/46.txt;gutenberg_texts/98.txt;gutenberg_texts/1400.txt,gutenberg_texts/32331.txt,70598,__main__.collect_attribution_observations:225,6
charles_dickens,gutenberg_texts/46.txt;gutenberg_texts/98.txt;gutenberg_texts/1400.txt,gutenberg_texts/32331.txt,70598,__main__.collect_attribution_observations:260,90
charles_dickens,gutenberg_texts/46.txt;gutenberg_texts/98.txt;gutenberg_texts/1400.txt,gutenberg_texts/32440.txt,70598,__main__.collect_attribution_observations:225,6
charles_dickens,gutenberg_texts/46.txt;gutenberg_texts/98.txt;gutenberg_texts/1400.txt,gutenberg_texts/32440.txt,70598,__main__.collect_attribution_observations:260,90
charles_dickens,gutenberg_texts/46.txt;gutenberg_texts/98.txt;gutenberg_texts/1400.txt,gutenberg_texts/32542.txt,70598,__main__.collect_attribution_observations:225,6
charles_dickens,gutenberg_texts/46.txt;gutenberg_texts/98.txt;gutenberg_texts/1400.txt,gutenberg_texts/34592.txt,70598,__main__.collect_attribution_observations:225,6
charles_dickens,gutenberg_texts/46.txt;gutenberg_texts/98.txt;gutenberg_texts/1400.txt,gutenberg_texts/34592.txt,70598,__main__.collect_attribution_observations:260,90
charles_dickens,gutenberg_texts/46.txt;gutenberg_texts/98.txt;gutenberg_texts/1400.txt,gutenberg_texts/34832.txt,70598,__main__.collect_attribution_observations:225,6
charles_dickens,gutenberg_texts/46.txt;gutenberg_texts/98.txt;gutenberg_texts/1400.txt,gutenberg_texts/34832.txt,70598,__main__.collect_attribution_observations:260,90
charles_dickens,gutenberg_texts/46.txt;gutenberg_texts/98.txt;gutenberg_texts/1400.txt,gutenberg_texts/35.txt,70598,__main__.collect_attribution_observations:225,12
charles_dickens,gutenberg_texts/46.txt;gutenberg_texts/98.txt;gutenberg_texts/1400.txt,gutenberg_texts/35.txt,70598,__main__.collect_attribution_observations:260,180
charles_dickens,gutenberg_texts/46.txt;gutenberg_texts/98.txt;gutenberg_texts/1400.txt,gutenberg_texts/35082.txt,70598,__main__.collect_attribution_observations:225,6
charles_dickens,gutenberg_texts/46.txt;gutenberg_texts/98.txt;gutenberg_texts/1400.txt,gutenberg_texts/36.txt,70598,__main__.collect_attribution_observations:225,12
charles_dickens,gutenberg_texts/46.txt;gutenberg_texts/98.txt;gutenberg_texts/1400.txt,gutenberg_texts/3635.txt,70598,__main__.collect_attribution_observations:225,6
charles_dickens,gutenberg_texts/46.txt;gutenberg_texts/98.txt;gutenberg_texts/1400.txt,gutenberg_texts/3635.txt,70598,__main__.collect_attribution_observations:260,90
charles_dickens,gutenberg_texts/46.txt;gutenberg_texts/98.txt;gutenberg_texts/1400.txt,gutenberg_texts/4787.txt,70598,__main__.collect_attribution_observations:225,6
charles_dickens,gutenberg_texts/46.txt;gutenberg_texts/98.txt;gutenberg_texts/1400.txt,gutenberg_texts/4787.txt,70598,__main__.collect_attribution_observations:260,90
charles_dickens,gutenberg_texts/46.txt;gutenberg_texts/98.txt;gutenberg_texts/1400.txt,gutenberg_texts/54629.txt,70598,__main__.collect_attribution_observations:225,6
charles_dickens,gutenberg_texts/46.txt;gutenberg_texts/98.txt;gutenberg_texts/1400.txt,gutenberg_texts/54629.txt,70598,__main__.collect_attribution_observations:260,90
charles_dickens,gutenberg_texts/46.txt;gutenberg_texts/98.txt;gutenberg_texts/1400.txt,gutenberg_texts/54648.txt,70598,__main__.collect_attribution_observations:225,6
charles_dickens,gutenberg_texts/46.txt;gutenberg_texts/98.txt;gutenberg_texts/1400.txt,gutenberg_texts/54648.txt,70598,__main__.collect_attribution_observations:260,90
charles_dickens,gutenberg_texts/46.txt;gutenberg_texts/98.txt;gutenberg_texts/1400.txt,gutenberg_texts/55562.txt,70598,__main__.collect_attribution_observations:225,6
charles_dickens,gutenberg_texts/46.txt;gutenberg_texts/98.txt;gutenberg_texts/1400.txt,gutenberg_texts/5658.txt,70598,__main__.collect_attribution_observations:225,12
charles_dickens,gutenberg_texts/46.txt;gutenberg_texts/98.txt;gutenberg_texts/1400.txt,gutenberg_texts/5658.txt,70598,__main__.collect_attribution_observations:260,180
charles_dickens,gutenberg_texts/46.txt;gutenberg_texts/98.txt;gutenberg_texts/1400.txt,gutenberg_texts/7063.txt,70598,__main__.collect_attribution_observations:225,12
charles_dickens,gutenberg_texts/46.txt;gutenberg_texts/98.txt;gutenberg_texts/1400.txt,gutenberg_texts/7063.txt,70598,__main__.collect_attribution_observations:260,180
charles_dickens,gutenberg_texts/46.txt;gutenberg_texts/98.txt;gutenberg_texts/1400.txt,gutenberg_texts/74.txt,70598,__main__.collect_attribution_observations:225,12
charles_dickens,gutenberg_texts/46.txt;gutenberg_texts/98.txt;gutenberg_texts/1400.txt,gutenberg_texts/74.txt,70598,__main__.collect_attribution_observations:260,180
charles_dickens,gutenberg_texts/46.txt;gutenberg_texts/98.txt;gutenberg_texts/1400.txt,gutenberg_texts/76.txt,70598,__main__.collect_attribution_observations:225,12
charles_dickens,gutenberg_texts/46.txt;gutenberg_texts/98.txt;gutenberg_texts/1400.txt,gutenberg_texts/76.txt,70598,__main__.collect_attribution_observations:260,180
charles_dickens,gutenberg_texts/46.txt;gutenberg_texts/98.txt;gutenberg_texts/1400.txt,gutenberg_texts/773.txt,70598,__main__.collect_attribution_observations:225,12
charles_dickens,gutenberg_texts/46.txt;gutenberg_texts/98.txt;gutenberg_texts/1400.txt,gutenberg_texts/773.txt,70598,__main__.collect_attribution_observations:260,180
charles_dickens,gutenberg_texts/46.txt;gutenberg_texts/98.txt;gutenberg_texts/1400.txt,gutenberg_texts/84.txt,70598,__main__.collect_attribution_observations:225,12
charles_dickens,gutenberg_texts/46.txt;gutenberg_texts/98.txt;gutenberg_texts/1400.txt,gutenberg_texts/84.txt,70598,__main__.collect_attribution_observations:260,180
charles_dickens,gutenberg_texts/46.txt;gutenberg_texts/98.txt;gutenberg_texts/1400.txt,gutenberg_texts/86.txt,70598,__main__.collect_attribution_observations:225,12
charles_dickens,gutenberg_texts/46.txt;gutenberg_texts/98.txt;gutenberg_texts/1400.txt,gutenberg_texts/8741.txt,70598,__main__.collect_attribution_observations:225,6
charles_dickens,gutenberg_texts/46.txt;gutenberg_texts/98.txt;gutenberg_texts/1400.txt,gutenberg_texts/8741.txt,70598,__main__.collect_attribution_observations:260,90
charles_dickens,gutenberg_texts/46.txt;gutenberg_texts/98.txt;gutenberg_texts/1400.txt,gutenberg_texts/8874.txt,70598,__main__.collect_attribution_observations:225,6
charles_dickens,gutenberg_texts/46.txt;gutenberg_texts/98.txt;gutenberg_texts/1400.txt,gutenberg_texts/8874.txt,70598,__main__.collect_attribution_observations:260,90
charles_dickens,gutenberg_texts/46.txt;gutenberg_texts/98.txt;gutenberg_texts/1400.txt,gutenberg_texts/9182.txt,70598,__main__.collect_attribution_observations:225,12
charles_dickens,gutenberg_texts/46.txt;gutenberg_texts/98.txt;gutenberg_texts/1400.txt,gutenberg_texts/9378.txt,70598,__main__.collect_attribution_observations:225,6
charles_dickens,gutenberg_texts/46.txt;gutenberg_texts/98.txt;gutenberg_texts/1400.txt,gutenberg_texts/9378.txt,70598,__main__.collect_attribution_observations:260,90
charles_dickens,gutenberg_texts/46.txt;gutenberg_texts/98.txt;gutenberg_texts/1400.txt,gutenberg_texts/9462.txt,70598,__main__.collect_attribution_observations:225,6
charles_dickens,gutenberg_texts/46.txt;gutenberg_texts/98.txt;gutenberg_texts/1400.txt,gutenberg_texts/9462.txt,70598,__main__.collect_attribution_observations:260,90
charles_dickens,gutenberg_texts/46.txt;gutenberg_texts/98.txt;gutenberg_texts/1400.txt,gutenberg_texts/9779.txt,70598,__main__.collect_attribution_observations:225,6
charles_dickens,gutenberg_texts/98.txt;gutenberg_texts/1400.txt,full_books/agnes_may_fleming_full.txt;full_books/herbert_george_wells_full.txt;full_books/jane_austen_full.txt;gutenberg_texts/12360.txt;gutenberg_texts/1260.txt;gutenberg_texts/1661.txt;gutenberg_texts/16918.txt;gutenberg_texts/174.txt;gutenberg_texts/21107.txt;gutenberg_texts/219.txt;gutenberg_texts/31581.txt;gutenberg_texts/32440.txt;gutenberg_texts/34592.txt;gutenberg_texts/3635.txt;gutenberg_texts/46.txt;gutenberg_texts/54629.txt;gutenberg_texts/74.txt;gutenberg_texts/84.txt;gutenberg_texts/8741.txt;gutenberg_texts/9462.txt,64028,__main__.crossfit_separability:707,2
charles_dickens,gutenberg_texts/98.txt;gutenberg_texts/1400.txt,gutenberg_texts/46.txt,64028,__main__.collect_attribution_observations:225,12
charles_dickens,gutenberg_texts/98.txt;gutenberg_texts/1400.txt,gutenberg_texts/46.txt,64028,__main__.collect_attribution_observations:260,132
charlotte_bronte,gutenberg_texts/1260.txt;gutenberg_texts/30486.txt,gutenberg_texts/1342.txt;gutenberg_texts/13547.txt;gutenberg_texts/1400.txt;gutenberg_texts/14522.txt;gutenberg_texts/15238.txt;gutenberg_texts/15317.txt;gutenberg_texts/2021.txt;gutenberg_texts/21108.txt;gutenberg_texts/24589.txt;gutenberg_texts/28301.txt;gutenberg_texts/2852.txt;gutenberg_texts/29824.txt;gutenberg_texts/32059.txt;gutenberg_texts/32542.txt;gutenberg_texts/35082.txt;gutenberg_texts/36.txt;gutenberg_texts/55562.txt;gutenberg_texts/86.txt;gutenberg_texts/9182.txt;gutenberg_texts/9779.txt,83862,__main__.crossfit_separability:707,2
charlotte_bronte,gutenberg_texts/1260.txt;gutenberg_texts/30486.txt,gutenberg_texts/9182.txt,83862,__main__.collect_attribution_observations:225,12
charlotte_bronte,gutenberg_texts/1260.txt;gutenberg_texts/30486.txt;gutenberg_texts/9182.txt,full_books/agnes_may_fleming_full.txt,122586,__main__.collect_attribution_observations:225,12
charlotte_bronte,gutenberg_texts/1260.txt;gutenberg_texts/30486.txt;gutenberg_texts/9182.txt,full_books/agnes_may_fleming_full.txt,122586,__main__.collect_attribution_observations:260,180
charlotte_bronte,gutenberg_texts/1260.txt;gutenberg_texts/30486.txt;gutenberg_texts/9182.txt,full_books/herbert_george_wells_full.txt,122586,__main__.collect_attribution_observations:225,12
charlotte_bronte,gutenberg_texts/1260.txt;gutenberg_texts/30486.txt;gutenberg_texts/9182.txt,full_books/herbert_george_wells_full.txt,122586,__main__.collect_attribution_observations:260,180
charlotte_bronte,gutenberg_texts/1260.txt;gutenberg_texts/30486.txt;gutenberg_texts/9182.txt,full_books/jane_austen_full.txt,122586,__main__.collect_attribution_observations:225,12
charlotte_bronte,gutenberg_texts/1260.txt;gutenberg_texts/30486.txt;gutenberg_texts/9182.txt,full_books/jane_austen_full.txt,122586,__main__.collect_attribution_observations:260,252
charlotte_bronte,gutenberg_texts/1260.txt;gutenberg_texts/30486.txt;gutenberg_texts/9182.txt,gutenberg_texts/12360.txt,122586,__main__.collect_attribution_observations:225,6
charlotte_bronte,gutenberg_texts/1260.txt;gutenberg_texts/30486.txt;gutenberg_texts/9182.txt,gutenberg_texts/12360.txt,122586,__main__.collect_attribution_observations:260,90
charlotte_bronte,gutenberg_texts/1260.txt;gutenberg_texts/30486.txt;gutenberg_texts/9182.txt,gutenberg_texts/1342.txt,122586,__main__.collect_attribution_observations:225,12
charlotte_bronte,gutenberg_texts/1260.txt;gutenberg_texts/30486.txt;gutenberg_texts/9182.txt,gutenberg_texts/13547.txt,122586,__main__.collect_attribution_observations:225,6
charlotte_bronte,gutenberg_texts/1260.txt;gutenberg_texts/30486.txt;gutenberg_texts/9182.txt,gutenberg_texts/13960.txt,122586,__main__.collect_attribution_observations:225,6
charlotte_bronte,gutenberg_texts/1260.txt;gutenberg_texts/30486.txt;gutenberg_texts/9182.txt,gutenberg_texts/13960.txt,122586,__main__.collect_attribution_observations:260,90
charlotte_bronte,gutenberg_texts/1260.txt;gutenberg_texts/30486.txt;gutenberg_texts/9182.txt,gutenberg_texts/1400.txt,122586,__main__.collect_attribution_observations:225,12
charlotte_bronte,gutenberg_texts/1260.txt;gutenberg_texts/30486.txt;gutenberg_texts/9182.txt,gutenberg_texts/1400.txt,122586,__main__.collect_attribution_observations:260,108
charlotte_bronte,gutenberg_texts/1260.txt;gutenberg_texts/30486.txt;gutenberg_texts/9182.txt,gutenberg_texts/14522.txt,122586,__main__.collect_attribution_observations:225,12
charlotte_bronte,gutenberg_texts/1260.txt;gutenberg_texts/30486.txt;gutenberg_texts/9182.txt,gutenberg_texts/15238.txt,122586,__main__.collect_attribution_observations:225,12
charlotte_bronte,gutenberg_texts/1260.txt;gutenberg_texts/30486.txt;gutenberg_texts/9182.txt,gutenberg_texts/15317.txt,122586,__main__.collect_attribution_observations:225,12
charlotte_bronte,gutenberg_texts/1260.txt;gutenberg_texts/30486.txt;gutenberg_texts/9182.txt,gutenberg_texts/161.txt,122586,__main__.collect_attribution_observations:225,12
charlotte_bronte,gutenberg_texts/1260.txt;gutenberg_texts/30486.txt;gutenberg_texts/9182.txt,gutenberg_texts/161.txt,122586,__main__.collect_attribution_observations:260,108
charlotte_bronte,gutenberg_texts/1260.txt;gutenberg_texts/30486.txt;gutenberg_texts/9182.txt,gutenberg_texts/1661.txt,122586,__main__.collect_attribution_observations:225,12
charlotte_bronte,gutenberg_texts/1260.txt;gutenberg_texts/30486.txt;gutenberg_texts/9182.txt,gutenberg_texts/1661.txt,122586,__main__.collect_attribution_observations:260,132
charlotte_bronte,gutenberg_texts/1260.txt;gutenberg_texts/30486.txt;gutenberg_texts/9182.txt,gutenberg_texts/16918.txt,122586,__main__.collect_attribution_observations:225,6
charlotte_bronte,gutenberg_texts/1260.txt;gutenberg_texts/30486.txt;gutenberg_texts/9182.txt,gutenberg_texts/16918.txt,122586,__main__.collect_attribution_observations:260,90
charlotte_bronte,gutenberg_texts/1260.txt;gutenberg_texts/30486.txt;gutenberg_texts/9182.txt,gutenberg_texts/174.txt,122586,__main__.collect_attribution_observations:225,12
charlotte_bronte,gutenberg_texts/1260.txt;gutenberg_texts/30486.txt;gutenberg_texts/9182.txt,gutenberg_texts/174.txt,122586,__main__.collect_attribution_observations:260,180
charlotte_bronte,gutenberg_texts/1260.txt;gutenberg_texts/30486.txt;gutenberg_texts/9182.txt,gutenberg_texts/18247.txt,122586,__main__.collect_attribution_observations:225,12
charlotte_bronte,gutenberg_texts/1260.txt;gutenberg_texts/30486.txt;gutenberg_texts/9182.txt,gutenberg_texts/18247.txt,122586,__main__.collect_attribution_observations:260,180
charlotte_bronte,gutenberg_texts/1260.txt;gutenberg_texts/30486.txt;gutenberg_texts/9182.txt,gutenberg_texts/18656.txt,122586,__main__.collect_attribution_observations:225,6
charlotte_bronte,gutenberg_texts/1260.txt;gutenberg_texts/30486.txt;gutenberg_texts/9182.txt,gutenberg_texts/18656.txt,122586,__main__.collect_attribution_observations:260,90
charlotte_bronte,gutenberg_texts/1260.txt;gutenberg_texts/30486.txt;gutenberg_texts/9182.txt,gutenberg_texts/2021.txt,122586,__main__.collect_attribution_observations:225,12
charlotte_bronte,gutenberg_texts/1260.txt;gutenberg_texts/30486.txt;gutenberg_texts/9182.txt,gutenberg_texts/21107.txt,122586,__main__.collect_attribution_observations:225,6
charlotte_bronte,gutenberg_texts/1260.txt;gutenberg_texts/30486.txt;gutenberg_texts/9182.txt,gutenberg_texts/21107.txt,122586,__main__.collect_attribution_observations:260,90
charlotte_bronte,gutenberg_texts/1260.txt;gutenberg_texts/30486.txt;gutenberg_texts/9182.txt,gutenberg_texts/21108.txt,122586,__main__.collect_attribution_observations:225,6
charlotte_bronte,gutenberg_texts/1260.txt;gutenberg_texts/30486.txt;gutenberg_texts/9182.txt,gutenberg_texts/219.txt,122586,__main__.collect_attribution_observations:225,12
charlotte_bronte,gutenberg_texts/1260.txt;gutenberg_texts/30486.txt;gutenberg_texts/9182.txt,gutenberg_texts/219.txt,122586,__main__.collect_attribution_observations:260,180
charlotte_bronte,gutenberg_texts/1260.txt;gutenberg_texts/30486.txt;gutenberg_texts/9182.txt,gutenberg_texts/24267.txt,122586,__main__.collect_attribution_observations:225,6
charlotte_bronte,gutenberg_texts/1260.txt;gutenberg_texts/30486.txt;gutenberg_texts/9182.txt,gutenberg_texts/24267.txt,122586,__main__.collect_attribution_observations:260,90
charlotte_bronte,gutenberg_texts/1260.txt;gutenberg_texts/30486.txt;gutenberg_texts/9182.txt,gutenberg_texts/244.txt,122586,__main__.collect_attribution_observations:225,12
charlotte_bronte,gutenberg_texts/1260.txt;gutenberg_texts/30486.txt;gutenberg_texts/9182.txt,gutenberg_texts/244.txt,122586,__main__.collect_attribution_observations:260,120
charlotte_bronte,gutenberg_texts/1260.txt;gutenberg_texts/30486.txt;gutenberg_texts/9182.txt,gutenberg_texts/24589.txt,122586,__main__.collect_attribution_observations:225,6
charlotte_bronte,gutenberg_texts/1260.txt;gutenberg_texts/30486.txt;gutenberg_texts/9182.txt,gutenberg_texts/28301.txt,122586,__main__.collect_attribution_observations:225,6
charlotte_bronte,gutenberg_texts/1260.txt;gutenberg_texts/30486.txt;gutenberg_texts/9182.txt,gutenberg_texts/2852.txt,122586,__main__.collect_attribution_observations:225,12
charlotte_bronte,gutenberg_texts/1260.txt;gutenberg_texts/30486.txt;gutenberg_texts/9182.txt,gutenberg_texts/2852.txt,122586,__main__.collect_attribution_observations:260,108
charlotte_bronte,gutenberg_texts/1260.txt;gutenberg_texts/30486.txt;gutenberg_texts/9182.txt,gutenberg_texts/29824.txt,122586,__main__.collect_attribution_observations:225,6
charlotte_bronte,gutenberg_texts/1260.txt;gutenberg_texts/30486.txt;gutenberg_texts/9182.txt,gutenberg_texts/31581.txt,122586,__main__.collect_attribution_observations:225,6
charlotte_bronte,gutenberg_texts/1260.txt;gutenberg_texts/30486.txt;gutenberg_texts/9182.txt,gutenberg_texts/31581.txt,122586,__main__.collect_attribution_observations:260,90
charlotte_bronte,gutenberg_texts/1260.txt;gutenberg_texts/30486.txt;gutenberg_texts/9182.txt,gutenberg_texts/31589.txt,122586,__main__.collect_attribution_observations:225,6
charlotte_bronte,gutenberg_texts/1260.txt;gutenberg_texts/30486.txt;gutenberg_texts/9182.txt,gutenberg_texts/31589.txt,122586,__main__.collect_attribution_observations:260,90
charlotte_bronte,gutenberg_texts/1260.txt;gutenberg_texts/30486.txt;gutenberg_texts/9182.txt,gutenberg_texts/32059.txt,122586,__main__.collect_attribution_observations:225,6
charlotte_bronte,gutenberg_texts/1260.txt;gutenberg_texts/30486.txt;gutenberg_texts/9182.txt,gutenberg_texts/32331.txt,122586,__main__.collect_attribution_observations:225,6
charlotte_bronte,gutenberg_texts/1260.txt;gutenberg_texts/30486.txt;gutenberg_texts/9182.txt,gutenberg_texts/32331.txt,122586,__main__.collect_attribution_observations:260,90
charlotte_bronte,gutenberg_texts/1260.txt;gutenberg_texts/30486.txt;gutenberg_texts/9182.txt,gutenberg_texts/32440.txt,122586,__main__.collect_attribution_observations:225,6
charlotte_bronte,gutenberg_texts/1260.txt;gutenberg_texts/30486.txt;gutenberg_texts/9182.txt,gutenberg_texts/32440.txt,122586,__main__.collect_attribution_observations:260,90
charlotte_bronte,gutenberg_texts/1260.txt;gutenberg_texts/30486.txt;gutenberg_texts/9182.txt,gutenberg_texts/32542.txt,122586,__main__.collect_attribution_observations:225,6
charlotte_bronte,gutenberg_texts/1260.txt;gutenberg_texts/30486.txt;gutenberg_texts/9182.txt,gutenberg_texts/34592.txt,122586,__main__.collect_attribution_observations:225,6
charlotte_bronte,gutenberg_texts/1260.txt;gutenberg_texts/30486.txt;gutenberg_texts/9182.txt,gutenberg_texts/34592.txt,122586,__main__.collect_attribution_observations:260,90
charlotte_bronte,gutenberg_texts/1260.txt;gutenberg_texts/30486.txt;gutenberg_texts/9182.txt,gutenberg_texts/34832.txt,122586,__main__.collect_attribution_observations:225,6
charlotte_bronte,gutenberg_texts/1260.txt;gutenberg_texts/30486.txt;gutenberg_texts/9182.txt,gutenberg_texts/34832.txt,122586,__main__.collect_attribution_observations:260,90
charlotte_bronte,gutenberg_texts/1260.txt;gutenberg_texts/30486.txt;gutenberg_texts/9182.txt,gutenberg_texts/35.txt,122586,__main__.collect_attribution_observations:225,12
charlotte_bronte,gutenberg_texts/1260.txt;gutenberg_texts/30486.txt;gutenberg_texts/9182.txt,gutenberg_texts/35.txt,122586,__main__.collect_attribution_observations:260,180
charlotte_bronte,gutenberg_texts/1260.txt;gutenberg_texts/30486.txt;gutenberg_texts/9182.txt,gutenberg_texts/35082.txt,122586,__main__.collect_attribution_observations:225,6
charlotte_bronte,gutenberg_texts/1260.txt;gutenberg_texts/30486.txt;gutenberg_texts/9182.txt,gutenberg_texts/36.txt,122586,__main__.collect_attribution_observations:225,12
charlotte_bronte,gutenberg_texts/1260.txt;gutenberg_texts/30486.txt;gutenberg_texts/9182.txt,gutenberg_texts/3635.txt,122586,__main__.collect_attribution_observations:225,6
charlotte_bronte,gutenberg_texts/1260.txt;gutenberg_texts/30486.txt;gutenberg_texts/9182.txt,gutenberg_texts/3635.txt,122586,__main__.collect_attribution_observations:260,90
charlotte_bronte,gutenberg_texts/1260.txt;gutenberg_texts/30486.txt;gutenberg_texts/9182.txt,gutenberg_texts/46.txt,122586,__main__.collect_attribution_observations:225,12
charlotte_bronte,gutenberg_texts/1260.txt;gutenberg_texts/30486.txt;gutenberg_texts/9182.txt,gutenberg_texts/46.txt,122586,__main__.collect_attribution_observations:260,132
charlotte_bronte,gutenberg_texts/1260.txt;gutenberg_texts/30486.txt;gutenberg_texts/9182.txt,gutenberg_texts/4787.txt,122586,__main__.collect_attribution_observations:225,6
charlotte_bronte,gutenberg_texts/1260.txt;gutenberg_texts/30486.txt;gutenberg_texts/9182.txt,gutenberg_texts/4787.txt,122586,__main__.collect_attribution_observations:260,90
charlotte_bronte,gutenberg_texts/1260.txt;gutenberg_texts/30486.txt;gutenberg_texts/9182.txt,gutenberg_texts/54629.txt,122586,__main__.collect_attribution_observations:225,6
charlotte_bronte,gutenberg_texts/1260.txt;gutenberg_texts/30486.txt;gutenberg_texts/9182.txt,gutenberg_texts/54629.txt,122586,__main__.collect_attribution_observations:260,90
charlotte_bronte,gutenberg_texts/1260.txt;gutenberg_texts/30486.txt;gutenberg_texts/9182.txt,gutenberg_texts/54648.txt,122586,__main__.collect_attribution_observations:225,6
charlotte_bronte,gutenberg_texts/1260.txt;gutenberg_texts/30486.txt;gutenberg_texts/9182.txt,gutenberg_texts/54648.txt,122586,__main__.collect_attribution_observations:260,90
charlotte_bronte,gutenberg_texts/1260.txt;gutenberg_texts/30486.txt;gutenberg_texts/9182.txt,gutenberg_texts/55562.txt,122586,__main__.collect_attribution_observations:225,6
charlotte_bronte,gutenberg_texts/1260.txt;gutenberg_texts/30486.txt;gutenberg_texts/9182.txt,gutenberg_texts/5658.txt,122586,__main__.collect_attribution_observations:225,12
charlotte_bronte,gutenberg_texts/1260.txt;gutenberg_texts/30486.txt;gutenberg_texts/9182.txt,gutenberg_texts/5658.txt,122586,__main__.collect_attribution_observations:260,180
charlotte_bronte,gutenberg_texts/1260.txt;gutenberg_texts/30486.txt;gutenberg_texts/9182.txt,gutenberg_texts/7063.txt,122586,__main__.collect_attribution_observations:225,12
charlotte_bronte,gutenberg_texts/1260.txt;gutenberg_texts/30486.txt;gutenberg_texts/9182.txt,gutenberg_texts/7063.txt,122586,__main__.collect_attribution_observations:260,180
charlotte_bronte,gutenberg_texts/1260.txt;gutenberg_texts/30486.txt;gutenberg_texts/9182.txt,gutenberg_texts/74.txt,122586,__main__.collect_attribution_observations:225,12
charlotte_bronte,gutenberg_texts/1260.txt;gutenberg_texts/30486.txt;gutenberg_texts/9182.txt,gutenberg_texts/74.txt,122586,__main__.collect_attribution_observations:260,180
charlotte_bronte,gutenberg_texts/1260.txt;gutenberg_texts/30486.txt;gutenberg_texts/9182.txt,gutenberg_texts/76.txt,122586,__main__.collect_attribution_observations:225,12
charlotte_bronte,gutenberg_texts/1260.txt;gutenberg_texts/30486.txt;gutenberg_texts/9182.txt,gutenberg_texts/76.txt,122586,__main__.collect_attribution_observations:260,180
charlotte_bronte,gutenberg_texts/1260.txt;gutenberg_texts/30486.txt;gutenberg_texts/9182.txt,gutenberg_texts/773.txt,122586,__main__.collect_attribution_observations:225,12
charlotte_bronte,gutenberg_texts/1260.txt;gutenberg_texts/30486.txt;gutenberg_texts/9182.txt,gutenberg_texts/773.txt,122586,__main__.collect_attribution_observations:260,180
charlotte_bronte,gutenberg_texts/1260.txt;gutenberg_texts/30486.txt;gutenberg_texts/9182.txt,gutenberg_texts/84.txt,122586,__main__.collect_attribution_observations:225,12
charlotte_bronte,gutenberg_texts/1260.txt;gutenberg_texts/30486.txt;gutenberg_texts/9182.txt,gutenberg_texts/84.txt,122586,__main__.collect_attribution_observations:260,180
charlotte_bronte,gutenberg_texts/1260.txt;gutenberg_texts/30486.txt;gutenberg_texts/9182.txt,gutenberg_texts/86.txt,122586,__main__.collect_attribution_observations:225,12
charlotte_bronte,gutenberg_texts/1260.txt;gutenberg_texts/30486.txt;gutenberg_texts/9182.txt,gutenberg_texts/8741.txt,122586,__main__.collect_attribution_observations:225,6
charlotte_bronte,gutenberg_texts/1260.txt;gutenberg_texts/30486.txt;gutenberg_texts/9182.txt,gutenberg_texts/8741.txt,122586,__main__.collect_attribution_observations:260,90
charlotte_bronte,gutenberg_texts/1260.txt;gutenberg_texts/30486.txt;gutenberg_texts/9182.txt,gutenberg_texts/8874.txt,122586,__main__.collect_attribution_observations:225,6
charlotte_bronte,gutenberg_texts/1260.txt;gutenberg_texts/30486.txt;gutenberg_texts/9182.txt,gutenberg_texts/8874.txt,122586,__main__.collect_attribution_observations:260,90
charlotte_bronte,gutenberg_texts/1260.txt;gutenberg_texts/30486.txt;gutenberg_texts/9182.txt,gutenberg_texts/9378.txt,122586,__main__.collect_attribution_observations:225,6
charlotte_bronte,gutenberg_texts/1260.txt;gutenberg_texts/30486.txt;gutenberg_texts/9182.txt,gutenberg_texts/9378.txt,122586,__main__.collect_attribution_observations:260,90
charlotte_bronte,gutenberg_texts/1260.txt;gutenberg_texts/30486.txt;gutenberg_texts/9182.txt,gutenberg_texts/9462.txt,122586,__main__.collect_attribution_observations:225,6
charlotte_bronte,gutenberg_texts/1260.txt;gutenberg_texts/30486.txt;gutenberg_texts/9182.txt,gutenberg_texts/9462.txt,122586,__main__.collect_attribution_observations:260,90
charlotte_bronte,gutenberg_texts/1260.txt;gutenberg_texts/30486.txt;gutenberg_texts/9182.txt,gutenberg_texts/9779.txt,122586,__main__.collect_attribution_observations:225,6
charlotte_bronte,gutenberg_texts/1260.txt;gutenberg_texts/30486.txt;gutenberg_texts/9182.txt,gutenberg_texts/98.txt,122586,__main__.collect_attribution_observations:225,12
charlotte_bronte,gutenberg_texts/1260.txt;gutenberg_texts/30486.txt;gutenberg_texts/9182.txt,gutenberg_texts/98.txt,122586,__main__.collect_attribution_observations:260,120
charlotte_bronte,gutenberg_texts/1260.txt;gutenberg_texts/9182.txt,gutenberg_texts/13960.txt;gutenberg_texts/161.txt;gutenberg_texts/18247.txt;gutenberg_texts/18656.txt;gutenberg_texts/24267.txt;gutenberg_texts/244.txt;gutenberg_texts/30486.txt;gutenberg_texts/31589.txt;gutenberg_texts/32331.txt;gutenberg_texts/34832.txt;gutenberg_texts/35.txt;gutenberg_texts/4787.txt;gutenberg_texts/54648.txt;gutenberg_texts/5658.txt;gutenberg_texts/7063.txt;gutenberg_texts/76.txt;gutenberg_texts/773.txt;gutenberg_texts/8874.txt;gutenberg_texts/9378.txt;gutenberg_texts/98.txt,76548,__main__.crossfit_separability:707,2
charlotte_bronte,gutenberg_texts/1260.txt;gutenberg_texts/9182.txt,gutenberg_texts/30486.txt,76548,__main__.collect_attribution_observations:225,12
charlotte_bronte,gutenberg_texts/1260.txt;gutenberg_texts/9182.txt,gutenberg_texts/30486.txt,76548,__main__.collect_attribution_observations:260,180
charlotte_bronte,gutenberg_texts/30486.txt;gutenberg_texts/9182.txt,full_books/agnes_may_fleming_full.txt;full_books/herbert_george_wells_full.txt;full_books/jane_austen_full.txt;gutenberg_texts/12360.txt;gutenberg_texts/1260.txt;gutenberg_texts/1661.txt;gutenberg_texts/16918.txt;gutenberg_texts/174.txt;gutenberg_texts/21107.txt;gutenberg_texts/219.txt;gutenberg_texts/31581.txt;gutenberg_texts/32440.txt;gutenberg_texts/34592.txt;gutenberg_texts/3635.txt;gutenberg_texts/46.txt;gutenberg_texts/54629.txt;gutenberg_texts/74.txt;gutenberg_texts/84.txt;gutenberg_texts/8741.txt;gutenberg_texts/9462.txt,84762,__main__.crossfit_separability:707,2
charlotte_bronte,gutenberg_texts/30486.txt;gutenberg_texts/9182.txt,gutenberg_texts/1260.txt,84762,__main__.collect_attribution_observations:225,12
charlotte_bronte,gutenberg_texts/30486.txt;gutenberg_texts/9182.txt,gutenberg_texts/1260.txt,84762,__main__.collect_attribution_observations:260,180
ethel_m_dell,gutenberg_texts/12360.txt;gutenberg_texts/13547.txt,gutenberg_texts/13960.txt,57618,__main__.collect_attribution_observations:225,12
ethel_m_dell,gutenberg_texts/12360.txt;gutenberg_texts/13547.txt,gutenberg_texts/13960.txt,57618,__main__.collect_attribution_observations:260,180
ethel_m_dell,gutenberg_texts/12360.txt;gutenberg_texts/13547.txt,gutenberg_texts/13960.txt;gutenberg_texts/161.txt;gutenberg_texts/18247.txt;gutenberg_texts/18656.txt;gutenberg_texts/24267.txt;gutenberg_texts/244.txt;gutenberg_texts/30486.txt;gutenberg_texts/31589.txt;gutenberg_texts/32331.txt;gutenberg_texts/34832.txt;gutenberg_texts/35.txt;gutenberg_texts/4787.txt;gutenberg_texts/54648.txt;gutenberg_texts/5658.txt;gutenberg_texts/7063.txt;gutenberg_texts/76.txt;gutenberg_texts/773.txt;gutenberg_texts/8874.txt;gutenberg_texts/9378.txt;gutenberg_texts/98.txt,57618,__main__.crossfit_separability:707,2
ethel_m_dell,gutenberg_texts/12360.txt;gutenberg_texts/13960.txt,gutenberg_texts/1342.txt;gutenberg_texts/13547.txt;gutenberg_texts/1400.txt;gutenberg_texts/14522.txt;gutenberg_texts/15238.txt;gutenberg_texts/15317.txt;gutenberg_texts/2021.txt;gutenberg_texts/21108.txt;gutenberg_texts/24589.txt;gutenberg_texts/28301.txt;gutenberg_texts/2852.txt;gutenberg_texts/29824.txt;gutenberg_texts/32059.txt;gutenberg_texts/32542.txt;gutenberg_texts/35082.txt;gutenberg_texts/36.txt;gutenberg_texts/55562.txt;gutenberg_texts/86.txt;gutenberg_texts/9182.txt;gutenberg_texts/9779.txt,46790,__main__.crossfit_separability:707,2
ethel_m_dell,gutenberg_texts/12360.txt;gutenberg_texts/13960.txt,gutenberg_texts/13547.txt,46790,__main__.collect_attribution_observations:225,12
ethel_m_dell,gutenberg_texts/12360.txt;gutenberg_texts/13960.txt;gutenberg_texts/13547.txt,full_books/agnes_may_fleming_full.txt,80963,__main__.collect_attribution_observations:225,6
ethel_m_dell,gutenberg_texts/12360.txt;gutenberg_texts/13960.txt;gutenberg_texts/13547.txt,full_books/agnes_may_fleming_full.txt,80963,__main__.collect_attribution_observations:260,90
ethel_m_dell,gutenberg_texts/12360.txt;gutenberg_texts/13960.txt;gutenberg_texts/13547.txt,full_books/herbert_george_wells_full.txt,80963,__main__.collect_attribution_observations:225,6
ethel_m_dell,gutenberg_texts/12360.txt;gutenberg_texts/13960.txt;gutenberg_texts/13547.txt,full_books/herbert_george_wells_full.txt,80963,__main__.collect_attribution_observations:260,90
ethel_m_dell,gutenberg_texts/12360.txt;gutenberg_texts/13960.txt;gutenberg_texts/13547.txt,full_books/jane_austen_full.txt,80963,__main__.collect_attribution_observations:225,6
ethel_m_dell,gutenberg_texts/12360.txt;gutenberg_texts/13960.txt;gutenberg_texts/13547.txt,full_books/jane_austen_full.txt,80963,__main__.collect_attribution_observations:260,126
ethel_m_dell,gutenberg_texts/12360.txt;gutenberg_texts/13960.txt;gutenberg_texts/13547.txt,gutenberg_texts/1260.txt,80963,__main__.collect_attribution_observations:225,6
ethel_m_dell,gutenberg_texts/12360.txt;gutenberg_texts/13960.txt;gutenberg_texts/13547.txt,gutenberg_texts/1260.txt,80963,__main__.collect_attribution_observations:260,90
ethel_m_dell,gutenberg_texts/12360.txt;gutenberg_texts/13960.txt;gutenberg_texts/13547.txt,gutenberg_texts/1342.txt,80963,__main__.collect_attribution_observations:225,6
ethel_m_dell,gutenberg_texts/12360.txt;gutenberg_texts/13960.txt;gutenberg_texts/13547.txt,gutenberg_texts/1400.txt,80963,__main__.collect_attribution_observations:225,6
ethel_m_dell,gutenberg_texts/12360.txt;gutenberg_texts/13960.txt;gutenberg_texts/13547.txt,gutenberg_texts/1400.txt,80963,__main__.collect_attribution_observations:260,54
ethel_m_dell,gutenberg_texts/12360.txt;gutenberg_texts/13960.txt;gutenberg_texts/13547.txt,gutenberg_texts/14522.txt,80963,__main__.collect_attribution_observations:225,6
ethel_m_dell,gutenberg_texts/12360.txt;gutenberg_texts/13960.txt;gutenberg_texts/13547.txt,gutenberg_texts/15238.txt,80963,__main__.collect_attribution_observations:225,6
ethel_m_dell,gutenberg_texts/12360.txt;gutenberg_texts/13960.txt;gutenberg_texts/13547.txt,gutenberg_texts/15317.txt,80963,__main__.collect_attribution_observations:225,6
ethel_m_dell,gutenberg_texts/12360.txt;gutenberg_texts/13960.txt;gutenberg_texts/13547.txt,gutenberg_texts/161.txt,80963,__main__.collect_attribution_observations:225,6
ethel_m_dell,gutenberg_texts/12360.txt;gutenberg_texts/13960.txt;gutenberg_texts/13547.txt,gutenberg_texts/161.txt,80963,__main__.collect_attribution_observations:260,54
ethel_m_dell,gutenberg_texts/12360.txt;gutenberg_texts/13960.txt;gutenberg_texts/13547.txt,gutenberg_texts/1661.txt,80963,__main__.collect_attribution_observations:225,6
ethel_m_dell,gutenberg_texts/12360.txt;gutenberg_texts/13960.txt;gutenberg_texts/13547.txt,gutenberg_texts/1661.txt,80963,__main__.collect_attribution_observations:260,66
ethel_m_dell,gutenberg_texts/12360.txt;gutenberg_texts/13960.txt;gutenberg_texts/13547.txt,gutenberg_texts/16918.txt,80963,__main__.collect_attribution_observations:225,12
ethel_m_dell,gutenberg_texts/12360.txt;gutenberg_texts/13960.txt;gutenberg_texts/13547.txt,gutenberg_texts/16918.txt,80963,__main__.collect_attribution_observations:260,180
ethel_m_dell,gutenberg_texts/12360.txt;gutenberg_texts/13960.txt;gutenberg_texts/13547.txt,gutenberg_texts/174.txt,80963,__main__.collect_attribution_observations:225,6
ethel_m_dell,gutenberg_texts/12360.txt;gutenberg_texts/13960.txt;gutenberg_texts/13547.txt,gutenberg_texts/174.txt,80963,__main__.collect_attribution_observations:260,90
ethel_m_dell,gutenberg_texts/12360.txt;gutenberg_texts/13960.txt;gutenberg_texts/13547.txt,gutenberg_texts/18247.txt,80963,__main__.collect_attribution_observations:225,6
ethel_m_dell,gutenberg_texts/12360.txt;gutenberg_texts/13960.txt;gutenberg_texts/13547.txt,gutenberg_texts/18247.txt,80963,__main__.collect_attribution_observations:260,90
ethel_m_dell,gutenberg_texts/12360.txt;gutenberg_texts/13960.txt;gutenberg_texts/13547.txt,gutenberg_texts/18656.txt,80963,__main__.collect_attribution_observations:225,12
ethel_m_dell,gutenberg_texts/12360.txt;gutenberg_texts/13960.txt;gutenberg_texts/13547.txt,gutenberg_texts/18656.txt,80963,__main__.collect_attribution_observations:260,180
ethel_m_dell,gutenberg_texts/12360.txt;gutenberg_texts/13960.txt;gutenberg_texts/13547.txt,gutenberg_texts/2021.txt,80963,__main__.collect_attribution_observations:225,6
ethel_m_dell,gutenberg_texts/12360.txt;gutenberg_texts/13960.txt;gutenberg_texts/13547.txt,gutenberg_texts/21107.txt,80963,__main__.collect_attribution_observations:225,12
ethel_m_dell,gutenberg_texts/12360.txt;gutenberg_texts/13960.txt;gutenberg_texts/13547.txt,gutenberg_texts/21107.txt,80963,__main__.collect_attribution_observations:260,180
ethel_m_dell,gutenberg_texts/12360.txt;gutenberg_texts/13960.txt;gutenberg_texts/13547.txt,gutenberg_texts/21108.txt,80963,__main__.collect_attribution_observations:225,12
ethel_m_dell,gutenberg_texts/12360.txt;gutenberg_texts/13960.txt;gutenberg_texts/13547.txt,gutenberg_texts/219.txt,80963,__main__.collect_attribution_observations:225,6
ethel_m_dell,gutenberg_texts/12360.txt;gutenberg_texts/13960.txt;gutenberg_texts/13547.txt,gutenberg_texts/219.txt,80963,__main__.collect_attribution_observations:260,90
ethel_m_dell,gutenberg_texts/12360.txt;gutenberg_texts/13960.txt;gutenberg_texts/13547.txt,gutenberg_texts/24267.txt,80963,__main__.collect_attribution_observations:225,12
ethel_m_dell,gutenberg_texts/12360.txt;gutenberg_texts/13960.txt;gutenberg_texts/13547.txt,gutenberg_texts/24267.txt,80963,__main__.collect_attribution_observations:260,180
ethel_m_dell,gutenberg_texts/12360.txt;gutenberg_texts/13960.txt;gutenberg_texts/13547.txt,gutenberg_texts/244.txt,80963,__main__.collect_attribution_observations:225,6
ethel_m_dell,gutenberg_texts/12360.txt;gutenberg_texts/13960.txt;gutenberg_texts/13547.txt,gutenberg_texts/244.txt,80963,__main__.collect_attribution_observations:260,60
ethel_m_dell,gutenberg_texts/12360.txt;gutenberg_texts/13960.txt;gutenberg_texts/13547.txt,gutenberg_texts/24589.txt,80963,__main__.collect_attribution_observations:225,12
ethel_m_dell,gutenberg_texts/12360.txt;gutenberg_texts/13960.txt;gutenberg_texts/13547.txt,gutenberg_texts/28301.txt,80963,__main__.collect_attribution_observations:225,12
ethel_m_dell,gutenberg_texts/12360.txt;gutenberg_texts/13960.txt;gutenberg_texts/13547.txt,gutenberg_texts/2852.txt,80963,__main__.collect_attribution_observations:225,6
ethel_m_dell,gutenberg_texts/12360.txt;gutenberg_texts/13960.txt;gutenberg_texts/13547.txt,gutenberg_texts/2852.txt,80963,__main__.collect_attribution_observations:260,54
ethel_m_dell,gutenberg_texts/12360.txt;gutenberg_texts/13960.txt;gutenberg_texts/13547.txt,gutenberg_texts/29824.txt,80963,__main__.collect_attribution_observations:225,12
ethel_m_dell,gutenberg_texts/12360.txt;gutenberg_texts/13960.txt;gutenberg_texts/13547.txt,gutenberg_texts/30486.txt,80963,__main__.collect_attribution_observations:225,6
ethel_m_dell,gutenberg_texts/12360.txt;gutenberg_texts/13960.txt;gutenberg_texts/13547.txt,gutenberg_texts/30486.txt,80963,__main__.collect_attribution_observations:260,90
ethel_m_dell,gutenberg_texts/12360.txt;gutenberg_texts/13960.txt;gutenberg_texts/13547.txt,gutenberg_texts/31581.txt,80963,__main__.collect_attribution_observations:225,12
ethel_m_dell,gutenberg_texts/12360.txt;gutenberg_texts/13960.txt;gutenberg_texts/13547.txt,gutenberg_texts/31581.txt,80963,__main__.collect_attribution_observations:260,180
ethel_m_dell,gutenberg_texts/12360.txt;gutenberg_texts/13960.txt;gutenberg_texts/13547.txt,gutenberg_texts/31589.txt,80963,__main__.collect_attribution_observations:225,12
ethel_m_dell,gutenberg_texts/12360.txt;gutenberg_texts/13960.txt;gutenberg_texts/13547.txt,gutenberg_texts/31589.txt,80963,__main__.collect_attribution_observations:260,180
ethel_m_dell,gutenberg_texts/12360.txt;gutenberg_texts/13960.txt;gutenberg_texts/13547.txt,gutenberg_texts/32059.txt,80963,__main__.collect_attribution_observations:225,12
ethel_m_dell,gutenberg_texts/12360.txt;gutenberg_texts/13960.txt;gutenberg_texts/13547.txt,gutenberg_texts/32331.txt,80963,__main__.collect_attribution_observations:225,12
ethel_m_dell,gutenberg_texts/12360.txt;gutenberg_texts/13960.txt;gutenberg_texts/13547.txt,gutenberg_texts/32331.txt,80963,__main__.collect_attribution_observations:260,180
ethel_m_dell,gutenberg_texts/12360.txt;gutenberg_texts/13960.txt;gutenberg_texts/13547.txt,gutenberg_texts/32440.txt,80963,__main__.collect_attribution_observations:225,12
ethel_m_dell,gutenberg_texts/12360.txt;gutenberg_texts/13960.txt;gutenberg_texts/13547.txt,gutenberg_texts/32440.txt,80963,__main__.collect_attribution_observations:260,180
ethel_m_dell,gutenberg_texts/12360.txt;gutenberg_texts/13960.txt;gutenberg_texts/13547.txt,gutenberg_texts/32542.txt,80963,__main__.collect_attribution_observations:225,12
ethel_m_dell,gutenberg_texts/12360.txt;gutenberg_texts/13960.txt;gutenberg_texts/13547.txt,gutenberg_texts/34592.txt,80963,__main__.collect_attribution_observations:225,12
ethel_m_dell,gutenberg_texts/12360.txt;gutenberg_texts/13960.txt;gutenberg_texts/13547.txt,gutenberg_texts/34592.txt,80963,__main__.collect_attribution_observations:260,180
ethel_m_dell,gutenberg_texts/12360.txt;gutenberg_texts/13960.txt;gutenberg_texts/13547.txt,gutenberg_texts/34832.txt,80963,__main__.collect_attribution_observations:225,12
ethel_m_dell,gutenberg_texts/12360.txt;gutenberg_texts/13960.txt;gutenberg_texts/13547.txt,gutenberg_texts/34832.txt,80963,__main__.collect_attribution_observations:260,180
ethel_m_dell,gutenberg_texts/12360.txt;gutenberg_texts/13960.txt;gutenberg_texts/13547.txt,gutenberg_texts/35.txt,80963,__main__.collect_attribution_observations:225,6
ethel_m_dell,gutenberg_texts/12360.txt;gutenberg_texts/13960.txt;gutenberg_texts/13547.txt,gutenberg_texts/35.txt,80963,__main__.collect_attribution_observations:260,90
ethel_m_dell,gutenberg_texts/12360.txt;gutenberg_texts/13960.txt;gutenberg_texts/13547.txt,gutenberg_texts/35082.txt,80963,__main__.collect_attribution_observations:225,12
ethel_m_dell,gutenberg_texts/12360.txt;gutenberg_texts/13960.txt;gutenberg_texts/13547.txt,gutenberg_texts/36.txt,80963,__main__.collect_attribution_observations:225,6
ethel_m_dell,gutenberg_texts/12360.txt;gutenberg_texts/13960.txt;gutenberg_texts/13547.txt,gutenberg_texts/3635.txt,80963,__main__.collect_attribution_observations:225,12
ethel_m_dell,gutenberg_texts/12360.txt;gutenberg_texts/13960.txt;gutenberg_texts/13547.txt,gutenberg_texts/3635.txt,80963,__main__.collect_attribution_observations:260,180
ethel_m_dell,gutenberg_texts/12360.txt;gutenberg_texts/13960.txt;gutenberg_texts/13547.txt,gutenberg_texts/46.txt,80963,__main__.collect_attribution_observations:225,6
ethel_m_dell,gutenberg_texts/12360.txt;gutenberg_texts/13960.txt;gutenberg_texts/13547.txt,gutenberg_texts/46.txt,80963,__main__.collect_attribution_observations:260,66
ethel_m_dell,gutenberg_texts/12360.txt;gutenberg_texts/13960.txt;gutenberg_texts/13547.txt,gutenberg_texts/4787.txt,80963,__main__.collect_attribution_observations:225,12
ethel_m_dell,gutenberg_texts/12360.txt;gutenberg_texts/13960.txt;gutenberg_texts/13547.txt,gutenberg_texts/4787.txt,80963,__main__.collect_attribution_observations:260,180
ethel_m_dell,gutenberg_texts/12360.txt;gutenberg_texts/13960.txt;gutenberg_texts/13547.txt,gutenberg_texts/54629.txt,80963,__main__.collect_attribution_observations:225,12
ethel_m_dell,gutenberg_texts/12360.txt;gutenberg_texts/13960.txt;gutenberg_texts/13547.txt,gutenberg_texts/54629.txt,80963,__main__.collect_attribution_observations:260,180
ethel_m_dell,gutenberg_texts/12360.txt;gutenberg_texts/13960.txt;gutenberg_texts/13547.txt,gutenberg_texts/54648.txt,80963,__main__.collect_attribution_observations:225,12
ethel_m_dell,gutenberg_texts/12360.txt;gutenberg_texts/13960.txt;gutenberg_texts/13547.txt,gutenberg_texts/54648.txt,80963,__main__.collect_attribution_observations:260,180
ethel_m_dell,gutenberg_texts/12360.txt;gutenberg_texts/13960.txt;gutenberg_texts/13547.txt,gutenberg_texts/55562.txt,80963,__main__.collect_attribution_observations:225,12
ethel_m_dell,gutenberg_texts/12360.txt;gutenberg_texts/13960.txt;gutenberg_texts/13547.txt,gutenberg_texts/5658.txt,80963,__main__.collect_attribution_observations:225,6
ethel_m_dell,gutenberg_texts/12360.txt;gutenberg_texts/13960.txt;gutenberg_texts/13547.txt,gutenberg_texts/5658.txt,80963,__main__.collect_attribution_observations:260,90
ethel_m_dell,gutenberg_texts/12360.txt;gutenberg_texts/13960.txt;gutenberg_texts/13547.txt,gutenberg_texts/7063.txt,80963,__main__.collect_attribution_observations:225,6
ethel_m_dell,gutenberg_texts/12360.txt;gutenberg_texts/13960.txt;gutenberg_texts/13547.txt,gutenberg_texts/7063.txt,80963,__main__.collect_attribution_observations:260,90
ethel_m_dell,gutenberg_texts/12360.txt;gutenberg_texts/13960.txt;gutenberg_texts/13547.txt,gutenberg_texts/74.txt,80963,__main__.collect_attribution_observations:225,6
ethel_m_dell,gutenberg_texts/12360.txt;gutenberg_texts/13960.txt;gutenberg_texts/13547.txt,gutenberg_texts/74.txt,80963,__main__.collect_attribution_observations:260,90
ethel_m_dell,gutenberg_texts/12360.txt;gutenberg_texts/13960.txt;gutenberg_texts/13547.txt,gutenberg_texts/76.txt,80963,__main__.collect_attribution_observations:225,6
ethel_m_dell,gutenberg_texts/12360.txt;gutenberg_texts/13960.txt;gutenberg_texts/13547.txt,gutenberg_texts/76.txt,80963,__main__.collect_attribution_observations:260,90
ethel_m_dell,gutenberg_texts/12360.txt;gutenberg_texts/13960.txt;gutenberg_texts/13547.txt,gutenberg_texts/773.txt,80963,__main__.collect_attribution_observations:225,6
ethel_m_dell,gutenberg_texts/12360.txt;gutenberg_texts/13960.txt;gutenberg_texts/13547.txt,gutenberg_texts/773.txt,80963,__main__.collect_attribution_observations:260,90
ethel_m_dell,gutenberg_texts/12360.txt;gutenberg_texts/13960.txt;gutenberg_texts/13547.txt,gutenberg_texts/84.txt,80963,__main__.collect_attribution_observations:225,6
ethel_m_dell,gutenberg_texts/12360.txt;gutenberg_texts/13960.txt;gutenberg_texts/13547.txt,gutenberg_texts/84.txt,80963,__main__.collect_attribution_observations:260,90
ethel_m_dell,gutenberg_texts/12360.txt;gutenberg_texts/13960.txt;gutenberg_texts/13547.txt,gutenberg_texts/86.txt,80963,__main__.collect_attribution_observations:225,6
ethel_m_dell,gutenberg_texts/12360.txt;gutenberg_texts/13960.txt;gutenberg_texts/13547.txt,gutenberg_texts/8741.txt,80963,__main__.collect_attribution_observations:225,12
ethel_m_dell,gutenberg_texts/12360.txt;gutenberg_texts/13960.txt;gutenberg_texts/13547.txt,gutenberg_texts/8741.txt,80963,__main__.collect_attribution_observations:260,180
ethel_m_dell,gutenberg_texts/12360.txt;gutenberg_texts/13960.txt;gutenberg_texts/13547.txt,gutenberg_texts/8874.txt,80963,__main__.collect_attribution_observations:225,12
ethel_m_dell,gutenberg_texts/12360.txt;gutenberg_texts/13960.txt;gutenberg_texts/13547.txt,gutenberg_texts/8874.txt,80963,__main__.collect_attribution_observations:260,180
ethel_m_dell,gutenberg_texts/12360.txt;gutenberg_texts/13960.txt;gutenberg_texts/13547.txt,gutenberg_texts/9182.txt,80963,__main__.collect_attribution_observations:225,6
ethel_m_dell,gutenberg_texts/12360.txt;gutenberg_texts/13960.txt;gutenberg_texts/13547.txt,gutenberg_texts/9378.txt,80963,__main__.collect_attribution_observations:225,12
ethel_m_dell,gutenberg_texts/12360.txt;gutenberg_texts/13960.txt;gutenberg_texts/13547.txt,gutenberg_texts/9378.txt,80963,__main__.collect_attribution_observations:260,180
ethel_m_dell,gutenberg_texts/12360.txt;gutenberg_texts/13960.txt;gutenberg_texts/13547.txt,gutenberg_texts/9462.txt,80963,__main__.collect_attribution_observations:225,12
ethel_m_dell,gutenberg_texts/12360.txt;gutenberg_texts/13960.txt;gutenberg_texts/13547.txt,gutenberg_texts/9462.txt,80963,__main__.collect_attribution_observations:260,180
ethel_m_dell,gutenberg_texts/12360.txt;gutenberg_texts/13960.txt;gutenberg_texts/13547.txt,gutenberg_texts/9779.txt,80963,__main__.collect_attribution_observations:225,12
ethel_m_dell,gutenberg_texts/12360.txt;gutenberg_texts/13960.txt;gutenberg_texts/13547.txt,gutenberg_texts/98.txt,80963,__main__.collect_attribution_observations:225,6
ethel_m_dell,gutenberg_texts/12360.txt;gutenberg_texts/13960.txt;gutenberg_texts/13547.txt,gutenberg_texts/98.txt,80963,__main__.collect_attribution_observations:260,60
ethel_m_dell,gutenberg_texts/13960.txt;gutenberg_texts/13547.txt,full_books/agnes_may_fleming_full.txt;full_books/herbert_george_wells_full.txt;full_books/jane_austen_full.txt;gutenberg_texts/12360.txt;gutenberg_texts/1260.txt;gutenberg_texts/1661.txt;gutenberg_texts/16918.txt;gutenberg_texts/174.txt;gutenberg_texts/21107.txt;gutenberg_texts/219.txt;gutenberg_texts/31581.txt;gutenberg_texts/32440.txt;gutenberg_texts/34592.txt;gutenberg_texts/3635.txt;gutenberg_texts/46.txt;gutenberg_texts/54629.txt;gutenberg_texts/74.txt;gutenberg_texts/84.txt;gutenberg_texts/8741.txt;gutenberg_texts/9462.txt,57518,__main__.crossfit_separability:707,2
ethel_m_dell,gutenberg_texts/13960.txt;gutenberg_texts/13547.txt,gutenberg_texts/12360.txt,57518,__main__.collect_attribution_observations:225,12
ethel_m_dell,gutenberg_texts/13960.txt;gutenberg_texts/13547.txt,gutenberg_texts/12360.txt,57518,__main__.collect_attribution_observations:260,180
harold_l_goodwin,gutenberg_texts/31581.txt;gutenberg_texts/31589.txt,gutenberg_texts/1342.txt;gutenberg_texts/13547.txt;gutenberg_texts/1400.txt;gutenberg_texts/14522.txt;gutenberg_texts/15238.txt;gutenberg_texts/15317.txt;gutenberg_texts/2021.txt;gutenberg_texts/21108.txt;gutenberg_texts/24589.txt;gutenberg_texts/28301.txt;gutenberg_texts/2852.txt;gutenberg_texts/29824.txt;gutenberg_texts/32059.txt;gutenberg_texts/32542.txt;gutenberg_texts/35082.txt;gutenberg_texts/36.txt;gutenberg_texts/55562.txt;gutenberg_texts/86.txt;gutenberg_texts/9182.txt;gutenberg_texts/9779.txt,17286,__main__.crossfit_separability:707,2
harold_l_goodwin,gutenberg_texts/31581.txt;gutenberg_texts/31589.txt,gutenberg_texts/32059.txt,17286,__main__.collect_attribution_observations:225,12
harold_l_goodwin,gutenberg_texts/31581.txt;gutenberg_texts/31589.txt;gutenberg_texts/32059.txt,full_books/agnes_may_fleming_full.txt,25310,__main__.collect_attribution_observations:225,6
harold_l_goodwin,gutenberg_texts/31581.txt;gutenberg_texts/31589.txt;gutenberg_texts/32059.txt,full_books/agnes_may_fleming_full.txt,25310,__main__.collect_attribution_observations:260,90
harold_l_goodwin,gutenberg_texts/31581.txt;gutenberg_texts/31589.txt;gutenberg_texts/32059.txt,full_books/herbert_george_wells_full.txt,25310,__main__.collect_attribution_observations:225,6
harold_l_goodwin,gutenberg_texts/31581.txt;gutenberg_texts/31589.txt;gutenberg_texts/32059.txt,full_books/herbert_george_wells_full.txt,25310,__main__.collect_attribution_observations:260,90
harold_l_goodwin,gutenberg_texts/31581.txt;gutenberg_texts/31589.txt;gutenberg_texts/32059.txt,full_books/jane_austen_full.txt,25310,__main__.collect_attribution_observations:225,6
harold_l_goodwin,gutenberg_texts/31581.txt;gutenberg_texts/31589.txt;gutenberg_texts/32059.txt,full_books/jane_austen_full.txt,25310,__main__.collect_attribution_observations:260,126
harold_l_goodwin,gutenberg_texts/31581.txt;gutenberg_texts/31589.txt;gutenberg_texts/32059.txt,gutenberg_texts/12360.txt,25310,__main__.collect_attribution_observations:225,12
harold_l_goodwin,gutenberg_texts/31581.txt;gutenberg_texts/31589.txt;gutenberg_texts/32059.txt,gutenberg_texts/12360.txt,25310,__main__.collect_attribution_observations:260,180
harold_l_goodwin,gutenberg_texts/31581.txt;gutenberg_texts/31589.txt;gutenberg_texts/32059.txt,gutenberg_texts/1260.txt,25310,__main__.collect_attribution_observations:225,6
harold_l_goodwin,gutenberg_texts/31581.txt;gutenberg_texts/31589.txt;gutenberg_texts/32059.txt,gutenberg_texts/1260.txt,25310,__main__.collect_attribution_observations:260,90
harold_l_goodwin,gutenberg_texts/31581.txt;gutenberg_texts/31589.txt;gutenberg_texts/32059.txt,gutenberg_texts/1342.txt,25310,__main__.collect_attribution_observations:225,6
harold_l_goodwin,gutenberg_texts/31581.txt;gutenberg_texts/31589.txt;gutenberg_texts/32059.txt,gutenberg_texts/13547.txt,25310,__main__.collect_attribution_observations:225,12
harold_l_goodwin,gutenberg_texts/31581.txt;gutenberg_texts/31589.txt;gutenberg_texts/32059.txt,gutenberg_texts/13960.txt,25310,__main__.collect_attribution_observations:225,12
harold_l_goodwin,gutenberg_texts/31581.txt;gutenberg_texts/31589.txt;gutenberg_texts/32059.txt,gutenberg_texts/13960.txt,25310,__main__.collect_attribution_observations:260,180
harold_l_goodwin,gutenberg_texts/31581.txt;gutenberg_texts/31589.txt;gutenberg_texts/32059.txt,gutenberg_texts/1400.txt,25310,__main__.collect_attribution_observations:225,6
harold_l_goodwin,gutenberg_texts/31581.txt;gutenberg_texts/31589.txt;gutenberg_texts/32059.txt,gutenberg_texts/1400.txt,25310,__main__.collect_attribution_observations:260,54
harold_l_goodwin,gutenberg_texts/31581.txt;gutenberg_texts/31589.txt;gutenberg_texts/32059.txt,gutenberg_texts/14522.txt,25310,__main__.collect_attribution_observations:225,6
harold_l_goodwin,gutenberg_texts/31581.txt;gutenberg_texts/31589.txt;gutenberg_texts/32059.txt,gutenberg_texts/15238.txt,25310,__main__.collect_attribution_observations:225,6
harold_l_goodwin,gutenberg_texts/31581.txt;gutenberg_texts/31589.txt;gutenberg_texts/32059.txt,gutenberg_texts/15317.txt,25310,__main__.collect_attribution_observations:225,6
harold_l_goodwin,gutenberg_texts/31581.txt;gutenberg_texts/31589.txt;gutenberg_texts/32059.txt,gutenberg_texts/161.txt,25310,__main__.collect_attribution_observations:225,6
harold_l_goodwin,gutenberg_texts/31581.txt;gutenberg_texts/31589.txt;gutenberg_texts/32059.txt,gutenberg_texts/161.txt,25310,__main__.collect_attribution_observations:260,54
harold_l_goodwin,gutenberg_texts/31581.txt;gutenberg_texts/31589.txt;gutenberg_texts/32059.txt,gutenberg_texts/1661.txt,25310,__main__.collect_attribution_observations:225,6
harold_l_goodwin,gutenberg_texts/31581.txt;gutenberg_texts/31589.txt;gutenberg_texts/32059.txt,gutenberg_texts/1661.txt,25310,__main__.collect_attribution_observations:260,66
harold_l_goodwin,gutenberg_texts/31581.txt;gutenberg_texts/31589.txt;gutenberg_texts/32059.txt,gutenberg_texts/16918.txt,25310,__main__.collect_attribution_observations:225,12
harold_l_goodwin,gutenberg_texts/31581.txt;gutenberg_texts/31589.txt;gutenberg_texts/32059.txt,gutenberg_texts/16918.txt,25310,__main__.collect_attribution_observations:260,180
harold_l_goodwin,gutenberg_texts/31581.txt;gutenberg_texts/31589.txt;gutenberg_texts/32059.txt,gutenberg_texts/174.txt,25310,__main__.collect_attribution_observations:225,6
harold_l_goodwin,gutenberg_texts/31581.txt;gutenberg_texts/31589.txt;gutenberg_texts/32059.txt,gutenberg_texts/174.txt,25310,__main__.collect_attribution_observations:260,90
harold_l_goodwin,gutenberg_texts/31581.txt;gutenberg_texts/31589.txt;gutenberg_texts/32059.txt,gutenberg_texts/18247.txt,25310,__main__.collect_attribution_observations:225,6
harold_l_goodwin,gutenberg_texts/31581.txt;gutenberg_texts/31589.txt;gutenberg_texts/32059.txt,gutenberg_texts/18247.txt,25310,__main__.collect_attribution_observations:260,90
harold_l_goodwin,gutenberg_texts/31581.txt;gutenberg_texts/31589.txt;gutenberg_texts/32059.txt,gutenberg_texts/18656.txt,25310,__main__.collect_attribution_observations:225,12
harold_l_goodwin,gutenberg_texts/31581.txt;gutenberg_texts/31589.txt;gutenberg_texts/32059.txt,gutenberg_texts/18656.txt,25310,__main__.collect_attribution_observations:260,180
harold_l_goodwin,gutenberg_texts/31581.txt;gutenberg_texts/31589.txt;gutenberg_texts/32059.txt,gutenberg_texts/2021.txt,25310,__main__.collect_attribution_observations:225,6
harold_l_goodwin,gutenberg_texts/31581.txt;gutenberg_texts/31589.txt;gutenberg_texts/32059.txt,gutenberg_texts/21107.txt,25310,__main__.collect_attribution_observations:225,12
harold_l_goodwin,gutenberg_texts/31581.txt;gutenberg_texts/31589.txt;gutenberg_texts/32059.txt,gutenberg_texts/21107.txt,25310,__main__.collect_attribution_observations:260,180
harold_l_goodwin,gutenberg_texts/31581.txt;gutenberg_texts/31589.txt;gutenberg_texts/32059.txt,gutenberg_texts/21108.txt,25310,__main__.collect_attribution_observations:225,12
harold_l_goodwin,gutenberg_texts/31581.txt;gutenberg_texts/31589.txt;gutenberg_texts/32059.txt,gutenberg_texts/219.txt,25310,__main__.collect_attribution_observations:225,6
harold_l_goodwin,gutenberg_texts/31581.txt;gutenberg_texts/31589.txt;gutenberg_texts/32059.txt,gutenberg_texts/219.txt,25310,__main__.collect_attribution_observations:260,90
harold_l_goodwin,gutenberg_texts/31581.txt;gutenberg_texts/31589.txt;gutenberg_texts/32059.txt,gutenberg_texts/24267.txt,25310,__main__.collect_attribution_observations:225,12
harold_l_goodwin,gutenberg_texts/31581.txt;gutenberg_texts/31589.txt;gutenberg_texts/32059.txt,gutenberg_texts/24267.txt,25310,__main__.collect_attribution_observations:260,180
harold_l_goodwin,gutenberg_texts/31581.txt;gutenberg_texts/31589.txt;gutenberg_texts/32059.txt,gutenberg_texts/244.txt,25310,__main__.collect_attribution_observations:225,6
harold_l_goodwin,gutenberg_texts/31581.txt;gutenberg_texts/31589.txt;gutenberg_texts/32059.txt,gutenberg_texts/244.txt,25310,__main__.collect_attribution_observations:260,60
harold_l_goodwin,gutenberg_texts/31581.txt;gutenberg_texts/31589.txt;gutenberg_texts/32059.txt,gutenberg_texts/24589.txt,25310,__main__.collect_attribution_observations:225,12
harold_l_goodwin,gutenberg_texts/31581.txt;gutenberg_texts/31589.txt;gutenberg_texts/32059.txt,gutenberg_texts/28301.txt,25310,__main__.collect_attribution_observations:225,12
harold_l_goodwin,gutenberg_texts/31581.txt;gutenberg_texts/31589.txt;gutenberg_texts/32059.txt,gutenberg_texts/2852.txt,25310,__main__.collect_attribution_observations:225,6
harold_l_goodwin,gutenberg_texts/31581.txt;gutenberg_texts/31589.txt;gutenberg_texts/32059.txt,gutenberg_texts/2852.txt,25310,__main__.collect_attribution_observations:260,54
harold_l_goodwin,gutenberg_texts/31581.txt;gutenberg_texts/31589.txt;gutenberg_texts/32059.txt,gutenberg_texts/29824.txt,25310,__main__.collect_attribution_observations:225,12
harold_l_goodwin,gutenberg_texts/31581.txt;gutenberg_texts/31589.txt;gutenberg_texts/32059.txt,gutenberg_texts/30486.txt,25310,__main__.collect_attribution_observations:225,6
harold_l_goodwin,gutenberg_texts/31581.txt;gutenberg_texts/31589.txt;gutenberg_texts/32059.txt,gutenberg_texts/30486.txt,25310,__main__.collect_attribution_observations:260,90
harold_l_goodwin,gutenberg_texts/31581.txt;gutenberg_texts/31589.txt;gutenberg_texts/32059.txt,gutenberg_texts/32331.txt,25310,__main__.collect_attribution_observations:225,12
harold_l_goodwin,gutenberg_texts/31581.txt;gutenberg_texts/31589.txt;gutenberg_texts/32059.txt,gutenberg_texts/32331.txt,25310,__main__.collect_attribution_observations:260,180
harold_l_goodwin,gutenberg_texts/31581.txt;gutenberg_texts/31589.txt;gutenberg_texts/32059.txt,gutenberg_texts/32440.txt,25310,__main__.collect_attribution_observations:225,12
harold_l_goodwin,gutenberg_texts/31581.txt;gutenberg_texts/31589.txt;gutenberg_texts/32059.txt,gutenberg_texts/32440.txt,25310,__main__.collect_attribution_observations:260,180
harold_l_goodwin,gutenberg_texts/31581.txt;gutenberg_texts/31589.txt;gutenberg_texts/32059.txt,gutenberg_texts/32542.txt,25310,__main__.collect_attribution_observations:225,12
harold_l_goodwin,gutenberg_texts/31581.txt;gutenberg_texts/31589.txt;gutenberg_texts/32059.txt,gutenberg_texts/34592.txt,25310,__main__.collect_attribution_observations:225,12
harold_l_goodwin,gutenberg_texts/31581.txt;gutenberg_texts/31589.txt;gutenberg_texts/32059.txt,gutenberg_texts/34592.txt,25310,__main__.collect_attribution_observations:260,180
harold_l_goodwin,gutenberg_texts/31581.txt;gutenberg_texts/31589.txt;gutenberg_texts/32059.txt,gutenberg_texts/34832.txt,25310,__main__.collect_attribution_observations:225,12
harold_l_goodwin,gutenberg_texts/31581.txt;gutenberg_texts/31589.txt;gutenberg_texts/32059.txt,gutenberg_texts/34832.txt,25310,__main__.collect_attribution_observations:260,180
harold_l_goodwin,gutenberg_texts/31581.txt;gutenberg_texts/31589.txt;gutenberg_texts/32059.txt,gutenberg_texts/35.txt,25310,__main__.collect_attribution_observations:225,6
harold_l_goodwin,gutenberg_texts/31581.txt;gutenberg_texts/31589.txt;gutenberg_texts/32059.txt,gutenberg_texts/35.txt,25310,__main__.collect_attribution_observations:260,90
harold_l_goodwin,gutenberg_texts/31581.txt;gutenberg_texts/31589.txt;gutenberg_texts/32059.txt,gutenberg_texts/35082.txt,25310,__main__.collect_attribution_observations:225,12
harold_l_goodwin,gutenberg_texts/31581.txt;gutenberg_texts/31589.txt;gutenberg_texts/32059.txt,gutenberg_texts/36.txt,25310,__main__.collect_attribution_observations:225,6
harold_l_goodwin,gutenberg_texts/31581.txt;gutenberg_texts/31589.txt;gutenberg_texts/32059.txt,gutenberg_texts/3635.txt,25310,__main__.collect_attribution_observations:225,12
harold_l_goodwin,gutenberg_texts/31581.txt;gutenberg_texts/31589.txt;gutenberg_texts/32059.txt,gutenberg_texts/3635.txt,25310,__main__.collect_attribution_observations:260,180
harold_l_goodwin,gutenberg_texts/31581.txt;gutenberg_texts/31589.txt;gutenberg_texts/32059.txt,gutenberg_texts/46.txt,25310,__main__.collect_attribution_observations:225,6
harold_l_goodwin,gutenberg_texts/31581.txt;gutenberg_texts/31589.txt;gutenberg_texts/32059.txt,gutenberg_texts/46.txt,25310,__main__.collect_attribution_observations:260,66
harold_l_goodwin,gutenberg_texts/31581.txt;gutenberg_texts/31589.txt;gutenberg_texts/32059.txt,gutenberg_texts/4787.txt,25310,__main__.collect_attribution_observations:225,12
harold_l_goodwin,gutenberg_texts/31581.txt;gutenberg_texts/31589.txt;gutenberg_texts/32059.txt,gutenberg_texts/4787.txt,25310,__main__.collect_attribution_observations:260,180
harold_l_goodwin,gutenberg_texts/31581.txt;gutenberg_texts/31589.txt;gutenberg_texts/32059.txt,gutenberg_texts/54629.txt,25310,__main__.collect_attribution_observations:225,12
harold_l_goodwin,gutenberg_texts/31581.txt;gutenberg_texts/31589.txt;gutenberg_texts/32059.txt,gutenberg_texts/54629.txt,25310,__main__.collect_attribution_observations:260,180
harold_l_goodwin,gutenberg_texts/31581.txt;gutenberg_texts/31589.txt;gutenberg_texts/32059.txt,gutenberg_texts/54648.txt,25310,__main__.collect_attribution_observations:225,12
harold_l_goodwin,gutenberg_texts/31581.txt;gutenberg_texts/31589.txt;gutenberg_texts/32059.txt,gutenberg_texts/54648.txt,25310,__main__.collect_attribution_observations:260,180
harold_l_goodwin,gutenberg_texts/31581.txt;gutenberg_texts/31589.txt;gutenberg_texts/32059.txt,gutenberg_texts/55562.txt,25310,__main__.collect_attribution_observations:225,12
harold_l_goodwin,gutenberg_texts/31581.txt;gutenberg_texts/31589.txt;gutenberg_texts/32059.txt,gutenberg_texts/5658.txt,25310,__main__.collect_attribution_observations:225,6
harold_l_goodwin,gutenberg_texts/31581.txt;gutenberg_texts/31589.txt;gutenberg_texts/32059.txt,gutenberg_texts/5658.txt,25310,__main__.collect_attribution_observations:260,90
harold_l_goodwin,gutenberg_texts/31581.txt;gutenberg_texts/31589.txt;gutenberg_texts/32059.txt,gutenberg_texts/7063.txt,25310,__main__.collect_attribution_observations:225,6
harold_l_goodwin,gutenberg_texts/31581.txt;gutenberg_texts/31589.txt;gutenberg_texts/32059.txt,gutenberg_texts/7063.txt,25310,__main__.collect_attribution_observations:260,90
harold_l_goodwin,gutenberg_texts/31581.txt;gutenberg_texts/31589.txt;gutenberg_texts/32059.txt,gutenberg_texts/74.txt,25310,__main__.collect_attribution_observations:225,6
harold_l_goodwin,gutenberg_texts/31581.txt;gutenberg_texts/31589.txt;gutenberg_texts/32059.txt,gutenberg_texts/74.txt,25310,__main__.collect_attribution_observations:260,90
harold_l_goodwin,gutenberg_texts/31581.txt;gutenberg_texts/31589.txt;gutenberg_texts/32059.txt,gutenberg_texts/76.txt,25310,__main__.collect_attribution_observations:225,6
harold_l_goodwin,gutenberg_texts/31581.txt;gutenberg_texts/31589.txt;gutenberg_texts/32059.txt,gutenberg_texts/76.txt,25310,__main__.collect_attribution_observations:260,90
harold_l_goodwin,gutenberg_texts/31581.txt;gutenberg_texts/31589.txt;gutenberg_texts/32059.txt,gutenberg_texts/773.txt,25310,__main__.collect_attribution_observations:225,6
harold_l_goodwin,gutenberg_texts/31581.txt;gutenberg_texts/31589.txt;gutenberg_texts/32059.txt,gutenberg_texts/773.txt,25310,__main__.collect_attribution_observations:260,90
harold_l_goodwin,gutenberg_texts/31581.txt;gutenberg_texts/31589.txt;gutenberg_texts/32059.txt,gutenberg_texts/84.txt,25310,__main__.collect_attribution_observations:225,6
harold_l_goodwin,gutenberg_texts/31581.txt;gutenberg_texts/31589.txt;gutenberg_texts/32059.txt,gutenberg_texts/84.txt,25310,__main__.collect_attribution_observations:260,90
harold_l_goodwin,gutenberg_texts/31581.txt;gutenberg_texts/31589.txt;gutenberg_texts/32059.txt,gutenberg_texts/86.txt,25310,__main__.collect_attribution_observations:225,6
harold_l_goodwin,gutenberg_texts/31581.txt;gutenberg_texts/31589.txt;gutenberg_texts/32059.txt,gutenberg_texts/8741.txt,25310,__main__.collect_attribution_observations:225,12
harold_l_goodwin,gutenberg_texts/31581.txt;gutenberg_texts/31589.txt;gutenberg_texts/32059.txt,gutenberg_texts/8741.txt,25310,__main__.collect_attribution_observations:260,180
harold_l_goodwin,gutenberg_texts/31581.txt;gutenberg_texts/31589.txt;gutenberg_texts/32059.txt,gutenberg_texts/8874.txt,25310,__main__.collect_attribution_observations:225,12
harold_l_goodwin,gutenberg_texts/31581.txt;gutenberg_texts/31589.txt;gutenberg_texts/32059.txt,gutenberg_texts/8874.txt,25310,__main__.collect_attribution_observations:260,180
harold_l_goodwin,gutenberg_texts/31581.txt;gutenberg_texts/31589.txt;gutenberg_texts/32059.txt,gutenberg_texts/9182.txt,25310,__main__.collect_attribution_observations:225,6
harold_l_goodwin,gutenberg_texts/31581.txt;gutenberg_texts/31589.txt;gutenberg_texts/32059.txt,gutenberg_texts/9378.txt,25310,__main__.collect_attribution_observations:225,12
harold_l_goodwin,gutenberg_texts/31581.txt;gutenberg_texts/31589.txt;gutenberg_texts/32059.txt,gutenberg_texts/9378.txt,25310,__main__.collect_attribution_observations:260,180
harold_l_goodwin,gutenberg_texts/31581.txt;gutenberg_texts/31589.txt;gutenberg_texts/32059.txt,gutenberg_texts/9462.txt,25310,__main__.collect_attribution_observations:225,12
harold_l_goodwin,gutenberg_texts/31581.txt;gutenberg_texts/31589.txt;gutenberg_texts/32059.txt,gutenberg_texts/9462.txt,25310,__main__.collect_attribution_observations:260,180
harold_l_goodwin,gutenberg_texts/31581.txt;gutenberg_texts/31589.txt;gutenberg_texts/32059.txt,gutenberg_texts/9779.txt,25310,__main__.collect_attribution_observations:225,12
harold_l_goodwin,gutenberg_texts/31581.txt;gutenberg_texts/31589.txt;gutenberg_texts/32059.txt,gutenberg_texts/98.txt,25310,__main__.collect_attribution_observations:225,6
harold_l_goodwin,gutenberg_texts/31581.txt;gutenberg_texts/31589.txt;gutenberg_texts/32059.txt,gutenberg_texts/98.txt,25310,__main__.collect_attribution_observations:260,60
harold_l_goodwin,gutenberg_texts/31581.txt;gutenberg_texts/32059.txt,gutenberg_texts/13960.txt;gutenberg_texts/161.txt;gutenberg_texts/18247.txt;gutenberg_texts/18656.txt;gutenberg_texts/24267.txt;gutenberg_texts/244.txt;gutenberg_texts/30486.txt;gutenberg_texts/31589.txt;gutenberg_texts/32331.txt;gutenberg_texts/34832.txt;gutenberg_texts/35.txt;gutenberg_texts/4787.txt;gutenberg_texts/54648.txt;gutenberg_texts/5658.txt;gutenberg_texts/7063.txt;gutenberg_texts/76.txt;gutenberg_texts/773.txt;gutenberg_texts/8874.txt;gutenberg_texts/9378.txt;gutenberg_texts/98.txt,16761,__main__.crossfit_separability:707,2
harold_l_goodwin,gutenberg_texts/31581.txt;gutenberg_texts/32059.txt,gutenberg_texts/31589.txt,16761,__main__.collect_attribution_observations:225,12
harold_l_goodwin,gutenberg_texts/31581.txt;gutenberg_texts/32059.txt,gutenberg_texts/31589.txt,16761,__main__.collect_attribution_observations:260,180
harold_l_goodwin,gutenberg_texts/31589.txt;gutenberg_texts/32059.txt,full_books/agnes_may_fleming_full.txt;full_books/herbert_george_wells_full.txt;full_books/jane_austen_full.txt;gutenberg_texts/12360.txt;gutenberg_texts/1260.txt;gutenberg_texts/1661.txt;gutenberg_texts/16918.txt;gutenberg_texts/174.txt;gutenberg_texts/21107.txt;gutenberg_texts/219.txt;gutenberg_texts/31581.txt;gutenberg_texts/32440.txt;gutenberg_texts/34592.txt;gutenberg_texts/3635.txt;gutenberg_texts/46.txt;gutenberg_texts/54629.txt;gutenberg_texts/74.txt;gutenberg_texts/84.txt;gutenberg_texts/8741.txt;gutenberg_texts/9462.txt,16573,__main__.crossfit_separability:707,2
harold_l_goodwin,gutenberg_texts/31589.txt;gutenberg_texts/32059.txt,gutenberg_texts/31581.txt,16573,__main__.collect_attribution_observations:225,12
harold_l_goodwin,gutenberg_texts/31589.txt;gutenberg_texts/32059.txt,gutenberg_texts/31581.txt,16573,__main__.collect_attribution_observations:260,180
herbert_george_wells,full_books/herbert_george_wells_full.txt;gutenberg_texts/35.txt,gutenberg_texts/1342.txt;gutenberg_texts/13547.txt;gutenberg_texts/1400.txt;gutenberg_texts/14522.txt;gutenberg_texts/15238.txt;gutenberg_texts/15317.txt;gutenberg_texts/2021.txt;gutenberg_texts/21108.txt;gutenberg_texts/24589.txt;gutenberg_texts/28301.txt;gutenberg_texts/2852.txt;gutenberg_texts/29824.txt;gutenberg_texts/32059.txt;gutenberg_texts/32542.txt;gutenberg_texts/35082.txt;gutenberg_texts/36.txt;gutenberg_texts/55562.txt;gutenberg_texts/86.txt;gutenberg_texts/9182.txt;gutenberg_texts/9779.txt,14975,__main__.crossfit_separability:707,2
herbert_george_wells,full_books/herbert_george_wells_full.txt;gutenberg_texts/35.txt,gutenberg_texts/36.txt,14975,__main__.collect_attribution_observations:225,12
herbert_george_wells,full_books/herbert_george_wells_full.txt;gutenberg_texts/35.txt;gutenberg_texts/36.txt,full_books/agnes_may_fleming_full.txt,23627,__main__.collect_attribution_observations:225,12
herbert_george_wells,full_books/herbert_george_wells_full.txt;gutenberg_texts/35.txt;gutenberg_texts/36.txt,full_books/agnes_may_fleming_full.txt,23627,__main__.collect_attribution_observations:260,180
herbert_george_wells,full_books/herbert_george_wells_full.txt;gutenberg_texts/35.txt;gutenberg_texts/36.txt,full_books/jane_austen_full.txt,23627,__main__.collect_attribution_observations:225,12
herbert_george_wells,full_books/herbert_george_wells_full.txt;gutenberg_texts/35.txt;gutenberg_texts/36.txt,full_books/jane_austen_full.txt,23627,__main__.collect_attribution_observations:260,252
herbert_george_wells,full_books/herbert_george_wells_full.txt;gutenberg_texts/35.txt;gutenberg_texts/36.txt,gutenberg_texts/12360.txt,23627,__main__.collect_attribution_observations:225,6
herbert_george_wells,full_books/herbert_george_wells_full.txt;gutenberg_texts/35.txt;gutenberg_texts/36.txt,gutenberg_texts/12360.txt,23627,__main__.collect_attribution_observations:260,90
herbert_george_wells,full_books/herbert_george_wells_full.txt;gutenberg_texts/35.txt;gutenberg_texts/36.txt,gutenberg_texts/1260.txt,23627,__main__.collect_attribution_observations:225,12
herbert_george_wells,full_books/herbert_george_wells_full.txt;gutenberg_texts/35.txt;gutenberg_texts/36.txt,gutenberg_texts/1260.txt,23627,__main__.collect_attribution_observations:260,180
herbert_george_wells,full_books/herbert_george_wells_full.txt;gutenberg_texts/35.txt;gutenberg_texts/36.txt,gutenberg_texts/1342.txt,23627,__main__.collect_attribution_observations:225,12
herbert_george_wells,full_books/herbert_george_wells_full.txt;gutenberg_texts/35.txt;gutenberg_texts/36.txt,gutenberg_texts/13547.txt,23627,__main__.collect_attribution_observations:225,6
herbert_george_wells,full_books/herbert_george_wells_full.txt;gutenberg_texts/35.txt;gutenberg_texts/36.txt,gutenberg_texts/13960.txt,23627,__main__.collect_attribution_observations:225,6
herbert_george_wells,full_books/herbert_george_wells_full.txt;gutenberg_texts/35.txt;gutenberg_texts/36.txt,gutenberg_texts/13960.txt,23627,__main__.collect_attribution_observations:260,90
herbert_george_wells,full_books/herbert_george_wells_full.txt;gutenberg_texts/35.txt;gutenberg_texts/36.txt,gutenberg_texts/1400.txt,23627,__main__.collect_attribution_observations:225,12
herbert_george_wells,full_books/herbert_george_wells_full.txt;gutenberg_texts/35.txt;gutenberg_texts/36.txt,gutenberg_texts/1400.txt,23627,__main__.collect_attribution_observations:260,108
herbert_george_wells,full_books/herbert_george_wells_full.txt;gutenberg_texts/35.txt;gutenberg_texts/36.txt,gutenberg_texts/14522.txt,23627,__main__.collect_attribution_observations:225,12
herbert_george_wells,full_books/herbert_george_wells_full.txt;gutenberg_texts/35.txt;gutenberg_texts/36.txt,gutenberg_texts/15238.txt,23627,__main__.collect_attribution_observations:225,12
herbert_george_wells,full_books/herbert_george_wells_full.txt;gutenberg_texts/35.txt;gutenberg_texts/36.txt,gutenberg_texts/15317.txt,23627,__main__.collect_attribution_observations:225,12
herbert_george_wells,full_books/herbert_george_wells_full.txt;gutenberg_texts/35.txt;gutenberg_texts/36.txt,gutenberg_texts/161.txt,23627,__main__.collect_attribution_observations:225,12
herbert_george_wells,full_books/herbert_george_wells_full.txt;gutenberg_texts/35.txt;gutenberg_texts/36.txt,gutenberg_texts/161.txt,23627,__main__.collect_attribution_observations:260,108
herbert_george_wells,full_books/herbert_george_wells_full.txt;gutenberg_texts/35.txt;gutenberg_texts/36.txt,gutenberg_texts/1661.txt,23627,__main__.collect_attribution_observations:225,12
herbert_george_wells,full_books/herbert_george_wells_full.txt;gutenberg_texts/35.txt;gutenberg_texts/36.txt,gutenberg_texts/1661.txt,23627,__main__.collect_attribution_observations:260,132
herbert_george_wells,full_books/herbert_george_wells_full.txt;gutenberg_texts/35.txt;gutenberg_texts/36.txt,gutenberg_texts/16918.txt,23627,__main__.collect_attribution_observations:225,6
herbert_george_wells,full_books/herbert_george_wells_full.txt;gutenberg_texts/35.txt;gutenberg_texts/36.txt,gutenberg_texts/16918.txt,23627,__main__.collect_attribution_observations:260,90
herbert_george_wells,full_books/herbert_george_wells_full.txt;gutenberg_texts/35.txt;gutenberg_texts/36.txt,gutenberg_texts/174.txt,23627,__main__.collect_attribution_observations:225,12
herbert_george_wells,full_books/herbert_george_wells_full.txt;gutenberg_texts/35.txt;gutenberg_texts/36.txt,gutenberg_texts/174.txt,23627,__main__.collect_attribution_observations:260,180
herbert_george_wells,full_books/herbert_george_wells_full.txt;gutenberg_texts/35.txt;gutenberg_texts/36.txt,gutenberg_texts/18247.txt,23627,__main__.collect_attribution_observations:225,12
herbert_george_wells,full_books/herbert_george_wells_full.txt;gutenberg_texts/35.txt;gutenberg_texts/36.txt,gutenberg_texts/18247.txt,23627,__main__.collect_attribution_observations:260,180
herbert_george_wells,full_books/herbert_george_wells_full.txt;gutenberg_texts/35.txt;gutenberg_texts/36.txt,gutenberg_texts/18656.txt,23627,__main__.collect_attribution_observations:225,6
herbert_george_wells,full_books/herbert_george_wells_full.txt;gutenberg_texts/35.txt;gutenberg_texts/36.txt,gutenberg_texts/18656.txt,23627,__main__.collect_attribution_observations:260,90
herbert_george_wells,full_books/herbert_george_wells_full.txt;gutenberg_texts/35.txt;gutenberg_texts/36.txt,gutenberg_texts/2021.txt,23627,__main__.collect_attribution_observations:225,12
herbert_george_wells,full_books/herbert_george_wells_full.txt;gutenberg_texts/35.txt;gutenberg_texts/36.txt,gutenberg_texts/21107.txt,23627,__main__.collect_attribution_observations:225,6
herbert_george_wells,full_books/herbert_george_wells_full.txt;gutenberg_texts/35.txt;gutenberg_texts/36.txt,gutenberg_texts/21107.txt,23627,__main__.collect_attribution_observations:260,90
herbert_george_wells,full_books/herbert_george_wells_full.txt;gutenberg_texts/35.txt;gutenberg_texts/36.txt,gutenberg_texts/21108.txt,23627,__main__.collect_attribution_observations:225,6
herbert_george_wells,full_books/herbert_george_wells_full.txt;gutenberg_texts/35.txt;gutenberg_texts/36.txt,gutenberg_texts/219.txt,23627,__main__.collect_attribution_observations:225,12
herbert_george_wells,full_books/herbert_george_wells_full.txt;gutenberg_texts/35.txt;gutenberg_texts/36.txt,gutenberg_texts/219.txt,23627,__main__.collect_attribution_observations:260,180
herbert_george_wells,full_books/herbert_george_wells_full.txt;gutenberg_texts/35.txt;gutenberg_texts/36.txt,gutenberg_texts/24267.txt,23627,__main__.collect_attribution_observations:225,6
herbert_george_wells,full_books/herbert_george_wells_full.txt;gutenberg_texts/35.txt;gutenberg_texts/36.txt,gutenberg_texts/24267.txt,23627,__main__.collect_attribution_observations:260,90
herbert_george_wells,full_books/herbert_george_wells_full.txt;gutenberg_texts/35.txt;gutenberg_texts/36.txt,gutenberg_texts/244.txt,23627,__main__.collect_attribution_observations:225,12
herbert_george_wells,full_books/herbert_george_wells_full.txt;gutenberg_texts/35.txt;gutenberg_texts/36.txt,gutenberg_texts/244.txt,23627,__main__.collect_attribution_observations:260,120
herbert_george_wells,full_books/herbert_george_wells_full.txt;gutenberg_texts/35.txt;gutenberg_texts/36.txt,gutenberg_texts/24589.txt,23627,__main__.collect_attribution_observations:225,6
herbert_george_wells,full_books/herbert_george_wells_full.txt;gutenberg_texts/35.txt;gutenberg_texts/36.txt,gutenberg_texts/28301.txt,23627,__main__.collect_attribution_observations:225,6
herbert_george_wells,full_books/herbert_george_wells_full.txt;gutenberg_texts/35.txt;gutenberg_texts/36.txt,gutenberg_texts/2852.txt,23627,__main__.collect_attribution_observations:225,12
herbert_george_wells,full_books/herbert_george_wells_full.txt;gutenberg_texts/35.txt;gutenberg_texts/36.txt,gutenberg_texts/2852.txt,23627,__main__.collect_attribution_observations:260,108
herbert_george_wells,full_books/herbert_george_wells_full.txt;gutenberg_texts/35.txt;gutenberg_texts/36.txt,gutenberg_texts/29824.txt,23627,__main__.collect_attribution_observations:225,6
herbert_george_wells,full_books/herbert_george_wells_full.txt;gutenberg_texts/35.txt;gutenberg_texts/36.txt,gutenberg_texts/30486.txt,23627,__main__.collect_attribution_observations:225,12
herbert_george_wells,full_books/herbert_george_wells_full.txt;gutenberg_texts/35.txt;gutenberg_texts/36.txt,gutenberg_texts/30486.txt,23627,__main__.collect_attribution_observations:260,180
herbert_george_wells,full_books/herbert_george_wells_full.txt;gutenberg_texts/35.txt;gutenberg_texts/36.txt,gutenberg_texts/31581.txt,23627,__main__.collect_attribution_observations:225,6
herbert_george_wells,full_books/herbert_george_wells_full.txt;gutenberg_texts/35.txt;gutenberg_texts/36.txt,gutenberg_texts/31581.txt,23627,__main__.collect_attribution_observations:260,90
herbert_george_wells,full_books/herbert_george_wells_full.txt;gutenberg_texts/35.txt;gutenberg_texts/36.txt,gutenberg_texts/31589.txt,23627,__main__.collect_attribution_observations:225,6
herbert_george_wells,full_books/herbert_george_wells_full.txt;gutenberg_texts/35.txt;gutenberg_texts/36.txt,gutenberg_texts/31589.txt,23627,__main__.collect_attribution_observations:260,90
herbert_george_wells,full_books/herbert_george_wells_full.txt;gutenberg_texts/35.txt;gutenberg_texts/36.txt,gutenberg_texts/32059.txt,23627,__main__.collect_attribution_observations:225,6
herbert_george_wells,full_books/herbert_george_wells_full.txt;gutenberg_texts/35.txt;gutenberg_texts/36.txt,gutenberg_texts/32331.txt,23627,__main__.collect_attribution_observations:225,6
herbert_george_wells,full_books/herbert_george_wells_full.txt;gutenberg_texts/35.txt;gutenberg_texts/36.txt,gutenberg_texts/32331.txt,23627,__main__.collect_attribution_observations:260,90
herbert_george_wells,full_books/herbert_george_wells_full.txt;gutenberg_texts/35.txt;gutenberg_texts/36.txt,gutenberg_texts/32440.txt,23627,__main__.collect_attribution_observations:225,6
herbert_george_wells,full_books/herbert_george_wells_full.txt;gutenberg_texts/35.txt;gutenberg_texts/36.txt,gutenberg_texts/32440.txt,23627,__main__.collect_attribution_observations:260,90
herbert_george_wells,full_books/herbert_george_wells_full.txt;gutenberg_texts/35.txt;gutenberg_texts/36.txt,gutenberg_texts/32542.txt,23627,__main__.collect_attribution_observations:225,6
herbert_george_wells,full_books/herbert_george_wells_full.txt;gutenberg_texts/35.txt;gutenberg_texts/36.txt,gutenberg_texts/34592.txt,23627,__main__.collect_attribution_observations:225,6
herbert_george_wells,full_books/herbert_george_wells_full.txt;gutenberg_texts/35.txt;gutenberg_texts/36.txt,gutenberg_texts/34592.txt,23627,__main__.collect_attribution_observations:260,90
herbert_george_wells,full_books/herbert_george_wells_full.txt;gutenberg_texts/35.txt;gutenberg_texts/36.txt,gutenberg_texts/34832.txt,23627,__main__.collect_attribution_observations:225,6
herbert_george_wells,full_books/herbert_george_wells_full.txt;gutenberg_texts/35.txt;gutenberg_texts/36.txt,gutenberg_texts/34832.txt,23627,__main__.collect_attribution_observations:260,90
herbert_george_wells,full_books/herbert_george_wells_full.txt;gutenberg_texts/35.txt;gutenberg_texts/36.txt,gutenberg_texts/35082.txt,23627,__main__.collect_attribution_observations:225,6
herbert_george_wells,full_books/herbert_george_wells_full.txt;gutenberg_texts/35.txt;gutenberg_texts/36.txt,gutenberg_texts/3635.txt,23627,__main__.collect_attribution_observations:225,6
herbert_george_wells,full_books/herbert_george_wells_full.txt;gutenberg_texts/35.txt;gutenberg_texts/36.txt,gutenberg_texts/3635.txt,23627,__main__.collect_attribution_observations:260,90
herbert_george_wells,full_books/herbert_george_wells_full.txt;gutenberg_texts/35.txt;gutenberg_texts/36.txt,gutenberg_texts/46.txt,23627,__main__.collect_attribution_observations:225,12
herbert_george_wells,full_books/herbert_george_wells_full.txt;gutenberg_texts/35.txt;gutenberg_texts/36.txt,gutenberg_texts/46.txt,23627,__main__.collect_attribution_observations:260,132
herbert_george_wells,full_books/herbert_george_wells_full.txt;gutenberg_texts/35.txt;gutenberg_texts/36.txt,gutenberg_texts/4787.txt,23627,__main__.collect_attribution_observations:225,6
herbert_george_wells,full_books/herbert_george_wells_full.txt;gutenberg_texts/35.txt;gutenberg_texts/36.txt,gutenberg_texts/4787.txt,23627,__main__.collect_attribution_observations:260,90
herbert_george_wells,full_books/herbert_george_wells_full.txt;gutenberg_texts/35.txt;gutenberg_texts/36.txt,gutenberg_texts/54629.txt,23627,__main__.collect_attribution_observations:225,6
herbert_george_wells,full_books/herbert_george_wells_full.txt;gutenberg_texts/35.txt;gutenberg_texts/36.txt,gutenberg_texts/54629.txt,23627,__main__.collect_attribution_observations:260,90
herbert_george_wells,full_books/herbert_george_wells_full.txt;gutenberg_texts/35.txt;gutenberg_texts/36.txt,gutenberg_texts/54648.txt,23627,__main__.collect_attribution_observations:225,6
herbert_george_wells,full_books/herbert_george_wells_full.txt;gutenberg_texts/35.txt;gutenberg_texts/36.txt,gutenberg_texts/54648.txt,23627,__main__.collect_attribution_observations:260,90
herbert_george_wells,full_books/herbert_george_wells_full.txt;gutenberg_texts/35.txt;gutenberg_texts/36.txt,gutenberg_texts/55562.txt,23627,__main__.collect_attribution_observations:225,6
herbert_george_wells,full_books/herbert_george_wells_full.txt;gutenberg_texts/35.txt;gutenberg_texts/36.txt,gutenberg_texts/5658.txt,23627,__main__.collect_attribution_observations:225,12
herbert_george_wells,full_books/herbert_george_wells_full.txt;gutenberg_texts/35.txt;gutenberg_texts/36.txt,gutenberg_texts/5658.txt,23627,__main__.collect_attribution_observations:260,180
herbert_george_wells,full_books/herbert_george_wells_full.txt;gutenberg_texts/35.txt;gutenberg_texts/36.txt,gutenberg_texts/7063.txt,23627,__main__.collect_attribution_observations:225,12
herbert_george_wells,full_books/herbert_george_wells_full.txt;gutenberg_texts/35.txt;gutenberg_texts/36.txt,gutenberg_texts/7063.txt,23627,__main__.collect_attribution_observations:260,180
herbert_george_wells,full_books/herbert_george_wells_full.txt;gutenberg_texts/35.txt;gutenberg_texts/36.txt,gutenberg_texts/74.txt,23627,__main__.collect_attribution_observations:225,12
herbert_george_wells,full_books/herbert_george_wells_full.txt;gutenberg_texts/35.txt;gutenberg_texts/36.txt,gutenberg_texts/74.txt,23627,__main__.collect_attribution_observations:260,180
herbert_george_wells,full_books/herbert_george_wells_full.txt;gutenberg_texts/35.txt;gutenberg_texts/36.txt,gutenberg_texts/76.txt,23627,__main__.collect_attribution_observations:225,12
herbert_george_wells,full_books/herbert_george_wells_full.txt;gutenberg_texts/35.txt;gutenberg_texts/36.txt,gutenberg_texts/76.txt,23627,__main__.collect_attribution_observations:260,180
herbert_george_wells,full_books/herbert_george_wells_full.txt;gutenberg_texts/35.txt;gutenberg_texts/36.txt,gutenberg_texts/773.txt,23627,__main__.collect_attribution_observations:225,12
herbert_george_wells,full_books/herbert_george_wells_full.txt;gutenberg_texts/35.txt;gutenberg_texts/36.txt,gutenberg_texts/773.txt,23627,__main__.collect_attribution_observations:260,180
herbert_george_wells,full_books/herbert_george_wells_full.txt;gutenberg_texts/35.txt;gutenberg_texts/36.txt,gutenberg_texts/84.txt,23627,__main__.collect_attribution_observations:225,12
herbert_george_wells,full_books/herbert_george_wells_full.txt;gutenberg_texts/35.txt;gutenberg_texts/36.txt,gutenberg_texts/84.txt,23627,__main__.collect_attribution_observations:260,180
herbert_george_wells,full_books/herbert_george_wells_full.txt;gutenberg_texts/35.txt;gutenberg_texts/36.txt,gutenberg_texts/86.txt,23627,__main__.collect_attribution_observations:225,12
herbert_george_wells,full_books/herbert_george_wells_full.txt;gutenberg_texts/35.txt;gutenberg_texts/36.txt,gutenberg_texts/8741.txt,23627,__main__.collect_attribution_observations:225,6
herbert_george_wells,full_books/herbert_george_wells_full.txt;gutenberg_texts/35.txt;gutenberg_texts/36.txt,gutenberg_texts/8741.txt,23627,__main__.collect_attribution_observations:260,90
herbert_george_wells,full_books/herbert_george_wells_full.txt;gutenberg_texts/35.txt;gutenberg_texts/36.txt,gutenberg_texts/8874.txt,23627,__main__.collect_attribution_observations:225,6
herbert_george_wells,full_books/herbert_george_wells_full.txt;gutenberg_texts/35.txt;gutenberg_texts/36.txt,gutenberg_texts/8874.txt,23627,__main__.collect_attribution_observations:260,90
herbert_george_wells,full_books/herbert_george_wells_full.txt;gutenberg_texts/35.txt;gutenberg_texts/36.txt,gutenberg_texts/9182.txt,23627,__main__.collect_attribution_observations:225,12
herbert_george_wells,full_books/herbert_george_wells_full.txt;gutenberg_texts/35.txt;gutenberg_texts/36.txt,gutenberg_texts/9378.txt,23627,__main__.collect_attribution_observations:225,6
herbert_george_wells,full_books/herbert_george_wells_full.txt;gutenberg_texts/35.txt;gutenberg_texts/36.txt,gutenberg_texts/9378.txt,23627,__main__.collect_attribution_observations:260,90
herbert_george_wells,full_books/herbert_george_wells_full.txt;gutenberg_texts/35.txt;gutenberg_texts/36.txt,gutenberg_texts/9462.txt,23627,__main__.collect_attribution_observations:225,6
herbert_george_wells,full_books/herbert_george_wells_full.txt;gutenberg_texts/35.txt;gutenberg_texts/36.txt,gutenberg_texts/9462.txt,23627,__main__.collect_attribution_observations:260,90
herbert_george_wells,full_books/herbert_george_wells_full.txt;gutenberg_texts/35.txt;gutenberg_texts/36.txt,gutenberg_texts/9779.txt,23627,__main__.collect_attribution_observations:225,6
herbert_george_wells,full_books/herbert_george_wells_full.txt;gutenberg_texts/35.txt;gutenberg_texts/36.txt,gutenberg_texts/98.txt,23627,__main__.collect_attribution_observations:225,12
herbert_george_wells,full_books/herbert_george_wells_full.txt;gutenberg_texts/35.txt;gutenberg_texts/36.txt,gutenberg_texts/98.txt,23627,__main__.collect_attribution_observations:260,120
herbert_george_wells,full_books/herbert_george_wells_full.txt;gutenberg_texts/36.txt,gutenberg_texts/13960.txt;gutenberg_texts/161.txt;gutenberg_texts/18247.txt;gutenberg_texts/18656.txt;gutenberg_texts/24267.txt;gutenberg_texts/244.txt;gutenberg_texts/30486.txt;gutenberg_texts/31589.txt;gutenberg_texts/32331.txt;gutenberg_texts/34832.txt;gutenberg_texts/35.txt;gutenberg_texts/4787.txt;gutenberg_texts/54648.txt;gutenberg_texts/5658.txt;gutenberg_texts/7063.txt;gutenberg_texts/76.txt;gutenberg_texts/773.txt;gutenberg_texts/8874.txt;gutenberg_texts/9378.txt;gutenberg_texts/98.txt,18751,__main__.crossfit_separability:707,2
herbert_george_wells,full_books/herbert_george_wells_full.txt;gutenberg_texts/36.txt,gutenberg_texts/35.txt,18751,__main__.collect_attribution_observations:225,12
herbert_george_wells,full_books/herbert_george_wells_full.txt;gutenberg_texts/36.txt,gutenberg_texts/35.txt,18751,__main__.collect_attribution_observations:260,180
herbert_george_wells,gutenberg_texts/35.txt;gutenberg_texts/36.txt,full_books/agnes_may_fleming_full.txt;full_books/herbert_george_wells_full.txt;full_books/jane_austen_full.txt;gutenberg_texts/12360.txt;gutenberg_texts/1260.txt;gutenberg_texts/1661.txt;gutenberg_texts/16918.txt;gutenberg_texts/174.txt;gutenberg_texts/21107.txt;gutenberg_texts/219.txt;gutenberg_texts/31581.txt;gutenberg_texts/32440.txt;gutenberg_texts/34592.txt;gutenberg_texts/3635.txt;gutenberg_texts/46.txt;gutenberg_texts/54629.txt;gutenberg_texts/74.txt;gutenberg_texts/84.txt;gutenberg_texts/8741.txt;gutenberg_texts/9462.txt,13528,__main__.crossfit_separability:707,2
herbert_george_wells,gutenberg_texts/35.txt;gutenberg_texts/36.txt,full_books/herbert_george_wells_full.txt,13528,__main__.collect_attribution_observations:225,12
herbert_george_wells,gutenberg_texts/35.txt;gutenberg_texts/36.txt,full_books/herbert_george_wells_full.txt,13528,__main__.collect_attribution_observations:260,180
jane_austen,full_books/jane_austen_full.txt;gutenberg_texts/1342.txt,gutenberg_texts/13960.txt;gutenberg_texts/161.txt;gutenberg_texts/18247.txt;gutenberg_texts/18656.txt;gutenberg_texts/24267.txt;gutenberg_texts/244.txt;gutenberg_texts/30486.txt;gutenberg_texts/31589.txt;gutenberg_texts/32331.txt;gutenberg_texts/34832.txt;gutenberg_texts/35.txt;gutenberg_texts/4787.txt;gutenberg_texts/54648.txt;gutenberg_texts/5658.txt;gutenberg_texts/7063.txt;gutenberg_texts/76.txt;gutenberg_texts/773.txt;gutenberg_texts/8874.txt;gutenberg_texts/9378.txt;gutenberg_texts/98.txt,47582,__main__.crossfit_separability:707,2
jane_austen,full_books/jane_austen_full.txt;gutenberg_texts/1342.txt,gutenberg_texts/161.txt,47582,__main__.collect_attribution_observations:225,12
jane_austen,full_books/jane_austen_full.txt;gutenberg_texts/1342.txt,gutenberg_texts/161.txt,47582,__main__.collect_attribution_observations:260,108
jane_austen,full_books/jane_austen_full.txt;gutenberg_texts/161.txt,gutenberg_texts/1342.txt,45462,__main__.collect_attribution_observations:225,12
jane_austen,full_books/jane_austen_full.txt;gutenberg_texts/161.txt,gutenberg_texts/1342.txt;gutenberg_texts/13547.txt;gutenberg_texts/1400.txt;gutenberg_texts/14522.txt;gutenberg_texts/15238.txt;gutenberg_texts/15317.txt;gutenberg_texts/2021.txt;gutenberg_texts/21108.txt;gutenberg_texts/24589.txt;gutenberg_texts/28301.txt;gutenberg_texts/2852.txt;gutenberg_texts/29824.txt;gutenberg_texts/32059.txt;gutenberg_texts/32542.txt;gutenberg_texts/35082.txt;gutenberg_texts/36.txt;gutenberg_texts/55562.txt;gutenberg_texts/86.txt;gutenberg_texts/9182.txt;gutenberg_texts/9779.txt,45462,__main__.crossfit_separability:707,2
jane_austen,full_books/jane_austen_full.txt;gutenberg_texts/161.txt;gutenberg_texts/1342.txt,full_books/agnes_may_fleming_full.txt,67109,__main__.collect_attribution_observations:225,12
jane_austen,full_books/jane_austen_full.txt;gutenberg_texts/161.txt;gutenberg_texts/1342.txt,full_books/agnes_may_fleming_full.txt,67109,__main__.collect_attribution_observations:260,180
jane_austen,full_books/jane_austen_full.txt;gutenberg_texts/161.txt;gutenberg_texts/1342.txt,full_books/herbert_george_wells_full.txt,67109,__main__.collect_attribution_observations:225,12
jane_austen,full_books/jane_austen_full.txt;gutenberg_texts/161.txt;gutenberg_texts/1342.txt,full_books/herbert_george_wells_full.txt,67109,__main__.collect_attribution_observations:260,180
jane_austen,full_books/jane_austen_full.txt;gutenberg_texts/161.txt;gutenberg_texts/1342.txt,gutenberg_texts/12360.txt,67109,__main__.collect_attribution_observations:225,6
jane_austen,full_books/jane_austen_full.txt;gutenberg_texts/161.txt;gutenberg_texts/1342.txt,gutenberg_texts/12360.txt,67109,__main__.collect_attribution_observations:260,90
jane_austen,full_books/jane_austen_full.txt;gutenberg_texts/161.txt;gutenberg_texts/1342.txt,gutenberg_texts/1260.txt,67109,__main__.collect_attribution_observations:225,12
jane_austen,full_books/jane_austen_full.txt;gutenberg_texts/161.txt;gutenberg_texts/1342.txt,gutenberg_texts/1260.txt,67109,__main__.collect_attribution_observations:260,180
jane_austen,full_books/jane_austen_full.txt;gutenberg_texts/161.txt;gutenberg_texts/1342.txt,gutenberg_texts/13547.txt,67109,__main__.collect_attribution_observations:225,6
jane_austen,full_books/jane_austen_full.txt;gutenberg_texts/161.txt;gutenberg_texts/1342.txt,gutenberg_texts/13960.txt,67109,__main__.collect_attribution_observations:225,6
jane_austen,full_books/jane_austen_full.txt;gutenberg_texts/161.txt;gutenberg_texts/1342.txt,gutenberg_texts/13960.txt,67109,__main__.collect_attribution_observations:260,90
jane_austen,full_books/jane_austen_full.txt;gutenberg_texts/161.txt;gutenberg_texts/1342.txt,gutenberg_texts/1400.txt,67109,__main__.collect_attribution_observations:225,12
jane_austen,full_books/jane_austen_full.txt;gutenberg_texts/161.txt;gutenberg_texts/1342.txt,gutenberg_texts/1400.txt,67109,__main__.collect_attribution_observations:260,108
jane_austen,full_books/jane_austen_full.txt;gutenberg_texts/161.txt;gutenberg_texts/1342.txt,gutenberg_texts/14522.txt,67109,__main__.collect_attribution_observations:225,12
jane_austen,full_books/jane_austen_full.txt;gutenberg_texts/161.txt;gutenberg_texts/1342.txt,gutenberg_texts/15238.txt,67109,__main__.collect_attribution_observations:225,12
jane_austen,full_books/jane_austen_full.txt;gutenberg_texts/161.txt;gutenberg_texts/1342.txt,gutenberg_texts/15317.txt,67109,__main__.collect_attribution_observations:225,12
jane_austen,full_books/jane_austen_full.txt;gutenberg_texts/161.txt;gutenberg_texts/1342.txt,gutenberg_texts/1661.txt,67109,__main__.collect_attribution_observations:225,12
jane_austen,full_books/jane_austen_full.txt;gutenberg_texts/161.txt;gutenberg_texts/1342.txt,gutenberg_texts/1661.txt,67109,__main__.collect_attribution_observations:260,132
jane_austen,full_books/jane_austen_full.txt;gutenberg_texts/161.txt;gutenberg_texts/1342.txt,gutenberg_texts/16918.txt,67109,__main__.collect_attribution_observations:225,6
jane_austen,full_books/jane_austen_full.txt;gutenberg_texts/161.txt;gutenberg_texts/1342.txt,gutenberg_texts/16918.txt,67109,__main__.collect_attribution_observations:260,90
jane_austen,full_books/jane_austen_full.txt;gutenberg_texts/161.txt;gutenberg_texts/1342.txt,gutenberg_texts/174.txt,67109,__main__.collect_attribution_observations:225,12
jane_austen,full_books/jane_austen_full.txt;gutenberg_texts/161.txt;gutenberg_texts/1342.txt,gutenberg_texts/174.txt,67109,__main__.collect_attribution_observations:260,180
jane_austen,full_books/jane_austen_full.txt;gutenberg_texts/161.txt;gutenberg_texts/1342.txt,gutenberg_texts/18247.txt,67109,__main__.collect_attribution_observations:225,12
jane_austen,full_books/jane_austen_full.txt;gutenberg_texts/161.txt;gutenberg_texts/1342.txt,gutenberg_texts/18247.txt,67109,__main__.collect_attribution_observations:260,180
jane_austen,full_books/jane_austen_full.txt;gutenberg_texts/161.txt;gutenberg_texts/1342.txt,gutenberg_texts/18656.txt,67109,__main__.collect_attribution_observations:225,6
jane_austen,full_books/jane_austen_full.txt;gutenberg_texts/161.txt;gutenberg_texts/1342.txt,gutenberg_texts/18656.txt,67109,__main__.collect_attribution_observations:260,90
jane_austen,full_books/jane_austen_full.txt;gutenberg_texts/161.txt;gutenberg_texts/1342.txt,gutenberg_texts/2021.txt,67109,__main__.collect_attribution_observations:225,12
jane_austen,full_books/jane_austen_full.txt;gutenberg_texts/161.txt;gutenberg_texts/1342.txt,gutenberg_texts/21107.txt,67109,__main__.collect_attribution_observations:225,6
jane_austen,full_books/jane_austen_full.txt;gutenberg_texts/161.txt;gutenberg_texts/1342.txt,gutenberg_texts/21107.txt,67109,__main__.collect_attribution_observations:260,90
jane_austen,full_books/jane_austen_full.txt;gutenberg_texts/161.txt;gutenberg_texts/1342.txt,gutenberg_texts/21108.txt,67109,__main__.collect_attribution_observations:225,6
jane_austen,full_books/jane_austen_full.txt;gutenberg_texts/161.txt;gutenberg_texts/1342.txt,gutenberg_texts/219.txt,67109,__main__.collect_attribution_observations:225,12
jane_austen,full_books/jane_austen_full.txt;gutenberg_texts/161.txt;gutenberg_texts/1342.txt,gutenberg_texts/219.txt,67109,__main__.collect_attribution_observations:260,180
jane_austen,full_books/jane_austen_full.txt;gutenberg_texts/161.txt;gutenberg_texts/1342.txt,gutenberg_texts/24267.txt,67109,__main__.collect_attribution_observations:225,6
jane_austen,full_books/jane_austen_full.txt;gutenberg_texts/161.txt;gutenberg_texts/1342.txt,gutenberg_texts/24267.txt,67109,__main__.collect_attribution_observations:260,90
jane_austen,full_books/jane_austen_full.txt;gutenberg_texts/161.txt;gutenberg_texts/1342.txt,gutenberg_texts/244.txt,67109,__main__.collect_attribution_observations:225,12
jane_austen,full_books/jane_austen_full.txt;gutenberg_texts/161.txt;gutenberg_texts/1342.txt,gutenberg_texts/244.txt,67109,__main__.collect_attribution_observations:260,120
jane_austen,full_books/jane_austen_full.txt;gutenberg_texts/161.txt;gutenberg_texts/1342.txt,gutenberg_texts/24589.txt,67109,__main__.collect_attribution_observations:225,6
jane_austen,full_books/jane_austen_full.txt;gutenberg_texts/161.txt;gutenberg_texts/1342.txt,gutenberg_texts/28301.txt,67109,__main__.collect_attribution_observations:225,6
jane_austen,full_books/jane_austen_full.txt;gutenberg_texts/161.txt;gutenberg_texts/1342.txt,gutenberg_texts/2852.txt,67109,__main__.collect_attribution_observations:225,12
jane_austen,full_books/jane_austen_full.txt;gutenberg_texts/161.txt;gutenberg_texts/1342.txt,gutenberg_texts/2852.txt,67109,__main__.collect_attribution_observations:260,108
jane_austen,full_books/jane_austen_full.txt;gutenberg_texts/161.txt;gutenberg_texts/1342.txt,gutenberg_texts/29824.txt,67109,__main__.collect_attribution_observations:225,6
jane_austen,full_books/jane_austen_full.txt;gutenberg_texts/161.txt;gutenberg_texts/1342.txt,gutenberg_texts/30486.txt,67109,__main__.collect_attribution_observations:225,12
jane_austen,full_books/jane_austen_full.txt;gutenberg_texts/161.txt;gutenberg_texts/1342.txt,gutenberg_texts/30486.txt,67109,__main__.collect_attribution_observations:260,180
jane_austen,full_books/jane_austen_full.txt;gutenberg_texts/161.txt;gutenberg_texts/1342.txt,gutenberg_texts/31581.txt,67109,__main__.collect_attribution_observations:225,6
jane_austen,full_books/jane_austen_full.txt;gutenberg_texts/161.txt;gutenberg_texts/1342.txt,gutenberg_texts/31581.txt,67109,__main__.collect_attribution_observations:260,90
jane_austen,full_books/jane_austen_full.txt;gutenberg_texts/161.txt;gutenberg_texts/1342.txt,gutenberg_texts/31589.txt,67109,__main__.collect_attribution_observations:225,6
jane_austen,full_books/jane_austen_full.txt;gutenberg_texts/161.txt;gutenberg_texts/1342.txt,gutenberg_texts/31589.txt,67109,__main__.collect_attribution_observations:260,90
jane_austen,full_books/jane_austen_full.txt;gutenberg_texts/161.txt;gutenberg_texts/1342.txt,gutenberg_texts/32059.txt,67109,__main__.collect_attribution_observations:225,6
jane_austen,full_books/jane_austen_full.txt;gutenberg_texts/161.txt;gutenberg_texts/1342.txt,gutenberg_texts/32331.txt,67109,__main__.collect_attribution_observations:225,6
jane_austen,full_books/jane_austen_full.txt;gutenberg_texts/161.txt;gutenberg_texts/1342.txt,gutenberg_texts/32331.txt,67109,__main__.collect_attribution_observations:260,90
jane_austen,full_books/jane_austen_full.txt;gutenberg_texts/161.txt;gutenberg_texts/1342.txt,gutenberg_texts/32440.txt,67109,__main__.collect_attribution_observations:225,6
jane_austen,full_books/jane_austen_full.txt;gutenberg_texts/161.txt;gutenberg_texts/1342.txt,gutenberg_texts/32440.txt,67109,__main__.collect_attribution_observations:260,90
jane_austen,full_books/jane_austen_full.txt;gutenberg_texts/161.txt;gutenberg_texts/1342.txt,gutenberg_texts/32542.txt,67109,__main__.collect_attribution_observations:225,6
jane_austen,full_books/jane_austen_full.txt;gutenberg_texts/161.txt;gutenberg_texts/1342.txt,gutenberg_texts/34592.txt,67109,__main__.collect_attribution_observations:225,6
jane_austen,full_books/jane_austen_full.txt;gutenberg_texts/161.txt;gutenberg_texts/1342.txt,gutenberg_texts/34592.txt,67109,__main__.collect_attribution_observations:260,90
jane_austen,full_books/jane_austen_full.txt;gutenberg_texts/161.txt;gutenberg_texts/1342.txt,gutenberg_texts/34832.txt,67109,__main__.collect_attribution_observations:225,6
jane_austen,full_books/jane_austen_full.txt;gutenberg_texts/161.txt;gutenberg_texts/1342.txt,gutenberg_texts/34832.txt,67109,__main__.collect_attribution_observations:260,90
jane_austen,full_books/jane_austen_full.txt;gutenberg_texts/161.txt;gutenberg_texts/1342.txt,gutenberg_texts/35.txt,67109,__main__.collect_attribution_observations:225,12
jane_austen,full_books/jane_austen_full.txt;gutenberg_texts/161.txt;gutenberg_texts/1342.txt,gutenberg_texts/35.txt,67109,__main__.collect_attribution_observations:260,180
jane_austen,full_books/jane_austen_full.txt;gutenberg_texts/161.txt;gutenberg_texts/1342.txt,gutenberg_texts/35082.txt,67109,__main__.collect_attribution_observations:225,6
jane_austen,full_books/jane_austen_full.txt;gutenberg_texts/161.txt;gutenberg_texts/1342.txt,gutenberg_texts/36.txt,67109,__main__.collect_attribution_observations:225,12
jane_austen,full_books/jane_austen_full.txt;gutenberg_texts/161.txt;gutenberg_texts/1342.txt,gutenberg_texts/3635.txt,67109,__main__.collect_attribution_observations:225,6
jane_austen,full_books/jane_austen_full.txt;gutenberg_texts/161.txt;gutenberg_texts/1342.txt,gutenberg_texts/3635.txt,67109,__main__.collect_attribution_observations:260,90
jane_austen,full_books/jane_austen_full.txt;gutenberg_texts/161.txt;gutenberg_texts/1342.txt,gutenberg_texts/46.txt,67109,__main__.collect_attribution_observations:225,12
jane_austen,full_books/jane_austen_full.txt;gutenberg_texts/161.txt;gutenberg_texts/1342.txt,gutenberg_texts/46.txt,67109,__main__.collect_attribution_observations:260,132
jane_austen,full_books/jane_austen_full.txt;gutenberg_texts/161.txt;gutenberg_texts/1342.txt,gutenberg_texts/4787.txt,67109,__main__.collect_attribution_observations:225,6
jane_austen,full_books/jane_austen_full.txt;gutenberg_texts/161.txt;gutenberg_texts/1342.txt,gutenberg_texts/4787.txt,67109,__main__.collect_attribution_observations:260,90
jane_austen,full_books/jane_austen_full.txt;gutenberg_texts/161.txt;gutenberg_texts/1342.txt,gutenberg_texts/54629.txt,67109,__main__.collect_attribution_observations:225,6
jane_austen,full_books/jane_austen_full.txt;gutenberg_texts/161.txt;gutenberg_texts/1342.txt,gutenberg_texts/54629.txt,67109,__main__.collect_attribution_observations:260,90
jane_austen,full_books/jane_austen_full.txt;gutenberg_texts/161.txt;gutenberg_texts/1342.txt,gutenberg_texts/54648.txt,67109,__main__.collect_attribution_observations:225,6
jane_austen,full_books/jane_austen_full.txt;gutenberg_texts/161.txt;gutenberg_texts/1342.txt,gutenberg_texts/54648.txt,67109,__main__.collect_attribution_observations:260,90
jane_austen,full_books/jane_austen_full.txt;gutenberg_texts/161.txt;gutenberg_texts/1342.txt,gutenberg_texts/55562.txt,67109,__main__.collect_attribution_observations:225,6
jane_austen,full_books/jane_austen_full.txt;gutenberg_texts/161.txt;gutenberg_texts/1342.txt,gutenberg_texts/5658.txt,67109,__main__.collect_attribution_observations:225,12
jane_austen,full_books/jane_austen_full.txt;gutenberg_texts/161.txt;gutenberg_texts/1342.txt,gutenberg_texts/5658.txt,67109,__main__.collect_attribution_observations:260,180
jane_austen,full_books/jane_austen_full.txt;gutenberg_texts/161.txt;gutenberg_texts/1342.txt,gutenberg_texts/7063.txt,67109,__main__.collect_attribution_observations:225,12
jane_austen,full_books/jane_austen_full.txt;gutenberg_texts/161.txt;gutenberg_texts/1342.txt,gutenberg_texts/7063.txt,67109,__main__.collect_attribution_observations:260,180
jane_austen,full_books/jane_austen_full.txt;gutenberg_texts/161.txt;gutenberg_texts/1342.txt,gutenberg_texts/74.txt,67109,__main__.collect_attribution_observations:225,12
jane_austen,full_books/jane_austen_full.txt;gutenberg_texts/161.txt;gutenberg_texts/1342.txt,gutenberg_texts/74.txt,67109,__main__.collect_attribution_observations:260,180
jane_austen,full_books/jane_austen_full.txt;gutenberg_texts/161.txt;gutenberg_texts/1342.txt,gutenberg_texts/76.txt,67109,__main__.collect_attribution_observations:225,12
jane_austen,full_books/jane_austen_full.txt;gutenberg_texts/161.txt;gutenberg_texts/1342.txt,gutenberg_texts/76.txt,67109,__main__.collect_attribution_observations:260,180
jane_austen,full_books/jane_austen_full.txt;gutenberg_texts/161.txt;gutenberg_texts/1342.txt,gutenberg_texts/773.txt,67109,__main__.collect_attribution_observations:225,12
jane_austen,full_books/jane_austen_full.txt;gutenberg_texts/161.txt;gutenberg_texts/1342.txt,gutenberg_texts/773.txt,67109,__main__.collect_attribution_observations:260,180
jane_austen,full_books/jane_austen_full.txt;gutenberg_texts/161.txt;gutenberg_texts/1342.txt,gutenberg_texts/84.txt,67109,__main__.collect_attribution_observations:225,12
jane_austen,full_books/jane_austen_full.txt;gutenberg_texts/161.txt;gutenberg_texts/1342.txt,gutenberg_texts/84.txt,67109,__main__.collect_attribution_observations:260,180
jane_austen,full_books/jane_austen_full.txt;gutenberg_texts/161.txt;gutenberg_texts/1342.txt,gutenberg_texts/86.txt,67109,__main__.collect_attribution_observations:225,12
jane_austen,full_books/jane_austen_full.txt;gutenberg_texts/161.txt;gutenberg_texts/1342.txt,gutenberg_texts/8741.txt,67109,__main__.collect_attribution_observations:225,6
jane_austen,full_books/jane_austen_full.txt;gutenberg_texts/161.txt;gutenberg_texts/1342.txt,gutenberg_texts/8741.txt,67109,__main__.collect_attribution_observations:260,90
jane_austen,full_books/jane_austen_full.txt;gutenberg_texts/161.txt;gutenberg_texts/1342.txt,gutenberg_texts/8874.txt,67109,__main__.collect_attribution_observations:225,6
jane_austen,full_books/jane_austen_full.txt;gutenberg_texts/161.txt;gutenberg_texts/1342.txt,gutenberg_texts/8874.txt,67109,__main__.collect_attribution_observations:260,90
jane_austen,full_books/jane_austen_full.txt;gutenberg_texts/161.txt;gutenberg_texts/1342.txt,gutenberg_texts/9182.txt,67109,__main__.collect_attribution_observations:225,12
jane_austen,full_books/jane_austen_full.txt;gutenberg_texts/161.txt;gutenberg_texts/1342.txt,gutenberg_texts/9378.txt,67109,__main__.collect_attribution_observations:225,6
jane_austen,full_books/jane_austen_full.txt;gutenberg_texts/161.txt;gutenberg_texts/1342.txt,gutenberg_texts/9378.txt,67109,__main__.collect_attribution_observations:260,90
jane_austen,full_books/jane_austen_full.txt;gutenberg_texts/161.txt;gutenberg_texts/1342.txt,gutenberg_texts/9462.txt,67109,__main__.collect_attribution_observations:225,6
jane_austen,full_books/jane_austen_full.txt;gutenberg_texts/161.txt;gutenberg_texts/1342.txt,gutenberg_texts/9462.txt,67109,__main__.collect_attribution_observations:260,90
jane_austen,full_books/jane_austen_full.txt;gutenberg_texts/161.txt;gutenberg_texts/1342.txt,gutenberg_texts/9779.txt,67109,__main__.collect_attribution_observations:225,6
jane_austen,full_books/jane_austen_full.txt;gutenberg_texts/161.txt;gutenberg_texts/1342.txt,gutenberg_texts/98.txt,67109,__main__.collect_attribution_observations:225,12
jane_austen,full_books/jane_austen_full.txt;gutenberg_texts/161.txt;gutenberg_texts/1342.txt,gutenberg_texts/98.txt,67109,__main__.collect_attribution_observations:260,120
jane_austen,gutenberg_texts/161.txt;gutenberg_texts/1342.txt,full_books/agnes_may_fleming_full.txt;full_books/herbert_george_wells_full.txt;full_books/jane_austen_full.txt;gutenberg_texts/12360.txt;gutenberg_texts/1260.txt;gutenberg_texts/1661.txt;gutenberg_texts/16918.txt;gutenberg_texts/174.txt;gutenberg_texts/21107.txt;gutenberg_texts/219.txt;gutenberg_texts/31581.txt;gutenberg_texts/32440.txt;gutenberg_texts/34592.txt;gutenberg_texts/3635.txt;gutenberg_texts/46.txt;gutenberg_texts/54629.txt;gutenberg_texts/74.txt;gutenberg_texts/84.txt;gutenberg_texts/8741.txt;gutenberg_texts/9462.txt,41174,__main__.crossfit_separability:707,2
jane_austen,gutenberg_texts/161.txt;gutenberg_texts/1342.txt,full_books/jane_austen_full.txt,41174,__main__.collect_attribution_observations:225,12
jane_austen,gutenberg_texts/161.txt;gutenberg_texts/1342.txt,full_books/jane_austen_full.txt,41174,__main__.collect_attribution_observations:260,252
john_c_hutcheson,gutenberg_texts/21107.txt;gutenberg_texts/21108.txt,gutenberg_texts/13960.txt;gutenberg_texts/161.txt;gutenberg_texts/18247.txt;gutenberg_texts/18656.txt;gutenberg_texts/24267.txt;gutenberg_texts/244.txt;gutenberg_texts/30486.txt;gutenberg_texts/31589.txt;gutenberg_texts/32331.txt;gutenberg_texts/34832.txt;gutenberg_texts/35.txt;gutenberg_texts/4787.txt;gutenberg_texts/54648.txt;gutenberg_texts/5658.txt;gutenberg_texts/7063.txt;gutenberg_texts/76.txt;gutenberg_texts/773.txt;gutenberg_texts/8874.txt;gutenberg_texts/9378.txt;gutenberg_texts/98.txt,35679,__main__.crossfit_separability:707,2
john_c_hutcheson,gutenberg_texts/21107.txt;gutenberg_texts/21108.txt,gutenberg_texts/24267.txt,35679,__main__.collect_attribution_observations:225,12
john_c_hutcheson,gutenberg_texts/21107.txt;gutenberg_texts/21108.txt,gutenberg_texts/24267.txt,35679,__main__.collect_attribution_observations:260,180
john_c_hutcheson,gutenberg_texts/21107.txt;gutenberg_texts/24267.txt,gutenberg_texts/1342.txt;gutenberg_texts/13547.txt;gutenberg_texts/1400.txt;gutenberg_texts/14522.txt;gutenberg_texts/15238.txt;gutenberg_texts/15317.txt;gutenberg_texts/2021.txt;gutenberg_texts/21108.txt;gutenberg_texts/24589.txt;gutenberg_texts/28301.txt;gutenberg_texts/2852.txt;gutenberg_texts/29824.txt;gutenberg_texts/32059.txt;gutenberg_texts/32542.txt;gutenberg_texts/35082.txt;gutenberg_texts/36.txt;gutenberg_texts/55562.txt;gutenberg_texts/86.txt;gutenberg_texts/9182.txt;gutenberg_texts/9779.txt,28760,__main__.crossfit_separability:707,2
john_c_hutcheson,gutenberg_texts/21107.txt;gutenberg_texts/24267.txt,gutenberg_texts/21108.txt,28760,__main__.collect_attribution_observations:225,12
john_c_hutcheson,gutenberg_texts/21107.txt;gutenberg_texts/24267.txt;gutenberg_texts/21108.txt,full_books/agnes_may_fleming_full.txt,50693,__main__.collect_attribution_observations:225,6
john_c_hutcheson,gutenberg_texts/21107.txt;gutenberg_texts/24267.txt;gutenberg_texts/21108.txt,full_books/agnes_may_fleming_full.txt,50693,__main__.collect_attribution_observations:260,90
john_c_hutcheson,gutenberg_texts/21107.txt;gutenberg_texts/24267.txt;gutenberg_texts/21108.txt,full_books/herbert_george_wells_full.txt,50693,__main__.collect_attribution_observations:225,6
john_c_hutcheson,gutenberg_texts/21107.txt;gutenberg_texts/24267.txt;gutenberg_texts/21108.txt,full_books/herbert_george_wells_full.txt,50693,__main__.collect_attribution_observations:260,90
john_c_hutcheson,gutenberg_texts/21107.txt;gutenberg_texts/24267.txt;gutenberg_texts/21108.txt,full_books/jane_austen_full.txt,50693,__main__.collect_attribution_observations:225,6
john_c_hutcheson,gutenberg_texts/21107.txt;gutenberg_texts/24267.txt;gutenberg_texts/21108.txt,full_books/jane_austen_full.txt,50693,__main__.collect_attribution_observations:260,126
john_c_hutcheson,gutenberg_texts/21107.txt;gutenberg_texts/24267.txt;gutenberg_texts/21108.txt,gutenberg_texts/12360.txt,50693,__main__.collect_attribution_observations:225,12
john_c_hutcheson,gutenberg_texts/21107.txt;gutenberg_texts/24267.txt;gutenberg_texts/21108.txt,gutenberg_texts/12360.txt,50693,__main__.collect_attribution_observations:260,180
john_c_hutcheson,gutenberg_texts/21107.txt;gutenberg_texts/24267.txt;gutenberg_texts/21108.txt,gutenberg_texts/1260.txt,50693,__main__.collect_attribution_observations:225,6
john_c_hutcheson,gutenberg_texts/21107.txt;gutenberg_texts/24267.txt;gutenberg_texts/21108.txt,gutenberg_texts/1260.txt,50693,__main__.collect_attribution_observations:260,90
john_c_hutcheson,gutenberg_texts/21107.txt;gutenberg_texts/24267.txt;gutenberg_texts/21108.txt,gutenberg_texts/1342.txt,50693,__main__.collect_attribution_observations:225,6
john_c_hutcheson,gutenberg_texts/21107.txt;gutenberg_texts/24267.txt;gutenberg_texts/21108.txt,gutenberg_texts/13547.txt,50693,__main__.collect_attribution_observations:225,12
john_c_hutcheson,gutenberg_texts/21107.txt;gutenberg_texts/24267.txt;gutenberg_texts/21108.txt,gutenberg_texts/13960.txt,50693,__main__.collect_attribution_observations:225,12
john_c_hutcheson,gutenberg_texts/21107.txt;gutenberg_texts/24267.txt;gutenberg_texts/21108.txt,gutenberg_texts/13960.txt,50693,__main__.collect_attribution_observations:260,180
john_c_hutcheson,gutenberg_texts/21107.txt;gutenberg_texts/24267.txt;gutenberg_texts/21108.txt,gutenberg_texts/1400.txt,50693,__main__.collect_attribution_observations:225,6
john_c_hutcheson,gutenberg_texts/21107.txt;gutenberg_texts/24267.txt;gutenberg_texts/21108.txt,gutenberg_texts/1400.txt,50693,__main__.collect_attribution_observations:260,54
john_c_hutcheson,gutenberg_texts/21107.txt;gutenberg_texts/24267.txt;gutenberg_texts/21108.txt,gutenberg_texts/14522.txt,50693,__main__.collect_attribution_observations:225,6
john_c_hutcheson,gutenberg_texts/21107.txt;gutenberg_texts/24267.txt;gutenberg_texts/21108.txt,gutenberg_texts/15238.txt,50693,__main__.collect_attribution_observations:225,6
john_c_hutcheson,gutenberg_texts/21107.txt;gutenberg_texts/24267.txt;gutenberg_texts/21108.txt,gutenberg_texts/15317.txt,50693,__main__.collect_attribution_observations:225,6
john_c_hutcheson,gutenberg_texts/21107.txt;gutenberg_texts/24267.txt;gutenberg_texts/21108.txt,gutenberg_texts/161.txt,50693,__main__.collect_attribution_observations:225,6
john_c_hutcheson,gutenberg_texts/21107.txt;gutenberg_texts/24267.txt;gutenberg_texts/21108.txt,gutenberg_texts/161.txt,50693,__main__.collect_attribution_observations:260,54
john_c_hutcheson,gutenberg_texts/21107.txt;gutenberg_texts/24267.txt;gutenberg_texts/21108.txt,gutenberg_texts/1661.txt,50693,__main__.collect_attribution_observations:225,6
john_c_hutcheson,gutenberg_texts/21107.txt;gutenberg_texts/24267.txt;gutenberg_texts/21108.txt,gutenberg_texts/1661.txt,50693,__main__.collect_attribution_observations:260,66
john_c_hutcheson,gutenberg_texts/21107.txt;gutenberg_texts/24267.txt;gutenberg_texts/21108.txt,gutenberg_texts/16918.txt,50693,__main__.collect_attribution_observations:225,12
john_c_hutcheson,gutenberg_texts/21107.txt;gutenberg_texts/24267.txt;gutenberg_texts/21108.txt,gutenberg_texts/16918.txt,50693,__main__.collect_attribution_observations:260,180
john_c_hutcheson,gutenberg_texts/21107.txt;gutenberg_texts/24267.txt;gutenberg_texts/21108.txt,gutenberg_texts/174.txt,50693,__main__.collect_attribution_observations:225,6
john_c_hutcheson,gutenberg_texts/21107.txt;gutenberg_texts/24267.txt;gutenberg_texts/21108.txt,gutenberg_texts/174.txt,50693,__main__.collect_attribution_observations:260,90
john_c_hutcheson,gutenberg_texts/21107.txt;gutenberg_texts/24267.txt;gutenberg_texts/21108.txt,gutenberg_texts/18247.txt,50693,__main__.collect_attribution_observations:225,6
john_c_hutcheson,gutenberg_texts/21107.txt;gutenberg_texts/24267.txt;gutenberg_texts/21108.txt,gutenberg_texts/18247.txt,50693,__main__.collect_attribution_observations:260,90
john_c_hutcheson,gutenberg_texts/21107.txt;gutenberg_texts/24267.txt;gutenberg_texts/21108.txt,gutenberg_texts/18656.txt,50693,__main__.collect_attribution_observations:225,12
john_c_hutcheson,gutenberg_texts/21107.txt;gutenberg_texts/24267.txt;gutenberg_texts/21108.txt,gutenberg_texts/18656.txt,50693,__main__.collect_attribution_observations:260,180
john_c_hutcheson,gutenberg_texts/21107.txt;gutenberg_texts/24267.txt;gutenberg_texts/21108.txt,gutenberg_texts/2021.txt,50693,__main__.collect_attribution_observations:225,6
john_c_hutcheson,gutenberg_texts/21107.txt;gutenberg_texts/24267.txt;gutenberg_texts/21108.txt,gutenberg_texts/219.txt,50693,__main__.collect_attribution_observations:225,6
john_c_hutcheson,gutenberg_texts/21107.txt;gutenberg_texts/24267.txt;gutenberg_texts/21108.txt,gutenberg_texts/219.txt,50693,__main__.collect_attribution_observations:260,90
john_c_hutcheson,gutenberg_texts/21107.txt;gutenberg_texts/24267.txt;gutenberg_texts/21108.txt,gutenberg_texts/244.txt,50693,__main__.collect_attribution_observations:225,6
john_c_hutcheson,gutenberg_texts/21107.txt;gutenberg_texts/24267.txt;gutenberg_texts/21108.txt,gutenberg_texts/244.txt,50693,__main__.collect_attribution_observations:260,60
john_c_hutcheson,gutenberg_texts/21107.txt;gutenberg_texts/24267.txt;gutenberg_texts/21108.txt,gutenberg_texts/24589.txt,50693,__main__.collect_attribution_observations:225,12
john_c_hutcheson,gutenberg_texts/21107.txt;gutenberg_texts/24267.txt;gutenberg_texts/21108.txt,gutenberg_texts/28301.txt,50693,__main__.collect_attribution_observations:225,12
john_c_hutcheson,gutenberg_texts/21107.txt;gutenberg_texts/24267.txt;gutenberg_texts/21108.txt,gutenberg_texts/2852.txt,50693,__main__.collect_attribution_observations:225,6
john_c_hutcheson,gutenberg_texts/21107.txt;gutenberg_texts/24267.txt;gutenberg_texts/21108.txt,gutenberg_texts/2852.txt,50693,__main__.collect_attribution_observations:260,54
john_c_hutcheson,gutenberg_texts/21107.txt;gutenberg_texts/24267.txt;gutenberg_texts/21108.txt,gutenberg_texts/29824.txt,50693,__main__.collect_attribution_observations:225,12
john_c_hutcheson,gutenberg_texts/21107.txt;gutenberg_texts/24267.txt;gutenberg_texts/21108.txt,gutenberg_texts/30486.txt,50693,__main__.collect_attribution_observations:225,6
john_c_hutcheson,gutenberg_texts/21107.txt;gutenberg_texts/24267.txt;gutenberg_texts/21108.txt,gutenberg_texts/30486.txt,50693,__main__.collect_attribution_observations:260,90
john_c_hutcheson,gutenberg_texts/21107.txt;gutenberg_texts/24267.txt;gutenberg_texts/21108.txt,gutenberg_texts/31581.txt,50693,__main__.collect_attribution_observations:225,12
john_c_hutcheson,gutenberg_texts/21107.txt;gutenberg_texts/24267.txt;gutenberg_texts/21108.txt,gutenberg_texts/31581.txt,50693,__main__.collect_attribution_observations:260,180
john_c_hutcheson,gutenberg_texts/21107.txt;gutenberg_texts/24267.txt;gutenberg_texts/21108.txt,gutenberg_texts/31589.txt,50693,__main__.collect_attribution_observations:225,12
john_c_hutcheson,gutenberg_texts/21107.txt;gutenberg_texts/24267.txt;gutenberg_texts/21108.txt,gutenberg_texts/31589.txt,50693,__main__.collect_attribution_observations:260,180
john_c_hutcheson,gutenberg_texts/21107.txt;gutenberg_texts/24267.txt;gutenberg_texts/21108.txt,gutenberg_texts/32059.txt,50693,__main__.collect_attribution_observations:225,12
john_c_hutcheson,gutenberg_texts/21107.txt;gutenberg_texts/24267.txt;gutenberg_texts/21108.txt,gutenberg_texts/32331.txt,50693,__main__.collect_attribution_observations:225,12
john_c_hutcheson,gutenberg_texts/21107.txt;gutenberg_texts/24267.txt;gutenberg_texts/21108.txt,gutenberg_texts/32331.txt,50693,__main__.collect_attribution_observations:260,180
john_c_hutcheson,gutenberg_texts/21107.txt;gutenberg_texts/24267.txt;gutenberg_texts/21108.txt,gutenberg_texts/32440.txt,50693,__main__.collect_attribution_observations:225,12
john_c_hutcheson,gutenberg_texts/21107.txt;gutenberg_texts/24267.txt;gutenberg_texts/21108.txt,gutenberg_texts/32440.txt,50693,__main__.collect_attribution_observations:260,180
john_c_hutcheson,gutenberg_texts/21107.txt;gutenberg_texts/24267.txt;gutenberg_texts/21108.txt,gutenberg_texts/32542.txt,50693,__main__.collect_attribution_observations:225,12
john_c_hutcheson,gutenberg_texts/21107.txt;gutenberg_texts/24267.txt;gutenberg_texts/21108.txt,gutenberg_texts/34592.txt,50693,__main__.collect_attribution_observations:225,12
john_c_hutcheson,gutenberg_texts/21107.txt;gutenberg_texts/24267.txt;gutenberg_texts/21108.txt,gutenberg_texts/34592.txt,50693,__main__.collect_attribution_observations:260,180
john_c_hutcheson,gutenberg_texts/21107.txt;gutenberg_texts/24267.txt;gutenberg_texts/21108.txt,gutenberg_texts/34832.txt,50693,__main__.collect_attribution_observations:225,12
john_c_hutcheson,gutenberg_texts/21107.txt;gutenberg_texts/24267.txt;gutenberg_texts/21108.txt,gutenberg_texts/34832.txt,50693,__main__.collect_attribution_observations:260,180
john_c_hutcheson,gutenberg_texts/21107.txt;gutenberg_texts/24267.txt;gutenberg_texts/21108.txt,gutenberg_texts/35.txt,50693,__main__.collect_attribution_observations:225,6
john_c_hutcheson,gutenberg_texts/21107.txt;gutenberg_texts/24267.txt;gutenberg_texts/21108.txt,gutenberg_texts/35.txt,50693,__main__.collect_attribution_observations:260,90
john_c_hutcheson,gutenberg_texts/21107.txt;gutenberg_texts/24267.txt;gutenberg_texts/21108.txt,gutenberg_texts/35082.txt,50693,__main__.collect_attribution_observations:225,12
john_c_hutcheson,gutenberg_texts/21107.txt;gutenberg_texts/24267.txt;gutenberg_texts/21108.txt,gutenberg_texts/36.txt,50693,__main__.collect_attribution_observations:225,6
john_c_hutcheson,gutenberg_texts/21107.txt;gutenberg_texts/24267.txt;gutenberg_texts/21108.txt,gutenberg_texts/3635.txt,50693,__main__.collect_attribution_observations:225,12
john_c_hutcheson,gutenberg_texts/21107.txt;gutenberg_texts/24267.txt;gutenberg_texts/21108.txt,gutenberg_texts/3635.txt,50693,__main__.collect_attribution_observations:260,180
john_c_hutcheson,gutenberg_texts/21107.txt;gutenberg_texts/24267.txt;gutenberg_texts/21108.txt,gutenberg_texts/46.txt,50693,__main__.collect_attribution_observations:225,6
john_c_hutcheson,gutenberg_texts/21107.txt;gutenberg_texts/24267.txt;gutenberg_texts/21108.txt,gutenberg_texts/46.txt,50693,__main__.collect_attribution_observations:260,66
john_c_hutcheson,gutenberg_texts/21107.txt;gutenberg_texts/24267.txt;gutenberg_texts/21108.txt,gutenberg_texts/4787.txt,50693,__main__.collect_attribution_observations:225,12
john_c_hutcheson,gutenberg_texts/21107.txt;gutenberg_texts/24267.txt;gutenberg_texts/21108.txt,gutenberg_texts/4787.txt,50693,__main__.collect_attribution_observations:260,180
john_c_hutcheson,gutenberg_texts/21107.txt;gutenberg_texts/24267.txt;gutenberg_texts/21108.txt,gutenberg_texts/54629.txt,50693,__main__.collect_attribution_observations:225,12
john_c_hutcheson,gutenberg_texts/21107.txt;gutenberg_texts/24267.txt;gutenberg_texts/21108.txt,gutenberg_texts/54629.txt,50693,__main__.collect_attribution_observations:260,180
john_c_hutcheson,gutenberg_texts/21107.txt;gutenberg_texts/24267.txt;gutenberg_texts/21108.txt,gutenberg_texts/54648.txt,50693,__main__.collect_attribution_observations:225,12
john_c_hutcheson,gutenberg_texts/21107.txt;gutenberg_texts/24267.txt;gutenberg_texts/21108.txt,gutenberg_texts/54648.txt,50693,__main__.collect_attribution_observations:260,180
john_c_hutcheson,gutenberg_texts/21107.txt;gutenberg_texts/24267.txt;gutenberg_texts/21108.txt,gutenberg_texts/55562.txt,50693,__main__.collect_attribution_observations:225,12
john_c_hutcheson,gutenberg_texts/21107.txt;gutenberg_texts/24267.txt;gutenberg_texts/21108.txt,gutenberg_texts/5658.txt,50693,__main__.collect_attribution_observations:225,6
john_c_hutcheson,gutenberg_texts/21107.txt;gutenberg_texts/24267.txt;gutenberg_texts/21108.txt,gutenberg_texts/5658.txt,50693,__main__.collect_attribution_observations:260,90
john_c_hutcheson,gutenberg_texts/21107.txt;gutenberg_texts/24267.txt;gutenberg_texts/21108.txt,gutenberg_texts/7063.txt,50693,__main__.collect_attribution_observations:225,6
john_c_hutcheson,gutenberg_texts/21107.txt;gutenberg_texts/24267.txt;gutenberg_texts/21108.txt,gutenberg_texts/7063.txt,50693,__main__.collect_attribution_observations:260,90
john_c_hutcheson,gutenberg_texts/21107.txt;gutenberg_texts/24267.txt;gutenberg_texts/21108.txt,gutenberg_texts/74.txt,50693,__main__.collect_attribution_observations:225,6
john_c_hutcheson,gutenberg_texts/21107.txt;gutenberg_texts/24267.txt;gutenberg_texts/21108.txt,gutenberg_texts/74.txt,50693,__main__.collect_attribution_observations:260,90
john_c_hutcheson,gutenberg_texts/21107.txt;gutenberg_texts/24267.txt;gutenberg_texts/21108.txt,gutenberg_texts/76.txt,50693,__main__.collect_attribution_observations:225,6
john_c_hutcheson,gutenberg_texts/21107.txt;gutenberg_texts/24267.txt;gutenberg_texts/21108.txt,gutenberg_texts/76.txt,50693,__main__.collect_attribution_observations:260,90
john_c_hutcheson,gutenberg_texts/21107.txt;gutenberg_texts/24267.txt;gutenberg_texts/21108.txt,gutenberg_texts/773.txt,50693,__main__.collect_attribution_observations:225,6
john_c_hutcheson,gutenberg_texts/21107.txt;gutenberg_texts/24267.txt;gutenberg_texts/21108.txt,gutenberg_texts/773.txt,50693,__main__.collect_attribution_observations:260,90
john_c_hutcheson,gutenberg_texts/21107.txt;gutenberg_texts/24267.txt;gutenberg_texts/21108.txt,gutenberg_texts/84.txt,50693,__main__.collect_attribution_observations:225,6
john_c_hutcheson,gutenberg_texts/21107.txt;gutenberg_texts/24267.txt;gutenberg_texts/21108.txt,gutenberg_texts/84.txt,50693,__main__.collect_attribution_observations:260,90
john_c_hutcheson,gutenberg_texts/21107.txt;gutenberg_texts/24267.txt;gutenberg_texts/21108.txt,gutenberg_texts/86.txt,50693,__main__.collect_attribution_observations:225,6
john_c_hutcheson,gutenberg_texts/21107.txt;gutenberg_texts/24267.txt;gutenberg_texts/21108.txt,gutenberg_texts/8741.txt,50693,__main__.collect_attribution_observations:225,12
john_c_hutcheson,gutenberg_texts/21107.txt;gutenberg_texts/24267.txt;gutenberg_texts/21108.txt,gutenberg_texts/8741.txt,50693,__main__.collect_attribution_observations:260,180
john_c_hutcheson,gutenberg_texts/21107.txt;gutenberg_texts/24267.txt;gutenberg_texts/21108.txt,gutenberg_texts/8874.txt,50693,__main__.collect_attribution_observations:225,12
john_c_hutcheson,gutenberg_texts/21107.txt;gutenberg_texts/24267.txt;gutenberg_texts/21108.txt,gutenberg_texts/8874.txt,50693,__main__.collect_attribution_observations:260,180
john_c_hutcheson,gutenberg_texts/21107.txt;gutenberg_texts/24267.txt;gutenberg_texts/21108.txt,gutenberg_texts/9182.txt,50693,__main__.collect_attribution_observations:225,6
john_c_hutcheson,gutenberg_texts/21107.txt;gutenberg_texts/24267.txt;gutenberg_texts/21108.txt,gutenberg_texts/9378.txt,50693,__main__.collect_attribution_observations:225,12
john_c_hutcheson,gutenberg_texts/21107.txt;gutenberg_texts/24267.txt;gutenberg_texts/21108.txt,gutenberg_texts/9378.txt,50693,__main__.collect_attribution_observations:260,180
john_c_hutcheson,gutenberg_texts/21107.txt;gutenberg_texts/24267.txt;gutenberg_texts/21108.txt,gutenberg_texts/9462.txt,50693,__main__.collect_attribution_observations:225,12
john_c_hutcheson,gutenberg_texts/21107.txt;gutenberg_texts/24267.txt;gutenberg_texts/21108.txt,gutenberg_texts/9462.txt,50693,__main__.collect_attribution_observations:260,180
john_c_hutcheson,gutenberg_texts/21107.txt;gutenberg_texts/24267.txt;gutenberg_texts/21108.txt,gutenberg_texts/9779.txt,50693,__main__.collect_attribution_observations:225,12
john_c_hutcheson,gutenberg_texts/21107.txt;gutenberg_texts/24267.txt;gutenberg_texts/21108.txt,gutenberg_texts/98.txt,50693,__main__.collect_attribution_observations:225,6
john_c_hutcheson,gutenberg_texts/21107.txt;gutenberg_texts/24267.txt;gutenberg_texts/21108.txt,gutenberg_texts/98.txt,50693,__main__.collect_attribution_observations:260,60
john_c_hutcheson,gutenberg_texts/24267.txt;gutenberg_texts/21108.txt,full_books/agnes_may_fleming_full.txt;full_books/herbert_george_wells_full.txt;full_books/jane_austen_full.txt;gutenberg_texts/12360.txt;gutenberg_texts/1260.txt;gutenberg_texts/1661.txt;gutenberg_texts/16918.txt;gutenberg_texts/174.txt;gutenberg_texts/21107.txt;gutenberg_texts/219.txt;gutenberg_texts/31581.txt;gutenberg_texts/32440.txt;gutenberg_texts/34592.txt;gutenberg_texts/3635.txt;gutenberg_texts/46.txt;gutenberg_texts/54629.txt;gutenberg_texts/74.txt;gutenberg_texts/84.txt;gutenberg_texts/8741.txt;gutenberg_texts/9462.txt,36947,__main__.crossfit_separability:707,2
john_c_hutcheson,gutenberg_texts/24267.txt;gutenberg_texts/21108.txt,gutenberg_texts/21107.txt,36947,__main__.collect_attribution_observations:225,12
john_c_hutcheson,gutenberg_texts/24267.txt;gutenberg_texts/21108.txt,gutenberg_texts/21107.txt,36947,__main__.collect_attribution_observations:260,180
joseph_conrad,gutenberg_texts/219.txt;gutenberg_texts/2021.txt,gutenberg_texts/13960.txt;gutenberg_texts/161.txt;gutenberg_texts/18247.txt;gutenberg_texts/18656.txt;gutenberg_texts/24267.txt;gutenberg_texts/244.txt;gutenberg_texts/30486.txt;gutenberg_texts/31589.txt;gutenberg_texts/32331.txt;gutenberg_texts/34832.txt;gutenberg_texts/35.txt;gutenberg_texts/4787.txt;gutenberg_texts/54648.txt;gutenberg_texts/5658.txt;gutenberg_texts/7063.txt;gutenberg_texts/76.txt;gutenberg_texts/773.txt;gutenberg_texts/8874.txt;gutenberg_texts/9378.txt;gutenberg_texts/98.txt,33076,__main__.crossfit_separability:707,2
joseph_conrad,gutenberg_texts/219.txt;gutenberg_texts/2021.txt,gutenberg_texts/5658.txt,33076,__main__.collect_attribution_observations:225,12
joseph_conrad,gutenberg_texts/219.txt;gutenberg_texts/2021.txt,gutenberg_texts/5658.txt,33076,__main__.collect_attribution_observations:260,180
joseph_conrad,gutenberg_texts/219.txt;gutenberg_texts/5658.txt,gutenberg_texts/1342.txt;gutenberg_texts/13547.txt;gutenberg_texts/1400.txt;gutenberg_texts/14522.txt;gutenberg_texts/15238.txt;gutenberg_texts/15317.txt;gutenberg_texts/2021.txt;gutenberg_texts/21108.txt;gutenberg_texts/24589.txt;gutenberg_texts/28301.txt;gutenberg_texts/2852.txt;gutenberg_texts/29824.txt;gutenberg_texts/32059.txt;gutenberg_texts/32542.txt;gutenberg_texts/35082.txt;gutenberg_texts/36.txt;gutenberg_texts/55562.txt;gutenberg_texts/86.txt;gutenberg_texts/9182.txt;gutenberg_texts/9779.txt,27655,__main__.crossfit_separability:707,2
joseph_conrad,gutenberg_texts/219.txt;gutenberg_texts/5658.txt,gutenberg_texts/2021.txt,27655,__main__.collect_attribution_observations:225,12
joseph_conrad,gutenberg_texts/219.txt;gutenberg_texts/5658.txt;gutenberg_texts/2021.txt,full_books/agnes_may_fleming_full.txt,54951,__main__.collect_attribution_observations:225,12
joseph_conrad,gutenberg_texts/219.txt;gutenberg_texts/5658.txt;gutenberg_texts/2021.txt,full_books/agnes_may_fleming_full.txt,54951,__main__.collect_attribution_observations:260,180
joseph_conrad,gutenberg_texts/219.txt;gutenberg_texts/5658.txt;gutenberg_texts/2021.txt,full_books/herbert_george_wells_full.txt,54951,__main__.collect_attribution_observations:225,12
joseph_conrad,gutenberg_texts/219.txt;gutenberg_texts/5658.txt;gutenberg_texts/2021.txt,full_books/herbert_george_wells_full.txt,54951,__main__.collect_attribution_observations:260,180
joseph_conrad,gutenberg_texts/219.txt;gutenberg_texts/5658.txt;gutenberg_texts/2021.txt,full_books/jane_austen_full.txt,54951,__main__.collect_attribution_observations:225,12
joseph_conrad,gutenberg_texts/219.txt;gutenberg_texts/5658.txt;gutenberg_texts/2021.txt,full_books/jane_austen_full.txt,54951,__main__.collect_attribution_observations:260,252
joseph_conrad,gutenberg_texts/219.txt;gutenberg_texts/5658.txt;gutenberg_texts/2021.txt,gutenberg_texts/12360.txt,54951,__main__.collect_attribution_observations:225,6
joseph_conrad,gutenberg_texts/219.txt;gutenberg_texts/5658.txt;gutenberg_texts/2021.txt,gutenberg_texts/12360.txt,54951,__main__.collect_attribution_observations:260,90
joseph_conrad,gutenberg_texts/219.txt;gutenberg_texts/5658.txt;gutenberg_texts/2021.txt,gutenberg_texts/1260.txt,54951,__main__.collect_attribution_observations:225,12
joseph_conrad,gutenberg_texts/219.txt;gutenberg_texts/5658.txt;gutenberg_texts/2021.txt,gutenberg_texts/1260.txt,54951,__main__.collect_attribution_observations:260,180
joseph_conrad,gutenberg_texts/219.txt;gutenberg_texts/5658.txt;gutenberg_texts/2021.txt,gutenberg_texts/1342.txt,54951,__main__.collect_attribution_observations:225,12
joseph_conrad,gutenberg_texts/219.txt;gutenberg_texts/5658.txt;gutenberg_texts/2021.txt,gutenberg_texts/13547.txt,54951,__main__.collect_attribution_observations:225,6
joseph_conrad,gutenberg_texts/219.txt;gutenberg_texts/5658.txt;gutenberg_texts/2021.txt,gutenberg_texts/13960.txt,54951,__main__.collect_attribution_observations:225,6
joseph_conrad,gutenberg_texts/219.txt;gutenberg_texts/5658.txt;gutenberg_texts/2021.txt,gutenberg_texts/13960.txt,54951,__main__.collect_attribution_observations:260,90
joseph_conrad,gutenberg_texts/219.txt;gutenberg_texts/5658.txt;gutenberg_texts/2021.txt,gutenberg_texts/1400.txt,54951,__main__.collect_attribution_observations:225,12
joseph_conrad,gutenberg_texts/219.txt;gutenberg_texts/5658.txt;gutenberg_texts/2021.txt,gutenberg_texts/1400.txt,54951,__main__.collect_attribution_observations:260,108
joseph_conrad,gutenberg_texts/219.txt;gutenberg_texts/5658.txt;gutenberg_texts/2021.txt,gutenberg_texts/14522.txt,54951,__main__.collect_attribution_observations:225,12
joseph_conrad,gutenberg_texts/219.txt;gutenberg_texts/5658.txt;gutenberg_texts/2021.txt,gutenberg_texts/15238.txt,54951,__main__.collect_attribution_observations:225,12
joseph_conrad,gutenberg_texts/219.txt;gutenberg_texts/5658.txt;gutenberg_texts/2021.txt,gutenberg_texts/15317.txt,54951,__main__.collect_attribution_observations:225,12
joseph_conrad,gutenberg_texts/219.txt;gutenberg_texts/5658.txt;gutenberg_texts/2021.txt,gutenberg_texts/161.txt,54951,__main__.collect_attribution_observations:225,12
joseph_conrad,gutenberg_texts/219.txt;gutenberg_texts/5658.txt;gutenberg_texts/2021.txt,gutenberg_texts/161.txt,54951,__main__.collect_attribution_observations:260,108
joseph_conrad,gutenberg_texts/219.txt;gutenberg_texts/5658.txt;gutenberg_texts/2021.txt,gutenberg_texts/1661.txt,54951,__main__.collect_attribution_observations:225,12
joseph_conrad,gutenberg_texts/219.txt;gutenberg_texts/5658.txt;gutenberg_texts/2021.txt,gutenberg_texts/1661.txt,54951,__main__.collect_attribution_observations:260,132
joseph_conrad,gutenberg_texts/219.txt;gutenberg_texts/5658.txt;gutenberg_texts/2021.txt,gutenberg_texts/16918.txt,54951,__main__.collect_attribution_observations:225,6
joseph_conrad,gutenberg_texts/219.txt;gutenberg_texts/5658.txt;gutenberg_texts/2021.txt,gutenberg_texts/16918.txt,54951,__main__.collect_attribution_observations:260,90
joseph_conrad,gutenberg_texts/219.txt;gutenberg_texts/5658.txt;gutenberg_texts/2021.txt,gutenberg_texts/174.txt,54951,__main__.collect_attribution_observations:225,12
joseph_conrad,gutenberg_texts/219.txt;gutenberg_texts/5658.txt;gutenberg_texts/2021.txt,gutenberg_texts/174.txt,54951,__main__.collect_attribution_observations:260,180
joseph_conrad,gutenberg_texts/219.txt;gutenberg_texts/5658.txt;gutenberg_texts/2021.txt,gutenberg_texts/18247.txt,54951,__main__.collect_attribution_observations:225,12
joseph_conrad,gutenberg_texts/219.txt;gutenberg_texts/5658.txt;gutenberg_texts/2021.txt,gutenberg_texts/18247.txt,54951,__main__.collect_attribution_observations:260,180
joseph_conrad,gutenberg_texts/219.txt;gutenberg_texts/5658.txt;gutenberg_texts/2021.txt,gutenberg_texts/18656.txt,54951,__main__.collect_attribution_observations:225,6
joseph_conrad,gutenberg_texts/219.txt;gutenberg_texts/5658.txt;gutenberg_texts/2021.txt,gutenberg_texts/18656.txt,54951,__main__.collect_attribution_observations:260,90
joseph_conrad,gutenberg_texts/219.txt;gutenberg_texts/5658.txt;gutenberg_texts/2021.txt,gutenberg_texts/21107.txt,54951,__main__.collect_attribution_observations:225,6
joseph_conrad,gutenberg_texts/219.txt;gutenberg_texts/5658.txt;gutenberg_texts/2021.txt,gutenberg_texts/21107.txt,54951,__main__.collect_attribution_observations:260,90
joseph_conrad,gutenberg_texts/219.txt;gutenberg_texts/5658.txt;gutenberg_texts/2021.txt,gutenberg_texts/21108.txt,54951,__main__.collect_attribution_observations:225,6
joseph_conrad,gutenberg_texts/219.txt;gutenberg_texts/5658.txt;gutenberg_texts/2021.txt,gutenberg_texts/24267.txt,54951,__main__.collect_attribution_observations:225,6
joseph_conrad,gutenberg_texts/219.txt;gutenberg_texts/5658.txt;gutenberg_texts/2021.txt,gutenberg_texts/24267.txt,54951,__main__.collect_attribution_observations:260,90
joseph_conrad,gutenberg_texts/219.txt;gutenberg_texts/5658.txt;gutenberg_texts/2021.txt,gutenberg_texts/244.txt,54951,__main__.collect_attribution_observations:225,12
joseph_conrad,gutenberg_texts/219.txt;gutenberg_texts/5658.txt;gutenberg_texts/2021.txt,gutenberg_texts/244.txt,54951,__main__.collect_attribution_observations:260,120
joseph_conrad,gutenberg_texts/219.txt;gutenberg_texts/5658.txt;gutenberg_texts/2021.txt,gutenberg_texts/24589.txt,54951,__main__.collect_attribution_observations:225,6
joseph_conrad,gutenberg_texts/219.txt;gutenberg_texts/5658.txt;gutenberg_texts/2021.txt,gutenberg_texts/28301.txt,54951,__main__.collect_attribution_observations:225,6
joseph_conrad,gutenberg_texts/219.txt;gutenberg_texts/5658.txt;gutenberg_texts/2021.txt,gutenberg_texts/2852.txt,54951,__main__.collect_attribution_observations:225,12
joseph_conrad,gutenberg_texts/219.txt;gutenberg_texts/5658.txt;gutenberg_texts/2021.txt,gutenberg_texts/2852.txt,54951,__main__.collect_attribution_observations:260,108
joseph_conrad,gutenberg_texts/219.txt;gutenberg_texts/5658.txt;gutenberg_texts/2021.txt,gutenberg_texts/29824.txt,54951,__main__.collect_attribution_observations:225,6
joseph_conrad,gutenberg_texts/219.txt;gutenberg_texts/5658.txt;gutenberg_texts/2021.txt,gutenberg_texts/30486.txt,54951,__main__.collect_attribution_observations:225,12
joseph_conrad,gutenberg_texts/219.txt;gutenberg_texts/5658.txt;gutenberg_texts/2021.txt,gutenberg_texts/30486.txt,54951,__main__.collect_attribution_observations:260,180
joseph_conrad,gutenberg_texts/219.txt;gutenberg_texts/5658.txt;gutenberg_texts/2021.txt,gutenberg_texts/31581.txt,54951,__main__.collect_attribution_observations:225,6
joseph_conrad,gutenberg_texts/219.txt;gutenberg_texts/5658.txt;gutenberg_texts/2021.txt,gutenberg_texts/31581.txt,54951,__main__.collect_attribution_observations:260,90
joseph_conrad,gutenberg_texts/219.txt;gutenberg_texts/5658.txt;gutenberg_texts/2021.txt,gutenberg_texts/31589.txt,54951,__main__.collect_attribution_observations:225,6
joseph_conrad,gutenberg_texts/219.txt;gutenberg_texts/5658.txt;gutenberg_texts/2021.txt,gutenberg_texts/31589.txt,54951,__main__.collect_attribution_observations:260,90
joseph_conrad,gutenberg_texts/219.txt;gutenberg_texts/5658.txt;gutenberg_texts/2021.txt,gutenberg_texts/32059.txt,54951,__main__.collect_attribution_observations:225,6
joseph_conrad,gutenberg_texts/219.txt;gutenberg_texts/5658.txt;gutenberg_texts/2021.txt,gutenberg_texts/32331.txt,54951,__main__.collect_attribution_observations:225,6
joseph_conrad,gutenberg_texts/219.txt;gutenberg_texts/5658.txt;gutenberg_texts/2021.txt,gutenberg_texts/32331.txt,54951,__main__.collect_attribution_observations:260,90
joseph_conrad,gutenberg_texts/219.txt;gutenberg_texts/5658.txt;gutenberg_texts/2021.txt,gutenberg_texts/32440.txt,54951,__main__.collect_attribution_observations:225,6
joseph_conrad,gutenberg_texts/219.txt;gutenberg_texts/5658.txt;gutenberg_texts/2021.txt,gutenberg_texts/32440.txt,54951,__main__.collect_attribution_observations:260,90
joseph_conrad,gutenberg_texts/219.txt;gutenberg_texts/5658.txt;gutenberg_texts/2021.txt,gutenberg_texts/32542.txt,54951,__main__.collect_attribution_observations:225,6
joseph_conrad,gutenberg_texts/219.txt;gutenberg_texts/5658.txt;gutenberg_texts/2021.txt,gutenberg_texts/34592.txt,54951,__main__.collect_attribution_observations:225,6
joseph_conrad,gutenberg_texts/219.txt;gutenberg_texts/5658.txt;gutenberg_texts/2021.txt,gutenberg_texts/34592.txt,54951,__main__.collect_attribution_observations:260,90
joseph_conrad,gutenberg_texts/219.txt;gutenberg_texts/5658.txt;gutenberg_texts/2021.txt,gutenberg_texts/34832.txt,54951,__main__.collect_attribution_observations:225,6
joseph_conrad,gutenberg_texts/219.txt;gutenberg_texts/5658.txt;gutenberg_texts/2021.txt,gutenberg_texts/34832.txt,54951,__main__.collect_attribution_observations:260,90
joseph_conrad,gutenberg_texts/219.txt;gutenberg_texts/5658.txt;gutenberg_texts/2021.txt,gutenberg_texts/35.txt,54951,__main__.collect_attribution_observations:225,12
joseph_conrad,gutenberg_texts/219.txt;gutenberg_texts/5658.txt;gutenberg_texts/2021.txt,gutenberg_texts/35.txt,54951,__main__.collect_attribution_observations:260,180
joseph_conrad,gutenberg_texts/219.txt;gutenberg_texts/5658.txt;gutenberg_texts/2021.txt,gutenberg_texts/35082.txt,54951,__main__.collect_attribution_observations:225,6
joseph_conrad,gutenberg_texts/219.txt;gutenberg_texts/5658.txt;gutenberg_texts/2021.txt,gutenberg_texts/36.txt,54951,__main__.collect_attribution_observations:225,12
joseph_conrad,gutenberg_texts/219.txt;gutenberg_texts/5658.txt;gutenberg_texts/2021.txt,gutenberg_texts/3635.txt,54951,__main__.collect_attribution_observations:225,6
joseph_conrad,gutenberg_texts/219.txt;gutenberg_texts/5658.txt;gutenberg_texts/2021.txt,gutenberg_texts/3635.txt,54951,__main__.collect_attribution_observations:260,90
joseph_conrad,gutenberg_texts/219.txt;gutenberg_texts/5658.txt;gutenberg_texts/2021.txt,gutenberg_texts/46.txt,54951,__main__.collect_attribution_observations:225,12
joseph_conrad,gutenberg_texts/219.txt;gutenberg_texts/5658.txt;gutenberg_texts/2021.txt,gutenberg_texts/46.txt,54951,__main__.collect_attribution_observations:260,132
joseph_conrad,gutenberg_texts/219.txt;gutenberg_texts/5658.txt;gutenberg_texts/2021.txt,gutenberg_texts/4787.txt,54951,__main__.collect_attribution_observations:225,6
joseph_conrad,gutenberg_texts/219.txt;gutenberg_texts/5658.txt;gutenberg_texts/2021.txt,gutenberg_texts/4787.txt,54951,__main__.collect_attribution_observations:260,90
joseph_conrad,gutenberg_texts/219.txt;gutenberg_texts/5658.txt;gutenberg_texts/2021.txt,gutenberg_texts/54629.txt,54951,__main__.collect_attribution_observations:225,6
joseph_conrad,gutenberg_texts/219.txt;gutenberg_texts/5658.txt;gutenberg_texts/2021.txt,gutenberg_texts/54629.txt,54951,__main__.collect_attribution_observations:260,90
joseph_conrad,gutenberg_texts/219.txt;gutenberg_texts/5658.txt;gutenberg_texts/2021.txt,gutenberg_texts/54648.txt,54951,__main__.collect_attribution_observations:225,6
joseph_conrad,gutenberg_texts/219.txt;gutenberg_texts/5658.txt;gutenberg_texts/2021.txt,gutenberg_texts/54648.txt,54951,__main__.collect_attribution_observations:260,90
joseph_conrad,gutenberg_texts/219.txt;gutenberg_texts/5658.txt;gutenberg_texts/2021.txt,gutenberg_texts/55562.txt,54951,__main__.collect_attribution_observations:225,6
joseph_conrad,gutenberg_texts/219.txt;gutenberg_texts/5658.txt;gutenberg_texts/2021.txt,gutenberg_texts/7063.txt,54951,__main__.collect_attribution_observations:225,12
joseph_conrad,gutenberg_texts/219.txt;gutenberg_texts/5658.txt;gutenberg_texts/2021.txt,gutenberg_texts/7063.txt,54951,__main__.collect_attribution_observations:260,180
joseph_conrad,gutenberg_texts/219.txt;gutenberg_texts/5658.txt;gutenberg_texts/2021.txt,gutenberg_texts/74.txt,54951,__main__.collect_attribution_observations:225,12
joseph_conrad,gutenberg_texts/219.txt;gutenberg_texts/5658.txt;gutenberg_texts/2021.txt,gutenberg_texts/74.txt,54951,__main__.collect_attribution_observations:260,180
joseph_conrad,gutenberg_texts/219.txt;gutenberg_texts/5658.txt;gutenberg_texts/2021.txt,gutenberg_texts/76.txt,54951,__main__.collect_attribution_observations:225,12
joseph_conrad,gutenberg_texts/219.txt;gutenberg_texts/5658.txt;gutenberg_texts/2021.txt,gutenberg_texts/76.txt,54951,__main__.collect_attribution_observations:260,180
joseph_conrad,gutenberg_texts/219.txt;gutenberg_texts/5658.txt;gutenberg_texts/2021.txt,gutenberg_texts/773.txt,54951,__main__.collect_attribution_observations:225,12
joseph_conrad,gutenberg_texts/219.txt;gutenberg_texts/5658.txt;gutenberg_texts/2021.txt,gutenberg_texts/773.txt,54951,__main__.collect_attribution_observations:260,180
joseph_conrad,gutenberg_texts/219.txt;gutenberg_texts/5658.txt;gutenberg_texts/2021.txt,gutenberg_texts/84.txt,54951,__main__.collect_attribution_observations:225,12
joseph_conrad,gutenberg_texts/219.txt;gutenberg_texts/5658.txt;gutenberg_texts/2021.txt,gutenberg_texts/84.txt,54951,__main__.collect_attribution_observations:260,180
joseph_conrad,gutenberg_texts/219.txt;gutenberg_texts/5658.txt;gutenberg_texts/2021.txt,gutenberg_texts/86.txt,54951,__main__.collect_attribution_observations:225,12
joseph_conrad,gutenberg_texts/219.txt;gutenberg_texts/5658.txt;gutenberg_texts/2021.txt,gutenberg_texts/8741.txt,54951,__main__.collect_attribution_observations:225,6
joseph_conrad,gutenberg_texts/219.txt;gutenberg_texts/5658.txt;gutenberg_texts/2021.txt,gutenberg_texts/8741.txt,54951,__main__.collect_attribution_observations:260,90
joseph_conrad,gutenberg_texts/219.txt;gutenberg_texts/5658.txt;gutenberg_texts/2021.txt,gutenberg_texts/8874.txt,54951,__main__.collect_attribution_observations:225,6
joseph_conrad,gutenberg_texts/219.txt;gutenberg_texts/5658.txt;gutenberg_texts/2021.txt,gutenberg_texts/8874.txt,54951,__main__.collect_attribution_observations:260,90
joseph_conrad,gutenberg_texts/219.txt;gutenberg_texts/5658.txt;gutenberg_texts/2021.txt,gutenberg_texts/9182.txt,54951,__main__.collect_attribution_observations:225,12
joseph_conrad,gutenberg_texts/219.txt;gutenberg_texts/5658.txt;gutenberg_texts/2021.txt,gutenberg_texts/9378.txt,54951,__main__.collect_attribution_observations:225,6
joseph_conrad,gutenberg_texts/219.txt;gutenberg_texts/5658.txt;gutenberg_texts/2021.txt,gutenberg_texts/9378.txt,54951,__main__.collect_attribution_observations:260,90
joseph_conrad,gutenberg_texts/219.txt;gutenberg_texts/5658.txt;gutenberg_texts/2021.txt,gutenberg_texts/9462.txt,54951,__main__.collect_attribution_observations:225,6
joseph_conrad,gutenberg_texts/219.txt;gutenberg_texts/5658.txt;gutenberg_texts/2021.txt,gutenberg_texts/9462.txt,54951,__main__.collect_attribution_observations:260,90
joseph_conrad,gutenberg_texts/219.txt;gutenberg_texts/5658.txt;gutenberg_texts/2021.txt,gutenberg_texts/9779.txt,54951,__main__.collect_attribution_observations:225,6
joseph_conrad,gutenberg_texts/219.txt;gutenberg_texts/5658.txt;gutenberg_texts/2021.txt,gutenberg_texts/98.txt,54951,__main__.collect_attribution_observations:225,12
joseph_conrad,gutenberg_texts/219.txt;gutenberg_texts/5658.txt;gutenberg_texts/2021.txt,gutenberg_texts/98.txt,54951,__main__.collect_attribution_observations:260,120
joseph_conrad,gutenberg_texts/5658.txt;gutenberg_texts/2021.txt,full_books/agnes_may_fleming_full.txt;full_books/herbert_george_wells_full.txt;full_books/jane_austen_full.txt;gutenberg_texts/12360.txt;gutenberg_texts/1260.txt;gutenberg_texts/1661.txt;gutenberg_texts/16918.txt;gutenberg_texts/174.txt;gutenberg_texts/21107.txt;gutenberg_texts/219.txt;gutenberg_texts/31581.txt;gutenberg_texts/32440.txt;gutenberg_texts/34592.txt;gutenberg_texts/3635.txt;gutenberg_texts/46.txt;gutenberg_texts/54629.txt;gutenberg_texts/74.txt;gutenberg_texts/84.txt;gutenberg_texts/8741.txt;gutenberg_texts/9462.txt,49171,__main__.crossfit_separability:707,2
joseph_conrad,gutenberg_texts/5658.txt;gutenberg_texts/2021.txt,gutenberg_texts/219.txt,49171,__main__.collect_attribution_observations:225,12
joseph_conrad,gutenberg_texts/5658.txt;gutenberg_texts/2021.txt,gutenberg_texts/219.txt,49171,__main__.collect_attribution_observations:260,180
kathleen_thompson_norris,gutenberg_texts/3635.txt;gutenberg_texts/28301.txt,gutenberg_texts/13960.txt;gutenberg_texts/161.txt;gutenberg_texts/18247.txt;gutenberg_texts/18656.txt;gutenberg_texts/24267.txt;gutenberg_texts/244.txt;gutenberg_texts/30486.txt;gutenberg_texts/31589.txt;gutenberg_texts/32331.txt;gutenberg_texts/34832.txt;gutenberg_texts/35.txt;gutenberg_texts/4787.txt;gutenberg_texts/54648.txt;gutenberg_texts/5658.txt;gutenberg_texts/7063.txt;gutenberg_texts/76.txt;gutenberg_texts/773.txt;gutenberg_texts/8874.txt;gutenberg_texts/9378.txt;gutenberg_texts/98.txt,25225,__main__.crossfit_separability:707,2
kathleen_thompson_norris,gutenberg_texts/3635.txt;gutenberg_texts/28301.txt,gutenberg_texts/4787.txt,25225,__main__.collect_attribution_observations:225,12
kathleen_thompson_norris,gutenberg_texts/3635.txt;gutenberg_texts/28301.txt,gutenberg_texts/4787.txt,25225,__main__.collect_attribution_observations:260,180
kathleen_thompson_norris,gutenberg_texts/3635.txt;gutenberg_texts/4787.txt,gutenberg_texts/1342.txt;gutenberg_texts/13547.txt;gutenberg_texts/1400.txt;gutenberg_texts/14522.txt;gutenberg_texts/15238.txt;gutenberg_texts/15317.txt;gutenberg_texts/2021.txt;gutenberg_texts/21108.txt;gutenberg_texts/24589.txt;gutenberg_texts/28301.txt;gutenberg_texts/2852.txt;gutenberg_texts/29824.txt;gutenberg_texts/32059.txt;gutenberg_texts/32542.txt;gutenberg_texts/35082.txt;gutenberg_texts/36.txt;gutenberg_texts/55562.txt;gutenberg_texts/86.txt;gutenberg_texts/9182.txt;gutenberg_texts/9779.txt,36316,__main__.crossfit_separability:707,2
kathleen_thompson_norris,gutenberg_texts/3635.txt;gutenberg_texts/4787.txt,gutenberg_texts/28301.txt,36316,__main__.collect_attribution_observations:225,12
kathleen_thompson_norris,gutenberg_texts/3635.txt;gutenberg_texts/4787.txt;gutenberg_texts/28301.txt,full_books/agnes_may_fleming_full.txt,55096,__main__.collect_attribution_observations:225,6
kathleen_thompson_norris,gutenberg_texts/3635.txt;gutenberg_texts/4787.txt;gutenberg_texts/28301.txt,full_books/agnes_may_fleming_full.txt,55096,__main__.collect_attribution_observations:260,90
kathleen_thompson_norris,gutenberg_texts/3635.txt;gutenberg_texts/4787.txt;gutenberg_texts/28301.txt,full_books/herbert_george_wells_full.txt,55096,__main__.collect_attribution_observations:225,6
kathleen_thompson_norris,gutenberg_texts/3635.txt;gutenberg_texts/4787.txt;gutenberg_texts/28301.txt,full_books/herbert_george_wells_full.txt,55096,__main__.collect_attribution_observations:260,90
kathleen_thompson_norris,gutenberg_texts/3635.txt;gutenberg_texts/4787.txt;gutenberg_texts/28301.txt,full_books/jane_austen_full.txt,55096,__main__.collect_attribution_observations:225,6
kathleen_thompson_norris,gutenberg_texts/3635.txt;gutenberg_texts/4787.txt;gutenberg_texts/28301.txt,full_books/jane_austen_full.txt,55096,__main__.collect_attribution_observations:260,126
kathleen_thompson_norris,gutenberg_texts/3635.txt;gutenberg_texts/4787.txt;gutenberg_texts/28301.txt,gutenberg_texts/12360.txt,55096,__main__.collect_attribution_observations:225,12
kathleen_thompson_norris,gutenberg_texts/3635.txt;gutenberg_texts/4787.txt;gutenberg_texts/28301.txt,gutenberg_texts/12360.txt,55096,__main__.collect_attribution_observations:260,180
kathleen_thompson_norris,gutenberg_texts/3635.txt;gutenberg_texts/4787.txt;gutenberg_texts/28301.txt,gutenberg_texts/1260.txt,55096,__main__.collect_attribution_observations:225,6
kathleen_thompson_norris,gutenberg_texts/3635.txt;gutenberg_texts/4787.txt;gutenberg_texts/28301.txt,gutenberg_texts/1260.txt,55096,__main__.collect_attribution_observations:260,90
kathleen_thompson_norris,gutenberg_texts/3635.txt;gutenberg_texts/4787.txt;gutenberg_texts/28301.txt,gutenberg_texts/1342.txt,55096,__main__.collect_attribution_observations:225,6
kathleen_thompson_norris,gutenberg_texts/3635.txt;gutenberg_texts/4787.txt;gutenberg_texts/28301.txt,gutenberg_texts/13547.txt,55096,__main__.collect_attribution_observations:225,12
kathleen_thompson_norris,gutenberg_texts/3635.txt;gutenberg_texts/4787.txt;gutenberg_texts/28301.txt,gutenberg_texts/13960.txt,55096,__main__.collect_attribution_observations:225,12
kathleen_thompson_norris,gutenberg_texts/3635.txt;gutenberg_texts/4787.txt;gutenberg_texts/28301.txt,gutenberg_texts/13960.txt,55096,__main__.collect_attribution_observations:260,180
kathleen_thompson_norris,gutenberg_texts/3635.txt;gutenberg_texts/4787.txt;gutenberg_texts/28301.txt,gutenberg_texts/1400.txt,55096,__main__.collect_attribution_observations:225,6
kathleen_thompson_norris,gutenberg_texts/3635.txt;gutenberg_texts/4787.txt;gutenberg_texts/28301.txt,gutenberg_texts/1400.txt,55096,__main__.collect_attribution_observations:260,54
kathleen_thompson_norris,gutenberg_texts/3635.txt;gutenberg_texts/4787.txt;gutenberg_texts/28301.txt,gutenberg_texts/14522.txt,55096,__main__.collect_attribution_observations:225,6
kathleen_thompson_norris,gutenberg_texts/3635.txt;gutenberg_texts/4787.txt;gutenberg_texts/28301.txt,gutenberg_texts/15238.txt,55096,__main__.collect_attribution_observations:225,6
kathleen_thompson_norris,gutenberg_texts/3635.txt;gutenberg_texts/4787.txt;gutenberg_texts/28301.txt,gutenberg_texts/15317.txt,55096,__main__.collect_attribution_observations:225,6
kathleen_thompson_norris,gutenberg_texts/3635.txt;gutenberg_texts/4787.txt;gutenberg_texts/28301.txt,gutenberg_texts/161.txt,55096,__main__.collect_attribution_observations:225,6
kathleen_thompson_norris,gutenberg_texts/3635.txt;gutenberg_texts/4787.txt;gutenberg_texts/28301.txt,gutenberg_texts/161.txt,55096,__main__.collect_attribution_observations:260,54
kathleen_thompson_norris,gutenberg_texts/3635.txt;gutenberg_texts/4787.txt;gutenberg_texts/28301.txt,gutenberg_texts/1661.txt,55096,__main__.collect_attribution_observations:225,6
kathleen_thompson_norris,gutenberg_texts/3635.txt;gutenberg_texts/4787.txt;gutenberg_texts/28301.txt,gutenberg_texts/1661.txt,55096,__main__.collect_attribution_observations:260,66
kathleen_thompson_norris,gutenberg_texts/3635.txt;gutenberg_texts/4787.txt;gutenberg_texts/28301.txt,gutenberg_texts/16918.txt,55096,__main__.collect_attribution_observations:225,12
kathleen_thompson_norris,gutenberg_texts/3635.txt;gutenberg_texts/4787.txt;gutenberg_texts/28301.txt,gutenberg_texts/16918.txt,55096,__main__.collect_attribution_observations:260,180
kathleen_thompson_norris,gutenberg_texts/3635.txt;gutenberg_texts/4787.txt;gutenberg_texts/28301.txt,gutenberg_texts/174.txt,55096,__main__.collect_attribution_observations:225,6
kathleen_thompson_norris,gutenberg_texts/3635.txt;gutenberg_texts/4787.txt;gutenberg_texts/28301.txt,gutenberg_texts/174.txt,55096,__main__.collect_attribution_observations:260,90
kathleen_thompson_norris,gutenberg_texts/3635.txt;gutenberg_texts/4787.txt;gutenberg_texts/28301.txt,gutenberg_texts/18247.txt,55096,__main__.collect_attribution_observations:225,6
kathleen_thompson_norris,gutenberg_texts/3635.txt;gutenberg_texts/4787.txt;gutenberg_texts/28301.txt,gutenberg_texts/18247.txt,55096,__main__.collect_attribution_observations:260,90
kathleen_thompson_norris,gutenberg_texts/3635.txt;gutenberg_texts/4787.txt;gutenberg_texts/28301.txt,gutenberg_texts/18656.txt,55096,__main__.collect_attribution_observations:225,12
kathleen_thompson_norris,gutenberg_texts/3635.txt;gutenberg_texts/4787.txt;gutenberg_texts/28301.txt,gutenberg_texts/18656.txt,55096,__main__.collect_attribution_observations:260,180
kathleen_thompson_norris,gutenberg_texts/3635.txt;gutenberg_texts/4787.txt;gutenberg_texts/28301.txt,gutenberg_texts/2021.txt,55096,__main__.collect_attribution_observations:225,6
kathleen_thompson_norris,gutenberg_texts/3635.txt;gutenberg_texts/4787.txt;gutenberg_texts/28301.txt,gutenberg_texts/21107.txt,55096,__main__.collect_attribution_observations:225,12
kathleen_thompson_norris,gutenberg_texts/3635.txt;gutenberg_texts/4787.txt;gutenberg_texts/28301.txt,gutenberg_texts/21107.txt,55096,__main__.collect_attribution_observations:260,180
kathleen_thompson_norris,gutenberg_texts/3635.txt;gutenberg_texts/4787.txt;gutenberg_texts/28301.txt,gutenberg_texts/21108.txt,55096,__main__.collect_attribution_observations:225,12
kathleen_thompson_norris,gutenberg_texts/3635.txt;gutenberg_texts/4787.txt;gutenberg_texts/28301.txt,gutenberg_texts/219.txt,55096,__main__.collect_attribution_observations:225,6
kathleen_thompson_norris,gutenberg_texts/3635.txt;gutenberg_texts/4787.txt;gutenberg_texts/28301.txt,gutenberg_texts/219.txt,55096,__main__.collect_attribution_observations:260,90
kathleen_thompson_norris,gutenberg_texts/3635.txt;gutenberg_texts/4787.txt;gutenberg_texts/28301.txt,gutenberg_texts/24267.txt,55096,__main__.collect_attribution_observations:225,12
kathleen_thompson_norris,gutenberg_texts/3635.txt;gutenberg_texts/4787.txt;gutenberg_texts/28301.txt,gutenberg_texts/24267.txt,55096,__main__.collect_attribution_observations:260,180
kathleen_thompson_norris,gutenberg_texts/3635.txt;gutenberg_texts/4787.txt;gutenberg_texts/28301.txt,gutenberg_texts/244.txt,55096,__main__.collect_attribution_observations:225,6
kathleen_thompson_norris,gutenberg_texts/3635.txt;gutenberg_texts/4787.txt;gutenberg_texts/28301.txt,gutenberg_texts/244.txt,55096,__main__.collect_attribution_observations:260,60
kathleen_thompson_norris,gutenberg_texts/3635.txt;gutenberg_texts/4787.txt;gutenberg_texts/28301.txt,gutenberg_texts/24589.txt,55096,__main__.collect_attribution_observations:225,12
kathleen_thompson_norris,gutenberg_texts/3635.txt;gutenberg_texts/4787.txt;gutenberg_texts/28301.txt,gutenberg_texts/2852.txt,55096,__main__.collect_attribution_observations:225,6
kathleen_thompson_norris,gutenberg_texts/3635.txt;gutenberg_texts/4787.txt;gutenberg_texts/28301.txt,gutenberg_texts/2852.txt,55096,__main__.collect_attribution_observations:260,54
kathleen_thompson_norris,gutenberg_texts/3635.txt;gutenberg_texts/4787.txt;gutenberg_texts/28301.txt,gutenberg_texts/29824.txt,55096,__main__.collect_attribution_observations:225,12
kathleen_thompson_norris,gutenberg_texts/3635.txt;gutenberg_texts/4787.txt;gutenberg_texts/28301.txt,gutenberg_texts/30486.txt,55096,__main__.collect_attribution_observations:225,6
kathleen_thompson_norris,gutenberg_texts/3635.txt;gutenberg_texts/4787.txt;gutenberg_texts/28301.txt,gutenberg_texts/30486.txt,55096,__main__.collect_attribution_observations:260,90
kathleen_thompson_norris,gutenberg_texts/3635.txt;gutenberg_texts/4787.txt;gutenberg_texts/28301.txt,gutenberg_texts/31581.txt,55096,__main__.collect_attribution_observations:225,12
kathleen_thompson_norris,gutenberg_texts/3635.txt;gutenberg_texts/4787.txt;gutenberg_texts/28301.txt,gutenberg_texts/31581.txt,55096,__main__.collect_attribution_observations:260,180
kathleen_thompson_norris,gutenberg_texts/3635.txt;gutenberg_texts/4787.txt;gutenberg_texts/28301.txt,gutenberg_texts/31589.txt,55096,__main__.collect_attribution_observations:225,12
kathleen_thompson_norris,gutenberg_texts/3635.txt;gutenberg_texts/4787.txt;gutenberg_texts/28301.txt,gutenberg_texts/31589.txt,55096,__main__.collect_attribution_observations:260,180
kathleen_thompson_norris,gutenberg_texts/3635.txt;gutenberg_texts/4787.txt;gutenberg_texts/28301.txt,gutenberg_texts/32059.txt,55096,__main__.collect_attribution_observations:225,12
kathleen_thompson_norris,gutenberg_texts/3635.txt;gutenberg_texts/4787.txt;gutenberg_texts/28301.txt,gutenberg_texts/32331.txt,55096,__main__.collect_attribution_observations:225,12
kathleen_thompson_norris,gutenberg_texts/3635.txt;gutenberg_texts/4787.txt;gutenberg_texts/28301.txt,gutenberg_texts/32331.txt,55096,__main__.collect_attribution_observations:260,180
kathleen_thompson_norris,gutenberg_texts/3635.txt;gutenberg_texts/4787.txt;gutenberg_texts/28301.txt,gutenberg_texts/32440.txt,55096,__main__.collect_attribution_observations:225,12
kathleen_thompson_norris,gutenberg_texts/3635.txt;gutenberg_texts/4787.txt;gutenberg_texts/28301.txt,gutenberg_texts/32440.txt,55096,__main__.collect_attribution_observations:260,180
kathleen_thompson_norris,gutenberg_texts/3635.txt;gutenberg_texts/4787.txt;gutenberg_texts/28301.txt,gutenberg_texts/32542.txt,55096,__main__.collect_attribution_observations:225,12
kathleen_thompson_norris,gutenberg_texts/3635.txt;gutenberg_texts/4787.txt;gutenberg_texts/28301.txt,gutenberg_texts/34592.txt,55096,__main__.collect_attribution_observations:225,12
kathleen_thompson_norris,gutenberg_texts/3635.txt;gutenberg_texts/4787.txt;gutenberg_texts/28301.txt,gutenberg_texts/34592.txt,55096,__main__.collect_attribution_observations:260,180
kathleen_thompson_norris,gutenberg_texts/3635.txt;gutenberg_texts/4787.txt;gutenberg_texts/28301.txt,gutenberg_texts/34832.txt,55096,__main__.collect_attribution_observations:225,12
kathleen_thompson_norris,gutenberg_texts/3635.txt;gutenberg_texts/4787.txt;gutenberg_texts/28301.txt,gutenberg_texts/34832.txt,55096,__main__.collect_attribution_observations:260,180
kathleen_thompson_norris,gutenberg_texts/3635.txt;gutenberg_texts/4787.txt;gutenberg_texts/28301.txt,gutenberg_texts/35.txt,55096,__main__.collect_attribution_observations:225,6
kathleen_thompson_norris,gutenberg_texts/3635.txt;gutenberg_texts/4787.txt;gutenberg_texts/28301.txt,gutenberg_texts/35.txt,55096,__main__.collect_attribution_observations:260,90
kathleen_thompson_norris,gutenberg_texts/3635.txt;gutenberg_texts/4787.txt;gutenberg_texts/28301.txt,gutenberg_texts/35082.txt,55096,__main__.collect_attribution_observations:225,12
kathleen_thompson_norris,gutenberg_texts/3635.txt;gutenberg_texts/4787.txt;gutenberg_texts/28301.txt,gutenberg_texts/36.txt,55096,__main__.collect_attribution_observations:225,6
kathleen_thompson_norris,gutenberg_texts/3635.txt;gutenberg_texts/4787.txt;gutenberg_texts/28301.txt,gutenberg_texts/46.txt,55096,__main__.collect_attribution_observations:225,6
kathleen_thompson_norris,gutenberg_texts/3635.txt;gutenberg_texts/4787.txt;gutenberg_texts/28301.txt,gutenberg_texts/46.txt,55096,__main__.collect_attribution_observations:260,66
kathleen_thompson_norris,gutenberg_texts/3635.txt;gutenberg_texts/4787.txt;gutenberg_texts/28301.txt,gutenberg_texts/54629.txt,55096,__main__.collect_attribution_observations:225,12
kathleen_thompson_norris,gutenberg_texts/3635.txt;gutenberg_texts/4787.txt;gutenberg_texts/28301.txt,gutenberg_texts/54629.txt,55096,__main__.collect_attribution_observations:260,180
kathleen_thompson_norris,gutenberg_texts/3635.txt;gutenberg_texts/4787.txt;gutenberg_texts/28301.txt,gutenberg_texts/54648.txt,55096,__main__.collect_attribution_observations:225,12
kathleen_thompson_norris,gutenberg_texts/3635.txt;gutenberg_texts/4787.txt;gutenberg_texts/28301.txt,gutenberg_texts/54648.txt,55096,__main__.collect_attribution_observations:260,180
kathleen_thompson_norris,gutenberg_texts/3635.txt;gutenberg_texts/4787.txt;gutenberg_texts/28301.txt,gutenberg_texts/55562.txt,55096,__main__.collect_attribution_observations:225,12
kathleen_thompson_norris,gutenberg_texts/3635.txt;gutenberg_texts/4787.txt;gutenberg_texts/28301.txt,gutenberg_texts/5658.txt,55096,__main__.collect_attribution_observations:225,6
kathleen_thompson_norris,gutenberg_texts/3635.txt;gutenberg_texts/4787.txt;gutenberg_texts/28301.txt,gutenberg_texts/5658.txt,55096,__main__.collect_attribution_observations:260,90
kathleen_thompson_norris,gutenberg_texts/3635.txt;gutenberg_texts/4787.txt;gutenberg_texts/28301.txt,gutenberg_texts/7063.txt,55096,__main__.collect_attribution_observations:225,6
kathleen_thompson_norris,gutenberg_texts/3635.txt;gutenberg_texts/4787.txt;gutenberg_texts/28301.txt,gutenberg_texts/7063.txt,55096,__main__.collect_attribution_observations:260,90
kathleen_thompson_norris,gutenberg_texts/3635.txt;gutenberg_texts/4787.txt;gutenberg_texts/28301.txt,gutenberg_texts/74.txt,55096,__main__.collect_attribution_observations:225,6
kathleen_thompson_norris,gutenberg_texts/3635.txt;gutenberg_texts/4787.txt;gutenberg_texts/28301.txt,gutenberg_texts/74.txt,55096,__main__.collect_attribution_observations:260,90
kathleen_thompson_norris,gutenberg_texts/3635.txt;gutenberg_texts/4787.txt;gutenberg_texts/28301.txt,gutenberg_texts/76.txt,55096,__main__.collect_attribution_observations:225,6
kathleen_thompson_norris,gutenberg_texts/3635.txt;gutenberg_texts/4787.txt;gutenberg_texts/28301.txt,gutenberg_texts/76.txt,55096,__main__.collect_attribution_observations:260,90
kathleen_thompson_norris,gutenberg_texts/3635.txt;gutenberg_texts/4787.txt;gutenberg_texts/28301.txt,gutenberg_texts/773.txt,55096,__main__.collect_attribution_observations:225,6
kathleen_thompson_norris,gutenberg_texts/3635.txt;gutenberg_texts/4787.txt;gutenberg_texts/28301.txt,gutenberg_texts/773.txt,55096,__main__.collect_attribution_observations:260,90
kathleen_thompson_norris,gutenberg_texts/3635.txt;gutenberg_texts/4787.txt;gutenberg_texts/28301.txt,gutenberg_texts/84.txt,55096,__main__.collect_attribution_observations:225,6
kathleen_thompson_norris,gutenberg_texts/3635.txt;gutenberg_texts/4787.txt;gutenberg_texts/28301.txt,gutenberg_texts/84.txt,55096,__main__.collect_attribution_observations:260,90
kathleen_thompson_norris,gutenberg_texts/3635.txt;gutenberg_texts/4787.txt;gutenberg_texts/28301.txt,gutenberg_texts/86.txt,55096,__main__.collect_attribution_observations:225,6
kathleen_thompson_norris,gutenberg_texts/3635.txt;gutenberg_texts/4787.txt;gutenberg_texts/28301.txt,gutenberg_texts/8741.txt,55096,__main__.collect_attribution_observations:225,12
kathleen_thompson_norris,gutenberg_texts/3635.txt;gutenberg_texts/4787.txt;gutenberg_texts/28301.txt,gutenberg_texts/8741.txt,55096,__main__.collect_attribution_observations:260,180
kathleen_thompson_norris,gutenberg_texts/3635.txt;gutenberg_texts/4787.txt;gutenberg_texts/28301.txt,gutenberg_texts/8874.txt,55096,__main__.collect_attribution_observations:225,12
kathleen_thompson_norris,gutenberg_texts/3635.txt;gutenberg_texts/4787.txt;gutenberg_texts/28301.txt,gutenberg_texts/8874.txt,55096,__main__.collect_attribution_observations:260,180
kathleen_thompson_norris,gutenberg_texts/3635.txt;gutenberg_texts/4787.txt;gutenberg_texts/28301.txt,gutenberg_texts/9182.txt,55096,__main__.collect_attribution_observations:225,6
kathleen_thompson_norris,gutenberg_texts/3635.txt;gutenberg_texts/4787.txt;gutenberg_texts/28301.txt,gutenberg_texts/9378.txt,55096,__main__.collect_attribution_observations:225,12
kathleen_thompson_norris,gutenberg_texts/3635.txt;gutenberg_texts/4787.txt;gutenberg_texts/28301.txt,gutenberg_texts/9378.txt,55096,__main__.collect_attribution_observations:260,180
kathleen_thompson_norris,gutenberg_texts/3635.txt;gutenberg_texts/4787.txt;gutenberg_texts/28301.txt,gutenberg_texts/9462.txt,55096,__main__.collect_attribution_observations:225,12
kathleen_thompson_norris,gutenberg_texts/3635.txt;gutenberg_texts/4787.txt;gutenberg_texts/28301.txt,gutenberg_texts/9462.txt,55096,__main__.collect_attribution_observations:260,180
kathleen_thompson_norris,gutenberg_texts/3635.txt;gutenberg_texts/4787.txt;gutenberg_texts/28301.txt,gutenberg_texts/9779.txt,55096,__main__.collect_attribution_observations:225,12
kathleen_thompson_norris,gutenberg_texts/3635.txt;gutenberg_texts/4787.txt;gutenberg_texts/28301.txt,gutenberg_texts/98.txt,55096,__main__.collect_attribution_observations:225,6
kathleen_thompson_norris,gutenberg_texts/3635.txt;gutenberg_texts/4787.txt;gutenberg_texts/28301.txt,gutenberg_texts/98.txt,55096,__main__.collect_attribution_observations:260,60
kathleen_thompson_norris,gutenberg_texts/4787.txt;gutenberg_texts/28301.txt,full_books/agnes_may_fleming_full.txt;full_books/herbert_george_wells_full.txt;full_books/jane_austen_full.txt;gutenberg_texts/12360.txt;gutenberg_texts/1260.txt;gutenberg_texts/1661.txt;gutenberg_texts/16918.txt;gutenberg_texts/174.txt;gutenberg_texts/21107.txt;gutenberg_texts/219.txt;gutenberg_texts/31581.txt;gutenberg_texts/32440.txt;gutenberg_texts/34592.txt;gutenberg_texts/3635.txt;gutenberg_texts/46.txt;gutenberg_texts/54629.txt;gutenberg_texts/74.txt;gutenberg_texts/84.txt;gutenberg_texts/8741.txt;gutenberg_texts/9462.txt,48651,__main__.crossfit_separability:707,2
kathleen_thompson_norris,gutenberg_texts/4787.txt;gutenberg_texts/28301.txt,gutenberg_texts/3635.txt,48651,__main__.collect_attribution_observations:225,12
kathleen_thompson_norris,gutenberg_texts/4787.txt;gutenberg_texts/28301.txt,gutenberg_texts/3635.txt,48651,__main__.collect_attribution_observations:260,180
louis_joseph_vance,gutenberg_texts/8741.txt;gutenberg_texts/9378.txt,gutenberg_texts/1342.txt;gutenberg_texts/13547.txt;gutenberg_texts/1400.txt;gutenberg_texts/14522.txt;gutenberg_texts/15238.txt;gutenberg_texts/15317.txt;gutenberg_texts/2021.txt;gutenberg_texts/21108.txt;gutenberg_texts/24589.txt;gutenberg_texts/28301.txt;gutenberg_texts/2852.txt;gutenberg_texts/29824.txt;gutenberg_texts/32059.txt;gutenberg_texts/32542.txt;gutenberg_texts/35082.txt;gutenberg_texts/36.txt;gutenberg_texts/55562.txt;gutenberg_texts/86.txt;gutenberg_texts/9182.txt;gutenberg_texts/9779.txt,26591,__main__.crossfit_separability:707,2
louis_joseph_vance,gutenberg_texts/8741.txt;gutenberg_texts/9378.txt,gutenberg_texts/9779.txt,26591,__main__.collect_attribution_observations:225,12
louis_joseph_vance,gutenberg_texts/8741.txt;gutenberg_texts/9378.txt;gutenberg_texts/9779.txt,full_books/agnes_may_fleming_full.txt,45444,__main__.collect_attribution_observations:225,6
louis_joseph_vance,gutenberg_texts/8741.txt;gutenberg_texts/9378.txt;gutenberg_texts/9779.txt,full_books/agnes_may_fleming_full.txt,45444,__main__.collect_attribution_observations:260,90
louis_joseph_vance,gutenberg_texts/8741.txt;gutenberg_texts/9378.txt;gutenberg_texts/9779.txt,full_books/herbert_george_wells_full.txt,45444,__main__.collect_attribution_observations:225,6
louis_joseph_vance,gutenberg_texts/8741.txt;gutenberg_texts/9378.txt;gutenberg_texts/9779.txt,full_books/herbert_george_wells_full.txt,45444,__main__.collect_attribution_observations:260,90
louis_joseph_vance,gutenberg_texts/8741.txt;gutenberg_texts/9378.txt;gutenberg_texts/9779.txt,full_books/jane_austen_full.txt,45444,__main__.collect_attribution_observations:225,6
louis_joseph_vance,gutenberg_texts/8741.txt;gutenberg_texts/9378.txt;gutenberg_texts/9779.txt,full_books/jane_austen_full.txt,45444,__main__.collect_attribution_observations:260,126
louis_joseph_vance,gutenberg_texts/8741.txt;gutenberg_texts/9378.txt;gutenberg_texts/9779.txt,gutenberg_texts/12360.txt,45444,__main__.collect_attribution_observations:225,12
louis_joseph_vance,gutenberg_texts/8741.txt;gutenberg_texts/9378.txt;gutenberg_texts/9779.txt,gutenberg_texts/12360.txt,45444,__main__.collect_attribution_observations:260,180
louis_joseph_vance,gutenberg_texts/8741.txt;gutenberg_texts/9378.txt;gutenberg_texts/9779.txt,gutenberg_texts/1260.txt,45444,__main__.collect_attribution_observations:225,6
louis_joseph_vance,gutenberg_texts/8741.txt;gutenberg_texts/9378.txt;gutenberg_texts/9779.txt,gutenberg_texts/1260.txt,45444,__main__.collect_attribution_observations:260,90
louis_joseph_vance,gutenberg_texts/8741.txt;gutenberg_texts/9378.txt;gutenberg_texts/9779.txt,gutenberg_texts/1342.txt,45444,__main__.collect_attribution_observations:225,6
louis_joseph_vance,gutenberg_texts/8741.txt;gutenberg_texts/9378.txt;gutenberg_texts/9779.txt,gutenberg_texts/13547.txt,45444,__main__.collect_attribution_observations:225,12
louis_joseph_vance,gutenberg_texts/8741.txt;gutenberg_texts/9378.txt;gutenberg_texts/9779.txt,gutenberg_texts/13960.txt,45444,__main__.collect_attribution_observations:225,12
louis_joseph_vance,gutenberg_texts/8741.txt;gutenberg_texts/9378.txt;gutenberg_texts/9779.txt,gutenberg_texts/13960.txt,45444,__main__.collect_attribution_observations:260,180
louis_joseph_vance,gutenberg_texts/8741.txt;gutenberg_texts/9378.txt;gutenberg_texts/9779.txt,gutenberg_texts/1400.txt,45444,__main__.collect_attribution_observations:225,6
louis_joseph_vance,gutenberg_texts/8741.txt;gutenberg_texts/9378.txt;gutenberg_texts/9779.txt,gutenberg_texts/1400.txt,45444,__main__.collect_attribution_observations:260,54
louis_joseph_vance,gutenberg_texts/8741.txt;gutenberg_texts/9378.txt;gutenberg_texts/9779.txt,gutenberg_texts/14522.txt,45444,__main__.collect_attribution_observations:225,6
louis_joseph_vance,gutenberg_texts/8741.txt;gutenberg_texts/9378.txt;gutenberg_texts/9779.txt,gutenberg_texts/15238.txt,45444,__main__.collect_attribution_observations:225,6
louis_joseph_vance,gutenberg_texts/8741.txt;gutenberg_texts/9378.txt;gutenberg_texts/9779.txt,gutenberg_texts/15317.txt,45444,__main__.collect_attribution_observations:225,6
louis_joseph_vance,gutenberg_texts/8741.txt;gutenberg_texts/9378.txt;gutenberg_texts/9779.txt,gutenberg_texts/161.txt,45444,__main__.collect_attribution_observations:225,6
louis_joseph_vance,gutenberg_texts/8741.txt;gutenberg_texts/9378.txt;gutenberg_texts/9779.txt,gutenberg_texts/161.txt,45444,__main__.collect_attribution_observations:260,54
louis_joseph_vance,gutenberg_texts/8741.txt;gutenberg_texts/9378.txt;gutenberg_texts/9779.txt,gutenberg_texts/1661.txt,45444,__main__.collect_attribution_observations:225,6
louis_joseph_vance,gutenberg_texts/8741.txt;gutenberg_texts/9378.txt;gutenberg_texts/9779.txt,gutenberg_texts/1661.txt,45444,__main__.collect_attribution_observations:260,66
louis_joseph_vance,gutenberg_texts/8741.txt;gutenberg_texts/9378.txt;gutenberg_texts/9779.txt,gutenberg_texts/16918.txt,45444,__main__.collect_attribution_observations:225,12
louis_joseph_vance,gutenberg_texts/8741.txt;gutenberg_texts/9378.txt;gutenberg_texts/9779.txt,gutenberg_texts/16918.txt,45444,__main__.collect_attribution_observations:260,180
louis_joseph_vance,gutenberg_texts/8741.txt;gutenberg_texts/9378.txt;gutenberg_texts/9779.txt,gutenberg_texts/174.txt,45444,__main__.collect_attribution_observations:225,6
louis_joseph_vance,gutenberg_texts/8741.txt;gutenberg_texts/9378.txt;gutenberg_texts/9779.txt,gutenberg_texts/174.txt,45444,__main__.collect_attribution_observations:260,90
louis_joseph_vance,gutenberg_texts/8741.txt;gutenberg_texts/9378.txt;gutenberg_texts/9779.txt,gutenberg_texts/18247.txt,45444,__main__.collect_attribution_observations:225,6
louis_joseph_vance,gutenberg_texts/8741.txt;gutenberg_texts/9378.txt;gutenberg_texts/9779.txt,gutenberg_texts/18247.txt,45444,__main__.collect_attribution_observations:260,90
louis_joseph_vance,gutenberg_texts/8741.txt;gutenberg_texts/9378.txt;gutenberg_texts/9779.txt,gutenberg_texts/18656.txt,45444,__main__.collect_attribution_observations:225,12
louis_joseph_vance,gutenberg_texts/8741.txt;gutenberg_texts/9378.txt;gutenberg_texts/9779.txt,gutenberg_texts/18656.txt,45444,__main__.collect_attribution_observations:260,180
louis_joseph_vance,gutenberg_texts/8741.txt;gutenberg_texts/9378.txt;gutenberg_texts/9779.txt,gutenberg_texts/2021.txt,45444,__main__.collect_attribution_observations:225,6
louis_joseph_vance,gutenberg_texts/8741.txt;gutenberg_texts/9378.txt;gutenberg_texts/9779.txt,gutenberg_texts/21107.txt,45444,__main__.collect_attribution_observations:225,12
louis_joseph_vance,gutenberg_texts/8741.txt;gutenberg_texts/9378.txt;gutenberg_texts/9779.txt,gutenberg_texts/21107.txt,45444,__main__.collect_attribution_observations:260,180
louis_joseph_vance,gutenberg_texts/8741.txt;gutenberg_texts/9378.txt;gutenberg_texts/9779.txt,gutenberg_texts/21108.txt,45444,__main__.collect_attribution_observations:225,12
louis_joseph_vance,gutenberg_texts/8741.txt;gutenberg_texts/9378.txt;gutenberg_texts/9779.txt,gutenberg_texts/219.txt,45444,__main__.collect_attribution_observations:225,6
louis_joseph_vance,gutenberg_texts/8741.txt;gutenberg_texts/9378.txt;gutenberg_texts/9779.txt,gutenberg_texts/219.txt,45444,__main__.collect_attribution_observations:260,90
louis_joseph_vance,gutenberg_texts/8741.txt;gutenberg_texts/9378.txt;gutenberg_texts/9779.txt,gutenberg_texts/24267.txt,45444,__main__.collect_attribution_observations:225,12
louis_joseph_vance,gutenberg_texts/8741.txt;gutenberg_texts/9378.txt;gutenberg_texts/9779.txt,gutenberg_texts/24267.txt,45444,__main__.collect_attribution_observations:260,180
louis_joseph_vance,gutenberg_texts/8741.txt;gutenberg_texts/9378.txt;gutenberg_texts/9779.txt,gutenberg_texts/244.txt,45444,__main__.collect_attribution_observations:225,6
louis_joseph_vance,gutenberg_texts/8741.txt;gutenberg_texts/9378.txt;gutenberg_texts/9779.txt,gutenberg_texts/244.txt,45444,__main__.collect_attribution_observations:260,60
louis_joseph_vance,gutenberg_texts/8741.txt;gutenberg_texts/9378.txt;gutenberg_texts/9779.txt,gutenberg_texts/24589.txt,45444,__main__.collect_attribution_observations:225,12
louis_joseph_vance,gutenberg_texts/8741.txt;gutenberg_texts/9378.txt;gutenberg_texts/9779.txt,gutenberg_texts/28301.txt,45444,__main__.collect_attribution_observations:225,12
louis_joseph_vance,gutenberg_texts/8741.txt;gutenberg_texts/9378.txt;gutenberg_texts/9779.txt,gutenberg_texts/2852.txt,45444,__main__.collect_attribution_observations:225,6
louis_joseph_vance,gutenberg_texts/8741.txt;gutenberg_texts/9378.txt;gutenberg_texts/9779.txt,gutenberg_texts/2852.txt,45444,__main__.collect_attribution_observations:260,54
louis_joseph_vance,gutenberg_texts/8741.txt;gutenberg_texts/9378.txt;gutenberg_texts/9779.txt,gutenberg_texts/29824.txt,45444,__main__.collect_attribution_observations:225,12
louis_joseph_vance,gutenberg_texts/8741.txt;gutenberg_texts/9378.txt;gutenberg_texts/9779.txt,gutenberg_texts/30486.txt,45444,__main__.collect_attribution_observations:225,6
louis_joseph_vance,gutenberg_texts/8741.txt;gutenberg_texts/9378.txt;gutenberg_texts/9779.txt,gutenberg_texts/30486.txt,45444,__main__.collect_attribution_observations:260,90
louis_joseph_vance,gutenberg_texts/8741.txt;gutenberg_texts/9378.txt;gutenberg_texts/9779.txt,gutenberg_texts/31581.txt,45444,__main__.collect_attribution_observations:225,12
louis_joseph_vance,gutenberg_texts/8741.txt;gutenberg_texts/9378.txt;gutenberg_texts/9779.txt,gutenberg_texts/31581.txt,45444,__main__.collect_attribution_observations:260,180
louis_joseph_vance,gutenberg_texts/8741.txt;gutenberg_texts/9378.txt;gutenberg_texts/9779.txt,gutenberg_texts/31589.txt,45444,__main__.collect_attribution_observations:225,12
louis_joseph_vance,gutenberg_texts/8741.txt;gutenberg_texts/9378.txt;gutenberg_texts/9779.txt,gutenberg_texts/31589.txt,45444,__main__.collect_attribution_observations:260,180
louis_joseph_vance,gutenberg_texts/8741.txt;gutenberg_texts/9378.txt;gutenberg_texts/9779.txt,gutenberg_texts/32059.txt,45444,__main__.collect_attribution_observations:225,12
louis_joseph_vance,gutenberg_texts/8741.txt;gutenberg_texts/9378.txt;gutenberg_texts/9779.txt,gutenberg_texts/32331.txt,45444,__main__.collect_attribution_observations:225,12
louis_joseph_vance,gutenberg_texts/8741.txt;gutenberg_texts/9378.txt;gutenberg_texts/9779.txt,gutenberg_texts/32331.txt,45444,__main__.collect_attribution_observations:260,180
louis_joseph_vance,gutenberg_texts/8741.txt;gutenberg_texts/9378.txt;gutenberg_texts/9779.txt,gutenberg_texts/32440.txt,45444,__main__.collect_attribution_observations:225,12
louis_joseph_vance,gutenberg_texts/8741.txt;gutenberg_texts/9378.txt;gutenberg_texts/9779.txt,gutenberg_texts/32440.txt,45444,__main__.collect_attribution_observations:260,180
louis_joseph_vance,gutenberg_texts/8741.txt;gutenberg_texts/9378.txt;gutenberg_texts/9779.txt,gutenberg_texts/32542.txt,45444,__main__.collect_attribution_observations:225,12
louis_joseph_vance,gutenberg_texts/8741.txt;gutenberg_texts/9378.txt;gutenberg_texts/9779.txt,gutenberg_texts/34592.txt,45444,__main__.collect_attribution_observations:225,12
louis_joseph_vance,gutenberg_texts/8741.txt;gutenberg_texts/9378.txt;gutenberg_texts/9779.txt,gutenberg_texts/34592.txt,45444,__main__.collect_attribution_observations:260,180
louis_joseph_vance,gutenberg_texts/8741.txt;gutenberg_texts/9378.txt;gutenberg_texts/9779.txt,gutenberg_texts/34832.txt,45444,__main__.collect_attribution_observations:225,12
louis_joseph_vance,gutenberg_texts/8741.txt;gutenberg_texts/9378.txt;gutenberg_texts/9779.txt,gutenberg_texts/34832.txt,45444,__main__.collect_attribution_observations:260,180
louis_joseph_vance,gutenberg_texts/8741.txt;gutenberg_texts/9378.txt;gutenberg_texts/9779.txt,gutenberg_texts/35.txt,45444,__main__.collect_attribution_observations:225,6
louis_joseph_vance,gutenberg_texts/8741.txt;gutenberg_texts/9378.txt;gutenberg_texts/9779.txt,gutenberg_texts/35.txt,45444,__main__.collect_attribution_observations:260,90
louis_joseph_vance,gutenberg_texts/8741.txt;gutenberg_texts/9378.txt;gutenberg_texts/9779.txt,gutenberg_texts/35082.txt,45444,__main__.collect_attribution_observations:225,12
louis_joseph_vance,gutenberg_texts/8741.txt;gutenberg_texts/9378.txt;gutenberg_texts/9779.txt,gutenberg_texts/36.txt,45444,__main__.collect_attribution_observations:225,6
louis_joseph_vance,gutenberg_texts/8741.txt;gutenberg_texts/9378.txt;gutenberg_texts/9779.txt,gutenberg_texts/3635.txt,45444,__main__.collect_attribution_observations:225,12
louis_joseph_vance,gutenberg_texts/8741.txt;gutenberg_texts/9378.txt;gutenberg_texts/9779.txt,gutenberg_texts/3635.txt,45444,__main__.collect_attribution_observations:260,180
louis_joseph_vance,gutenberg_texts/8741.txt;gutenberg_texts/9378.txt;gutenberg_texts/9779.txt,gutenberg_texts/46.txt,45444,__main__.collect_attribution_observations:225,6
louis_joseph_vance,gutenberg_texts/8741.txt;gutenberg_texts/9378.txt;gutenberg_texts/9779.txt,gutenberg_texts/46.txt,45444,__main__.collect_attribution_observations:260,66
louis_joseph_vance,gutenberg_texts/8741.txt;gutenberg_texts/9378.txt;gutenberg_texts/9779.txt,gutenberg_texts/4787.txt,45444,__main__.collect_attribution_observations:225,12
louis_joseph_vance,gutenberg_texts/8741.txt;gutenberg_texts/9378.txt;gutenberg_texts/9779.txt,gutenberg_texts/4787.txt,45444,__main__.collect_attribution_observations:260,180
louis_joseph_vance,gutenberg_texts/8741.txt;gutenberg_texts/9378.txt;gutenberg_texts/9779.txt,gutenberg_texts/54629.txt,45444,__main__.collect_attribution_observations:225,12
louis_joseph_vance,gutenberg_texts/8741.txt;gutenberg_texts/9378.txt;gutenberg_texts/9779.txt,gutenberg_texts/54629.txt,45444,__main__.collect_attribution_observations:260,180
louis_joseph_vance,gutenberg_texts/8741.txt;gutenberg_texts/9378.txt;gutenberg_texts/9779.txt,gutenberg_texts/54648.txt,45444,__main__.collect_attribution_observations:225,12
louis_joseph_vance,gutenberg_texts/8741.txt;gutenberg_texts/9378.txt;gutenberg_texts/9779.txt,gutenberg_texts/54648.txt,45444,__main__.collect_attribution_observations:260,180
louis_joseph_vance,gutenberg_texts/8741.txt;gutenberg_texts/9378.txt;gutenberg_texts/9779.txt,gutenberg_texts/55562.txt,45444,__main__.collect_attribution_observations:225,12
louis_joseph_vance,gutenberg_texts/8741.txt;gutenberg_texts/9378.txt;gutenberg_texts/9779.txt,gutenberg_texts/5658.txt,45444,__main__.collect_attribution_observations:225,6
louis_joseph_vance,gutenberg_texts/8741.txt;gutenberg_texts/9378.txt;gutenberg_texts/9779.txt,gutenberg_texts/5658.txt,45444,__main__.collect_attribution_observations:260,90
louis_joseph_vance,gutenberg_texts/8741.txt;gutenberg_texts/9378.txt;gutenberg_texts/9779.txt,gutenberg_texts/7063.txt,45444,__main__.collect_attribution_observations:225,6
louis_joseph_vance,gutenberg_texts/8741.txt;gutenberg_texts/9378.txt;gutenberg_texts/9779.txt,gutenberg_texts/7063.txt,45444,__main__.collect_attribution_observations:260,90
louis_joseph_vance,gutenberg_texts/8741.txt;gutenberg_texts/9378.txt;gutenberg_texts/9779.txt,gutenberg_texts/74.txt,45444,__main__.collect_attribution_observations:225,6
louis_joseph_vance,gutenberg_texts/8741.txt;gutenberg_texts/9378.txt;gutenberg_texts/9779.txt,gutenberg_texts/74.txt,45444,__main__.collect_attribution_observations:260,90
louis_joseph_vance,gutenberg_texts/8741.txt;gutenberg_texts/9378.txt;gutenberg_texts/9779.txt,gutenberg_texts/76.txt,45444,__main__.collect_attribution_observations:225,6
louis_joseph_vance,gutenberg_texts/8741.txt;gutenberg_texts/9378.txt;gutenberg_texts/9779.txt,gutenberg_texts/76.txt,45444,__main__.collect_attribution_observations:260,90
louis_joseph_vance,gutenberg_texts/8741.txt;gutenberg_texts/9378.txt;gutenberg_texts/9779.txt,gutenberg_texts/773.txt,45444,__main__.collect_attribution_observations:225,6
louis_joseph_vance,gutenberg_texts/8741.txt;gutenberg_texts/9378.txt;gutenberg_texts/9779.txt,gutenberg_texts/773.txt,45444,__main__.collect_attribution_observations:260,90
louis_joseph_vance,gutenberg_texts/8741.txt;gutenberg_texts/9378.txt;gutenberg_texts/9779.txt,gutenberg_texts/84.txt,45444,__main__.collect_attribution_observations:225,6
louis_joseph_vance,gutenberg_texts/8741.txt;gutenberg_texts/9378.txt;gutenberg_texts/9779.txt,gutenberg_texts/84.txt,45444,__main__.collect_attribution_observations:260,90
louis_joseph_vance,gutenberg_texts/8741.txt;gutenberg_texts/9378.txt;gutenberg_texts/9779.txt,gutenberg_texts/86.txt,45444,__main__.collect_attribution_observations:225,6
louis_joseph_vance,gutenberg_texts/8741.txt;gutenberg_texts/9378.txt;gutenberg_texts/9779.txt,gutenberg_texts/8874.txt,45444,__main__.collect_attribution_observations:225,12
louis_joseph_vance,gutenberg_texts/8741.txt;gutenberg_texts/9378.txt;gutenberg_texts/9779.txt,gutenberg_texts/8874.txt,45444,__main__.collect_attribution_observations:260,180
louis_joseph_vance,gutenberg_texts/8741.txt;gutenberg_texts/9378.txt;gutenberg_texts/9779.txt,gutenberg_texts/9182.txt,45444,__main__.collect_attribution_observations:225,6
louis_joseph_vance,gutenberg_texts/8741.txt;gutenberg_texts/9378.txt;gutenberg_texts/9779.txt,gutenberg_texts/9462.txt,45444,__main__.collect_attribution_observations:225,12
louis_joseph_vance,gutenberg_texts/8741.txt;gutenberg_texts/9378.txt;gutenberg_texts/9779.txt,gutenberg_texts/9462.txt,45444,__main__.collect_attribution_observations:260,180
louis_joseph_vance,gutenberg_texts/8741.txt;gutenberg_texts/9378.txt;gutenberg_texts/9779.txt,gutenberg_texts/98.txt,45444,__main__.collect_attribution_observations:225,6
louis_joseph_vance,gutenberg_texts/8741.txt;gutenberg_texts/9378.txt;gutenberg_texts/9779.txt,gutenberg_texts/98.txt,45444,__main__.collect_attribution_observations:260,60
louis_joseph_vance,gutenberg_texts/8741.txt;gutenberg_texts/9779.txt,gutenberg_texts/13960.txt;gutenberg_texts/161.txt;gutenberg_texts/18247.txt;gutenberg_texts/18656.txt;gutenberg_texts/24267.txt;gutenberg_texts/244.txt;gutenberg_texts/30486.txt;gutenberg_texts/31589.txt;gutenberg_texts/32331.txt;gutenberg_texts/34832.txt;gutenberg_texts/35.txt;gutenberg_texts/4787.txt;gutenberg_texts/54648.txt;gutenberg_texts/5658.txt;gutenberg_texts/7063.txt;gutenberg_texts/76.txt;gutenberg_texts/773.txt;gutenberg_texts/8874.txt;gutenberg_texts/9378.txt;gutenberg_texts/98.txt,32007,__main__.crossfit_separability:707,2
louis_joseph_vance,gutenberg_texts/8741.txt;gutenberg_texts/9779.txt,gutenberg_texts/9378.txt,32007,__main__.collect_attribution_observations:225,12
louis_joseph_vance,gutenberg_texts/8741.txt;gutenberg_texts/9779.txt,gutenberg_texts/9378.txt,32007,__main__.collect_attribution_observations:260,180
louis_joseph_vance,gutenberg_texts/9378.txt;gutenberg_texts/9779.txt,full_books/agnes_may_fleming_full.txt;full_books/herbert_george_wells_full.txt;full_books/jane_austen_full.txt;gutenberg_texts/12360.txt;gutenberg_texts/1260.txt;gutenberg_texts/1661.txt;gutenberg_texts/16918.txt;gutenberg_texts/174.txt;gutenberg_texts/21107.txt;gutenberg_texts/219.txt;gutenberg_texts/31581.txt;gutenberg_texts/32440.txt;gutenberg_texts/34592.txt;gutenberg_texts/3635.txt;gutenberg_texts/46.txt;gutenberg_texts/54629.txt;gutenberg_texts/74.txt;gutenberg_texts/84.txt;gutenberg_texts/8741.txt;gutenberg_texts/9462.txt,32290,__main__.crossfit_separability:707,2
louis_joseph_vance,gutenberg_texts/9378.txt;gutenberg_texts/9779.txt,gutenberg_texts/8741.txt,32290,__main__.collect_attribution_observations:225,12
louis_joseph_vance,gutenberg_texts/9378.txt;gutenberg_texts/9779.txt,gutenberg_texts/8741.txt,32290,__main__.collect_attribution_observations:260,180
luis_senarens,gutenberg_texts/54629.txt;gutenberg_texts/54648.txt,gutenberg_texts/1342.txt;gutenberg_texts/13547.txt;gutenberg_texts/1400.txt;gutenberg_texts/14522.txt;gutenberg_texts/15238.txt;gutenberg_texts/15317.txt;gutenberg_texts/2021.txt;gutenberg_texts/21108.txt;gutenberg_texts/24589.txt;gutenberg_texts/28301.txt;gutenberg_texts/2852.txt;gutenberg_texts/29824.txt;gutenberg_texts/32059.txt;gutenberg_texts/32542.txt;gutenberg_texts/35082.txt;gutenberg_texts/36.txt;gutenberg_texts/55562.txt;gutenberg_texts/86.txt;gutenberg_texts/9182.txt;gutenberg_texts/9779.txt,13196,__main__.crossfit_separability:707,2
luis_senarens,gutenberg_texts/54629.txt;gutenberg_texts/54648.txt,gutenberg_texts/55562.txt,13196,__main__.collect_attribution_observations:225,12
luis_senarens,gutenberg_texts/54629.txt;gutenberg_texts/54648.txt;gutenberg_texts/55562.txt,full_books/agnes_may_fleming_full.txt,19697,__main__.collect_attribution_observations:225,6
luis_senarens,gutenberg_texts/54629.txt;gutenberg_texts/54648.txt;gutenberg_texts/55562.txt,full_books/agnes_may_fleming_full.txt,19697,__main__.collect_attribution_observations:260,90
luis_senarens,gutenberg_texts/54629.txt;gutenberg_texts/54648.txt;gutenberg_texts/55562.txt,full_books/herbert_george_wells_full.txt,19697,__main__.collect_attribution_observations:225,6
luis_senarens,gutenberg_texts/54629.txt;gutenberg_texts/54648.txt;gutenberg_texts/55562.txt,full_books/herbert_george_wells_full.txt,19697,__main__.collect_attribution_observations:260,90
luis_senarens,gutenberg_texts/54629.txt;gutenberg_texts/54648.txt;gutenberg_texts/55562.txt,full_books/jane_austen_full.txt,19697,__main__.collect_attribution_observations:225,6
luis_senarens,gutenberg_texts/54629.txt;gutenberg_texts/54648.txt;gutenberg_texts/55562.txt,full_books/jane_austen_full.txt,19697,__main__.collect_attribution_observations:260,126
luis_senarens,gutenberg_texts/54629.txt;gutenberg_texts/54648.txt;gutenberg_texts/55562.txt,gutenberg_texts/12360.txt,19697,__main__.collect_attribution_observations:225,12
luis_senarens,gutenberg_texts/54629.txt;gutenberg_texts/54648.txt;gutenberg_texts/55562.txt,gutenberg_texts/12360.txt,19697,__main__.collect_attribution_observations:260,180
luis_senarens,gutenberg_texts/54629.txt;gutenberg_texts/54648.txt;gutenberg_texts/55562.txt,gutenberg_texts/1260.txt,19697,__main__.collect_attribution_observations:225,6
luis_senarens,gutenberg_texts/54629.txt;gutenberg_texts/54648.txt;gutenberg_texts/55562.txt,gutenberg_texts/1260.txt,19697,__main__.collect_attribution_observations:260,90
luis_senarens,gutenberg_texts/54629.txt;gutenberg_texts/54648.txt;gutenberg_texts/55562.txt,gutenberg_texts/1342.txt,19697,__main__.collect_attribution_observations:225,6
luis_senarens,gutenberg_texts/54629.txt;gutenberg_texts/54648.txt;gutenberg_texts/55562.txt,gutenberg_texts/13547.txt,19697,__main__.collect_attribution_observations:225,12
luis_senarens,gutenberg_texts/54629.txt;gutenberg_texts/54648.txt;gutenberg_texts/55562.txt,gutenberg_texts/13960.txt,19697,__main__.collect_attribution_observations:225,12
luis_senarens,gutenberg_texts/54629.txt;gutenberg_texts/54648.txt;gutenberg_texts/55562.txt,gutenberg_texts/13960.txt,19697,__main__.collect_attribution_observations:260,180
luis_senarens,gutenberg_texts/54629.txt;gutenberg_texts/54648.txt;gutenberg_texts/55562.txt,gutenberg_texts/1400.txt,19697,__main__.collect_attribution_observations:225,6
luis_senarens,gutenberg_texts/54629.txt;gutenberg_texts/54648.txt;gutenberg_texts/55562.txt,gutenberg_texts/1400.txt,19697,__main__.collect_attribution_observations:260,54
luis_senarens,gutenberg_texts/54629.txt;gutenberg_texts/54648.txt;gutenberg_texts/55562.txt,gutenberg_texts/14522.txt,19697,__main__.collect_attribution_observations:225,6
luis_senarens,gutenberg_texts/54629.txt;gutenberg_texts/54648.txt;gutenberg_texts/55562.txt,gutenberg_texts/15238.txt,19697,__main__.collect_attribution_observations:225,6
luis_senarens,gutenberg_texts/54629.txt;gutenberg_texts/54648.txt;gutenberg_texts/55562.txt,gutenberg_texts/15317.txt,19697,__main__.collect_attribution_observations:225,6
luis_senarens,gutenberg_texts/54629.txt;gutenberg_texts/54648.txt;gutenberg_texts/55562.txt,gutenberg_texts/161.txt,19697,__main__.collect_attribution_observations:225,6
luis_senarens,gutenberg_texts/54629.txt;gutenberg_texts/54648.txt;gutenberg_texts/55562.txt,gutenberg_texts/161.txt,19697,__main__.collect_attribution_observations:260,54
luis_senarens,gutenberg_texts/54629.txt;gutenberg_texts/54648.txt;gutenberg_texts/55562.txt,gutenberg_texts/1661.txt,19697,__main__.collect_attribution_observations:225,6
luis_senarens,gutenberg_texts/54629.txt;gutenberg_texts/54648.txt;gutenberg_texts/55562.txt,gutenberg_texts/1661.txt,19697,__main__.collect_attribution_observations:260,66
luis_senarens,gutenberg_texts/54629.txt;gutenberg_texts/54648.txt;gutenberg_texts/55562.txt,gutenberg_texts/16918.txt,19697,__main__.collect_attribution_observations:225,12
luis_senarens,gutenberg_texts/54629.txt;gutenberg_texts/54648.txt;gutenberg_texts/55562.txt,gutenberg_texts/16918.txt,19697,__main__.collect_attribution_observations:260,180
luis_senarens,gutenberg_texts/54629.txt;gutenberg_texts/54648.txt;gutenberg_texts/55562.txt,gutenberg_texts/174.txt,19697,__main__.collect_attribution_observations:225,6
luis_senarens,gutenberg_texts/54629.txt;gutenberg_texts/54648.txt;gutenberg_texts/55562.txt,gutenberg_texts/174.txt,19697,__main__.collect_attribution_observations:260,90
luis_senarens,gutenberg_texts/54629.txt;gutenberg_texts/54648.txt;gutenberg_texts/55562.txt,gutenberg_texts/18247.txt,19697,__main__.collect_attribution_observations:225,6
luis_senarens,gutenberg_texts/54629.txt;gutenberg_texts/54648.txt;gutenberg_texts/55562.txt,gutenberg_texts/18247.txt,19697,__main__.collect_attribution_observations:260,90
luis_senarens,gutenberg_texts/54629.txt;gutenberg_texts/54648.txt;gutenberg_texts/55562.txt,gutenberg_texts/18656.txt,19697,__main__.collect_attribution_observations:225,12
luis_senarens,gutenberg_texts/54629.txt;gutenberg_texts/54648.txt;gutenberg_texts/55562.txt,gutenberg_texts/18656.txt,19697,__main__.collect_attribution_observations:260,180
luis_senarens,gutenberg_texts/54629.txt;gutenberg_texts/54648.txt;gutenberg_texts/55562.txt,gutenberg_texts/2021.txt,19697,__main__.collect_attribution_observations:225,6
luis_senarens,gutenberg_texts/54629.txt;gutenberg_texts/54648.txt;gutenberg_texts/55562.txt,gutenberg_texts/21107.txt,19697,__main__.collect_attribution_observations:225,12
luis_senarens,gutenberg_texts/54629.txt;gutenberg_texts/54648.txt;gutenberg_texts/55562.txt,gutenberg_texts/21107.txt,19697,__main__.collect_attribution_observations:260,180
luis_senarens,gutenberg_texts/54629.txt;gutenberg_texts/54648.txt;gutenberg_texts/55562.txt,gutenberg_texts/21108.txt,19697,__main__.collect_attribution_observations:225,12
luis_senarens,gutenberg_texts/54629.txt;gutenberg_texts/54648.txt;gutenberg_texts/55562.txt,gutenberg_texts/219.txt,19697,__main__.collect_attribution_observations:225,6
luis_senarens,gutenberg_texts/54629.txt;gutenberg_texts/54648.txt;gutenberg_texts/55562.txt,gutenberg_texts/219.txt,19697,__main__.collect_attribution_observations:260,90
luis_senarens,gutenberg_texts/54629.txt;gutenberg_texts/54648.txt;gutenberg_texts/55562.txt,gutenberg_texts/24267.txt,19697,__main__.collect_attribution_observations:225,12
luis_senarens,gutenberg_texts/54629.txt;gutenberg_texts/54648.txt;gutenberg_texts/55562.txt,gutenberg_texts/24267.txt,19697,__main__.collect_attribution_observations:260,180
luis_senarens,gutenberg_texts/54629.txt;gutenberg_texts/54648.txt;gutenberg_texts/55562.txt,gutenberg_texts/244.txt,19697,__main__.collect_attribution_observations:225,6
luis_senarens,gutenberg_texts/54629.txt;gutenberg_texts/54648.txt;gutenberg_texts/55562.txt,gutenberg_texts/244.txt,19697,__main__.collect_attribution_observations:260,60
luis_senarens,gutenberg_texts/54629.txt;gutenberg_texts/54648.txt;gutenberg_texts/55562.txt,gutenberg_texts/24589.txt,19697,__main__.collect_attribution_observations:225,12
luis_senarens,gutenberg_texts/54629.txt;gutenberg_texts/54648.txt;gutenberg_texts/55562.txt,gutenberg_texts/28301.txt,19697,__main__.collect_attribution_observations:225,12
luis_senarens,gutenberg_texts/54629.txt;gutenberg_texts/54648.txt;gutenberg_texts/55562.txt,gutenberg_texts/2852.txt,19697,__main__.collect_attribution_observations:225,6
luis_senarens,gutenberg_texts/54629.txt;gutenberg_texts/54648.txt;gutenberg_texts/55562.txt,gutenberg_texts/2852.txt,19697,__main__.collect_attribution_observations:260,54
luis_senarens,gutenberg_texts/54629.txt;gutenberg_texts/54648.txt;gutenberg_texts/55562.txt,gutenberg_texts/29824.txt,19697,__main__.collect_attribution_observations:225,12
luis_senarens,gutenberg_texts/54629.txt;gutenberg_texts/54648.txt;gutenberg_texts/55562.txt,gutenberg_texts/30486.txt,19697,__main__.collect_attribution_observations:225,6
luis_senarens,gutenberg_texts/54629.txt;gutenberg_texts/54648.txt;gutenberg_texts/55562.txt,gutenberg_texts/30486.txt,19697,__main__.collect_attribution_observations:260,90
luis_senarens,gutenberg_texts/54629.txt;gutenberg_texts/54648.txt;gutenberg_texts/55562.txt,gutenberg_texts/31581.txt,19697,__main__.collect_attribution_observations:225,12
luis_senarens,gutenberg_texts/54629.txt;gutenberg_texts/54648.txt;gutenberg_texts/55562.txt,gutenberg_texts/31581.txt,19697,__main__.collect_attribution_observations:260,180
luis_senarens,gutenberg_texts/54629.txt;gutenberg_texts/54648.txt;gutenberg_texts/55562.txt,gutenberg_texts/31589.txt,19697,__main__.collect_attribution_observations:225,12
luis_senarens,gutenberg_texts/54629.txt;gutenberg_texts/54648.txt;gutenberg_texts/55562.txt,gutenberg_texts/31589.txt,19697,__main__.collect_attribution_observations:260,180
luis_senarens,gutenberg_texts/54629.txt;gutenberg_texts/54648.txt;gutenberg_texts/55562.txt,gutenberg_texts/32059.txt,19697,__main__.collect_attribution_observations:225,12
luis_senarens,gutenberg_texts/54629.txt;gutenberg_texts/54648.txt;gutenberg_texts/55562.txt,gutenberg_texts/32331.txt,19697,__main__.collect_attribution_observations:225,12
luis_senarens,gutenberg_texts/54629.txt;gutenberg_texts/54648.txt;gutenberg_texts/55562.txt,gutenberg_texts/32331.txt,19697,__main__.collect_attribution_observations:260,180
luis_senarens,gutenberg_texts/54629.txt;gutenberg_texts/54648.txt;gutenberg_texts/55562.txt,gutenberg_texts/32440.txt,19697,__main__.collect_attribution_observations:225,12
luis_senarens,gutenberg_texts/54629.txt;gutenberg_texts/54648.txt;gutenberg_texts/55562.txt,gutenberg_texts/32440.txt,19697,__main__.collect_attribution_observations:260,180
luis_senarens,gutenberg_texts/54629.txt;gutenberg_texts/54648.txt;gutenberg_texts/55562.txt,gutenberg_texts/32542.txt,19697,__main__.collect_attribution_observations:225,12
luis_senarens,gutenberg_texts/54629.txt;gutenberg_texts/54648.txt;gutenberg_texts/55562.txt,gutenberg_texts/34592.txt,19697,__main__.collect_attribution_observations:225,12
luis_senarens,gutenberg_texts/54629.txt;gutenberg_texts/54648.txt;gutenberg_texts/55562.txt,gutenberg_texts/34592.txt,19697,__main__.collect_attribution_observations:260,180
luis_senarens,gutenberg_texts/54629.txt;gutenberg_texts/54648.txt;gutenberg_texts/55562.txt,gutenberg_texts/34832.txt,19697,__main__.collect_attribution_observations:225,12
luis_senarens,gutenberg_texts/54629.txt;gutenberg_texts/54648.txt;gutenberg_texts/55562.txt,gutenberg_texts/34832.txt,19697,__main__.collect_attribution_observations:260,180
luis_senarens,gutenberg_texts/54629.txt;gutenberg_texts/54648.txt;gutenberg_texts/55562.txt,gutenberg_texts/35.txt,19697,__main__.collect_attribution_observations:225,6
luis_senarens,gutenberg_texts/54629.txt;gutenberg_texts/54648.txt;gutenberg_texts/55562.txt,gutenberg_texts/35.txt,19697,__main__.collect_attribution_observations:260,90
luis_senarens,gutenberg_texts/54629.txt;gutenberg_texts/54648.txt;gutenberg_texts/55562.txt,gutenberg_texts/35082.txt,19697,__main__.collect_attribution_observations:225,12
luis_senarens,gutenberg_texts/54629.txt;gutenberg_texts/54648.txt;gutenberg_texts/55562.txt,gutenberg_texts/36.txt,19697,__main__.collect_attribution_observations:225,6
luis_senarens,gutenberg_texts/54629.txt;gutenberg_texts/54648.txt;gutenberg_texts/55562.txt,gutenberg_texts/3635.txt,19697,__main__.collect_attribution_observations:225,12
luis_senarens,gutenberg_texts/54629.txt;gutenberg_texts/54648.txt;gutenberg_texts/55562.txt,gutenberg_texts/3635.txt,19697,__main__.collect_attribution_observations:260,180
luis_senarens,gutenberg_texts/54629.txt;gutenberg_texts/54648.txt;gutenberg_texts/55562.txt,gutenberg_texts/46.txt,19697,__main__.collect_attribution_observations:225,6
luis_senarens,gutenberg_texts/54629.txt;gutenberg_texts/54648.txt;gutenberg_texts/55562.txt,gutenberg_texts/46.txt,19697,__main__.collect_attribution_observations:260,66
luis_senarens,gutenberg_texts/54629.txt;gutenberg_texts/54648.txt;gutenberg_texts/55562.txt,gutenberg_texts/4787.txt,19697,__main__.collect_attribution_observations:225,12
luis_senarens,gutenberg_texts/54629.txt;gutenberg_texts/54648.txt;gutenberg_texts/55562.txt,gutenberg_texts/4787.txt,19697,__main__.collect_attribution_observations:260,180
luis_senarens,gutenberg_texts/54629.txt;gutenberg_texts/54648.txt;gutenberg_texts/55562.txt,gutenberg_texts/5658.txt,19697,__main__.collect_attribution_observations:225,6
luis_senarens,gutenberg_texts/54629.txt;gutenberg_texts/54648.txt;gutenberg_texts/55562.txt,gutenberg_texts/5658.txt,19697,__main__.collect_attribution_observations:260,90
luis_senarens,gutenberg_texts/54629.txt;gutenberg_texts/54648.txt;gutenberg_texts/55562.txt,gutenberg_texts/7063.txt,19697,__main__.collect_attribution_observations:225,6
luis_senarens,gutenberg_texts/54629.txt;gutenberg_texts/54648.txt;gutenberg_texts/55562.txt,gutenberg_texts/7063.txt,19697,__main__.collect_attribution_observations:260,90
luis_senarens,gutenberg_texts/54629.txt;gutenberg_texts/54648.txt;gutenberg_texts/55562.txt,gutenberg_texts/74.txt,19697,__main__.collect_attribution_observations:225,6
luis_senarens,gutenberg_texts/54629.txt;gutenberg_texts/54648.txt;gutenberg_texts/55562.txt,gutenberg_texts/74.txt,19697,__main__.collect_attribution_observations:260,90
luis_senarens,gutenberg_texts/54629.txt;gutenberg_texts/54648.txt;gutenberg_texts/55562.txt,gutenberg_texts/76.txt,19697,__main__.collect_attribution_observations:225,6
luis_senarens,gutenberg_texts/54629.txt;gutenberg_texts/54648.txt;gutenberg_texts/55562.txt,gutenberg_texts/76.txt,19697,__main__.collect_attribution_observations:260,90
luis_senarens,gutenberg_texts/54629.txt;gutenberg_texts/54648.txt;gutenberg_texts/55562.txt,gutenberg_texts/773.txt,19697,__main__.collect_attribution_observations:225,6
luis_senarens,gutenberg_texts/54629.txt;gutenberg_texts/54648.txt;gutenberg_texts/55562.txt,gutenberg_texts/773.txt,19697,__main__.collect_attribution_observations:260,90
luis_senarens,gutenberg_texts/54629.txt;gutenberg_texts/54648.txt;gutenberg_texts/55562.txt,gutenberg_texts/84.txt,19697,__main__.collect_attribution_observations:225,6
luis_senarens,gutenberg_texts/54629.txt;gutenberg_texts/54648.txt;gutenberg_texts/55562.txt,gutenberg_texts/84.txt,19697,__main__.collect_attribution_observations:260,90
luis_senarens,gutenberg_texts/54629.txt;gutenberg_texts/54648.txt;gutenberg_texts/55562.txt,gutenberg_texts/86.txt,19697,__main__.collect_attribution_observations:225,6
luis_senarens,gutenberg_texts/54629.txt;gutenberg_texts/54648.txt;gutenberg_texts/55562.txt,gutenberg_texts/8741.txt,19697,__main__.collect_attribution_observations:225,12
luis_senarens,gutenberg_texts/54629.txt;gutenberg_texts/54648.txt;gutenberg_texts/55562.txt,gutenberg_texts/8741.txt,19697,__main__.collect_attribution_observations:260,180
luis_senarens,gutenberg_texts/54629.txt;gutenberg_texts/54648.txt;gutenberg_texts/55562.txt,gutenberg_texts/8874.txt,19697,__main__.collect_attribution_observations:225,12
luis_senarens,gutenberg_texts/54629.txt;gutenberg_texts/54648.txt;gutenberg_texts/55562.txt,gutenberg_texts/8874.txt,19697,__main__.collect_attribution_observations:260,180
luis_senarens,gutenberg_texts/54629.txt;gutenberg_texts/54648.txt;gutenberg_texts/55562.txt,gutenberg_texts/9182.txt,19697,__main__.collect_attribution_observations:225,6
luis_senarens,gutenberg_texts/54629.txt;gutenberg_texts/54648.txt;gutenberg_texts/55562.txt,gutenberg_texts/9378.txt,19697,__main__.collect_attribution_observations:225,12
luis_senarens,gutenberg_texts/54629.txt;gutenberg_texts/54648.txt;gutenberg_texts/55562.txt,gutenberg_texts/9378.txt,19697,__main__.collect_attribution_observations:260,180
luis_senarens,gutenberg_texts/54629.txt;gutenberg_texts/54648.txt;gutenberg_texts/55562.txt,gutenberg_texts/9462.txt,19697,__main__.collect_attribution_observations:225,12
luis_senarens,gutenberg_texts/54629.txt;gutenberg_texts/54648.txt;gutenberg_texts/55562.txt,gutenberg_texts/9462.txt,19697,__main__.collect_attribution_observations:260,180
luis_senarens,gutenberg_texts/54629.txt;gutenberg_texts/54648.txt;gutenberg_texts/55562.txt,gutenberg_texts/9779.txt,19697,__main__.collect_attribution_observations:225,12
luis_senarens,gutenberg_texts/54629.txt;gutenberg_texts/54648.txt;gutenberg_texts/55562.txt,gutenberg_texts/98.txt,19697,__main__.collect_attribution_observations:225,6
luis_senarens,gutenberg_texts/54629.txt;gutenberg_texts/54648.txt;gutenberg_texts/55562.txt,gutenberg_texts/98.txt,19697,__main__.collect_attribution_observations:260,60
luis_senarens,gutenberg_texts/54629.txt;gutenberg_texts/55562.txt,gutenberg_texts/13960.txt;gutenberg_texts/161.txt;gutenberg_texts/18247.txt;gutenberg_texts/18656.txt;gutenberg_texts/24267.txt;gutenberg_texts/244.txt;gutenberg_texts/30486.txt;gutenberg_texts/31589.txt;gutenberg_texts/32331.txt;gutenberg_texts/34832.txt;gutenberg_texts/35.txt;gutenberg_texts/4787.txt;gutenberg_texts/54648.txt;gutenberg_texts/5658.txt;gutenberg_texts/7063.txt;gutenberg_texts/76.txt;gutenberg_texts/773.txt;gutenberg_texts/8874.txt;gutenberg_texts/9378.txt;gutenberg_texts/98.txt,13076,__main__.crossfit_separability:707,2
luis_senarens,gutenberg_texts/54629.txt;gutenberg_texts/55562.txt,gutenberg_texts/54648.txt,13076,__main__.collect_attribution_observations:225,12
luis_senarens,gutenberg_texts/54629.txt;gutenberg_texts/55562.txt,gutenberg_texts/54648.txt,13076,__main__.collect_attribution_observations:260,180
luis_senarens,gutenberg_texts/54648.txt;gutenberg_texts/55562.txt,full_books/agnes_may_fleming_full.txt;full_books/herbert_george_wells_full.txt;full_books/jane_austen_full.txt;gutenberg_texts/12360.txt;gutenberg_texts/1260.txt;gutenberg_texts/1661.txt;gutenberg_texts/16918.txt;gutenberg_texts/174.txt;gutenberg_texts/21107.txt;gutenberg_texts/219.txt;gutenberg_texts/31581.txt;gutenberg_texts/32440.txt;gutenberg_texts/34592.txt;gutenberg_texts/3635.txt;gutenberg_texts/46.txt;gutenberg_texts/54629.txt;gutenberg_texts/74.txt;gutenberg_texts/84.txt;gutenberg_texts/8741.txt;gutenberg_texts/9462.txt,13122,__main__.crossfit_separability:707,2
luis_senarens,gutenberg_texts/54648.txt;gutenberg_texts/55562.txt,gutenberg_texts/54629.txt,13122,__main__.collect_attribution_observations:225,12
luis_senarens,gutenberg_texts/54648.txt;gutenberg_texts/55562.txt,gutenberg_texts/54629.txt,13122,__main__.collect_attribution_observations:260,180
mark_twain,gutenberg_texts/74.txt;gutenberg_texts/76.txt,gutenberg_texts/1342.txt;gutenberg_texts/13547.txt;gutenberg_texts/1400.txt;gutenberg_texts/14522.txt;gutenberg_texts/15238.txt;gutenberg_texts/15317.txt;gutenberg_texts/2021.txt;gutenberg_texts/21108.txt;gutenberg_texts/24589.txt;gutenberg_texts/28301.txt;gutenberg_texts/2852.txt;gutenberg_texts/29824.txt;gutenberg_texts/32059.txt;gutenberg_texts/32542.txt;gutenberg_texts/35082.txt;gutenberg_texts/36.txt;gutenberg_texts/55562.txt;gutenberg_texts/86.txt;gutenberg_texts/9182.txt;gutenberg_texts/9779.txt,33106,__main__.crossfit_separability:707,2
mark_twain,gutenberg_texts/74.txt;gutenberg_texts/76.txt,gutenberg_texts/86.txt,33106,__main__.collect_attribution_observations:225,12
mark_twain,gutenberg_texts/74.txt;gutenberg_texts/76.txt;gutenberg_texts/86.txt,full_books/agnes_may_fleming_full.txt,52087,__main__.collect_attribution_observations:225,12
mark_twain,gutenberg_texts/74.txt;gutenberg_texts/76.txt;gutenberg_texts/86.txt,full_books/agnes_may_fleming_full.txt,52087,__main__.collect_attribution_observations:260,180
mark_twain,gutenberg_texts/74.txt;gutenberg_texts/76.txt;gutenberg_texts/86.txt,full_books/herbert_george_wells_full.txt,52087,__main__.collect_attribution_observations:225,12
mark_twain,gutenberg_texts/74.txt;gutenberg_texts/76.txt;gutenberg_texts/86.txt,full_books/herbert_george_wells_full.txt,52087,__main__.collect_attribution_observations:260,180
mark_twain,gutenberg_texts/74.txt;gutenberg_texts/76.txt;gutenberg_texts/86.txt,full_books/jane_austen_full.txt,52087,__main__.collect_attribution_observations:225,12
mark_twain,gutenberg_texts/74.txt;gutenberg_texts/76.txt;gutenberg_texts/86.txt,full_books/jane_austen_full.txt,52087,__main__.collect_attribution_observations:260,252
mark_twain,gutenberg_texts/74.txt;gutenberg_texts/76.txt;gutenberg_texts/86.txt,gutenberg_texts/12360.txt,52087,__main__.collect_attribution_observations:225,6
mark_twain,gutenberg_texts/74.txt;gutenberg_texts/76.txt;gutenberg_texts/86.txt,gutenberg_texts/12360.txt,52087,__main__.collect_attribution_observations:260,90
mark_twain,gutenberg_texts/74.txt;gutenberg_texts/76.txt;gutenberg_texts/86.txt,gutenberg_texts/1260.txt,52087,__main__.collect_attribution_observations:225,12
mark_twain,gutenberg_texts/74.txt;gutenberg_texts/76.txt;gutenberg_texts/86.txt,gutenberg_texts/1260.txt,52087,__main__.collect_attribution_observations:260,180
mark_twain,gutenberg_texts/74.txt;gutenberg_texts/76.txt;gutenberg_texts/86.txt,gutenberg_texts/1342.txt,52087,__main__.collect_attribution_observations:225,12
mark_twain,gutenberg_texts/74.txt;gutenberg_texts/76.txt;gutenberg_texts/86.txt,gutenberg_texts/13547.txt,52087,__main__.collect_attribution_observations:225,6
mark_twain,gutenberg_texts/74.txt;gutenberg_texts/76.txt;gutenberg_texts/86.txt,gutenberg_texts/13960.txt,52087,__main__.collect_attribution_observations:225,6
mark_twain,gutenberg_texts/74.txt;gutenberg_texts/76.txt;gutenberg_texts/86.txt,gutenberg_texts/13960.txt,52087,__main__.collect_attribution_observations:260,90
mark_twain,gutenberg_texts/74.txt;gutenberg_texts/76.txt;gutenberg_texts/86.txt,gutenberg_texts/1400.txt,52087,__main__.collect_attribution_observations:225,12
mark_twain,gutenberg_texts/74.txt;gutenberg_texts/76.txt;gutenberg_texts/86.txt,gutenberg_texts/1400.txt,52087,__main__.collect_attribution_observations:260,108
mark_twain,gutenberg_texts/74.txt;gutenberg_texts/76.txt;gutenberg_texts/86.txt,gutenberg_texts/14522.txt,52087,__main__.collect_attribution_observations:225,12
mark_twain,gutenberg_texts/74.txt;gutenberg_texts/76.txt;gutenberg_texts/86.txt,gutenberg_texts/15238.txt,52087,__main__.collect_attribution_observations:225,12
mark_twain,gutenberg_texts/74.txt;gutenberg_texts/76.txt;gutenberg_texts/86.txt,gutenberg_texts/15317.txt,52087,__main__.collect_attribution_observations:225,12
mark_twain,gutenberg_texts/74.txt;gutenberg_texts/76.txt;gutenberg_texts/86.txt,gutenberg_texts/161.txt,52087,__main__.collect_attribution_observations:225,12
mark_twain,gutenberg_texts/74.txt;gutenberg_texts/76.txt;gutenberg_texts/86.txt,gutenberg_texts/161.txt,52087,__main__.collect_attribution_observations:260,108
mark_twain,gutenberg_texts/74.txt;gutenberg_texts/76.txt;gutenberg_texts/86.txt,gutenberg_texts/1661.txt,52087,__main__.collect_attribution_observations:225,12
mark_twain,gutenberg_texts/74.txt;gutenberg_texts/76.txt;gutenberg_texts/86.txt,gutenberg_texts/1661.txt,52087,__main__.collect_attribution_observations:260,132
mark_twain,gutenberg_texts/74.txt;gutenberg_texts/76.txt;gutenberg_texts/86.txt,gutenberg_texts/16918.txt,52087,__main__.collect_attribution_observations:225,6
mark_twain,gutenberg_texts/74.txt;gutenberg_texts/76.txt;gutenberg_texts/86.txt,gutenberg_texts/16918.txt,52087,__main__.collect_attribution_observations:260,90
mark_twain,gutenberg_texts/74.txt;gutenberg_texts/76.txt;gutenberg_texts/86.txt,gutenberg_texts/174.txt,52087,__main__.collect_attribution_observations:225,12
mark_twain,gutenberg_texts/74.txt;gutenberg_texts/76.txt;gutenberg_texts/86.txt,gutenberg_texts/174.txt,52087,__main__.collect_attribution_observations:260,180
mark_twain,gutenberg_texts/74.txt;gutenberg_texts/76.txt;gutenberg_texts/86.txt,gutenberg_texts/18247.txt,52087,__main__.collect_attribution_observations:225,12
mark_twain,gutenberg_texts/74.txt;gutenberg_texts/76.txt;gutenberg_texts/86.txt,gutenberg_texts/18247.txt,52087,__main__.collect_attribution_observations:260,180
mark_twain,gutenberg_texts/74.txt;gutenberg_texts/76.txt;gutenberg_texts/86.txt,gutenberg_texts/18656.txt,52087,__main__.collect_attribution_observations:225,6
mark_twain,gutenberg_texts/74.txt;gutenberg_texts/76.txt;gutenberg_texts/86.txt,gutenberg_texts/18656.txt,52087,__main__.collect_attribution_observations:260,90
mark_twain,gutenberg_texts/74.txt;gutenberg_texts/76.txt;gutenberg_texts/86.txt,gutenberg_texts/2021.txt,52087,__main__.collect_attribution_observations:225,12
mark_twain,gutenberg_texts/74.txt;gutenberg_texts/76.txt;gutenberg_texts/86.txt,gutenberg_texts/21107.txt,52087,__main__.collect_attribution_observations:225,6
mark_twain,gutenberg_texts/74.txt;gutenberg_texts/76.txt;gutenberg_texts/86.txt,gutenberg_texts/21107.txt,52087,__main__.collect_attribution_observations:260,90
mark_twain,gutenberg_texts/74.txt;gutenberg_texts/76.txt;gutenberg_texts/86.txt,gutenberg_texts/21108.txt,52087,__main__.collect_attribution_observations:225,6
mark_twain,gutenberg_texts/74.txt;gutenberg_texts/76.txt;gutenberg_texts/86.txt,gutenberg_texts/219.txt,52087,__main__.collect_attribution_observations:225,12
mark_twain,gutenberg_texts/74.txt;gutenberg_texts/76.txt;gutenberg_texts/86.txt,gutenberg_texts/219.txt,52087,__main__.collect_attribution_observations:260,180
mark_twain,gutenberg_texts/74.txt;gutenberg_texts/76.txt;gutenberg_texts/86.txt,gutenberg_texts/24267.txt,52087,__main__.collect_attribution_observations:225,6
mark_twain,gutenberg_texts/74.txt;gutenberg_texts/76.txt;gutenberg_texts/86.txt,gutenberg_texts/24267.txt,52087,__main__.collect_attribution_observations:260,90
mark_twain,gutenberg_texts/74.txt;gutenberg_texts/76.txt;gutenberg_texts/86.txt,gutenberg_texts/244.txt,52087,__main__.collect_attribution_observations:225,12
mark_twain,gutenberg_texts/74.txt;gutenberg_texts/76.txt;gutenberg_texts/86.txt,gutenberg_texts/244.txt,52087,__main__.collect_attribution_observations:260,120
mark_twain,gutenberg_texts/74.txt;gutenberg_texts/76.txt;gutenberg_texts/86.txt,gutenberg_texts/24589.txt,52087,__main__.collect_attribution_observations:225,6
mark_twain,gutenberg_texts/74.txt;gutenberg_texts/76.txt;gutenberg_texts/86.txt,gutenberg_texts/28301.txt,52087,__main__.collect_attribution_observations:225,6
mark_twain,gutenberg_texts/74.txt;gutenberg_texts/76.txt;gutenberg_texts/86.txt,gutenberg_texts/2852.txt,52087,__main__.collect_attribution_observations:225,12
mark_twain,gutenberg_texts/74.txt;gutenberg_texts/76.txt;gutenberg_texts/86.txt,gutenberg_texts/2852.txt,52087,__main__.collect_attribution_observations:260,108
mark_twain,gutenberg_texts/74.txt;gutenberg_texts/76.txt;gutenberg_texts/86.txt,gutenberg_texts/29824.txt,52087,__main__.collect_attribution_observations:225,6
mark_twain,gutenberg_texts/74.txt;gutenberg_texts/76.txt;gutenberg_texts/86.txt,gutenberg_texts/30486.txt,52087,__main__.collect_attribution_observations:225,12
mark_twain,gutenberg_texts/74.txt;gutenberg_texts/76.txt;gutenberg_texts/86.txt,gutenberg_texts/30486.txt,52087,__main__.collect_attribution_observations:260,180
mark_twain,gutenberg_texts/74.txt;gutenberg_texts/76.txt;gutenberg_texts/86.txt,gutenberg_texts/31581.txt,52087,__main__.collect_attribution_observations:225,6
mark_twain,gutenberg_texts/74.txt;gutenberg_texts/76.txt;gutenberg_texts/86.txt,gutenberg_texts/31581.txt,52087,__main__.collect_attribution_observations:260,90
mark_twain,gutenberg_texts/74.txt;gutenberg_texts/76.txt;gutenberg_texts/86.txt,gutenberg_texts/31589.txt,52087,__main__.collect_attribution_observations:225,6
mark_twain,gutenberg_texts/74.txt;gutenberg_texts/76.txt;gutenberg_texts/86.txt,gutenberg_texts/31589.txt,52087,__main__.collect_attribution_observations:260,90
mark_twain,gutenberg_texts/74.txt;gutenberg_texts/76.txt;gutenberg_texts/86.txt,gutenberg_texts/32059.txt,52087,__main__.collect_attribution_observations:225,6
mark_twain,gutenberg_texts/74.txt;gutenberg_texts/76.txt;gutenberg_texts/86.txt,gutenberg_texts/32331.txt,52087,__main__.collect_attribution_observations:225,6
mark_twain,gutenberg_texts/74.txt;gutenberg_texts/76.txt;gutenberg_texts/86.txt,gutenberg_texts/32331.txt,52087,__main__.collect_attribution_observations:260,90
mark_twain,gutenberg_texts/74.txt;gutenberg_texts/76.txt;gutenberg_texts/86.txt,gutenberg_texts/32440.txt,52087,__main__.collect_attribution_observations:225,6
mark_twain,gutenberg_texts/74.txt;gutenberg_texts/76.txt;gutenberg_texts/86.txt,gutenberg_texts/32440.txt,52087,__main__.collect_attribution_observations:260,90
mark_twain,gutenberg_texts/74.txt;gutenberg_texts/76.txt;gutenberg_texts/86.txt,gutenberg_texts/32542.txt,52087,__main__.collect_attribution_observations:225,6
mark_twain,gutenberg_texts/74.txt;gutenberg_texts/76.txt;gutenberg_texts/86.txt,gutenberg_texts/34592.txt,52087,__main__.collect_attribution_observations:225,6
mark_twain,gutenberg_texts/74.txt;gutenberg_texts/76.txt;gutenberg_texts/86.txt,gutenberg_texts/34592.txt,52087,__main__.collect_attribution_observations:260,90
mark_twain,gutenberg_texts/74.txt;gutenberg_texts/76.txt;gutenberg_texts/86.txt,gutenberg_texts/34832.txt,52087,__main__.collect_attribution_observations:225,6
mark_twain,gutenberg_texts/74.txt;gutenberg_texts/76.txt;gutenberg_texts/86.txt,gutenberg_texts/34832.txt,52087,__main__.collect_attribution_observations:260,90
mark_twain,gutenberg_texts/74.txt;gutenberg_texts/76.txt;gutenberg_texts/86.txt,gutenberg_texts/35.txt,52087,__main__.collect_attribution_observations:225,12
mark_twain,gutenberg_texts/74.txt;gutenberg_texts/76.txt;gutenberg_texts/86.txt,gutenberg_texts/35.txt,52087,__main__.collect_attribution_observations:260,180
mark_twain,gutenberg_texts/74.txt;gutenberg_texts/76.txt;gutenberg_texts/86.txt,gutenberg_texts/35082.txt,52087,__main__.collect_attribution_observations:225,6
mark_twain,gutenberg_texts/74.txt;gutenberg_texts/76.txt;gutenberg_texts/86.txt,gutenberg_texts/36.txt,52087,__main__.collect_attribution_observations:225,12
mark_twain,gutenberg_texts/74.txt;gutenberg_texts/76.txt;gutenberg_texts/86.txt,gutenberg_texts/3635.txt,52087,__main__.collect_attribution_observations:225,6
mark_twain,gutenberg_texts/74.txt;gutenberg_texts/76.txt;gutenberg_texts/86.txt,gutenberg_texts/3635.txt,52087,__main__.collect_attribution_observations:260,90
mark_twain,gutenberg_texts/74.txt;gutenberg_texts/76.txt;gutenberg_texts/86.txt,gutenberg_texts/46.txt,52087,__main__.collect_attribution_observations:225,12
mark_twain,gutenberg_texts/74.txt;gutenberg_texts/76.txt;gutenberg_texts/86.txt,gutenberg_texts/46.txt,52087,__main__.collect_attribution_observations:260,132
mark_twain,gutenberg_texts/74.txt;gutenberg_texts/76.txt;gutenberg_texts/86.txt,gutenberg_texts/4787.txt,52087,__main__.collect_attribution_observations:225,6
mark_twain,gutenberg_texts/74.txt;gutenberg_texts/76.txt;gutenberg_texts/86.txt,gutenberg_texts/4787.txt,52087,__main__.collect_attribution_observations:260,90
mark_twain,gutenberg_texts/74.txt;gutenberg_texts/76.txt;gutenberg_texts/86.txt,gutenberg_texts/54629.txt,52087,__main__.collect_attribution_observations:225,6
mark_twain,gutenberg_texts/74.txt;gutenberg_texts/76.txt;gutenberg_texts/86.txt,gutenberg_texts/54629.txt,52087,__main__.collect_attribution_observations:260,90
mark_twain,gutenberg_texts/74.txt;gutenberg_texts/76.txt;gutenberg_texts/86.txt,gutenberg_texts/54648.txt,52087,__main__.collect_attribution_observations:225,6
mark_twain,gutenberg_texts/74.txt;gutenberg_texts/76.txt;gutenberg_texts/86.txt,gutenberg_texts/54648.txt,52087,__main__.collect_attribution_observations:260,90
mark_twain,gutenberg_texts/74.txt;gutenberg_texts/76.txt;gutenberg_texts/86.txt,gutenberg_texts/55562.txt,52087,__main__.collect_attribution_observations:225,6
mark_twain,gutenberg_texts/74.txt;gutenberg_texts/76.txt;gutenberg_texts/86.txt,gutenberg_texts/5658.txt,52087,__main__.collect_attribution_observations:225,12
mark_twain,gutenberg_texts/74.txt;gutenberg_texts/76.txt;gutenberg_texts/86.txt,gutenberg_texts/5658.txt,52087,__main__.collect_attribution_observations:260,180
mark_twain,gutenberg_texts/74.txt;gutenberg_texts/76.txt;gutenberg_texts/86.txt,gutenberg_texts/7063.txt,52087,__main__.collect_attribution_observations:225,12
mark_twain,gutenberg_texts/74.txt;gutenberg_texts/76.txt;gutenberg_texts/86.txt,gutenberg_texts/7063.txt,52087,__main__.collect_attribution_observations:260,180
mark_twain,gutenberg_texts/74.txt;gutenberg_texts/76.txt;gutenberg_texts/86.txt,gutenberg_texts/773.txt,52087,__main__.collect_attribution_observations:225,12
mark_twain,gutenberg_texts/74.txt;gutenberg_texts/76.txt;gutenberg_texts/86.txt,gutenberg_texts/773.txt,52087,__main__.collect_attribution_observations:260,180
mark_twain,gutenberg_texts/74.txt;gutenberg_texts/76.txt;gutenberg_texts/86.txt,gutenberg_texts/84.txt,52087,__main__.collect_attribution_observations:225,12
mark_twain,gutenberg_texts/74.txt;gutenberg_texts/76.txt;gutenberg_texts/86.txt,gutenberg_texts/84.txt,52087,__main__.collect_attribution_observations:260,180
mark_twain,gutenberg_texts/74.txt;gutenberg_texts/76.txt;gutenberg_texts/86.txt,gutenberg_texts/8741.txt,52087,__main__.collect_attribution_observations:225,6
mark_twain,gutenberg_texts/74.txt;gutenberg_texts/76.txt;gutenberg_texts/86.txt,gutenberg_texts/8741.txt,52087,__main__.collect_attribution_observations:260,90
mark_twain,gutenberg_texts/74.txt;gutenberg_texts/76.txt;gutenberg_texts/86.txt,gutenberg_texts/8874.txt,52087,__main__.collect_attribution_observations:225,6
mark_twain,gutenberg_texts/74.txt;gutenberg_texts/76.txt;gutenberg_texts/86.txt,gutenberg_texts/8874.txt,52087,__main__.collect_attribution_observations:260,90
mark_twain,gutenberg_texts/74.txt;gutenberg_texts/76.txt;gutenberg_texts/86.txt,gutenberg_texts/9182.txt,52087,__main__.collect_attribution_observations:225,12
mark_twain,gutenberg_texts/74.txt;gutenberg_texts/76.txt;gutenberg_texts/86.txt,gutenberg_texts/9378.txt,52087,__main__.collect_attribution_observations:225,6
mark_twain,gutenberg_texts/74.txt;gutenberg_texts/76.txt;gutenberg_texts/86.txt,gutenberg_texts/9378.txt,52087,__main__.collect_attribution_observations:260,90
mark_twain,gutenberg_texts/74.txt;gutenberg_texts/76.txt;gutenberg_texts/86.txt,gutenberg_texts/9462.txt,52087,__main__.collect_attribution_observations:225,6
mark_twain,gutenberg_texts/74.txt;gutenberg_texts/76.txt;gutenberg_texts/86.txt,gutenberg_texts/9462.txt,52087,__main__.collect_attribution_observations:260,90
mark_twain,gutenberg_texts/74.txt;gutenberg_texts/76.txt;gutenberg_texts/86.txt,gutenberg_texts/9779.txt,52087,__main__.collect_attribution_observations:225,6
mark_twain,gutenberg_texts/74.txt;gutenberg_texts/76.txt;gutenberg_texts/86.txt,gutenberg_texts/98.txt,52087,__main__.collect_attribution_observations:225,12
mark_twain,gutenberg_texts/74.txt;gutenberg_texts/76.txt;gutenberg_texts/86.txt,gutenberg_texts/98.txt,52087,__main__.collect_attribution_observations:260,120
mark_twain,gutenberg_texts/74.txt;gutenberg_texts/86.txt,gutenberg_texts/13960.txt;gutenberg_texts/161.txt;gutenberg_texts/18247.txt;gutenberg_texts/18656.txt;gutenberg_texts/24267.txt;gutenberg_texts/244.txt;gutenberg_texts/30486.txt;gutenberg_texts/31589.txt;gutenberg_texts/32331.txt;gutenberg_texts/34832.txt;gutenberg_texts/35.txt;gutenberg_texts/4787.txt;gutenberg_texts/54648.txt;gutenberg_texts/5658.txt;gutenberg_texts/7063.txt;gutenberg_texts/76.txt;gutenberg_texts/773.txt;gutenberg_texts/8874.txt;gutenberg_texts/9378.txt;gutenberg_texts/98.txt,32777,__main__.crossfit_separability:707,2
mark_twain,gutenberg_texts/74.txt;gutenberg_texts/86.txt,gutenberg_texts/76.txt,32777,__main__.collect_attribution_observations:225,12
mark_twain,gutenberg_texts/74.txt;gutenberg_texts/86.txt,gutenberg_texts/76.txt,32777,__main__.collect_attribution_observations:260,180
mark_twain,gutenberg_texts/76.txt;gutenberg_texts/86.txt,full_books/agnes_may_fleming_full.txt;full_books/herbert_george_wells_full.txt;full_books/jane_austen_full.txt;gutenberg_texts/12360.txt;gutenberg_texts/1260.txt;gutenberg_texts/1661.txt;gutenberg_texts/16918.txt;gutenberg_texts/174.txt;gutenberg_texts/21107.txt;gutenberg_texts/219.txt;gutenberg_texts/31581.txt;gutenberg_texts/32440.txt;gutenberg_texts/34592.txt;gutenberg_texts/3635.txt;gutenberg_texts/46.txt;gutenberg_texts/54629.txt;gutenberg_texts/74.txt;gutenberg_texts/84.txt;gutenberg_texts/8741.txt;gutenberg_texts/9462.txt,38291,__main__.crossfit_separability:707,2
mark_twain,gutenberg_texts/76.txt;gutenberg_texts/86.txt,gutenberg_texts/74.txt,38291,__main__.collect_attribution_observations:225,12
mark_twain,gutenberg_texts/76.txt;gutenberg_texts/86.txt,gutenberg_texts/74.txt,38291,__main__.collect_attribution_observations:260,180
mary_shelley,gutenberg_texts/18247.txt;gutenberg_texts/15238.txt,full_books/agnes_may_fleming_full.txt;full_books/herbert_george_wells_full.txt;full_books/jane_austen_full.txt;gutenberg_texts/12360.txt;gutenberg_texts/1260.txt;gutenberg_texts/1661.txt;gutenberg_texts/16918.txt;gutenberg_texts/174.txt;gutenberg_texts/21107.txt;gutenberg_texts/219.txt;gutenberg_texts/31581.txt;gutenberg_texts/32440.txt;gutenberg_texts/34592.txt;gutenberg_texts/3635.txt;gutenberg_texts/46.txt;gutenberg_texts/54629.txt;gutenberg_texts/74.txt;gutenberg_texts/84.txt;gutenberg_texts/8741.txt;gutenberg_texts/9462.txt,32374,__main__.crossfit_separability:707,2
mary_shelley,gutenberg_texts/18247.txt;gutenberg_texts/15238.txt,gutenberg_texts/84.txt,32374,__main__.collect_attribution_observations:225,12
mary_shelley,gutenberg_texts/18247.txt;gutenberg_texts/15238.txt,gutenberg_texts/84.txt,32374,__main__.collect_attribution_observations:260,180
mary_shelley,gutenberg_texts/84.txt;gutenberg_texts/15238.txt,gutenberg_texts/13960.txt;gutenberg_texts/161.txt;gutenberg_texts/18247.txt;gutenberg_texts/18656.txt;gutenberg_texts/24267.txt;gutenberg_texts/244.txt;gutenberg_texts/30486.txt;gutenberg_texts/31589.txt;gutenberg_texts/32331.txt;gutenberg_texts/34832.txt;gutenberg_texts/35.txt;gutenberg_texts/4787.txt;gutenberg_texts/54648.txt;gutenberg_texts/5658.txt;gutenberg_texts/7063.txt;gutenberg_texts/76.txt;gutenberg_texts/773.txt;gutenberg_texts/8874.txt;gutenberg_texts/9378.txt;gutenberg_texts/98.txt,15151,__main__.crossfit_separability:707,2
mary_shelley,gutenberg_texts/84.txt;gutenberg_texts/15238.txt,gutenberg_texts/18247.txt,15151,__main__.collect_attribution_observations:225,12
mary_shelley,gutenberg_texts/84.txt;gutenberg_texts/15238.txt,gutenberg_texts/18247.txt,15151,__main__.collect_attribution_observations:260,180
mary_shelley,gutenberg_texts/84.txt;gutenberg_texts/18247.txt,gutenberg_texts/1342.txt;gutenberg_texts/13547.txt;gutenberg_texts/1400.txt;gutenberg_texts/14522.txt;gutenberg_texts/15238.txt;gutenberg_texts/15317.txt;gutenberg_texts/2021.txt;gutenberg_texts/21108.txt;gutenberg_texts/24589.txt;gutenberg_texts/28301.txt;gutenberg_texts/2852.txt;gutenberg_texts/29824.txt;gutenberg_texts/32059.txt;gutenberg_texts/32542.txt;gutenberg_texts/35082.txt;gutenberg_texts/36.txt;gutenberg_texts/55562.txt;gutenberg_texts/86.txt;gutenberg_texts/9182.txt;gutenberg_texts/9779.txt,37401,__main__.crossfit_separability:707,2
mary_shelley,gutenberg_texts/84.txt;gutenberg_texts/18247.txt,gutenberg_texts/15238.txt,37401,__main__.collect_attribution_observations:225,12
mary_shelley,gutenberg_texts/84.txt;gutenberg_texts/18247.txt;gutenberg_texts/15238.txt,full_books/agnes_may_fleming_full.txt,42463,__main__.collect_attribution_observations:225,12
mary_shelley,gutenberg_texts/84.txt;gutenberg_texts/18247.txt;gutenberg_texts/15238.txt,full_books/agnes_may_fleming_full.txt,42463,__main__.collect_attribution_observations:260,180
mary_shelley,gutenberg_texts/84.txt;gutenberg_texts/18247.txt;gutenberg_texts/15238.txt,full_books/herbert_george_wells_full.txt,42463,__main__.collect_attribution_observations:225,12
mary_shelley,gutenberg_texts/84.txt;gutenberg_texts/18247.txt;gutenberg_texts/15238.txt,full_books/herbert_george_wells_full.txt,42463,__main__.collect_attribution_observations:260,180
mary_shelley,gutenberg_texts/84.txt;gutenberg_texts/18247.txt;gutenberg_texts/15238.txt,full_books/jane_austen_full.txt,42463,__main__.collect_attribution_observations:225,12
mary_shelley,gutenberg_texts/84.txt;gutenberg_texts/18247.txt;gutenberg_texts/15238.txt,full_books/jane_austen_full.txt,42463,__main__.collect_attribution_observations:260,252
mary_shelley,gutenberg_texts/84.txt;gutenberg_texts/18247.txt;gutenberg_texts/15238.txt,gutenberg_texts/12360.txt,42463,__main__.collect_attribution_observations:225,6
mary_shelley,gutenberg_texts/84.txt;gutenberg_texts/18247.txt;gutenberg_texts/15238.txt,gutenberg_texts/12360.txt,42463,__main__.collect_attribution_observations:260,90
mary_shelley,gutenberg_texts/84.txt;gutenberg_texts/18247.txt;gutenberg_texts/15238.txt,gutenberg_texts/1260.txt,42463,__main__.collect_attribution_observations:225,12
mary_shelley,gutenberg_texts/84.txt;gutenberg_texts/18247.txt;gutenberg_texts/15238.txt,gutenberg_texts/1260.txt,42463,__main__.collect_attribution_observations:260,180
mary_shelley,gutenberg_texts/84.txt;gutenberg_texts/18247.txt;gutenberg_texts/15238.txt,gutenberg_texts/1342.txt,42463,__main__.collect_attribution_observations:225,12
mary_shelley,gutenberg_texts/84.txt;gutenberg_texts/18247.txt;gutenberg_texts/15238.txt,gutenberg_texts/13547.txt,42463,__main__.collect_attribution_observations:225,6
mary_shelley,gutenberg_texts/84.txt;gutenberg_texts/18247.txt;gutenberg_texts/15238.txt,gutenberg_texts/13960.txt,42463,__main__.collect_attribution_observations:225,6
mary_shelley,gutenberg_texts/84.txt;gutenberg_texts/18247.txt;gutenberg_texts/15238.txt,gutenberg_texts/13960.txt,42463,__main__.collect_attribution_observations:260,90
mary_shelley,gutenberg_texts/84.txt;gutenberg_texts/18247.txt;gutenberg_texts/15238.txt,gutenberg_texts/1400.txt,42463,__main__.collect_attribution_observations:225,12
mary_shelley,gutenberg_texts/84.txt;gutenberg_texts/18247.txt;gutenberg_texts/15238.txt,gutenberg_texts/1400.txt,42463,__main__.collect_attribution_observations:260,108
mary_shelley,gutenberg_texts/84.txt;gutenberg_texts/18247.txt;gutenberg_texts/15238.txt,gutenberg_texts/14522.txt,42463,__main__.collect_attribution_observations:225,12
mary_shelley,gutenberg_texts/84.txt;gutenberg_texts/18247.txt;gutenberg_texts/15238.txt,gutenberg_texts/15317.txt,42463,__main__.collect_attribution_observations:225,12
mary_shelley,gutenberg_texts/84.txt;gutenberg_texts/18247.txt;gutenberg_texts/15238.txt,gutenberg_texts/161.txt,42463,__main__.collect_attribution_observations:225,12
mary_shelley,gutenberg_texts/84.txt;gutenberg_texts/18247.txt;gutenberg_texts/15238.txt,gutenberg_texts/161.txt,42463,__main__.collect_attribution_observations:260,108
mary_shelley,gutenberg_texts/84.txt;gutenberg_texts/18247.txt;gutenberg_texts/15238.txt,gutenberg_texts/1661.txt,42463,__main__.collect_attribution_observations:225,12
mary_shelley,gutenberg_texts/84.txt;gutenberg_texts/18247.txt;gutenberg_texts/15238.txt,gutenberg_texts/1661.txt,42463,__main__.collect_attribution_observations:260,132
mary_shelley,gutenberg_texts/84.txt;gutenberg_texts/18247.txt;gutenberg_texts/15238.txt,gutenberg_texts/16918.txt,42463,__main__.collect_attribution_observations:225,6
mary_shelley,gutenberg_texts/84.txt;gutenberg_texts/18247.txt;gutenberg_texts/15238.txt,gutenberg_texts/16918.txt,42463,__main__.collect_attribution_observations:260,90
mary_shelley,gutenberg_texts/84.txt;gutenberg_texts/18247.txt;gutenberg_texts/15238.txt,gutenberg_texts/174.txt,42463,__main__.collect_attribution_observations:225,12
mary_shelley,gutenberg_texts/84.txt;gutenberg_texts/18247.txt;gutenberg_texts/15238.txt,gutenberg_texts/174.txt,42463,__main__.collect_attribution_observations:260,180
mary_shelley,gutenberg_texts/84.txt;gutenberg_texts/18247.txt;gutenberg_texts/15238.txt,gutenberg_texts/18656.txt,42463,__main__.collect_attribution_observations:225,6
mary_shelley,gutenberg_texts/84.txt;gutenberg_texts/18247.txt;gutenberg_texts/15238.txt,gutenberg_texts/18656.txt,42463,__main__.collect_attribution_observations:260,90
mary_shelley,gutenberg_texts/84.txt;gutenberg_texts/18247.txt;gutenberg_texts/15238.txt,gutenberg_texts/2021.txt,42463,__main__.collect_attribution_observations:225,12
mary_shelley,gutenberg_texts/84.txt;gutenberg_texts/18247.txt;gutenberg_texts/15238.txt,gutenberg_texts/21107.txt,42463,__main__.collect_attribution_observations:225,6
mary_shelley,gutenberg_texts/84.txt;gutenberg_texts/18247.txt;gutenberg_texts/15238.txt,gutenberg_texts/21107.txt,42463,__main__.collect_attribution_observations:260,90
mary_shelley,gutenberg_texts/84.txt;gutenberg_texts/18247.txt;gutenberg_texts/15238.txt,gutenberg_texts/21108.txt,42463,__main__.collect_attribution_observations:225,6
mary_shelley,gutenberg_texts/84.txt;gutenberg_texts/18247.txt;gutenberg_texts/15238.txt,gutenberg_texts/219.txt,42463,__main__.collect_attribution_observations:225,12
mary_shelley,gutenberg_texts/84.txt;gutenberg_texts/18247.txt;gutenberg_texts/15238.txt,gutenberg_texts/219.txt,42463,__main__.collect_attribution_observations:260,180
mary_shelley,gutenberg_texts/84.txt;gutenberg_texts/18247.txt;gutenberg_texts/15238.txt,gutenberg_texts/24267.txt,42463,__main__.collect_attribution_observations:225,6
mary_shelley,gutenberg_texts/84.txt;gutenberg_texts/18247.txt;gutenberg_texts/15238.txt,gutenberg_texts/24267.txt,42463,__main__.collect_attribution_observations:260,90
mary_shelley,gutenberg_texts/84.txt;gutenberg_texts/18247.txt;gutenberg_texts/15238.txt,gutenberg_texts/244.txt,42463,__main__.collect_attribution_observations:225,12
mary_shelley,gutenberg_texts/84.txt;gutenberg_texts/18247.txt;gutenberg_texts/15238.txt,gutenberg_texts/244.txt,42463,__main__.collect_attribution_observations:260,120
mary_shelley,gutenberg_texts/84.txt;gutenberg_texts/18247.txt;gutenberg_texts/15238.txt,gutenberg_texts/24589.txt,42463,__main__.collect_attribution_observations:225,6
mary_shelley,gutenberg_texts/84.txt;gutenberg_texts/18247.txt;gutenberg_texts/15238.txt,gutenberg_texts/28301.txt,42463,__main__.collect_attribution_observations:225,6
mary_shelley,gutenberg_texts/84.txt;gutenberg_texts/18247.txt;gutenberg_texts/15238.txt,gutenberg_texts/2852.txt,42463,__main__.collect_attribution_observations:225,12
mary_shelley,gutenberg_texts/84.txt;gutenberg_texts/18247.txt;gutenberg_texts/15238.txt,gutenberg_texts/2852.txt,42463,__main__.collect_attribution_observations:260,108
mary_shelley,gutenberg_texts/84.txt;gutenberg_texts/18247.txt;gutenberg_texts/15238.txt,gutenberg_texts/29824.txt,42463,__main__.collect_attribution_observations:225,6
mary_shelley,gutenberg_texts/84.txt;gutenberg_texts/18247.txt;gutenberg_texts/15238.txt,gutenberg_texts/30486.txt,42463,__main__.collect_attribution_observations:225,12
mary_shelley,gutenberg_texts/84.txt;gutenberg_texts/18247.txt;gutenberg_texts/15238.txt,gutenberg_texts/30486.txt,42463,__main__.collect_attribution_observations:260,180
mary_shelley,gutenberg_texts/84.txt;gutenberg_texts/18247.txt;gutenberg_texts/15238.txt,gutenberg_texts/31581.txt,42463,__main__.collect_attribution_observations:225,6
mary_shelley,gutenberg_texts/84.txt;gutenberg_texts/18247.txt;gutenberg_texts/15238.txt,gutenberg_texts/31581.txt,42463,__main__.collect_attribution_observations:260,90
mary_shelley,gutenberg_texts/84.txt;gutenberg_texts/18247.txt;gutenberg_texts/15238.txt,gutenberg_texts/31589.txt,42463,__main__.collect_attribution_observations:225,6
mary_shelley,gutenberg_texts/84.txt;gutenberg_texts/18247.txt;gutenberg_texts/15238.txt,gutenberg_texts/31589.txt,42463,__main__.collect_attribution_observations:260,90
mary_shelley,gutenberg_texts/84.txt;gutenberg_texts/18247.txt;gutenberg_texts/15238.txt,gutenberg_texts/32059.txt,42463,__main__.collect_attribution_observations:225,6
mary_shelley,gutenberg_texts/84.txt;gutenberg_texts/18247.txt;gutenberg_texts/15238.txt,gutenberg_texts/32331.txt,42463,__main__.collect_attribution_observations:225,6
mary_shelley,gutenberg_texts/84.txt;gutenberg_texts/18247.txt;gutenberg_texts/15238.txt,gutenberg_texts/32331.txt,42463,__main__.collect_attribution_observations:260,90
mary_shelley,gutenberg_texts/84.txt;gutenberg_texts/18247.txt;gutenberg_texts/15238.txt,gutenberg_texts/32440.txt,42463,__main__.collect_attribution_observations:225,6
mary_shelley,gutenberg_texts/84.txt;gutenberg_texts/18247.txt;gutenberg_texts/15238.txt,gutenberg_texts/32440.txt,42463,__main__.collect_attribution_observations:260,90
mary_shelley,gutenberg_texts/84.txt;gutenberg_texts/18247.txt;gutenberg_texts/15238.txt,gutenberg_texts/32542.txt,42463,__main__.collect_attribution_observations:225,6
mary_shelley,gutenberg_texts/84.txt;gutenberg_texts/18247.txt;gutenberg_texts/15238.txt,gutenberg_texts/34592.txt,42463,__main__.collect_attribution_observations:225,6
mary_shelley,gutenberg_texts/84.txt;gutenberg_texts/18247.txt;gutenberg_texts/15238.txt,gutenberg_texts/34592.txt,42463,__main__.collect_attribution_observations:260,90
mary_shelley,gutenberg_texts/84.txt;gutenberg_texts/18247.txt;gutenberg_texts/15238.txt,gutenberg_texts/34832.txt,42463,__main__.collect_attribution_observations:225,6
mary_shelley,gutenberg_texts/84.txt;gutenberg_texts/18247.txt;gutenberg_texts/15238.txt,gutenberg_texts/34832.txt,42463,__main__.collect_attribution_observations:260,90
mary_shelley,gutenberg_texts/84.txt;gutenberg_texts/18247.txt;gutenberg_texts/15238.txt,gutenberg_texts/35.txt,42463,__main__.collect_attribution_observations:225,12
mary_shelley,gutenberg_texts/84.txt;gutenberg_texts/18247.txt;gutenberg_texts/15238.txt,gutenberg_texts/35.txt,42463,__main__.collect_attribution_observations:260,180
mary_shelley,gutenberg_texts/84.txt;gutenberg_texts/18247.txt;gutenberg_texts/15238.txt,gutenberg_texts/35082.txt,42463,__main__.collect_attribution_observations:225,6
mary_shelley,gutenberg_texts/84.txt;gutenberg_texts/18247.txt;gutenberg_texts/15238.txt,gutenberg_texts/36.txt,42463,__main__.collect_attribution_observations:225,12
mary_shelley,gutenberg_texts/84.txt;gutenberg_texts/18247.txt;gutenberg_texts/15238.txt,gutenberg_texts/3635.txt,42463,__main__.collect_attribution_observations:225,6
mary_shelley,gutenberg_texts/84.txt;gutenberg_texts/18247.txt;gutenberg_texts/15238.txt,gutenberg_texts/3635.txt,42463,__main__.collect_attribution_observations:260,90
mary_shelley,gutenberg_texts/84.txt;gutenberg_texts/18247.txt;gutenberg_texts/15238.txt,gutenberg_texts/46.txt,42463,__main__.collect_attribution_observations:225,12
mary_shelley,gutenberg_texts/84.txt;gutenberg_texts/18247.txt;gutenberg_texts/15238.txt,gutenberg_texts/46.txt,42463,__main__.collect_attribution_observations:260,132
mary_shelley,gutenberg_texts/84.txt;gutenberg_texts/18247.txt;gutenberg_texts/15238.txt,gutenberg_texts/4787.txt,42463,__main__.collect_attribution_observations:225,6
mary_shelley,gutenberg_texts/84.txt;gutenberg_texts/18247.txt;gutenberg_texts/15238.txt,gutenberg_texts/4787.txt,42463,__main__.collect_attribution_observations:260,90
mary_shelley,gutenberg_texts/84.txt;gutenberg_texts/18247.txt;gutenberg_texts/15238.txt,gutenberg_texts/54629.txt,42463,__main__.collect_attribution_observations:225,6
mary_shelley,gutenberg_texts/84.txt;gutenberg_texts/18247.txt;gutenberg_texts/15238.txt,gutenberg_texts/54629.txt,42463,__main__.collect_attribution_observations:260,90
mary_shelley,gutenberg_texts/84.txt;gutenberg_texts/18247.txt;gutenberg_texts/15238.txt,gutenberg_texts/54648.txt,42463,__main__.collect_attribution_observations:225,6
mary_shelley,gutenberg_texts/84.txt;gutenberg_texts/18247.txt;gutenberg_texts/15238.txt,gutenberg_texts/54648.txt,42463,__main__.collect_attribution_observations:260,90
mary_shelley,gutenberg_texts/84.txt;gutenberg_texts/18247.txt;gutenberg_texts/15238.txt,gutenberg_texts/55562.txt,42463,__main__.collect_attribution_observations:225,6
mary_shelley,gutenberg_texts/84.txt;gutenberg_texts/18247.txt;gutenberg_texts/15238.txt,gutenberg_texts/5658.txt,42463,__main__.collect_attribution_observations:225,12
mary_shelley,gutenberg_texts/84.txt;gutenberg_texts/18247.txt;gutenberg_texts/15238.txt,gutenberg_texts/5658.txt,42463,__main__.collect_attribution_observations:260,180
mary_shelley,gutenberg_texts/84.txt;gutenberg_texts/18247.txt;gutenberg_texts/15238.txt,gutenberg_texts/7063.txt,42463,__main__.collect_attribution_observations:225,12
mary_shelley,gutenberg_texts/84.txt;gutenberg_texts/18247.txt;gutenberg_texts/15238.txt,gutenberg_texts/7063.txt,42463,__main__.collect_attribution_observations:260,180
mary_shelley,gutenberg_texts/84.txt;gutenberg_texts/18247.txt;gutenberg_texts/15238.txt,gutenberg_texts/74.txt,42463,__main__.collect_attribution_observations:225,12
mary_shelley,gutenberg_texts/84.txt;gutenberg_texts/18247.txt;gutenberg_texts/15238.txt,gutenberg_texts/74.txt,42463,__main__.collect_attribution_observations:260,180
mary_shelley,gutenberg_texts/84.txt;gutenberg_texts/18247.txt;gutenberg_texts/15238.txt,gutenberg_texts/76.txt,42463,__main__.collect_attribution_observations:225,12
mary_shelley,gutenberg_texts/84.txt;gutenberg_texts/18247.txt;gutenberg_texts/15238.txt,gutenberg_texts/76.txt,42463,__main__.collect_attribution_observations:260,180
mary_shelley,gutenberg_texts/84.txt;gutenberg_texts/18247.txt;gutenberg_texts/15238.txt,gutenberg_texts/773.txt,42463,__main__.collect_attribution_observations:225,12
mary_shelley,gutenberg_texts/84.txt;gutenberg_texts/18247.txt;gutenberg_texts/15238.txt,gutenberg_texts/773.txt,42463,__main__.collect_attribution_observations:260,180
mary_shelley,gutenberg_texts/84.txt;gutenberg_texts/18247.txt;gutenberg_texts/15238.txt,gutenberg_texts/86.txt,42463,__main__.collect_attribution_observations:225,12
mary_shelley,gutenberg_texts/84.txt;gutenberg_texts/18247.txt;gutenberg_texts/15238.txt,gutenberg_texts/8741.txt,42463,__main__.collect_attribution_observations:225,6
mary_shelley,gutenberg_texts/84.txt;gutenberg_texts/18247.txt;gutenberg_texts/15238.txt,gutenberg_texts/8741.txt,42463,__main__.collect_attribution_observations:260,90
mary_shelley,gutenberg_texts/84.txt;gutenberg_texts/18247.txt;gutenberg_texts/15238.txt,gutenberg_texts/8874.txt,42463,__main__.collect_attribution_observations:225,6
mary_shelley,gutenberg_texts/84.txt;gutenberg_texts/18247.txt;gutenberg_texts/15238.txt,gutenberg_texts/8874.txt,42463,__main__.collect_attribution_observations:260,90
mary_shelley,gutenberg_texts/84.txt;gutenberg_texts/18247.txt;gutenberg_texts/15238.txt,gutenberg_texts/9182.txt,42463,__main__.collect_attribution_observations:225,12
mary_shelley,gutenberg_texts/84.txt;gutenberg_texts/18247.txt;gutenberg_texts/15238.txt,gutenberg_texts/9378.txt,42463,__main__.collect_attribution_observations:225,6
mary_shelley,gutenberg_texts/84.txt;gutenberg_texts/18247.txt;gutenberg_texts/15238.txt,gutenberg_texts/9378.txt,42463,__main__.collect_attribution_observations:260,90
mary_shelley,gutenberg_texts/84.txt;gutenberg_texts/18247.txt;gutenberg_texts/15238.txt,gutenberg_texts/9462.txt,42463,__main__.collect_attribution_observations:225,6
mary_shelley,gutenberg_texts/84.txt;gutenberg_texts/18247.txt;gutenberg_texts/15238.txt,gutenberg_texts/9462.txt,42463,__main__.collect_attribution_observations:260,90
mary_shelley,gutenberg_texts/84.txt;gutenberg_texts/18247.txt;gutenberg_texts/15238.txt,gutenberg_texts/9779.txt,42463,__main__.collect_attribution_observations:225,6
mary_shelley,gutenberg_texts/84.txt;gutenberg_texts/18247.txt;gutenberg_texts/15238.txt,gutenberg_texts/98.txt,42463,__main__.collect_attribution_observations:225,12
mary_shelley,gutenberg_texts/84.txt;gutenberg_texts/18247.txt;gutenberg_texts/15238.txt,gutenberg_texts/98.txt,42463,__main__.collect_attribution_observations:260,120
mildred_wirt,gutenberg_texts/34592.txt;gutenberg_texts/34832.txt,gutenberg_texts/1342.txt;gutenberg_texts/13547.txt;gutenberg_texts/1400.txt;gutenberg_texts/14522.txt;gutenberg_texts/15238.txt;gutenberg_texts/15317.txt;gutenberg_texts/2021.txt;gutenberg_texts/21108.txt;gutenberg_texts/24589.txt;gutenberg_texts/28301.txt;gutenberg_texts/2852.txt;gutenberg_texts/29824.txt;gutenberg_texts/32059.txt;gutenberg_texts/32542.txt;gutenberg_texts/35082.txt;gutenberg_texts/36.txt;gutenberg_texts/55562.txt;gutenberg_texts/86.txt;gutenberg_texts/9182.txt;gutenberg_texts/9779.txt,20011,__main__.crossfit_separability:707,2
mildred_wirt,gutenberg_texts/34592.txt;gutenberg_texts/34832.txt,gutenberg_texts/35082.txt,20011,__main__.collect_attribution_observations:225,12
mildred_wirt,gutenberg_texts/34592.txt;gutenberg_texts/34832.txt;gutenberg_texts/35082.txt,full_books/agnes_may_fleming_full.txt,30836,__main__.collect_attribution_observations:225,6
mildred_wirt,gutenberg_texts/34592.txt;gutenberg_texts/34832.txt;gutenberg_texts/35082.txt,full_books/agnes_may_fleming_full.txt,30836,__main__.collect_attribution_observations:260,90
mildred_wirt,gutenberg_texts/34592.txt;gutenberg_texts/34832.txt;gutenberg_texts/35082.txt,full_books/herbert_george_wells_full.txt,30836,__main__.collect_attribution_observations:225,6
mildred_wirt,gutenberg_texts/34592.txt;gutenberg_texts/34832.txt;gutenberg_texts/35082.txt,full_books/herbert_george_wells_full.txt,30836,__main__.collect_attribution_observations:260,90
mildred_wirt,gutenberg_texts/34592.txt;gutenberg_texts/34832.txt;gutenberg_texts/35082.txt,full_books/jane_austen_full.txt,30836,__main__.collect_attribution_observations:225,6
mildred_wirt,gutenberg_texts/34592.txt;gutenberg_texts/34832.txt;gutenberg_texts/35082.txt,full_books/jane_austen_full.txt,30836,__main__.collect_attribution_observations:260,126
mildred_wirt,gutenberg_texts/34592.txt;gutenberg_texts/34832.txt;gutenberg_texts/35082.txt,gutenberg_texts/12360.txt,30836,__main__.collect_attribution_observations:225,12
mildred_wirt,gutenberg_texts/34592.txt;gutenberg_texts/34832.txt;gutenberg_texts/35082.txt,gutenberg_texts/12360.txt,30836,__main__.collect_attribution_observations:260,180
mildred_wirt,gutenberg_texts/34592.txt;gutenberg_texts/34832.txt;gutenberg_texts/35082.txt,gutenberg_texts/1260.txt,30836,__main__.collect_attribution_observations:225,6
mildred_wirt,gutenberg_texts/34592.txt;gutenberg_texts/34832.txt;gutenberg_texts/35082.txt,gutenberg_texts/1260.txt,30836,__main__.collect_attribution_observations:260,90
mildred_wirt,gutenberg_texts/34592.txt;gutenberg_texts/34832.txt;gutenberg_texts/35082.txt,gutenberg_texts/1342.txt,30836,__main__.collect_attribution_observations:225,6
mildred_wirt,gutenberg_texts/34592.txt;gutenberg_texts/34832.txt;gutenberg_texts/35082.txt,gutenberg_texts/13547.txt,30836,__main__.collect_attribution_observations:225,12
mildred_wirt,gutenberg_texts/34592.txt;gutenberg_texts/34832.txt;gutenberg_texts/35082.txt,gutenberg_texts/13960.txt,30836,__main__.collect_attribution_observations:225,12
mildred_wirt,gutenberg_texts/34592.txt;gutenberg_texts/34832.txt;gutenberg_texts/35082.txt,gutenberg_texts/13960.txt,30836,__main__.collect_attribution_observations:260,180
mildred_wirt,gutenberg_texts/34592.txt;gutenberg_texts/34832.txt;gutenberg_texts/35082.txt,gutenberg_texts/1400.txt,30836,__main__.collect_attribution_observations:225,6
mildred_wirt,gutenberg_texts/34592.txt;gutenberg_texts/34832.txt;gutenberg_texts/35082.txt,gutenberg_texts/1400.txt,30836,__main__.collect_attribution_observations:260,54
mildred_wirt,gutenberg_texts/34592.txt;gutenberg_texts/34832.txt;gutenberg_texts/35082.txt,gutenberg_texts/14522.txt,30836,__main__.collect_attribution_observations:225,6
mildred_wirt,gutenberg_texts/34592.txt;gutenberg_texts/34832.txt;gutenberg_texts/35082.txt,gutenberg_texts/15238.txt,30836,__main__.collect_attribution_observations:225,6
mildred_wirt,gutenberg_texts/34592.txt;gutenberg_texts/34832.txt;gutenberg_texts/35082.txt,gutenberg_texts/15317.txt,30836,__main__.collect_attribution_observations:225,6
mildred_wirt,gutenberg_texts/34592.txt;gutenberg_texts/34832.txt;gutenberg_texts/35082.txt,gutenberg_texts/161.txt,30836,__main__.collect_attribution_observations:225,6
mildred_wirt,gutenberg_texts/34592.txt;gutenberg_texts/34832.txt;gutenberg_texts/35082.txt,gutenberg_texts/161.txt,30836,__main__.collect_attribution_observations:260,54
mildred_wirt,gutenberg_texts/34592.txt;gutenberg_texts/34832.txt;gutenberg_texts/35082.txt,gutenberg_texts/1661.txt,30836,__main__.collect_attribution_observations:225,6
mildred_wirt,gutenberg_texts/34592.txt;gutenberg_texts/34832.txt;gutenberg_texts/35082.txt,gutenberg_texts/1661.txt,30836,__main__.collect_attribution_observations:260,66
mildred_wirt,gutenberg_texts/34592.txt;gutenberg_texts/34832.txt;gutenberg_texts/35082.txt,gutenberg_texts/16918.txt,30836,__main__.collect_attribution_observations:225,12
mildred_wirt,gutenberg_texts/34592.txt;gutenberg_texts/34832.txt;gutenberg_texts/35082.txt,gutenberg_texts/16918.txt,30836,__main__.collect_attribution_observations:260,180
mildred_wirt,gutenberg_texts/34592.txt;gutenberg_texts/34832.txt;gutenberg_texts/35082.txt,gutenberg_texts/174.txt,30836,__main__.collect_attribution_observations:225,6
mildred_wirt,gutenberg_texts/34592.txt;gutenberg_texts/34832.txt;gutenberg_texts/35082.txt,gutenberg_texts/174.txt,30836,__main__.collect_attribution_observations:260,90
mildred_wirt,gutenberg_texts/34592.txt;gutenberg_texts/34832.txt;gutenberg_texts/35082.txt,gutenberg_texts/18247.txt,30836,__main__.collect_attribution_observations:225,6
mildred_wirt,gutenberg_texts/34592.txt;gutenberg_texts/34832.txt;gutenberg_texts/35082.txt,gutenberg_texts/18247.txt,30836,__main__.collect_attribution_observations:260,90
mildred_wirt,gutenberg_texts/34592.txt;gutenberg_texts/34832.txt;gutenberg_texts/35082.txt,gutenberg_texts/18656.txt,30836,__main__.collect_attribution_observations:225,12
mildred_wirt,gutenberg_texts/34592.txt;gutenberg_texts/34832.txt;gutenberg_texts/35082.txt,gutenberg_texts/18656.txt,30836,__main__.collect_attribution_observations:260,180
mildred_wirt,gutenberg_texts/34592.txt;gutenberg_texts/34832.txt;gutenberg_texts/35082.txt,gutenberg_texts/2021.txt,30836,__main__.collect_attribution_observations:225,6
mildred_wirt,gutenberg_texts/34592.txt;gutenberg_texts/34832.txt;gutenberg_texts/35082.txt,gutenberg_texts/21107.txt,30836,__main__.collect_attribution_observations:225,12
mildred_wirt,gutenberg_texts/34592.txt;gutenberg_texts/34832.txt;gutenberg_texts/35082.txt,gutenberg_texts/21107.txt,30836,__main__.collect_attribution_observations:260,180
mildred_wirt,gutenberg_texts/34592.txt;gutenberg_texts/34832.txt;gutenberg_texts/35082.txt,gutenberg_texts/21108.txt,30836,__main__.collect_attribution_observations:225,12
mildred_wirt,gutenberg_texts/34592.txt;gutenberg_texts/34832.txt;gutenberg_texts/35082.txt,gutenberg_texts/219.txt,30836,__main__.collect_attribution_observations:225,6
mildred_wirt,gutenberg_texts/34592.txt;gutenberg_texts/34832.txt;gutenberg_texts/35082.txt,gutenberg_texts/219.txt,30836,__main__.collect_attribution_observations:260,90
mildred_wirt,gutenberg_texts/34592.txt;gutenberg_texts/34832.txt;gutenberg_texts/35082.txt,gutenberg_texts/24267.txt,30836,__main__.collect_attribution_observations:225,12
mildred_wirt,gutenberg_texts/34592.txt;gutenberg_texts/34832.txt;gutenberg_texts/35082.txt,gutenberg_texts/24267.txt,30836,__main__.collect_attribution_observations:260,180
mildred_wirt,gutenberg_texts/34592.txt;gutenberg_texts/34832.txt;gutenberg_texts/35082.txt,gutenberg_texts/244.txt,30836,__main__.collect_attribution_observations:225,6
mildred_wirt,gutenberg_texts/34592.txt;gutenberg_texts/34832.txt;gutenberg_texts/35082.txt,gutenberg_texts/244.txt,30836,__main__.collect_attribution_observations:260,60
mildred_wirt,gutenberg_texts/34592.txt;gutenberg_texts/34832.txt;gutenberg_texts/35082.txt,gutenberg_texts/24589.txt,30836,__main__.collect_attribution_observations:225,12
mildred_wirt,gutenberg_texts/34592.txt;gutenberg_texts/34832.txt;gutenberg_texts/35082.txt,gutenberg_texts/28301.txt,30836,__main__.collect_attribution_observations:225,12
mildred_wirt,gutenberg_texts/34592.txt;gutenberg_texts/34832.txt;gutenberg_texts/35082.txt,gutenberg_texts/2852.txt,30836,__main__.collect_attribution_observations:225,6
mildred_wirt,gutenberg_texts/34592.txt;gutenberg_texts/34832.txt;gutenberg_texts/35082.txt,gutenberg_texts/2852.txt,30836,__main__.collect_attribution_observations:260,54
mildred_wirt,gutenberg_texts/34592.txt;gutenberg_texts/34832.txt;gutenberg_texts/35082.txt,gutenberg_texts/29824.txt,30836,__main__.collect_attribution_observations:225,12
mildred_wirt,gutenberg_texts/34592.txt;gutenberg_texts/34832.txt;gutenberg_texts/35082.txt,gutenberg_texts/30486.txt,30836,__main__.collect_attribution_observations:225,6
mildred_wirt,gutenberg_texts/34592.txt;gutenberg_texts/34832.txt;gutenberg_texts/35082.txt,gutenberg_texts/30486.txt,30836,__main__.collect_attribution_observations:260,90
mildred_wirt,gutenberg_texts/34592.txt;gutenberg_texts/34832.txt;gutenberg_texts/35082.txt,gutenberg_texts/31581.txt,30836,__main__.collect_attribution_observations:225,12
mildred_wirt,gutenberg_texts/34592.txt;gutenberg_texts/34832.txt;gutenberg_texts/35082.txt,gutenberg_texts/31581.txt,30836,__main__.collect_attribution_observations:260,180
mildred_wirt,gutenberg_texts/34592.txt;gutenberg_texts/34832.txt;gutenberg_texts/35082.txt,gutenberg_texts/31589.txt,30836,__main__.collect_attribution_observations:225,12
mildred_wirt,gutenberg_texts/34592.txt;gutenberg_texts/34832.txt;gutenberg_texts/35082.txt,gutenberg_texts/31589.txt,30836,__main__.collect_attribution_observations:260,180
mildred_wirt,gutenberg_texts/34592.txt;gutenberg_texts/34832.txt;gutenberg_texts/35082.txt,gutenberg_texts/32059.txt,30836,__main__.collect_attribution_observations:225,12
mildred_wirt,gutenberg_texts/34592.txt;gutenberg_texts/34832.txt;gutenberg_texts/35082.txt,gutenberg_texts/32331.txt,30836,__main__.collect_attribution_observations:225,12
mildred_wirt,gutenberg_texts/34592.txt;gutenberg_texts/34832.txt;gutenberg_texts/35082.txt,gutenberg_texts/32331.txt,30836,__main__.collect_attribution_observations:260,180
mildred_wirt,gutenberg_texts/34592.txt;gutenberg_texts/34832.txt;gutenberg_texts/35082.txt,gutenberg_texts/32440.txt,30836,__main__.collect_attribution_observations:225,12
mildred_wirt,gutenberg_texts/34592.txt;gutenberg_texts/34832.txt;gutenberg_texts/35082.txt,gutenberg_texts/32440.txt,30836,__main__.collect_attribution_observations:260,180
mildred_wirt,gutenberg_texts/34592.txt;gutenberg_texts/34832.txt;gutenberg_texts/35082.txt,gutenberg_texts/32542.txt,30836,__main__.collect_attribution_observations:225,12
mildred_wirt,gutenberg_texts/34592.txt;gutenberg_texts/34832.txt;gutenberg_texts/35082.txt,gutenberg_texts/35.txt,30836,__main__.collect_attribution_observations:225,6
mildred_wirt,gutenberg_texts/34592.txt;gutenberg_texts/34832.txt;gutenberg_texts/35082.txt,gutenberg_texts/35.txt,30836,__main__.collect_attribution_observations:260,90
mildred_wirt,gutenberg_texts/34592.txt;gutenberg_texts/34832.txt;gutenberg_texts/35082.txt,gutenberg_texts/36.txt,30836,__main__.collect_attribution_observations:225,6
mildred_wirt,gutenberg_texts/34592.txt;gutenberg_texts/34832.txt;gutenberg_texts/35082.txt,gutenberg_texts/3635.txt,30836,__main__.collect_attribution_observations:225,12
mildred_wirt,gutenberg_texts/34592.txt;gutenberg_texts/34832.txt;gutenberg_texts/35082.txt,gutenberg_texts/3635.txt,30836,__main__.collect_attribution_observations:260,180
mildred_wirt,gutenberg_texts/34592.txt;gutenberg_texts/34832.txt;gutenberg_texts/35082.txt,gutenberg_texts/46.txt,30836,__main__.collect_attribution_observations:225,6
mildred_wirt,gutenberg_texts/34592.txt;gutenberg_texts/34832.txt;gutenberg_texts/35082.txt,gutenberg_texts/46.txt,30836,__main__.collect_attribution_observations:260,66
mildred_wirt,gutenberg_texts/34592.txt;gutenberg_texts/34832.txt;gutenberg_texts/35082.txt,gutenberg_texts/4787.txt,30836,__main__.collect_attribution_observations:225,12
mildred_wirt,gutenberg_texts/34592.txt;gutenberg_texts/34832.txt;gutenberg_texts/35082.txt,gutenberg_texts/4787.txt,30836,__main__.collect_attribution_observations:260,180
mildred_wirt,gutenberg_texts/34592.txt;gutenberg_texts/34832.txt;gutenberg_texts/35082.txt,gutenberg_texts/54629.txt,30836,__main__.collect_attribution_observations:225,12
mildred_wirt,gutenberg_texts/34592.txt;gutenberg_texts/34832.txt;gutenberg_texts/35082.txt,gutenberg_texts/54629.txt,30836,__main__.collect_attribution_observations:260,180
mildred_wirt,gutenberg_texts/34592.txt;gutenberg_texts/34832.txt;gutenberg_texts/35082.txt,gutenberg_texts/54648.txt,30836,__main__.collect_attribution_observations:225,12
mildred_wirt,gutenberg_texts/34592.txt;gutenberg_texts/34832.txt;gutenberg_texts/35082.txt,gutenberg_texts/54648.txt,30836,__main__.collect_attribution_observations:260,180
mildred_wirt,gutenberg_texts/34592.txt;gutenberg_texts/34832.txt;gutenberg_texts/35082.txt,gutenberg_texts/55562.txt,30836,__main__.collect_attribution_observations:225,12
mildred_wirt,gutenberg_texts/34592.txt;gutenberg_texts/34832.txt;gutenberg_texts/35082.txt,gutenberg_texts/5658.txt,30836,__main__.collect_attribution_observations:225,6
mildred_wirt,gutenberg_texts/34592.txt;gutenberg_texts/34832.txt;gutenberg_texts/35082.txt,gutenberg_texts/5658.txt,30836,__main__.collect_attribution_observations:260,90
mildred_wirt,gutenberg_texts/34592.txt;gutenberg_texts/34832.txt;gutenberg_texts/35082.txt,gutenberg_texts/7063.txt,30836,__main__.collect_attribution_observations:225,6
mildred_wirt,gutenberg_texts/34592.txt;gutenberg_texts/34832.txt;gutenberg_texts/35082.txt,gutenberg_texts/7063.txt,30836,__main__.collect_attribution_observations:260,90
mildred_wirt,gutenberg_texts/34592.txt;gutenberg_texts/34832.txt;gutenberg_texts/35082.txt,gutenberg_texts/74.txt,30836,__main__.collect_attribution_observations:225,6
mildred_wirt,gutenberg_texts/34592.txt;gutenberg_texts/34832.txt;gutenberg_texts/35082.txt,gutenberg_texts/74.txt,30836,__main__.collect_attribution_observations:260,90
mildred_wirt,gutenberg_texts/34592.txt;gutenberg_texts/34832.txt;gutenberg_texts/35082.txt,gutenberg_texts/76.txt,30836,__main__.collect_attribution_observations:225,6
mildred_wirt,gutenberg_texts/34592.txt;gutenberg_texts/34832.txt;gutenberg_texts/35082.txt,gutenberg_texts/76.txt,30836,__main__.collect_attribution_observations:260,90
mildred_wirt,gutenberg_texts/34592.txt;gutenberg_texts/34832.txt;gutenberg_texts/35082.txt,gutenberg_texts/773.txt,30836,__main__.collect_attribution_observations:225,6
mildred_wirt,gutenberg_texts/34592.txt;gutenberg_texts/34832.txt;gutenberg_texts/35082.txt,gutenberg_texts/773.txt,30836,__main__.collect_attribution_observations:260,90
mildred_wirt,gutenberg_texts/34592.txt;gutenberg_texts/34832.txt;gutenberg_texts/35082.txt,gutenberg_texts/84.txt,30836,__main__.collect_attribution_observations:225,6
mildred_wirt,gutenberg_texts/34592.txt;gutenberg_texts/34832.txt;gutenberg_texts/35082.txt,gutenberg_texts/84.txt,30836,__main__.collect_attribution_observations:260,90
mildred_wirt,gutenberg_texts/34592.txt;gutenberg_texts/34832.txt;gutenberg_texts/35082.txt,gutenberg_texts/86.txt,30836,__main__.collect_attribution_observations:225,6
mildred_wirt,gutenberg_texts/34592.txt;gutenberg_texts/34832.txt;gutenberg_texts/35082.txt,gutenberg_texts/8741.txt,30836,__main__.collect_attribution_observations:225,12
mildred_wirt,gutenberg_texts/34592.txt;gutenberg_texts/34832.txt;gutenberg_texts/35082.txt,gutenberg_texts/8741.txt,30836,__main__.collect_attribution_observations:260,180
mildred_wirt,gutenberg_texts/34592.txt;gutenberg_texts/34832.txt;gutenberg_texts/35082.txt,gutenberg_texts/8874.txt,30836,__main__.collect_attribution_observations:225,12
mildred_wirt,gutenberg_texts/34592.txt;gutenberg_texts/34832.txt;gutenberg_texts/35082.txt,gutenberg_texts/8874.txt,30836,__main__.collect_attribution_observations:260,180
mildred_wirt,gutenberg_texts/34592.txt;gutenberg_texts/34832.txt;gutenberg_texts/35082.txt,gutenberg_texts/9182.txt,30836,__main__.collect_attribution_observations:225,6
mildred_wirt,gutenberg_texts/34592.txt;gutenberg_texts/34832.txt;gutenberg_texts/35082.txt,gutenberg_texts/9378.txt,30836,__main__.collect_attribution_observations:225,12
mildred_wirt,gutenberg_texts/34592.txt;gutenberg_texts/34832.txt;gutenberg_texts/35082.txt,gutenberg_texts/9378.txt,30836,__main__.collect_attribution_observations:260,180
mildred_wirt,gutenberg_texts/34592.txt;gutenberg_texts/34832.txt;gutenberg_texts/35082.txt,gutenberg_texts/9462.txt,30836,__main__.collect_attribution_observations:225,12
mildred_wirt,gutenberg_texts/34592.txt;gutenberg_texts/34832.txt;gutenberg_texts/35082.txt,gutenberg_texts/9462.txt,30836,__main__.collect_attribution_observations:260,180
mildred_wirt,gutenberg_texts/34592.txt;gutenberg_texts/34832.txt;gutenberg_texts/35082.txt,gutenberg_texts/9779.txt,30836,__main__.collect_attribution_observations:225,12
mildred_wirt,gutenberg_texts/34592.txt;gutenberg_texts/34832.txt;gutenberg_texts/35082.txt,gutenberg_texts/98.txt,30836,__main__.collect_attribution_observations:225,6
mildred_wirt,gutenberg_texts/34592.txt;gutenberg_texts/34832.txt;gutenberg_texts/35082.txt,gutenberg_texts/98.txt,30836,__main__.collect_attribution_observations:260,60
mildred_wirt,gutenberg_texts/34592.txt;gutenberg_texts/35082.txt,gutenberg_texts/13960.txt;gutenberg_texts/161.txt;gutenberg_texts/18247.txt;gutenberg_texts/18656.txt;gutenberg_texts/24267.txt;gutenberg_texts/244.txt;gutenberg_texts/30486.txt;gutenberg_texts/31589.txt;gutenberg_texts/32331.txt;gutenberg_texts/34832.txt;gutenberg_texts/35.txt;gutenberg_texts/4787.txt;gutenberg_texts/54648.txt;gutenberg_texts/5658.txt;gutenberg_texts/7063.txt;gutenberg_texts/76.txt;gutenberg_texts/773.txt;gutenberg_texts/8874.txt;gutenberg_texts/9378.txt;gutenberg_texts/98.txt,20640,__main__.crossfit_separability:707,2
mildred_wirt,gutenberg_texts/34592.txt;gutenberg_texts/35082.txt,gutenberg_texts/34832.txt,20640,__main__.collect_attribution_observations:225,12
mildred_wirt,gutenberg_texts/34592.txt;gutenberg_texts/35082.txt,gutenberg_texts/34832.txt,20640,__main__.collect_attribution_observations:260,180
mildred_wirt,gutenberg_texts/34832.txt;gutenberg_texts/35082.txt,full_books/agnes_may_fleming_full.txt;full_books/herbert_george_wells_full.txt;full_books/jane_austen_full.txt;gutenberg_texts/12360.txt;gutenberg_texts/1260.txt;gutenberg_texts/1661.txt;gutenberg_texts/16918.txt;gutenberg_texts/174.txt;gutenberg_texts/21107.txt;gutenberg_texts/219.txt;gutenberg_texts/31581.txt;gutenberg_texts/32440.txt;gutenberg_texts/34592.txt;gutenberg_texts/3635.txt;gutenberg_texts/46.txt;gutenberg_texts/54629.txt;gutenberg_texts/74.txt;gutenberg_texts/84.txt;gutenberg_texts/8741.txt;gutenberg_texts/9462.txt,21021,__main__.crossfit_separability:707,2
mildred_wirt,gutenberg_texts/34832.txt;gutenberg_texts/35082.txt,gutenberg_texts/34592.txt,21021,__main__.collect_attribution_observations:225,12
mildred_wirt,gutenberg_texts/34832.txt;gutenberg_texts/35082.txt,gutenberg_texts/34592.txt,21021,__main__.collect_attribution_observations:260,180
oscar_wilde,gutenberg_texts/174.txt;gutenberg_texts/14522.txt,gutenberg_texts/13960.txt;gutenberg_texts/161.txt;gutenberg_texts/18247.txt;gutenberg_texts/18656.txt;gutenberg_texts/24267.txt;gutenberg_texts/244.txt;gutenberg_texts/30486.txt;gutenberg_texts/31589.txt;gutenberg_texts/32331.txt;gutenberg_texts/34832.txt;gutenberg_texts/35.txt;gutenberg_texts/4787.txt;gutenberg_texts/54648.txt;gutenberg_texts/5658.txt;gutenberg_texts/7063.txt;gutenberg_texts/76.txt;gutenberg_texts/773.txt;gutenberg_texts/8874.txt;gutenberg_texts/9378.txt;gutenberg_texts/98.txt,17155,__main__.crossfit_separability:707,2
oscar_wilde,gutenberg_texts/174.txt;gutenberg_texts/14522.txt,gutenberg_texts/773.txt,17155,__main__.collect_attribution_observations:225,12
oscar_wilde,gutenberg_texts/174.txt;gutenberg_texts/14522.txt,gutenberg_texts/773.txt,17155,__main__.collect_attribution_observations:260,180
oscar_wilde,gutenberg_texts/174.txt;gutenberg_texts/773.txt,gutenberg_texts/1342.txt;gutenberg_texts/13547.txt;gutenberg_texts/1400.txt;gutenberg_texts/14522.txt;gutenberg_texts/15238.txt;gutenberg_texts/15317.txt;gutenberg_texts/2021.txt;gutenberg_texts/21108.txt;gutenberg_texts/24589.txt;gutenberg_texts/28301.txt;gutenberg_texts/2852.txt;gutenberg_texts/29824.txt;gutenberg_texts/32059.txt;gutenberg_texts/32542.txt;gutenberg_texts/35082.txt;gutenberg_texts/36.txt;gutenberg_texts/55562.txt;gutenberg_texts/86.txt;gutenberg_texts/9182.txt;gutenberg_texts/9779.txt,20965,__main__.crossfit_separability:707,2
oscar_wilde,gutenberg_texts/174.txt;gutenberg_texts/773.txt,gutenberg_texts/14522.txt,20965,__main__.collect_attribution_observations:225,12
oscar_wilde,gutenberg_texts/174.txt;gutenberg_texts/773.txt;gutenberg_texts/14522.txt,full_books/agnes_may_fleming_full.txt,22920,__main__.collect_attribution_observations:225,12
oscar_wilde,gutenberg_texts/174.txt;gutenberg_texts/773.txt;gutenberg_texts/14522.txt,full_books/agnes_may_fleming_full.txt,22920,__main__.collect_attribution_observations:260,180
oscar_wilde,gutenberg_texts/174.txt;gutenberg_texts/773.txt;gutenberg_texts/14522.txt,full_books/herbert_george_wells_full.txt,22920,__main__.collect_attribution_observations:225,12
oscar_wilde,gutenberg_texts/174.txt;gutenberg_texts/773.txt;gutenberg_texts/14522.txt,full_books/herbert_george_wells_full.txt,22920,__main__.collect_attribution_observations:260,180
oscar_wilde,gutenberg_texts/174.txt;gutenberg_texts/773.txt;gutenberg_texts/14522.txt,full_books/jane_austen_full.txt,22920,__main__.collect_attribution_observations:225,12
oscar_wilde,gutenberg_texts/174.txt;gutenberg_texts/773.txt;gutenberg_texts/14522.txt,full_books/jane_austen_full.txt,22920,__main__.collect_attribution_observations:260,252
oscar_wilde,gutenberg_texts/174.txt;gutenberg_texts/773.txt;gutenberg_texts/14522.txt,gutenberg_texts/12360.txt,22920,__main__.collect_attribution_observations:225,6
oscar_wilde,gutenberg_texts/174.txt;gutenberg_texts/773.txt;gutenberg_texts/14522.txt,gutenberg_texts/12360.txt,22920,__main__.collect_attribution_observations:260,90
oscar_wilde,gutenberg_texts/174.txt;gutenberg_texts/773.txt;gutenberg_texts/14522.txt,gutenberg_texts/1260.txt,22920,__main__.collect_attribution_observations:225,12
oscar_wilde,gutenberg_texts/174.txt;gutenberg_texts/773.txt;gutenberg_texts/14522.txt,gutenberg_texts/1260.txt,22920,__main__.collect_attribution_observations:260,180
oscar_wilde,gutenberg_texts/174.txt;gutenberg_texts/773.txt;gutenberg_texts/14522.txt,gutenberg_texts/1342.txt,22920,__main__.collect_attribution_observations:225,12
oscar_wilde,gutenberg_texts/174.txt;gutenberg_texts/773.txt;gutenberg_texts/14522.txt,gutenberg_texts/13547.txt,22920,__main__.collect_attribution_observations:225,6
oscar_wilde,gutenberg_texts/174.txt;gutenberg_texts/773.txt;gutenberg_texts/14522.txt,gutenberg_texts/13960.txt,22920,__main__.collect_attribution_observations:225,6
oscar_wilde,gutenberg_texts/174.txt;gutenberg_texts/773.txt;gutenberg_texts/14522.txt,gutenberg_texts/13960.txt,22920,__main__.collect_attribution_observations:260,90
oscar_wilde,gutenberg_texts/174.txt;gutenberg_texts/773.txt;gutenberg_texts/14522.txt,gutenberg_texts/1400.txt,22920,__main__.collect_attribution_observations:225,12
oscar_wilde,gutenberg_texts/174.txt;gutenberg_texts/773.txt;gutenberg_texts/14522.txt,gutenberg_texts/1400.txt,22920,__main__.collect_attribution_observations:260,108
oscar_wilde,gutenberg_texts/174.txt;gutenberg_texts/773.txt;gutenberg_texts/14522.txt,gutenberg_texts/15238.txt,22920,__main__.collect_attribution_observations:225,12
oscar_wilde,gutenberg_texts/174.txt;gutenberg_texts/773.txt;gutenberg_texts/14522.txt,gutenberg_texts/15317.txt,22920,__main__.collect_attribution_observations:225,12
oscar_wilde,gutenberg_texts/174.txt;gutenberg_texts/773.txt;gutenberg_texts/14522.txt,gutenberg_texts/161.txt,22920,__main__.collect_attribution_observations:225,12
oscar_wilde,gutenberg_texts/174.txt;gutenberg_texts/773.txt;gutenberg_texts/14522.txt,gutenberg_texts/161.txt,22920,__main__.collect_attribution_observations:260,108
oscar_wilde,gutenberg_texts/174.txt;gutenberg_texts/773.txt;gutenberg_texts/14522.txt,gutenberg_texts/1661.txt,22920,__main__.collect_attribution_observations:225,12
oscar_wilde,gutenberg_texts/174.txt;gutenberg_texts/773.txt;gutenberg_texts/14522.txt,gutenberg_texts/1661.txt,22920,__main__.collect_attribution_observations:260,132
oscar_wilde,gutenberg_texts/174.txt;gutenberg_texts/773.txt;gutenberg_texts/14522.txt,gutenberg_texts/16918.txt,22920,__main__.collect_attribution_observations:225,6
oscar_wilde,gutenberg_texts/174.txt;gutenberg_texts/773.txt;gutenberg_texts/14522.txt,gutenberg_texts/16918.txt,22920,__main__.collect_attribution_observations:260,90
oscar_wilde,gutenberg_texts/174.txt;gutenberg_texts/773.txt;gutenberg_texts/14522.txt,gutenberg_texts/18247.txt,22920,__main__.collect_attribution_observations:225,12
oscar_wilde,gutenberg_texts/174.txt;gutenberg_texts/773.txt;gutenberg_texts/14522.txt,gutenberg_texts/18247.txt,22920,__main__.collect_attribution_observations:260,180
oscar_wilde,gutenberg_texts/174.txt;gutenberg_texts/773.txt;gutenberg_texts/14522.txt,gutenberg_texts/18656.txt,22920,__main__.collect_attribution_observations:225,6
oscar_wilde,gutenberg_texts/174.txt;gutenberg_texts/773.txt;gutenberg_texts/14522.txt,gutenberg_texts/18656.txt,22920,__main__.collect_attribution_observations:260,90
oscar_wilde,gutenberg_texts/174.txt;gutenberg_texts/773.txt;gutenberg_texts/14522.txt,gutenberg_texts/2021.txt,22920,__main__.collect_attribution_observations:225,12
oscar_wilde,gutenberg_texts/174.txt;gutenberg_texts/773.txt;gutenberg_texts/14522.txt,gutenberg_texts/21107.txt,22920,__main__.collect_attribution_observations:225,6
oscar_wilde,gutenberg_texts/174.txt;gutenberg_texts/773.txt;gutenberg_texts/14522.txt,gutenberg_texts/21107.txt,22920,__main__.collect_attribution_observations:260,90
oscar_wilde,gutenberg_texts/174.txt;gutenberg_texts/773.txt;gutenberg_texts/14522.txt,gutenberg_texts/21108.txt,22920,__main__.collect_attribution_observations:225,6
oscar_wilde,gutenberg_texts/174.txt;gutenberg_texts/773.txt;gutenberg_texts/14522.txt,gutenberg_texts/219.txt,22920,__main__.collect_attribution_observations:225,12
oscar_wilde,gutenberg_texts/174.txt;gutenberg_texts/773.txt;gutenberg_texts/14522.txt,gutenberg_texts/219.txt,22920,__main__.collect_attribution_observations:260,180
oscar_wilde,gutenberg_texts/174.txt;gutenberg_texts/773.txt;gutenberg_texts/14522.txt,gutenberg_texts/24267.txt,22920,__main__.collect_attribution_observations:225,6
oscar_wilde,gutenberg_texts/174.txt;gutenberg_texts/773.txt;gutenberg_texts/14522.txt,gutenberg_texts/24267.txt,22920,__main__.collect_attribution_observations:260,90
oscar_wilde,gutenberg_texts/174.txt;gutenberg_texts/773.txt;gutenberg_texts/14522.txt,gutenberg_texts/244.txt,22920,__main__.collect_attribution_observations:225,12
oscar_wilde,gutenberg_texts/174.txt;gutenberg_texts/773.txt;gutenberg_texts/14522.txt,gutenberg_texts/244.txt,22920,__main__.collect_attribution_observations:260,120
oscar_wilde,gutenberg_texts/174.txt;gutenberg_texts/773.txt;gutenberg_texts/14522.txt,gutenberg_texts/24589.txt,22920,__main__.collect_attribution_observations:225,6
oscar_wilde,gutenberg_texts/174.txt;gutenberg_texts/773.txt;gutenberg_texts/14522.txt,gutenberg_texts/28301.txt,22920,__main__.collect_attribution_observations:225,6
oscar_wilde,gutenberg_texts/174.txt;gutenberg_texts/773.txt;gutenberg_texts/14522.txt,gutenberg_texts/2852.txt,22920,__main__.collect_attribution_observations:225,12
oscar_wilde,gutenberg_texts/174.txt;gutenberg_texts/773.txt;gutenberg_texts/14522.txt,gutenberg_texts/2852.txt,22920,__main__.collect_attribution_observations:260,108
oscar_wilde,gutenberg_texts/174.txt;gutenberg_texts/773.txt;gutenberg_texts/14522.txt,gutenberg_texts/29824.txt,22920,__main__.collect_attribution_observations:225,6
oscar_wilde,gutenberg_texts/174.txt;gutenberg_texts/773.txt;gutenberg_texts/14522.txt,gutenberg_texts/30486.txt,22920,__main__.collect_attribution_observations:225,12
oscar_wilde,gutenberg_texts/174.txt;gutenberg_texts/773.txt;gutenberg_texts/14522.txt,gutenberg_texts/30486.txt,22920,__main__.collect_attribution_observations:260,180
oscar_wilde,gutenberg_texts/174.txt;gutenberg_texts/773.txt;gutenberg_texts/14522.txt,gutenberg_texts/31581.txt,22920,__main__.collect_attribution_observations:225,6
oscar_wilde,gutenberg_texts/174.txt;gutenberg_texts/773.txt;gutenberg_texts/14522.txt,gutenberg_texts/31581.txt,22920,__main__.collect_attribution_observations:260,90
oscar_wilde,gutenberg_texts/174.txt;gutenberg_texts/773.txt;gutenberg_texts/14522.txt,gutenberg_texts/31589.txt,22920,__main__.collect_attribution_observations:225,6
oscar_wilde,gutenberg_texts/174.txt;gutenberg_texts/773.txt;gutenberg_texts/14522.txt,gutenberg_texts/31589.txt,22920,__main__.collect_attribution_observations:260,90
oscar_wilde,gutenberg_texts/174.txt;gutenberg_texts/773.txt;gutenberg_texts/14522.txt,gutenberg_texts/32059.txt,22920,__main__.collect_attribution_observations:225,6
oscar_wilde,gutenberg_texts/174.txt;gutenberg_texts/773.txt;gutenberg_texts/14522.txt,gutenberg_texts/32331.txt,22920,__main__.collect_attribution_observations:225,6
oscar_wilde,gutenberg_texts/174.txt;gutenberg_texts/773.txt;gutenberg_texts/14522.txt,gutenberg_texts/32331.txt,22920,__main__.collect_attribution_observations:260,90
oscar_wilde,gutenberg_texts/174.txt;gutenberg_texts/773.txt;gutenberg_texts/14522.txt,gutenberg_texts/32440.txt,22920,__main__.collect_attribution_observations:225,6
oscar_wilde,gutenberg_texts/174.txt;gutenberg_texts/773.txt;gutenberg_texts/14522.txt,gutenberg_texts/32440.txt,22920,__main__.collect_attribution_observations:260,90
oscar_wilde,gutenberg_texts/174.txt;gutenberg_texts/773.txt;gutenberg_texts/14522.txt,gutenberg_texts/32542.txt,22920,__main__.collect_attribution_observations:225,6
oscar_wilde,gutenberg_texts/174.txt;gutenberg_texts/773.txt;gutenberg_texts/14522.txt,gutenberg_texts/34592.txt,22920,__main__.collect_attribution_observations:225,6
oscar_wilde,gutenberg_texts/174.txt;gutenberg_texts/773.txt;gutenberg_texts/14522.txt,gutenberg_texts/34592.txt,22920,__main__.collect_attribution_observations:260,90
oscar_wilde,gutenberg_texts/174.txt;gutenberg_texts/773.txt;gutenberg_texts/14522.txt,gutenberg_texts/34832.txt,22920,__main__.collect_attribution_observations:225,6
oscar_wilde,gutenberg_texts/174.txt;gutenberg_texts/773.txt;gutenberg_texts/14522.txt,gutenberg_texts/34832.txt,22920,__main__.collect_attribution_observations:260,90
oscar_wilde,gutenberg_texts/174.txt;gutenberg_texts/773.txt;gutenberg_texts/14522.txt,gutenberg_texts/35.txt,22920,__main__.collect_attribution_observations:225,12
oscar_wilde,gutenberg_texts/174.txt;gutenberg_texts/773.txt;gutenberg_texts/14522.txt,gutenberg_texts/35.txt,22920,__main__.collect_attribution_observations:260,180
oscar_wilde,gutenberg_texts/174.txt;gutenberg_texts/773.txt;gutenberg_texts/14522.txt,gutenberg_texts/35082.txt,22920,__main__.collect_attribution_observations:225,6
oscar_wilde,gutenberg_texts/174.txt;gutenberg_texts/773.txt;gutenberg_texts/14522.txt,gutenberg_texts/36.txt,22920,__main__.collect_attribution_observations:225,12
oscar_wilde,gutenberg_texts/174.txt;gutenberg_texts/773.txt;gutenberg_texts/14522.txt,gutenberg_texts/3635.txt,22920,__main__.collect_attribution_observations:225,6
oscar_wilde,gutenberg_texts/174.txt;gutenberg_texts/773.txt;gutenberg_texts/14522.txt,gutenberg_texts/3635.txt,22920,__main__.collect_attribution_observations:260,90
oscar_wilde,gutenberg_texts/174.txt;gutenberg_texts/773.txt;gutenberg_texts/14522.txt,gutenberg_texts/46.txt,22920,__main__.collect_attribution_observations:225,12
oscar_wilde,gutenberg_texts/174.txt;gutenberg_texts/773.txt;gutenberg_texts/14522.txt,gutenberg_texts/46.txt,22920,__main__.collect_attribution_observations:260,132
oscar_wilde,gutenberg_texts/174.txt;gutenberg_texts/773.txt;gutenberg_texts/14522.txt,gutenberg_texts/4787.txt,22920,__main__.collect_attribution_observations:225,6
oscar_wilde,gutenberg_texts/174.txt;gutenberg_texts/773.txt;gutenberg_texts/14522.txt,gutenberg_texts/4787.txt,22920,__main__.collect_attribution_observations:260,90
oscar_wilde,gutenberg_texts/174.txt;gutenberg_texts/773.txt;gutenberg_texts/14522.txt,gutenberg_texts/54629.txt,22920,__main__.collect_attribution_observations:225,6
oscar_wilde,gutenberg_texts/174.txt;gutenberg_texts/773.txt;gutenberg_texts/14522.txt,gutenberg_texts/54629.txt,22920,__main__.collect_attribution_observations:260,90
oscar_wilde,gutenberg_texts/174.txt;gutenberg_texts/773.txt;gutenberg_texts/14522.txt,gutenberg_texts/54648.txt,22920,__main__.collect_attribution_observations:225,6
oscar_wilde,gutenberg_texts/174.txt;gutenberg_texts/773.txt;gutenberg_texts/14522.txt,gutenberg_texts/54648.txt,22920,__main__.collect_attribution_observations:260,90
oscar_wilde,gutenberg_texts/174.txt;gutenberg_texts/773.txt;gutenberg_texts/14522.txt,gutenberg_texts/55562.txt,22920,__main__.collect_attribution_observations:225,6
oscar_wilde,gutenberg_texts/174.txt;gutenberg_texts/773.txt;gutenberg_texts/14522.txt,gutenberg_texts/5658.txt,22920,__main__.collect_attribution_observations:225,12
oscar_wilde,gutenberg_texts/174.txt;gutenberg_texts/773.txt;gutenberg_texts/14522.txt,gutenberg_texts/5658.txt,22920,__main__.collect_attribution_observations:260,180
oscar_wilde,gutenberg_texts/174.txt;gutenberg_texts/773.txt;gutenberg_texts/14522.txt,gutenberg_texts/7063.txt,22920,__main__.collect_attribution_observations:225,12
oscar_wilde,gutenberg_texts/174.txt;gutenberg_texts/773.txt;gutenberg_texts/14522.txt,gutenberg_texts/7063.txt,22920,__main__.collect_attribution_observations:260,180
oscar_wilde,gutenberg_texts/174.txt;gutenberg_texts/773.txt;gutenberg_texts/14522.txt,gutenberg_texts/74.txt,22920,__main__.collect_attribution_observations:225,12
oscar_wilde,gutenberg_texts/174.txt;gutenberg_texts/773.txt;gutenberg_texts/14522.txt,gutenberg_texts/74.txt,22920,__main__.collect_attribution_observations:260,180
oscar_wilde,gutenberg_texts/174.txt;gutenberg_texts/773.txt;gutenberg_texts/14522.txt,gutenberg_texts/76.txt,22920,__main__.collect_attribution_observations:225,12
oscar_wilde,gutenberg_texts/174.txt;gutenberg_texts/773.txt;gutenberg_texts/14522.txt,gutenberg_texts/76.txt,22920,__main__.collect_attribution_observations:260,180
oscar_wilde,gutenberg_texts/174.txt;gutenberg_texts/773.txt;gutenberg_texts/14522.txt,gutenberg_texts/84.txt,22920,__main__.collect_attribution_observations:225,12
oscar_wilde,gutenberg_texts/174.txt;gutenberg_texts/773.txt;gutenberg_texts/14522.txt,gutenberg_texts/84.txt,22920,__main__.collect_attribution_observations:260,180
oscar_wilde,gutenberg_texts/174.txt;gutenberg_texts/773.txt;gutenberg_texts/14522.txt,gutenberg_texts/86.txt,22920,__main__.collect_attribution_observations:225,12
oscar_wilde,gutenberg_texts/174.txt;gutenberg_texts/773.txt;gutenberg_texts/14522.txt,gutenberg_texts/8741.txt,22920,__main__.collect_attribution_observations:225,6
oscar_wilde,gutenberg_texts/174.txt;gutenberg_texts/773.txt;gutenberg_texts/14522.txt,gutenberg_texts/8741.txt,22920,__main__.collect_attribution_observations:260,90
oscar_wilde,gutenberg_texts/174.txt;gutenberg_texts/773.txt;gutenberg_texts/14522.txt,gutenberg_texts/8874.txt,22920,__main__.collect_attribution_observations:225,6
oscar_wilde,gutenberg_texts/174.txt;gutenberg_texts/773.txt;gutenberg_texts/14522.txt,gutenberg_texts/8874.txt,22920,__main__.collect_attribution_observations:260,90
oscar_wilde,gutenberg_texts/174.txt;gutenberg_texts/773.txt;gutenberg_texts/14522.txt,gutenberg_texts/9182.txt,22920,__main__.collect_attribution_observations:225,12
oscar_wilde,gutenberg_texts/174.txt;gutenberg_texts/773.txt;gutenberg_texts/14522.txt,gutenberg_texts/9378.txt,22920,__main__.collect_attribution_observations:225,6
oscar_wilde,gutenberg_texts/174.txt;gutenberg_texts/773.txt;gutenberg_texts/14522.txt,gutenberg_texts/9378.txt,22920,__main__.collect_attribution_observations:260,90
oscar_wilde,gutenberg_texts/174.txt;gutenberg_texts/773.txt;gutenberg_texts/14522.txt,gutenberg_texts/9462.txt,22920,__main__.collect_attribution_observations:225,6
oscar_wilde,gutenberg_texts/174.txt;gutenberg_texts/773.txt;gutenberg_texts/14522.txt,gutenberg_texts/9462.txt,22920,__main__.collect_attribution_observations:260,90
oscar_wilde,gutenberg_texts/174.txt;gutenberg_texts/773.txt;gutenberg_texts/14522.txt,gutenberg_texts/9779.txt,22920,__main__.collect_attribution_observations:225,6
oscar_wilde,gutenberg_texts/174.txt;gutenberg_texts/773.txt;gutenberg_texts/14522.txt,gutenberg_texts/98.txt,22920,__main__.collect_attribution_observations:225,12
oscar_wilde,gutenberg_texts/174.txt;gutenberg_texts/773.txt;gutenberg_texts/14522.txt,gutenberg_texts/98.txt,22920,__main__.collect_attribution_observations:260,120
oscar_wilde,gutenberg_texts/773.txt;gutenberg_texts/14522.txt,full_books/agnes_may_fleming_full.txt;full_books/herbert_george_wells_full.txt;full_books/jane_austen_full.txt;gutenberg_texts/12360.txt;gutenberg_texts/1260.txt;gutenberg_texts/1661.txt;gutenberg_texts/16918.txt;gutenberg_texts/174.txt;gutenberg_texts/21107.txt;gutenberg_texts/219.txt;gutenberg_texts/31581.txt;gutenberg_texts/32440.txt;gutenberg_texts/34592.txt;gutenberg_texts/3635.txt;gutenberg_texts/46.txt;gutenberg_texts/54629.txt;gutenberg_texts/74.txt;gutenberg_texts/84.txt;gutenberg_texts/8741.txt;gutenberg_texts/9462.txt,7720,__main__.crossfit_separability:707,2
oscar_wilde,gutenberg_texts/773.txt;gutenberg_texts/14522.txt,gutenberg_texts/174.txt,7720,__main__.collect_attribution_observations:225,12
oscar_wilde,gutenberg_texts/773.txt;gutenberg_texts/14522.txt,gutenberg_texts/174.txt,7720,__main__.collect_attribution_observations:260,180
robert_sidney_bowen,gutenberg_texts/32331.txt;gutenberg_texts/32542.txt,full_books/agnes_may_fleming_full.txt;full_books/herbert_george_wells_full.txt;full_books/jane_austen_full.txt;gutenberg_texts/12360.txt;gutenberg_texts/1260.txt;gutenberg_texts/1661.txt;gutenberg_texts/16918.txt;gutenberg_texts/174.txt;gutenberg_texts/21107.txt;gutenberg_texts/219.txt;gutenberg_texts/31581.txt;gutenberg_texts/32440.txt;gutenberg_texts/34592.txt;gutenberg_texts/3635.txt;gutenberg_texts/46.txt;gutenberg_texts/54629.txt;gutenberg_texts/74.txt;gutenberg_texts/84.txt;gutenberg_texts/8741.txt;gutenberg_texts/9462.txt,19481,__main__.crossfit_separability:707,2
robert_sidney_bowen,gutenberg_texts/32331.txt;gutenberg_texts/32542.txt,gutenberg_texts/32440.txt,19481,__main__.collect_attribution_observations:225,12
robert_sidney_bowen,gutenberg_texts/32331.txt;gutenberg_texts/32542.txt,gutenberg_texts/32440.txt,19481,__main__.collect_attribution_observations:260,180
robert_sidney_bowen,gutenberg_texts/32440.txt;gutenberg_texts/32331.txt,gutenberg_texts/1342.txt;gutenberg_texts/13547.txt;gutenberg_texts/1400.txt;gutenberg_texts/14522.txt;gutenberg_texts/15238.txt;gutenberg_texts/15317.txt;gutenberg_texts/2021.txt;gutenberg_texts/21108.txt;gutenberg_texts/24589.txt;gutenberg_texts/28301.txt;gutenberg_texts/2852.txt;gutenberg_texts/29824.txt;gutenberg_texts/32059.txt;gutenberg_texts/32542.txt;gutenberg_texts/35082.txt;gutenberg_texts/36.txt;gutenberg_texts/55562.txt;gutenberg_texts/86.txt;gutenberg_texts/9182.txt;gutenberg_texts/9779.txt,19317,__main__.crossfit_separability:707,2
robert_sidney_bowen,gutenberg_texts/32440.txt;gutenberg_texts/32331.txt,gutenberg_texts/32542.txt,19317,__main__.collect_attribution_observations:225,12
robert_sidney_bowen,gutenberg_texts/32440.txt;gutenberg_texts/32331.txt;gutenberg_texts/32542.txt,full_books/agnes_may_fleming_full.txt,29255,__main__.collect_attribution_observations:225,6
robert_sidney_bowen,gutenberg_texts/32440.txt;gutenberg_texts/32331.txt;gutenberg_texts/32542.txt,full_books/agnes_may_fleming_full.txt,29255,__main__.collect_attribution_observations:260,90
robert_sidney_bowen,gutenberg_texts/32440.txt;gutenberg_texts/32331.txt;gutenberg_texts/32542.txt,full_books/herbert_george_wells_full.txt,29255,__main__.collect_attribution_observations:225,6
robert_sidney_bowen,gutenberg_texts/32440.txt;gutenberg_texts/32331.txt;gutenberg_texts/32542.txt,full_books/herbert_george_wells_full.txt,29255,__main__.collect_attribution_observations:260,90
robert_sidney_bowen,gutenberg_texts/32440.txt;gutenberg_texts/32331.txt;gutenberg_texts/32542.txt,full_books/jane_austen_full.txt,29255,__main__.collect_attribution_observations:225,6
robert_sidney_bowen,gutenberg_texts/32440.txt;gutenberg_texts/32331.txt;gutenberg_texts/32542.txt,full_books/jane_austen_full.txt,29255,__main__.collect_attribution_observations:260,126
robert_sidney_bowen,gutenberg_texts/32440.txt;gutenberg_texts/32331.txt;gutenberg_texts/32542.txt,gutenberg_texts/12360.txt,29255,__main__.collect_attribution_observations:225,12
robert_sidney_bowen,gutenberg_texts/32440.txt;gutenberg_texts/32331.txt;gutenberg_texts/32542.txt,gutenberg_texts/12360.txt,29255,__main__.collect_attribution_observations:260,180
robert_sidney_bowen,gutenberg_texts/32440.txt;gutenberg_texts/32331.txt;gutenberg_texts/32542.txt,gutenberg_texts/1260.txt,29255,__main__.collect_attribution_observations:225,6
robert_sidney_bowen,gutenberg_texts/32440.txt;gutenberg_texts/32331.txt;gutenberg_texts/32542.txt,gutenberg_texts/1260.txt,29255,__main__.collect_attribution_observations:260,90
robert_sidney_bowen,gutenberg_texts/32440.txt;gutenberg_texts/32331.txt;gutenberg_texts/32542.txt,gutenberg_texts/1342.txt,29255,__main__.collect_attribution_observations:225,6
robert_sidney_bowen,gutenberg_texts/32440.txt;gutenberg_texts/32331.txt;gutenberg_texts/32542.txt,gutenberg_texts/13547.txt,29255,__main__.collect_attribution_observations:225,12
robert_sidney_bowen,gutenberg_texts/32440.txt;gutenberg_texts/32331.txt;gutenberg_texts/32542.txt,gutenberg_texts/13960.txt,29255,__main__.collect_attribution_observations:225,12
robert_sidney_bowen,gutenberg_texts/32440.txt;gutenberg_texts/32331.txt;gutenberg_texts/32542.txt,gutenberg_texts/13960.txt,29255,__main__.collect_attribution_observations:260,180
robert_sidney_bowen,gutenberg_texts/32440.txt;gutenberg_texts/32331.txt;gutenberg_texts/32542.txt,gutenberg_texts/1400.txt,29255,__main__.collect_attribution_observations:225,6
robert_sidney_bowen,gutenberg_texts/32440.txt;gutenberg_texts/32331.txt;gutenberg_texts/32542.txt,gutenberg_texts/1400.txt,29255,__main__.collect_attribution_observations:260,54
robert_sidney_bowen,gutenberg_texts/32440.txt;gutenberg_texts/32331.txt;gutenberg_texts/32542.txt,gutenberg_texts/14522.txt,29255,__main__.collect_attribution_observations:225,6
robert_sidney_bowen,gutenberg_texts/32440.txt;gutenberg_texts/32331.txt;gutenberg_texts/32542.txt,gutenberg_texts/15238.txt,29255,__main__.collect_attribution_observations:225,6
robert_sidney_bowen,gutenberg_texts/32440.txt;gutenberg_texts/32331.txt;gutenberg_texts/32542.txt,gutenberg_texts/15317.txt,29255,__main__.collect_attribution_observations:225,6
robert_sidney_bowen,gutenberg_texts/32440.txt;gutenberg_texts/32331.txt;gutenberg_texts/32542.txt,gutenberg_texts/161.txt,29255,__main__.collect_attribution_observations:225,6
robert_sidney_bowen,gutenberg_texts/32440.txt;gutenberg_texts/32331.txt;gutenberg_texts/32542.txt,gutenberg_texts/161.txt,29255,__main__.collect_attribution_observations:260,54
robert_sidney_bowen,gutenberg_texts/32440.txt;gutenberg_texts/32331.txt;gutenberg_texts/32542.txt,gutenberg_texts/1661.txt,29255,__main__.collect_attribution_observations:225,6
robert_sidney_bowen,gutenberg_texts/32440.txt;gutenberg_texts/32331.txt;gutenberg_texts/32542.txt,gutenberg_texts/1661.txt,29255,__main__.collect_attribution_observations:260,66
robert_sidney_bowen,gutenberg_texts/32440.txt;gutenberg_texts/32331.txt;gutenberg_texts/32542.txt,gutenberg_texts/16918.txt,29255,__main__.collect_attribution_observations:225,12
robert_sidney_bowen,gutenberg_texts/32440.txt;gutenberg_texts/32331.txt;gutenberg_texts/32542.txt,gutenberg_texts/16918.txt,29255,__main__.collect_attribution_observations:260,180
robert_sidney_bowen,gutenberg_texts/32440.txt;gutenberg_texts/32331.txt;gutenberg_texts/32542.txt,gutenberg_texts/174.txt,29255,__main__.collect_attribution_observations:225,6
robert_sidney_bowen,gutenberg_texts/32440.txt;gutenberg_texts/32331.txt;gutenberg_texts/32542.txt,gutenberg_texts/174.txt,29255,__main__.collect_attribution_observations:260,90
robert_sidney_bowen,gutenberg_texts/32440.txt;gutenberg_texts/32331.txt;gutenberg_texts/32542.txt,gutenberg_texts/18247.txt,29255,__main__.collect_attribution_observations:225,6
robert_sidney_bowen,gutenberg_texts/32440.txt;gutenberg_texts/32331.txt;gutenberg_texts/32542.txt,gutenberg_texts/18247.txt,29255,__main__.collect_attribution_observations:260,90
robert_sidney_bowen,gutenberg_texts/32440.txt;gutenberg_texts/32331.txt;gutenberg_texts/32542.txt,gutenberg_texts/18656.txt,29255,__main__.collect_attribution_observations:225,12
robert_sidney_bowen,gutenberg_texts/32440.txt;gutenberg_texts/32331.txt;gutenberg_texts/32542.txt,gutenberg_texts/18656.txt,29255,__main__.collect_attribution_observations:260,180
robert_sidney_bowen,gutenberg_texts/32440.txt;gutenberg_texts/32331.txt;gutenberg_texts/32542.txt,gutenberg_texts/2021.txt,29255,__main__.collect_attribution_observations:225,6
robert_sidney_bowen,gutenberg_texts/32440.txt;gutenberg_texts/32331.txt;gutenberg_texts/32542.txt,gutenberg_texts/21107.txt,29255,__main__.collect_attribution_observations:225,12
robert_sidney_bowen,gutenberg_texts/32440.txt;gutenberg_texts/32331.txt;gutenberg_texts/32542.txt,gutenberg_texts/21107.txt,29255,__main__.collect_attribution_observations:260,180
robert_sidney_bowen,gutenberg_texts/32440.txt;gutenberg_texts/32331.txt;gutenberg_texts/32542.txt,gutenberg_texts/21108.txt,29255,__main__.collect_attribution_observations:225,12
robert_sidney_bowen,gutenberg_texts/32440.txt;gutenberg_texts/32331.txt;gutenberg_texts/32542.txt,gutenberg_texts/219.txt,29255,__main__.collect_attribution_observations:225,6
robert_sidney_bowen,gutenberg_texts/32440.txt;gutenberg_texts/32331.txt;gutenberg_texts/32542.txt,gutenberg_texts/219.txt,29255,__main__.collect_attribution_observations:260,90
robert_sidney_bowen,gutenberg_texts/32440.txt;gutenberg_texts/32331.txt;gutenberg_texts/32542.txt,gutenberg_texts/24267.txt,29255,__main__.collect_attribution_observations:225,12
robert_sidney_bowen,gutenberg_texts/32440.txt;gutenberg_texts/32331.txt;gutenberg_texts/32542.txt,gutenberg_texts/24267.txt,29255,__main__.collect_attribution_observations:260,180
robert_sidney_bowen,gutenberg_texts/32440.txt;gutenberg_texts/32331.txt;gutenberg_texts/32542.txt,gutenberg_texts/244.txt,29255,__main__.collect_attribution_observations:225,6
robert_sidney_bowen,gutenberg_texts/32440.txt;gutenberg_texts/32331.txt;gutenberg_texts/32542.txt,gutenberg_texts/244.txt,29255,__main__.collect_attribution_observations:260,60
robert_sidney_bowen,gutenberg_texts/32440.txt;gutenberg_texts/32331.txt;gutenberg_texts/32542.txt,gutenberg_texts/24589.txt,29255,__main__.collect_attribution_observations:225,12
robert_sidney_bowen,gutenberg_texts/32440.txt;gutenberg_texts/32331.txt;gutenberg_texts/32542.txt,gutenberg_texts/28301.txt,29255,__main__.collect_attribution_observations:225,12
robert_sidney_bowen,gutenberg_texts/32440.txt;gutenberg_texts/32331.txt;gutenberg_texts/32542.txt,gutenberg_texts/2852.txt,29255,__main__.collect_attribution_observations:225,6
robert_sidney_bowen,gutenberg_texts/32440.txt;gutenberg_texts/32331.txt;gutenberg_texts/32542.txt,gutenberg_texts/2852.txt,29255,__main__.collect_attribution_observations:260,54
robert_sidney_bowen,gutenberg_texts/32440.txt;gutenberg_texts/32331.txt;gutenberg_texts/32542.txt,gutenberg_texts/29824.txt,29255,__main__.collect_attribution_observations:225,12
robert_sidney_bowen,gutenberg_texts/32440.txt;gutenberg_texts/32331.txt;gutenberg_texts/32542.txt,gutenberg_texts/30486.txt,29255,__main__.collect_attribution_observations:225,6
robert_sidney_bowen,gutenberg_texts/32440.txt;gutenberg_texts/32331.txt;gutenberg_texts/32542.txt,gutenberg_texts/30486.txt,29255,__main__.collect_attribution_observations:260,90
robert_sidney_bowen,gutenberg_texts/32440.txt;gutenberg_texts/32331.txt;gutenberg_texts/32542.txt,gutenberg_texts/31581.txt,29255,__main__.collect_attribution_observations:225,12
robert_sidney_bowen,gutenberg_texts/32440.txt;gutenberg_texts/32331.txt;gutenberg_texts/32542.txt,gutenberg_texts/31581.txt,29255,__main__.collect_attribution_observations:260,180
robert_sidney_bowen,gutenberg_texts/32440.txt;gutenberg_texts/32331.txt;gutenberg_texts/32542.txt,gutenberg_texts/31589.txt,29255,__main__.collect_attribution_observations:225,12
robert_sidney_bowen,gutenberg_texts/32440.txt;gutenberg_texts/32331.txt;gutenberg_texts/32542.txt,gutenberg_texts/31589.txt,29255,__main__.collect_attribution_observations:260,180
robert_sidney_bowen,gutenberg_texts/32440.txt;gutenberg_texts/32331.txt;gutenberg_texts/32542.txt,gutenberg_texts/32059.txt,29255,__main__.collect_attribution_observations:225,12
robert_sidney_bowen,gutenberg_texts/32440.txt;gutenberg_texts/32331.txt;gutenberg_texts/32542.txt,gutenberg_texts/34592.txt,29255,__main__.collect_attribution_observations:225,12
robert_sidney_bowen,gutenberg_texts/32440.txt;gutenberg_texts/32331.txt;gutenberg_texts/32542.txt,gutenberg_texts/34592.txt,29255,__main__.collect_attribution_observations:260,180
robert_sidney_bowen,gutenberg_texts/32440.txt;gutenberg_texts/32331.txt;gutenberg_texts/32542.txt,gutenberg_texts/34832.txt,29255,__main__.collect_attribution_observations:225,12
robert_sidney_bowen,gutenberg_texts/32440.txt;gutenberg_texts/32331.txt;gutenberg_texts/32542.txt,gutenberg_texts/34832.txt,29255,__main__.collect_attribution_observations:260,180
robert_sidney_bowen,gutenberg_texts/32440.txt;gutenberg_texts/32331.txt;gutenberg_texts/32542.txt,gutenberg_texts/35.txt,29255,__main__.collect_attribution_observations:225,6
robert_sidney_bowen,gutenberg_texts/32440.txt;gutenberg_texts/32331.txt;gutenberg_texts/32542.txt,gutenberg_texts/35.txt,29255,__main__.collect_attribution_observations:260,90
robert_sidney_bowen,gutenberg_texts/32440.txt;gutenberg_texts/32331.txt;gutenberg_texts/32542.txt,gutenberg_texts/35082.txt,29255,__main__.collect_attribution_observations:225,12
robert_sidney_bowen,gutenberg_texts/32440.txt;gutenberg_texts/32331.txt;gutenberg_texts/32542.txt,gutenberg_texts/36.txt,29255,__main__.collect_attribution_observations:225,6
robert_sidney_bowen,gutenberg_texts/32440.txt;gutenberg_texts/32331.txt;gutenberg_texts/32542.txt,gutenberg_texts/3635.txt,29255,__main__.collect_attribution_observations:225,12
robert_sidney_bowen,gutenberg_texts/32440.txt;gutenberg_texts/32331.txt;gutenberg_texts/32542.txt,gutenberg_texts/3635.txt,29255,__main__.collect_attribution_observations:260,180
robert_sidney_bowen,gutenberg_texts/32440.txt;gutenberg_texts/32331.txt;gutenberg_texts/32542.txt,gutenberg_texts/46.txt,29255,__main__.collect_attribution_observations:225,6
robert_sidney_bowen,gutenberg_texts/32440.txt;gutenberg_texts/32331.txt;gutenberg_texts/32542.txt,gutenberg_texts/46.txt,29255,__main__.collect_attribution_observations:260,66
robert_sidney_bowen,gutenberg_texts/32440.txt;gutenberg_texts/32331.txt;gutenberg_texts/32542.txt,gutenberg_texts/4787.txt,29255,__main__.collect_attribution_observations:225,12
robert_sidney_bowen,gutenberg_texts/32440.txt;gutenberg_texts/32331.txt;gutenberg_texts/32542.txt,gutenberg_texts/4787.txt,29255,__main__.collect_attribution_observations:260,180
robert_sidney_bowen,gutenberg_texts/32440.txt;gutenberg_texts/32331.txt;gutenberg_texts/32542.txt,gutenberg_texts/54629.txt,29255,__main__.collect_attribution_observations:225,12
robert_sidney_bowen,gutenberg_texts/32440.txt;gutenberg_texts/32331.txt;gutenberg_texts/32542.txt,gutenberg_texts/54629.txt,29255,__main__.collect_attribution_observations:260,180
robert_sidney_bowen,gutenberg_texts/32440.txt;gutenberg_texts/32331.txt;gutenberg_texts/32542.txt,gutenberg_texts/54648.txt,29255,__main__.collect_attribution_observations:225,12
robert_sidney_bowen,gutenberg_texts/32440.txt;gutenberg_texts/32331.txt;gutenberg_texts/32542.txt,gutenberg_texts/54648.txt,29255,__main__.collect_attribution_observations:260,180
robert_sidney_bowen,gutenberg_texts/32440.txt;gutenberg_texts/32331.txt;gutenberg_texts/32542.txt,gutenberg_texts/55562.txt,29255,__main__.collect_attribution_observations:225,12
robert_sidney_bowen,gutenberg_texts/32440.txt;gutenberg_texts/32331.txt;gutenberg_texts/32542.txt,gutenberg_texts/5658.txt,29255,__main__.collect_attribution_observations:225,6
robert_sidney_bowen,gutenberg_texts/32440.txt;gutenberg_texts/32331.txt;gutenberg_texts/32542.txt,gutenberg_texts/5658.txt,29255,__main__.collect_attribution_observations:260,90
robert_sidney_bowen,gutenberg_texts/32440.txt;gutenberg_texts/32331.txt;gutenberg_texts/32542.txt,gutenberg_texts/7063.txt,29255,__main__.collect_attribution_observations:225,6
robert_sidney_bowen,gutenberg_texts/32440.txt;gutenberg_texts/32331.txt;gutenberg_texts/32542.txt,gutenberg_texts/7063.txt,29255,__main__.collect_attribution_observations:260,90
robert_sidney_bowen,gutenberg_texts/32440.txt;gutenberg_texts/32331.txt;gutenberg_texts/32542.txt,gutenberg_texts/74.txt,29255,__main__.collect_attribution_observations:225,6
robert_sidney_bowen,gutenberg_texts/32440.txt;gutenberg_texts/32331.txt;gutenberg_texts/32542.txt,gutenberg_texts/74.txt,29255,__main__.collect_attribution_observations:260,90
robert_sidney_bowen,gutenberg_texts/32440.txt;gutenberg_texts/32331.txt;gutenberg_texts/32542.txt,gutenberg_texts/76.txt,29255,__main__.collect_attribution_observations:225,6
robert_sidney_bowen,gutenberg_texts/32440.txt;gutenberg_texts/32331.txt;gutenberg_texts/32542.txt,gutenberg_texts/76.txt,29255,__main__.collect_attribution_observations:260,90
robert_sidney_bowen,gutenberg_texts/32440.txt;gutenberg_texts/32331.txt;gutenberg_texts/32542.txt,gutenberg_texts/773.txt,29255,__main__.collect_attribution_observations:225,6
robert_sidney_bowen,gutenberg_texts/32440.txt;gutenberg_texts/32331.txt;gutenberg_texts/32542.txt,gutenberg_texts/773.txt,29255,__main__.collect_attribution_observations:260,90
robert_sidney_bowen,gutenberg_texts/32440.txt;gutenberg_texts/32331.txt;gutenberg_texts/32542.txt,gutenberg_texts/84.txt,29255,__main__.collect_attribution_observations:225,6
robert_sidney_bowen,gutenberg_texts/32440.txt;gutenberg_texts/32331.txt;gutenberg_texts/32542.txt,gutenberg_texts/84.txt,29255,__main__.collect_attribution_observations:260,90
robert_sidney_bowen,gutenberg_texts/32440.txt;gutenberg_texts/32331.txt;gutenberg_texts/32542.txt,gutenberg_texts/86.txt,29255,__main__.collect_attribution_observations:225,6
robert_sidney_bowen,gutenberg_texts/32440.txt;gutenberg_texts/32331.txt;gutenberg_texts/32542.txt,gutenberg_texts/8741.txt,29255,__main__.collect_attribution_observations:225,12
robert_sidney_bowen,gutenberg_texts/32440.txt;gutenberg_texts/32331.txt;gutenberg_texts/32542.txt,gutenberg_texts/8741.txt,29255,__main__.collect_attribution_observations:260,180
robert_sidney_bowen,gutenberg_texts/32440.txt;gutenberg_texts/32331.txt;gutenberg_texts/32542.txt,gutenberg_texts/8874.txt,29255,__main__.collect_attribution_observations:225,12
robert_sidney_bowen,gutenberg_texts/32440.txt;gutenberg_texts/32331.txt;gutenberg_texts/32542.txt,gutenberg_texts/8874.txt,29255,__main__.collect_attribution_observations:260,180
robert_sidney_bowen,gutenberg_texts/32440.txt;gutenberg_texts/32331.txt;gutenberg_texts/32542.txt,gutenberg_texts/9182.txt,29255,__main__.collect_attribution_observations:225,6
robert_sidney_bowen,gutenberg_texts/32440.txt;gutenberg_texts/32331.txt;gutenberg_texts/32542.txt,gutenberg_texts/9378.txt,29255,__main__.collect_attribution_observations:225,12
robert_sidney_bowen,gutenberg_texts/32440.txt;gutenberg_texts/32331.txt;gutenberg_texts/32542.txt,gutenberg_texts/9378.txt,29255,__main__.collect_attribution_observations:260,180
robert_sidney_bowen,gutenberg_texts/32440.txt;gutenberg_texts/32331.txt;gutenberg_texts/32542.txt,gutenberg_texts/9462.txt,29255,__main__.collect_attribution_observations:225,12
robert_sidney_bowen,gutenberg_texts/32440.txt;gutenberg_texts/32331.txt;gutenberg_texts/32542.txt,gutenberg_texts/9462.txt,29255,__main__.collect_attribution_observations:260,180
robert_sidney_bowen,gutenberg_texts/32440.txt;gutenberg_texts/32331.txt;gutenberg_texts/32542.txt,gutenberg_texts/9779.txt,29255,__main__.collect_attribution_observations:225,12
robert_sidney_bowen,gutenberg_texts/32440.txt;gutenberg_texts/32331.txt;gutenberg_texts/32542.txt,gutenberg_texts/98.txt,29255,__main__.collect_attribution_observations:225,6
robert_sidney_bowen,gutenberg_texts/32440.txt;gutenberg_texts/32331.txt;gutenberg_texts/32542.txt,gutenberg_texts/98.txt,29255,__main__.collect_attribution_observations:260,60
robert_sidney_bowen,gutenberg_texts/32440.txt;gutenberg_texts/32542.txt,gutenberg_texts/13960.txt;gutenberg_texts/161.txt;gutenberg_texts/18247.txt;gutenberg_texts/18656.txt;gutenberg_texts/24267.txt;gutenberg_texts/244.txt;gutenberg_texts/30486.txt;gutenberg_texts/31589.txt;gutenberg_texts/32331.txt;gutenberg_texts/34832.txt;gutenberg_texts/35.txt;gutenberg_texts/4787.txt;gutenberg_texts/54648.txt;gutenberg_texts/5658.txt;gutenberg_texts/7063.txt;gutenberg_texts/76.txt;gutenberg_texts/773.txt;gutenberg_texts/8874.txt;gutenberg_texts/9378.txt;gutenberg_texts/98.txt,19712,__main__.crossfit_separability:707,2
robert_sidney_bowen,gutenberg_texts/32440.txt;gutenberg_texts/32542.txt,gutenberg_texts/32331.txt,19712,__main__.collect_attribution_observations:225,12
robert_sidney_bowen,gutenberg_texts/32440.txt;gutenberg_texts/32542.txt,gutenberg_texts/32331.txt,19712,__main__.collect_attribution_observations:260,180
susan_warner,gutenberg_texts/16918.txt;gutenberg_texts/29824.txt,gutenberg_texts/13960.txt;gutenberg_texts/161.txt;gutenberg_texts/18247.txt;gutenberg_texts/18656.txt;gutenberg_texts/24267.txt;gutenberg_texts/244.txt;gutenberg_texts/30486.txt;gutenberg_texts/31589.txt;gutenberg_texts/32331.txt;gutenberg_texts/34832.txt;gutenberg_texts/35.txt;gutenberg_texts/4787.txt;gutenberg_texts/54648.txt;gutenberg_texts/5658.txt;gutenberg_texts/7063.txt;gutenberg_texts/76.txt;gutenberg_texts/773.txt;gutenberg_texts/8874.txt;gutenberg_texts/9378.txt;gutenberg_texts/98.txt,76952,__main__.crossfit_separability:707,2
susan_warner,gutenberg_texts/16918.txt;gutenberg_texts/29824.txt,gutenberg_texts/8874.txt,76952,__main__.collect_attribution_observations:225,12
susan_warner,gutenberg_texts/16918.txt;gutenberg_texts/29824.txt,gutenberg_texts/8874.txt,76952,__main__.collect_attribution_observations:260,180
susan_warner,gutenberg_texts/16918.txt;gutenberg_texts/8874.txt,gutenberg_texts/1342.txt;gutenberg_texts/13547.txt;gutenberg_texts/1400.txt;gutenberg_texts/14522.txt;gutenberg_texts/15238.txt;gutenberg_texts/15317.txt;gutenberg_texts/2021.txt;gutenberg_texts/21108.txt;gutenberg_texts/24589.txt;gutenberg_texts/28301.txt;gutenberg_texts/2852.txt;gutenberg_texts/29824.txt;gutenberg_texts/32059.txt;gutenberg_texts/32542.txt;gutenberg_texts/35082.txt;gutenberg_texts/36.txt;gutenberg_texts/55562.txt;gutenberg_texts/86.txt;gutenberg_texts/9182.txt;gutenberg_texts/9779.txt,99236,__main__.crossfit_separability:707,2
susan_warner,gutenberg_texts/16918.txt;gutenberg_texts/8874.txt,gutenberg_texts/29824.txt,99236,__main__.collect_attribution_observations:225,12
susan_warner,gutenberg_texts/16918.txt;gutenberg_texts/8874.txt;gutenberg_texts/29824.txt,full_books/agnes_may_fleming_full.txt,128872,__main__.collect_attribution_observations:225,6
susan_warner,gutenberg_texts/16918.txt;gutenberg_texts/8874.txt;gutenberg_texts/29824.txt,full_books/agnes_may_fleming_full.txt,128872,__main__.collect_attribution_observations:260,90
susan_warner,gutenberg_texts/16918.txt;gutenberg_texts/8874.txt;gutenberg_texts/29824.txt,full_books/herbert_george_wells_full.txt,128872,__main__.collect_attribution_observations:225,6
susan_warner,gutenberg_texts/16918.txt;gutenberg_texts/8874.txt;gutenberg_texts/29824.txt,full_books/herbert_george_wells_full.txt,128872,__main__.collect_attribution_observations:260,90
susan_warner,gutenberg_texts/16918.txt;gutenberg_texts/8874.txt;gutenberg_texts/29824.txt,full_books/jane_austen_full.txt,128872,__main__.collect_attribution_observations:225,6
susan_warner,gutenberg_texts/16918.txt;gutenberg_texts/8874.txt;gutenberg_texts/29824.txt,full_books/jane_austen_full.txt,128872,__main__.collect_attribution_observations:260,126
susan_warner,gutenberg_texts/16918.txt;gutenberg_texts/8874.txt;gutenberg_texts/29824.txt,gutenberg_texts/12360.txt,128872,__main__.collect_attribution_observations:225,12
susan_warner,gutenberg_texts/16918.txt;gutenberg_texts/8874.txt;gutenberg_texts/29824.txt,gutenberg_texts/12360.txt,128872,__main__.collect_attribution_observations:260,180
susan_warner,gutenberg_texts/16918.txt;gutenberg_texts/8874.txt;gutenberg_texts/29824.txt,gutenberg_texts/1260.txt,128872,__main__.collect_attribution_observations:225,6
susan_warner,gutenberg_texts/16918.txt;gutenberg_texts/8874.txt;gutenberg_texts/29824.txt,gutenberg_texts/1260.txt,128872,__main__.collect_attribution_observations:260,90
susan_warner,gutenberg_texts/16918.txt;gutenberg_texts/8874.txt;gutenberg_texts/29824.txt,gutenberg_texts/1342.txt,128872,__main__.collect_attribution_observations:225,6
susan_warner,gutenberg_texts/16918.txt;gutenberg_texts/8874.txt;gutenberg_texts/29824.txt,gutenberg_texts/13547.txt,128872,__main__.collect_attribution_observations:225,12
susan_warner,gutenberg_texts/16918.txt;gutenberg_texts/8874.txt;gutenberg_texts/29824.txt,gutenberg_texts/13960.txt,128872,__main__.collect_attribution_observations:225,12
susan_warner,gutenberg_texts/16918.txt;gutenberg_texts/8874.txt;gutenberg_texts/29824.txt,gutenberg_texts/13960.txt,128872,__main__.collect_attribution_observations:260,180
susan_warner,gutenberg_texts/16918.txt;gutenberg_texts/8874.txt;gutenberg_texts/29824.txt,gutenberg_texts/1400.txt,128872,__main__.collect_attribution_observations:225,6
susan_warner,gutenberg_texts/16918.txt;gutenberg_texts/8874.txt;gutenberg_texts/29824.txt,gutenberg_texts/1400.txt,128872,__main__.collect_attribution_observations:260,54
susan_warner,gutenberg_texts/16918.txt;gutenberg_texts/8874.txt;gutenberg_texts/29824.txt,gutenberg_texts/14522.txt,128872,__main__.collect_attribution_observations:225,6
susan_warner,gutenberg_texts/16918.txt;gutenberg_texts/8874.txt;gutenberg_texts/29824.txt,gutenberg_texts/15238.txt,128872,__main__.collect_attribution_observations:225,6
susan_warner,gutenberg_texts/16918.txt;gutenberg_texts/8874.txt;gutenberg_texts/29824.txt,gutenberg_texts/15317.txt,128872,__main__.collect_attribution_observations:225,6
susan_warner,gutenberg_texts/16918.txt;gutenberg_texts/8874.txt;gutenberg_texts/29824.txt,gutenberg_texts/161.txt,128872,__main__.collect_attribution_observations:225,6
susan_warner,gutenberg_texts/16918.txt;gutenberg_texts/8874.txt;gutenberg_texts/29824.txt,gutenberg_texts/161.txt,128872,__main__.collect_attribution_observations:260,54
susan_warner,gutenberg_texts/16918.txt;gutenberg_texts/8874.txt;gutenberg_texts/29824.txt,gutenberg_texts/1661.txt,128872,__main__.collect_attribution_observations:225,6
susan_warner,gutenberg_texts/16918.txt;gutenberg_texts/8874.txt;gutenberg_texts/29824.txt,gutenberg_texts/1661.txt,128872,__main__.collect_attribution_observations:260,66
susan_warner,gutenberg_texts/16918.txt;gutenberg_texts/8874.txt;gutenberg_texts/29824.txt,gutenberg_texts/174.txt,128872,__main__.collect_attribution_observations:225,6
susan_warner,gutenberg_texts/16918.txt;gutenberg_texts/8874.txt;gutenberg_texts/29824.txt,gutenberg_texts/174.txt,128872,__main__.collect_attribution_observations:260,90
susan_warner,gutenberg_texts/16918.txt;gutenberg_texts/8874.txt;gutenberg_texts/29824.txt,gutenberg_texts/18247.txt,128872,__main__.collect_attribution_observations:225,6
susan_warner,gutenberg_texts/16918.txt;gutenberg_texts/8874.txt;gutenberg_texts/29824.txt,gutenberg_texts/18247.txt,128872,__main__.collect_attribution_observations:260,90
susan_warner,gutenberg_texts/16918.txt;gutenberg_texts/8874.txt;gutenberg_texts/29824.txt,gutenberg_texts/18656.txt,128872,__main__.collect_attribution_observations:225,12
susan_warner,gutenberg_texts/16918.txt;gutenberg_texts/8874.txt;gutenberg_texts/29824.txt,gutenberg_texts/18656.txt,128872,__main__.collect_attribution_observations:260,180
susan_warner,gutenberg_texts/16918.txt;gutenberg_texts/8874.txt;gutenberg_texts/29824.txt,gutenberg_texts/2021.txt,128872,__main__.collect_attribution_observations:225,6
susan_warner,gutenberg_texts/16918.txt;gutenberg_texts/8874.txt;gutenberg_texts/29824.txt,gutenberg_texts/21107.txt,128872,__main__.collect_attribution_observations:225,12
susan_warner,gutenberg_texts/16918.txt;gutenberg_texts/8874.txt;gutenberg_texts/29824.txt,gutenberg_texts/21107.txt,128872,__main__.collect_attribution_observations:260,180
susan_warner,gutenberg_texts/16918.txt;gutenberg_texts/8874.txt;gutenberg_texts/29824.txt,gutenberg_texts/21108.txt,128872,__main__.collect_attribution_observations:225,12
susan_warner,gutenberg_texts/16918.txt;gutenberg_texts/8874.txt;gutenberg_texts/29824.txt,gutenberg_texts/219.txt,128872,__main__.collect_attribution_observations:225,6
susan_warner,gutenberg_texts/16918.txt;gutenberg_texts/8874.txt;gutenberg_texts/29824.txt,gutenberg_texts/219.txt,128872,__main__.collect_attribution_observations:260,90
susan_warner,gutenberg_texts/16918.txt;gutenberg_texts/8874.txt;gutenberg_texts/29824.txt,gutenberg_texts/24267.txt,128872,__main__.collect_attribution_observations:225,12
susan_warner,gutenberg_texts/16918.txt;gutenberg_texts/8874.txt;gutenberg_texts/29824.txt,gutenberg_texts/24267.txt,128872,__main__.collect_attribution_observations:260,180
susan_warner,gutenberg_texts/16918.txt;gutenberg_texts/8874.txt;gutenberg_texts/29824.txt,gutenberg_texts/244.txt,128872,__main__.collect_attribution_observations:225,6
susan_warner,gutenberg_texts/16918.txt;gutenberg_texts/8874.txt;gutenberg_texts/29824.txt,gutenberg_texts/244.txt,128872,__main__.collect_attribution_observations:260,60
susan_warner,gutenberg_texts/16918.txt;gutenberg_texts/8874.txt;gutenberg_texts/29824.txt,gutenberg_texts/24589.txt,128872,__main__.collect_attribution_observations:225,12
susan_warner,gutenberg_texts/16918.txt;gutenberg_texts/8874.txt;gutenberg_texts/29824.txt,gutenberg_texts/28301.txt,128872,__main__.collect_attribution_observations:225,12
susan_warner,gutenberg_texts/16918.txt;gutenberg_texts/8874.txt;gutenberg_texts/29824.txt,gutenberg_texts/2852.txt,128872,__main__.collect_attribution_observations:225,6
susan_warner,gutenberg_texts/16918.txt;gutenberg_texts/8874.txt;gutenberg_texts/29824.txt,gutenberg_texts/2852.txt,128872,__main__.collect_attribution_observations:260,54
susan_warner,gutenberg_texts/16918.txt;gutenberg_texts/8874.txt;gutenberg_texts/29824.txt,gutenberg_texts/30486.txt,128872,__main__.collect_attribution_observations:225,6
susan_warner,gutenberg_texts/16918.txt;gutenberg_texts/8874.txt;gutenberg_texts/29824.txt,gutenberg_texts/30486.txt,128872,__main__.collect_attribution_observations:260,90
susan_warner,gutenberg_texts/16918.txt;gutenberg_texts/8874.txt;gutenberg_texts/29824.txt,gutenberg_texts/31581.txt,128872,__main__.collect_attribution_observations:225,12
susan_warner,gutenberg_texts/16918.txt;gutenberg_texts/8874.txt;gutenberg_texts/29824.txt,gutenberg_texts/31581.txt,128872,__main__.collect_attribution_observations:260,180
susan_warner,gutenberg_texts/16918.txt;gutenberg_texts/8874.txt;gutenberg_texts/29824.txt,gutenberg_texts/31589.txt,128872,__main__.collect_attribution_observations:225,12
susan_warner,gutenberg_texts/16918.txt;gutenberg_texts/8874.txt;gutenberg_texts/29824.txt,gutenberg_texts/31589.txt,128872,__main__.collect_attribution_observations:260,180
susan_warner,gutenberg_texts/16918.txt;gutenberg_texts/8874.txt;gutenberg_texts/29824.txt,gutenberg_texts/32059.txt,128872,__main__.collect_attribution_observations:225,12
susan_warner,gutenberg_texts/16918.txt;gutenberg_texts/8874.txt;gutenberg_texts/29824.txt,gutenberg_texts/32331.txt,128872,__main__.collect_attribution_observations:225,12
susan_warner,gutenberg_texts/16918.txt;gutenberg_texts/8874.txt;gutenberg_texts/29824.txt,gutenberg_texts/32331.txt,128872,__main__.collect_attribution_observations:260,180
susan_warner,gutenberg_texts/16918.txt;gutenberg_texts/8874.txt;gutenberg_texts/29824.txt,gutenberg_texts/32440.txt,128872,__main__.collect_attribution_observations:225,12
susan_warner,gutenberg_texts/16918.txt;gutenberg_texts/8874.txt;gutenberg_texts/29824.txt,gutenberg_texts/32440.txt,128872,__main__.collect_attribution_observations:260,180
susan_warner,gutenberg_texts/16918.txt;gutenberg_texts/8874.txt;gutenberg_texts/29824.txt,gutenberg_texts/32542.txt,128872,__main__.collect_attribution_observations:225,12
susan_warner,gutenberg_texts/16918.txt;gutenberg_texts/8874.txt;gutenberg_texts/29824.txt,gutenberg_texts/34592.txt,128872,__main__.collect_attribution_observations:225,12
susan_warner,gutenberg_texts/16918.txt;gutenberg_texts/8874.txt;gutenberg_texts/29824.txt,gutenberg_texts/34592.txt,128872,__main__.collect_attribution_observations:260,180
susan_warner,gutenberg_texts/16918.txt;gutenberg_texts/8874.txt;gutenberg_texts/29824.txt,gutenberg_texts/34832.txt,128872,__main__.collect_attribution_observations:225,12
susan_warner,gutenberg_texts/16918.txt;gutenberg_texts/8874.txt;gutenberg_texts/29824.txt,gutenberg_texts/34832.txt,128872,__main__.collect_attribution_observations:260,180
susan_warner,gutenberg_texts/16918.txt;gutenberg_texts/8874.txt;gutenberg_texts/29824.txt,gutenberg_texts/35.txt,128872,__main__.collect_attribution_observations:225,6
susan_warner,gutenberg_texts/16918.txt;gutenberg_texts/8874.txt;gutenberg_texts/29824.txt,gutenberg_texts/35.txt,128872,__main__.collect_attribution_observations:260,90
susan_warner,gutenberg_texts/16918.txt;gutenberg_texts/8874.txt;gutenberg_texts/29824.txt,gutenberg_texts/35082.txt,128872,__main__.collect_attribution_observations:225,12
susan_warner,gutenberg_texts/16918.txt;gutenberg_texts/8874.txt;gutenberg_texts/29824.txt,gutenberg_texts/36.txt,128872,__main__.collect_attribution_observations:225,6
susan_warner,gutenberg_texts/16918.txt;gutenberg_texts/8874.txt;gutenberg_texts/29824.txt,gutenberg_texts/3635.txt,128872,__main__.collect_attribution_observations:225,12
susan_warner,gutenberg_texts/16918.txt;gutenberg_texts/8874.txt;gutenberg_texts/29824.txt,gutenberg_texts/3635.txt,128872,__main__.collect_attribution_observations:260,180
susan_warner,gutenberg_texts/16918.txt;gutenberg_texts/8874.txt;gutenberg_texts/29824.txt,gutenberg_texts/46.txt,128872,__main__.collect_attribution_observations:225,6
susan_warner,gutenberg_texts/16918.txt;gutenberg_texts/8874.txt;gutenberg_texts/29824.txt,gutenberg_texts/46.txt,128872,__main__.collect_attribution_observations:260,66
susan_warner,gutenberg_texts/16918.txt;gutenberg_texts/8874.txt;gutenberg_texts/29824.txt,gutenberg_texts/4787.txt,128872,__main__.collect_attribution_observations:225,12
susan_warner,gutenberg_texts/16918.txt;gutenberg_texts/8874.txt;gutenberg_texts/29824.txt,gutenberg_texts/4787.txt,128872,__main__.collect_attribution_observations:260,180
susan_warner,gutenberg_texts/16918.txt;gutenberg_texts/8874.txt;gutenberg_texts/29824.txt,gutenberg_texts/54629.txt,128872,__main__.collect_attribution_observations:225,12
susan_warner,gutenberg_texts/16918.txt;gutenberg_texts/8874.txt;gutenberg_texts/29824.txt,gutenberg_texts/54629.txt,128872,__main__.collect_attribution_observations:260,180
susan_warner,gutenberg_texts/16918.txt;gutenberg_texts/8874.txt;gutenberg_texts/29824.txt,gutenberg_texts/54648.txt,128872,__main__.collect_attribution_observations:225,12
susan_warner,gutenberg_texts/16918.txt;gutenberg_texts/8874.txt;gutenberg_texts/29824.txt,gutenberg_texts/54648.txt,128872,__main__.collect_attribution_observations:260,180
susan_warner,gutenberg_texts/16918.txt;gutenberg_texts/8874.txt;gutenberg_texts/29824.txt,gutenberg_texts/55562.txt,128872,__main__.collect_attribution_observations:225,12
susan_warner,gutenberg_texts/16918.txt;gutenberg_texts/8874.txt;gutenberg_texts/29824.txt,gutenberg_texts/5658.txt,128872,__main__.collect_attribution_observations:225,6
susan_warner,gutenberg_texts/16918.txt;gutenberg_texts/8874.txt;gutenberg_texts/29824.txt,gutenberg_texts/5658.txt,128872,__main__.collect_attribution_observations:260,90
susan_warner,gutenberg_texts/16918.txt;gutenberg_texts/8874.txt;gutenberg_texts/29824.txt,gutenberg_texts/7063.txt,128872,__main__.collect_attribution_observations:225,6
susan_warner,gutenberg_texts/16918.txt;gutenberg_texts/8874.txt;gutenberg_texts/29824.txt,gutenberg_texts/7063.txt,128872,__main__.collect_attribution_observations:260,90
susan_warner,gutenberg_texts/16918.txt;gutenberg_texts/8874.txt;gutenberg_texts/29824.txt,gutenberg_texts/74.txt,128872,__main__.collect_attribution_observations:225,6
susan_warner,gutenberg_texts/16918.txt;gutenberg_texts/8874.txt;gutenberg_texts/29824.txt,gutenberg_texts/74.txt,128872,__main__.collect_attribution_observations:260,90
susan_warner,gutenberg_texts/16918.txt;gutenberg_texts/8874.txt;gutenberg_texts/29824.txt,gutenberg_texts/76.txt,128872,__main__.collect_attribution_observations:225,6
susan_warner,gutenberg_texts/16918.txt;gutenberg_texts/8874.txt;gutenberg_texts/29824.txt,gutenberg_texts/76.txt,128872,__main__.collect_attribution_observations:260,90
susan_warner,gutenberg_texts/16918.txt;gutenberg_texts/8874.txt;gutenberg_texts/29824.txt,gutenberg_texts/773.txt,128872,__main__.collect_attribution_observations:225,6
susan_warner,gutenberg_texts/16918.txt;gutenberg_texts/8874.txt;gutenberg_texts/29824.txt,gutenberg_texts/773.txt,128872,__main__.collect_attribution_observations:260,90
susan_warner,gutenberg_texts/16918.txt;gutenberg_texts/8874.txt;gutenberg_texts/29824.txt,gutenberg_texts/84.txt,128872,__main__.collect_attribution_observations:225,6
susan_warner,gutenberg_texts/16918.txt;gutenberg_texts/8874.txt;gutenberg_texts/29824.txt,gutenberg_texts/84.txt,128872,__main__.collect_attribution_observations:260,90
susan_warner,gutenberg_texts/16918.txt;gutenberg_texts/8874.txt;gutenberg_texts/29824.txt,gutenberg_texts/86.txt,128872,__main__.collect_attribution_observations:225,6
susan_warner,gutenberg_texts/16918.txt;gutenberg_texts/8874.txt;gutenberg_texts/29824.txt,gutenberg_texts/8741.txt,128872,__main__.collect_attribution_observations:225,12
susan_warner,gutenberg_texts/16918.txt;gutenberg_texts/8874.txt;gutenberg_texts/29824.txt,gutenberg_texts/8741.txt,128872,__main__.collect_attribution_observations:260,180
susan_warner,gutenberg_texts/16918.txt;gutenberg_texts/8874.txt;gutenberg_texts/29824.txt,gutenberg_texts/9182.txt,128872,__main__.collect_attribution_observations:225,6
susan_warner,gutenberg_texts/16918.txt;gutenberg_texts/8874.txt;gutenberg_texts/29824.txt,gutenberg_texts/9378.txt,128872,__main__.collect_attribution_observations:225,12
susan_warner,gutenberg_texts/16918.txt;gutenberg_texts/8874.txt;gutenberg_texts/29824.txt,gutenberg_texts/9378.txt,128872,__main__.collect_attribution_observations:260,180
susan_warner,gutenberg_texts/16918.txt;gutenberg_texts/8874.txt;gutenberg_texts/29824.txt,gutenberg_texts/9462.txt,128872,__main__.collect_attribution_observations:225,12
susan_warner,gutenberg_texts/16918.txt;gutenberg_texts/8874.txt;gutenberg_texts/29824.txt,gutenberg_texts/9462.txt,128872,__main__.collect_attribution_observations:260,180
susan_warner,gutenberg_texts/16918.txt;gutenberg_texts/8874.txt;gutenberg_texts/29824.txt,gutenberg_texts/9779.txt,128872,__main__.collect_attribution_observations:225,12
susan_warner,gutenberg_texts/16918.txt;gutenberg_texts/8874.txt;gutenberg_texts/29824.txt,gutenberg_texts/98.txt,128872,__main__.collect_attribution_observations:225,6
susan_warner,gutenberg_texts/16918.txt;gutenberg_texts/8874.txt;gutenberg_texts/29824.txt,gutenberg_texts/98.txt,128872,__main__.collect_attribution_observations:260,60
susan_warner,gutenberg_texts/8874.txt;gutenberg_texts/29824.txt,full_books/agnes_may_fleming_full.txt;full_books/herbert_george_wells_full.txt;full_books/jane_austen_full.txt;gutenberg_texts/12360.txt;gutenberg_texts/1260.txt;gutenberg_texts/1661.txt;gutenberg_texts/16918.txt;gutenberg_texts/174.txt;gutenberg_texts/21107.txt;gutenberg_texts/219.txt;gutenberg_texts/31581.txt;gutenberg_texts/32440.txt;gutenberg_texts/34592.txt;gutenberg_texts/3635.txt;gutenberg_texts/46.txt;gutenberg_texts/54629.txt;gutenberg_texts/74.txt;gutenberg_texts/84.txt;gutenberg_texts/8741.txt;gutenberg_texts/9462.txt,81556,__main__.crossfit_separability:707,2
susan_warner,gutenberg_texts/8874.txt;gutenberg_texts/29824.txt,gutenberg_texts/16918.txt,81556,__main__.collect_attribution_observations:225,12
susan_warner,gutenberg_texts/8874.txt;gutenberg_texts/29824.txt,gutenberg_texts/16918.txt,81556,__main__.collect_attribution_observations:260,180
