condition,label,author,fold,observation_index,score,calibrated_threshold,normalised_score,flagged
flash,human,jane_austen,2,1,176.44947881109485,490.58141011645677,0.359674205284722,0
flash,human,jane_austen,2,2,165.41691260685218,490.58141011645677,0.3371854481146863,0
flash,human,jane_austen,2,3,131.12203421181044,490.58141011645677,0.26727884813385816,0
flash,human,jane_austen,2,4,133.3573423189045,490.58141011645677,0.2718352949559329,0
flash,human,jane_austen,2,5,134.64490292431884,490.58141011645677,0.27445985548526214,0
flash,human,jane_austen,2,6,111.88921143603453,490.58141011645677,0.22807470713061403,0
flash,human,jane_austen,2,7,230.01886437937503,490.58141011645677,0.46886991564717456,0
flash,human,jane_austen,2,8,138.94662953681734,490.58141011645677,0.2832284849599855,0
flash,human,jane_austen,2,9,120.83840315801251,490.58141011645677,0.24631671862439153,0
flash,human,jane_austen,2,10,186.92086838543312,490.58141011645677,0.38101906132370744,0
flash,human,jane_austen,2,11,93.82619039682625,490.58141011645677,0.19125508725361873,0
flash,human,jane_austen,2,12,199.6850546639227,490.58141011645677,0.40703754880667087,0
flash,human,jane_austen,2,13,96.13186531644557,490.58141011645677,0.19595496962191308,0
flash,human,jane_austen,2,14,130.59371980715176,490.58141011645677,0.26620193328595704,0
flash,human,jane_austen,2,15,192.56049491490234,490.58141011645677,0.3925148628628046,0
flash,human,jane_austen,2,16,142.5865178868596,490.58141011645677,0.2906480248670892,0
flash,human,jane_austen,2,17,133.76853580580595,490.58141011645677,0.27267347079876364,0
flash,human,jane_austen,2,18,103.90674977015652,490.58141011645677,0.21180327592415416,0
flash,human,jane_austen,2,19,144.6107782081601,490.58141011645677,0.2947742723757748,0
flash,human,jane_austen,2,20,181.2218678226594,490.58141011645677,0.3694022318938665,0
flash,human,jane_austen,2,21,173.80246787511095,490.58141011645677,0.3542785443782976,0
flash,human,jane_austen,2,22,269.0032146202958,490.58141011645677,0.5483355240803732,0
flash,human,jane_austen,2,23,255.9211058211939,490.58141011645677,0.521668984074309,0
flash,human,jane_austen,2,24,95.50329305438484,490.58141011645677,0.1946736893917643,0
flash,human,jane_austen,2,25,171.2290673081556,490.58141011645677,0.34903293067608976,0
flash,human,jane_austen,2,26,151.42570862806383,490.58141011645677,0.3086658106187057,0
flash,human,jane_austen,2,27,127.44114982529626,490.58141011645677,0.25977574200180886,0
flash,human,jane_austen,2,28,132.30643555578857,490.58141011645677,0.26969312906573645,0
flash,human,jane_austen,2,29,149.74730270401142,490.58141011645677,0.30524455190518457,0
flash,human,jane_austen,2,30,142.29815819454444,490.58141011645677,0.29006023314410745,0
flash,human,jane_austen,2,31,166.94497393311903,490.58141011645677,0.3403002447514038,0
flash,human,herbert_george_wells,0,1,483.52207669322274,441.8837615060074,1.094229113659451,1
flash,human,herbert_george_wells,0,2,634.0005140238186,441.8837615060074,1.4347676227409851,1
flash,human,herbert_george_wells,0,3,966.7619455148878,441.8837615060074,2.187819580018092,1
flash,human,herbert_george_wells,0,4,192.67417801613894,441.8837615060074,0.43602909814897,0
flash,human,herbert_george_wells,0,5,415.21959965513315,441.8837615060074,0.9396579730379802,0
flash,human,herbert_george_wells,0,6,156.8149214328173,441.8837615060074,0.3548782170640715,0
flash,human,herbert_george_wells,0,7,525.6644381574807,441.8837615060074,1.1895989034897685,1
flash,human,herbert_george_wells,0,8,349.91630720357136,441.8837615060074,0.7918741028432525,0
flash,human,herbert_george_wells,0,9,314.6337306413456,441.8837615060074,0.7120282708941957,0
flash,human,herbert_george_wells,0,10,579.7900279645283,441.8837615060074,1.3120872013683311,1
flash,human,herbert_george_wells,0,11,209.15755591764406,441.8837615060074,0.4733316182626923,0
flash,human,agnes_may_fleming,1,1,198.66234817455518,483.8554732139631,0.4105820005609522,0
flash,human,agnes_may_fleming,1,2,311.3208581651431,483.8554732139631,0.643417043724285,0
flash,human,agnes_may_fleming,1,3,269.7806118774014,483.8554732139631,0.5575644522224991,0
flash,human,agnes_may_fleming,1,4,326.28396867943195,483.8554732139631,0.6743417957269808,0
flash,human,agnes_may_fleming,1,5,453.7216369661427,483.8554732139631,0.9377214108013302,0
flash,human,agnes_may_fleming,1,6,419.5428198005364,483.8554732139631,0.8670829266718094,0
flash,human,agnes_may_fleming,1,7,301.1058632413632,483.8554732139631,0.6223053781768689,0
flash,human,agnes_may_fleming,1,8,348.4850727152316,483.8554732139631,0.7202255466915632,0
flash,human,agnes_may_fleming,1,9,434.37059112511383,483.8554732139631,0.8977279687255562,0
flash,human,agnes_may_fleming,1,10,225.43479600134262,483.8554732139631,0.46591349789620823,0
flash,human,agnes_may_fleming,1,11,251.00070162336047,483.8554732139631,0.5187513948248071,0
flash,human,agnes_may_fleming,1,12,254.8071260721788,483.8554732139631,0.5266182572652266,0
flash,human,agnes_may_fleming,1,13,280.27467265818393,483.8554732139631,0.5792528723432363,0
flash,human,agnes_may_fleming,1,14,217.36746793276401,483.8554732139631,0.4492404859842169,0
flash,human,agnes_may_fleming,1,15,181.90334477483535,483.8554732139631,0.37594561774109947,0
flash,human,agnes_may_fleming,1,16,182.2899876180675,483.8554732139631,0.3767447052055109,0
flash,human,agnes_may_fleming,1,17,118.76265703114689,483.8554732139631,0.24545068435885917,0
flash,human,agnes_may_fleming,1,18,206.68415013286827,483.8554732139631,0.42716092216543267,0
flash,human,agnes_may_fleming,1,19,169.66992849556777,483.8554732139631,0.35066241447792607,0
flash,human,agnes_may_fleming,1,20,301.75674081288383,483.8554732139631,0.6236505682337206,0
flash,human,agnes_may_fleming,1,21,381.38087017917275,483.8554732139631,0.7882123718594879,0
flash,human,agnes_may_fleming,1,22,192.8175181290125,483.8554732139631,0.3985022983169764,0
flash,human,agnes_may_fleming,1,23,351.533849359773,483.8554732139631,0.7265265535279439,0
flash,human,agnes_may_fleming,1,24,247.56507368785756,483.8554732139631,0.5116508697182457,0
flash,human,agnes_may_fleming,1,25,136.0113992210741,483.8554732139631,0.2810992264231953,0
flash,human,agnes_may_fleming,1,26,99.48258046897863,483.8554732139631,0.20560391682287943,0
flash,human,agnes_may_fleming,1,27,140.44700712052298,483.8554732139631,0.2902664429682222,0
flash,human,agnes_may_fleming,1,28,155.60701767584672,483.8554732139631,0.3215981347534258,0
flash,human,agnes_may_fleming,1,29,156.65147531569008,483.8554732139631,0.323756749665655,0
flash,human,agnes_may_fleming,1,30,193.87657429007749,483.8554732139631,0.4006910844725412,0
flash,human,agnes_may_fleming,1,31,166.7322862996539,483.8554732139631,0.3445910928570279,0
flash,human,agnes_may_fleming,1,32,177.93791381953622,483.8554732139631,0.36775013133074813,0
flash,human,agnes_may_fleming,1,33,180.61243865344238,483.8554732139631,0.3732776596568016,0
flash,human,charles_dickens,3,1,222.71974708717113,448.9392291876774,0.4961022174207546,0
flash,human,charles_dickens,3,2,269.12888261901287,448.9392291876774,0.599477312566295,0
flash,human,charles_dickens,3,3,196.98706899596897,448.9392291876774,0.43878337242303955,0
flash,human,charles_dickens,3,4,239.38962788864666,448.9392291876774,0.533233926386439,0
flash,human,charles_dickens,3,5,153.3064027263874,448.9392291876774,0.34148586881967097,0
flash,human,charles_dickens,3,6,332.56974362435113,448.9392291876774,0.7407901159052455,0
flash,human,charles_dickens,3,7,168.25319287225958,448.9392291876774,0.3747794399181853,0
flash,human,charles_dickens,3,8,106.64254710945413,448.9392291876774,0.237543391568645,0
flash,human,charles_dickens,3,9,100.75185234918584,448.9392291876774,0.2244220281918533,0
flash,human,charles_dickens,3,10,129.4175939222395,448.9392291876774,0.28827419282652383,0
flash,human,charles_dickens,3,11,81.80125902070486,448.9392291876774,0.18221009371071945,0
flash,human,charles_dickens,3,12,222.79476160368844,448.9392291876774,0.49626931022895726,0
flash,human,charles_dickens,3,13,116.1172105899492,448.9392291876774,0.2586479484095314,0
flash,human,charles_dickens,3,14,88.8531153448237,448.9392291876774,0.19791791308947737,0
flash,human,charles_dickens,3,15,113.17897135590093,448.9392291876774,0.25210309992443736,0
flash,human,charles_dickens,3,16,141.63314001371222,448.9392291876774,0.31548399160836754,0
flash,human,charles_dickens,3,17,117.05876063254082,448.9392291876774,0.2607452256831065,0
flash,human,charles_dickens,3,18,129.68326321044376,448.9392291876774,0.28886596398603015,0
flash,human,charles_dickens,3,19,148.33389041440034,448.9392291876774,0.3304097320316597,0
flash,human,charles_dickens,3,20,181.06196900375062,448.9392291876774,0.40331064258155597,0
flash,human,charles_dickens,3,21,162.32979386344704,448.9392291876774,0.36158522871162513,0
flash,human,charles_dickens,3,22,164.83711899664686,448.9392291876774,0.3671702276829484,0
flash,human,charles_dickens,3,23,209.85897679914768,448.9392291876774,0.4674551991789002,0
flash,human,charles_dickens,3,24,107.43389769179265,448.9392291876774,0.23930610360379154,0
flash,human,charles_dickens,3,25,171.34862843291933,448.9392291876774,0.38167443897242415,0
flash,human,charles_dickens,3,26,160.52415056102546,448.9392291876774,0.3575632070547324,0
flash,human,charles_dickens,3,27,176.77636492161113,448.9392291876774,0.3937645753111729,0
flash,human,charles_dickens,3,28,180.94148521182765,448.9392291876774,0.40304226819123823,0
flash,human,charles_dickens,3,29,113.87486483292858,448.9392291876774,0.2536531838373242,0
flash,human,charles_dickens,3,30,115.56496134673931,448.9392291876774,0.2574178281453497,0
flash,human,charles_dickens,3,31,149.64978512233043,448.9392291876774,0.3333408519302506,0
flash,human,charles_dickens,3,32,121.40818349840863,448.9392291876774,0.27043344756948023,0
flash,human,charles_dickens,3,33,96.18063404411886,448.9392291876774,0.21423976295889904,0
flash,human,charles_dickens,3,34,192.22202525142177,448.9392291876774,0.42816936626196245,0
flash,human,mark_twain,2,1,223.93111541217144,490.58141011645677,0.4564606623781637,0
flash,human,mark_twain,2,2,271.9149875494597,490.58141011645677,0.5542708752150047,0
flash,human,mark_twain,2,3,202.56902260357165,490.58141011645677,0.41291622231564945,0
flash,human,mark_twain,2,4,264.82928724934743,490.58141011645677,0.5398274002809867,0
flash,human,mark_twain,2,5,237.8304598756396,490.58141011645677,0.48479305365277126,0
flash,human,mark_twain,2,6,265.28883861638707,490.58141011645677,0.5407641487136894,0
flash,human,mark_twain,2,7,197.06436669078914,490.58141011645677,0.40169554456620965,0
flash,human,mark_twain,2,8,174.00858257026843,490.58141011645677,0.3546986880912617,0
flash,human,mark_twain,2,9,122.51068732956142,490.58141011645677,0.24972549877191472,0
flash,human,mark_twain,2,10,113.35158554422966,490.58141011645677,0.23105560709551076,0
flash,human,mark_twain,2,11,318.0292058226025,490.58141011645677,0.6482699899841436,0
flash,human,mark_twain,2,12,138.67231499636816,490.58141011645677,0.2826693228417469,0
flash,human,mark_twain,2,13,166.96340768221333,490.58141011645677,0.340337820062482,0
flash,human,mark_twain,2,14,183.0722932334682,490.58141011645677,0.37317413472722,0
flash,human,mark_twain,2,15,127.68221384805481,490.58141011645677,0.26026712634248605,0
flash,human,mark_twain,2,16,216.49022902152137,490.58141011645677,0.44129317694718556,0
flash,human,mark_twain,2,17,439.61825878264847,490.58141011645677,0.8961168314108959,0
flash,human,mark_twain,2,18,141.00817574594387,490.58141011645677,0.28743073593528673,0
flash,human,mark_twain,2,19,239.3594492195613,490.58141011645677,0.4879097419585078,0
flash,human,mark_twain,2,20,123.26039004242801,490.58141011645677,0.25125369102993084,0
flash,human,mark_twain,2,21,121.41404633599639,490.58141011645677,0.24749010833324175,0
flash,human,mark_twain,2,22,243.64321190013487,490.58141011645677,0.4966417537963731,0
flash,human,mark_twain,2,23,156.37722246405045,490.58141011645677,0.31875896485137667,0
flash,human,mark_twain,2,24,139.84101099026933,490.58141011645677,0.2850515900247283,0
flash,human,arthur_conan_doyle,1,1,76.0765925986872,483.8554732139631,0.15722999285996664,0
flash,human,arthur_conan_doyle,1,2,127.16391140456193,483.8554732139631,0.2628138327337458,0
flash,human,arthur_conan_doyle,1,3,203.02579883582342,483.8554732139631,0.41960008737163645,0
flash,human,arthur_conan_doyle,1,4,59.3917249515998,483.8554732139631,0.1227468288352636,0
flash,human,arthur_conan_doyle,1,5,97.85092017113917,483.8554732139631,0.20223171088915026,0
flash,human,arthur_conan_doyle,1,6,122.3020060962219,483.8554732139631,0.2527655733309012,0
flash,human,arthur_conan_doyle,1,7,81.34642303993469,483.8554732139631,0.1681213245343676,0
flash,human,arthur_conan_doyle,1,8,95.528138554727,483.8554732139631,0.197431141824625,0
flash,human,arthur_conan_doyle,1,9,100.22473483070964,483.8554732139631,0.2071377516202856,0
flash,human,arthur_conan_doyle,1,10,172.63810454511193,483.8554732139631,0.3567968414170869,0
flash,human,arthur_conan_doyle,1,11,173.7331072677545,483.8554732139631,0.3590599195122237,0
flash,human,arthur_conan_doyle,1,12,177.5783573301368,483.8554732139631,0.36700702412352554,0
flash,human,arthur_conan_doyle,1,13,174.84449742302283,483.8554732139631,0.3613568660526566,0
flash,human,arthur_conan_doyle,1,14,93.9612130804096,483.8554732139631,0.19419272547705488,0
flash,human,arthur_conan_doyle,1,15,107.42776968442149,483.8554732139631,0.22202450035512247,0
flash,human,arthur_conan_doyle,1,16,150.98224784968446,483.8554732139631,0.3120399710409381,0
flash,human,arthur_conan_doyle,1,17,104.25830367678974,483.8554732139631,0.21547406084768259,0
flash,human,mary_shelley,4,1,154.3874361177788,439.09349201689486,0.3516049290747367,0
flash,human,mary_shelley,4,2,203.41450908763167,439.09349201689486,0.46326013203540023,0
flash,human,mary_shelley,4,3,356.2083412847987,439.09349201689486,0.8112357567601867,0
flash,human,mary_shelley,4,4,228.55171475931473,439.09349201689486,0.5205080897680916,0
flash,human,mary_shelley,4,5,206.68902567679388,439.09349201689486,0.4707175793642625,0
flash,human,mary_shelley,4,6,272.5368338873223,439.09349201689486,0.6206806496618174,0
flash,human,mary_shelley,4,7,225.94133073388815,439.09349201689486,0.5145631507678886,0
flash,human,mary_shelley,4,8,209.82745523569326,439.09349201689486,0.4778650994618244,0
flash,human,mary_shelley,4,9,168.37906324509373,439.09349201689486,0.38346973094881365,0
flash,human,mary_shelley,4,10,163.0922319777149,439.09349201689486,0.3714293993030524,0
flash,human,mary_shelley,4,11,197.92942716575206,439.09349201689486,0.4507683005197818,0
flash,human,mary_shelley,4,12,194.05632004494203,439.09349201689486,0.4419476115521097,0
flash,human,mary_shelley,4,13,177.22316117956802,439.09349201689486,0.40361145041236246,0
flash,human,mary_shelley,4,14,305.87264387573725,439.09349201689486,0.6966002672250226,0
flash,human,mary_shelley,4,15,227.59326583953163,439.09349201689486,0.5183252996853221,0
flash,human,mary_shelley,4,16,297.9823768164518,439.09349201689486,0.6786308206202847,0
flash,human,mary_shelley,4,17,285.040869262287,439.09349201689486,0.6491575813456137,0
flash,human,mary_shelley,4,18,350.18018082474595,439.09349201689486,0.7975071076919359,0
flash,human,mary_shelley,4,19,584.0700287271716,439.09349201689486,1.330172364988499,1
flash,human,mary_shelley,4,20,482.64176530069216,439.09349201689486,1.0991776787302547,1
flash,human,charlotte_bronte,4,1,352.22400263657806,439.09349201689486,0.8021617469635046,0
flash,human,charlotte_bronte,4,2,293.8187795843612,439.09349201689486,0.6691485638622402,0
flash,human,charlotte_bronte,4,3,368.0338336872075,439.09349201689486,0.8381673615719333,0
flash,human,charlotte_bronte,4,4,447.7436272430612,439.09349201689486,1.0196999850451747,1
flash,human,charlotte_bronte,4,5,285.8576399937015,439.09349201689486,0.6510177107856171,0
flash,human,charlotte_bronte,4,6,277.87053061082133,439.09349201689486,0.6328277136025733,0
flash,human,charlotte_bronte,4,7,327.2695246315487,439.09349201689486,0.7453299367483143,0
flash,human,charlotte_bronte,4,8,305.6993544918463,439.09349201689486,0.6962056146349899,0
flash,human,charlotte_bronte,4,9,386.09807949206623,439.09349201689486,0.8793072238866397,0
flash,human,charlotte_bronte,4,10,372.36500331657925,439.09349201689486,0.8480312509442792,0
flash,human,charlotte_bronte,4,11,388.5023914215485,439.09349201689486,0.8847828503151676,0
flash,human,charlotte_bronte,4,12,356.088091370997,439.09349201689486,0.8109618972838156,0
flash,human,charlotte_bronte,4,13,396.12420487736387,439.09349201689486,0.9021409154980651,0
flash,human,charlotte_bronte,4,14,323.50116412102943,439.09349201689486,0.7367477997341445,0
flash,human,charlotte_bronte,4,15,234.88724913304148,439.09349201689486,0.5349367581244037,0
flash,human,charlotte_bronte,4,16,209.67364414209842,439.09349201689486,0.4775148071063437,0
flash,human,charlotte_bronte,4,17,438.5126324171822,439.09349201689486,0.99867713912806,0
flash,human,charlotte_bronte,4,18,312.6754196484912,439.09349201689486,0.7120930401684489,0
flash,human,charlotte_bronte,4,19,320.3872666095773,439.09349201689486,0.7296561493952861,0
flash,human,charlotte_bronte,4,20,303.39376716879906,439.09349201689486,0.6909548255320657,0
flash,human,charlotte_bronte,4,21,327.2109205180849,439.09349201689486,0.745196470608348,0
flash,human,charlotte_bronte,4,22,246.63512999479332,439.09349201689486,0.5616916089143577,0
flash,human,charlotte_bronte,4,23,337.89470556261006,439.09349201689486,0.7695279290306789,0
flash,human,charlotte_bronte,4,24,250.86141876487858,439.09349201689486,0.5713166405919454,0
flash,human,charlotte_bronte,4,25,388.93046513366414,439.09349201689486,0.8857577536555686,0
flash,human,charlotte_bronte,4,26,363.89835513270094,439.09349201689486,0.828749142833343,0
flash,human,charlotte_bronte,4,27,431.72602174188603,439.09349201689486,0.9832211808898198,0
flash,human,charlotte_bronte,4,28,384.7148259237706,439.09349201689486,0.8761569754920623,0
flash,human,charlotte_bronte,4,29,408.68793535981183,439.09349201689486,0.9307537979726807,0
flash,human,charlotte_bronte,4,30,515.6914491116333,439.09349201689486,1.1744456670102303,1
flash,human,charlotte_bronte,4,31,362.36584506073007,439.09349201689486,0.8252589747943416,0
flash,human,charlotte_bronte,4,32,339.6616480190586,439.09349201689486,0.7735519979102526,0
flash,human,charlotte_bronte,4,33,426.9211158471999,439.09349201689486,0.972278395396426,0
flash,human,charlotte_bronte,4,34,443.3940966549135,439.09349201689486,1.0097942800706623,1
flash,human,charlotte_bronte,4,35,355.37596765129246,439.09349201689486,0.8093400929695829,0
flash,human,charlotte_bronte,4,36,519.9946949282927,439.09349201689486,1.1842459621521446,1
flash,human,charlotte_bronte,4,37,430.814223263745,439.09349201689486,0.9811446334239194,0
flash,human,charlotte_bronte,4,38,487.330292632532,439.09349201689486,1.1098554214367202,1
flash,human,charlotte_bronte,4,39,615.7805262759726,439.09349201689486,1.4023904646081147,1
flash,human,charlotte_bronte,4,40,726.0397843174446,439.09349201689486,1.6534970285770234,1
flash,human,charlotte_bronte,4,41,825.4335116118737,439.09349201689486,1.8798582229501906,1
flash,human,charlotte_bronte,4,42,141.91901498551047,439.09349201689486,0.3232091059551616,0
flash,human,charlotte_bronte,4,43,149.67385892730206,439.09349201689486,0.3408701373363628,0
flash,human,charlotte_bronte,4,44,231.58509303974003,439.09349201689486,0.5274163640549457,0
flash,human,charlotte_bronte,4,45,204.344801295207,439.09349201689486,0.46537879747792865,0
flash,human,charlotte_bronte,4,46,225.45236660215647,439.09349201689486,0.5134495744097292,0
flash,human,charlotte_bronte,4,47,114.00205908351026,439.09349201689486,0.25963049135586785,0
flash,human,charlotte_bronte,4,48,162.77350925407936,439.09349201689486,0.37070353401597755,0
flash,human,charlotte_bronte,4,49,118.89239010278581,439.09349201689486,0.27076782567802493,0
flash,human,charlotte_bronte,4,50,181.9645822359798,439.09349201689486,0.4144096543088332,0
flash,human,charlotte_bronte,4,51,141.26936536147414,439.09349201689486,0.3217295813531178,0
flash,human,charlotte_bronte,4,52,182.5176660612599,439.09349201689486,0.41566925809557936,0
flash,human,charlotte_bronte,4,53,148.49969498269698,439.09349201689486,0.3381960736894347,0
flash,human,charlotte_bronte,4,54,151.6508641706086,439.09349201689486,0.3453726072641805,0
flash,human,charlotte_bronte,4,55,164.61943245197784,439.09349201689486,0.3749074751616766,0
flash,human,charlotte_bronte,4,56,120.82439962640537,439.09349201689486,0.2751678214847157,0
flash,human,charlotte_bronte,4,57,160.45672669774865,439.09349201689486,0.36542724867253285,0
flash,human,charlotte_bronte,4,58,124.16719757210556,439.09349201689486,0.28278077409384156,0
flash,human,charlotte_bronte,4,59,277.0963794647787,439.09349201689486,0.6310646468295116,0
flash,human,charlotte_bronte,4,60,309.3357455134211,439.09349201689486,0.7044872017859898,0
flash,human,oscar_wilde,3,1,947.3753516659132,448.9392291876774,2.110252992103451,1
flash,human,oscar_wilde,3,2,1143.7039268755007,448.9392291876774,2.547569587413755,1
flash,human,oscar_wilde,3,3,1159.2125411064935,448.9392291876774,2.5821146064780383,1
flash,human,oscar_wilde,3,4,876.8414456367932,448.9392291876774,1.9531406226704078,1
flash,human,oscar_wilde,3,5,376.881297308902,448.9392291876774,0.8394929041751175,0
flash,human,oscar_wilde,3,6,957.132323661625,448.9392291876774,2.1319863835323227,1
flash,human,oscar_wilde,3,7,1741.6590054262779,448.9392291876774,3.8794983645730445,1
flash,human,oscar_wilde,3,8,1161.4624616568071,448.9392291876774,2.5871262436975897,1
flash,human,oscar_wilde,3,9,872.8406489500176,448.9392291876774,1.9442289561760033,1
flash,human,joseph_conrad,0,1,379.2012239294653,441.8837615060074,0.8581469991951947,0
flash,human,joseph_conrad,0,2,503.58588005215677,441.8837615060074,1.1396342747148236,1
flash,human,joseph_conrad,0,3,408.7587350775682,441.8837615060074,0.9250367872411875,0
flash,human,joseph_conrad,0,4,145.89346008979732,441.8837615060074,0.3301625286988825,0
flash,human,joseph_conrad,0,5,357.81445447330304,441.8837615060074,0.8097479148222526,0
flash,human,joseph_conrad,0,6,484.47463818105234,441.8837615060074,1.096384797055879,1
flash,human,joseph_conrad,0,7,319.47762844929406,441.8837615060074,0.722990198509367,0
flash,human,joseph_conrad,0,8,146.8079317851332,441.8837615060074,0.33223201342540704,0
flash,human,joseph_conrad,0,9,160.08316312971255,441.8837615060074,0.36227437411170005,0
flash,human,joseph_conrad,0,10,106.10139405041292,441.8837615060074,0.2401115480885814,0
flash,human,joseph_conrad,0,11,152.48560361246115,441.8837615060074,0.34508080381312706,0
flash,human,joseph_conrad,0,12,129.48158295835827,441.8837615060074,0.293021817586293,0
flash,human,joseph_conrad,0,13,207.68452829626492,441.8837615060074,0.4699980999266511,0
flash,human,joseph_conrad,0,14,152.8324852795448,441.8837615060074,0.34586581040830366,0
flash,human,joseph_conrad,0,15,303.15626071530846,441.8837615060074,0.6860543136550337,0
flash,human,joseph_conrad,0,16,187.3421208990044,441.8837615060074,0.42396244718410525,0
flash,human,joseph_conrad,0,17,271.89525706324326,441.8837615060074,0.615309456352464,0
flash,human,joseph_conrad,0,18,193.08674764543545,441.8837615060074,0.43696275913685156,0
flash,human,joseph_conrad,0,19,115.2060902520901,441.8837615060074,0.2607158268487852,0
flash,human,joseph_conrad,0,20,151.60903154528998,441.8837615060074,0.3430970874072929,0
flash,human,joseph_conrad,0,21,169.20266610021685,441.8837615060074,0.38291216116099924,0
flash,human,joseph_conrad,0,22,160.3175106470208,441.8837615060074,0.3628047115844091,0
flash,human,joseph_conrad,0,23,227.26047482803006,441.8837615060074,0.5142992221608046,0
flash,human,joseph_conrad,0,24,117.51509331592595,441.8837615060074,0.26594118986272897,0
flash,human,joseph_conrad,0,25,102.55540530331633,441.8837615060074,0.23208683875096892,0
flash,human,mildred_wirt,0,1,62.18326609838631,441.8837615060074,0.1407231301880301,0
flash,human,mildred_wirt,0,2,45.11322153221193,441.8837615060074,0.10209296077877851,0
flash,human,mildred_wirt,0,3,72.24507723122899,441.8837615060074,0.16349339696260104,0
flash,human,mildred_wirt,0,4,91.41715618607739,441.8837615060074,0.20688055128913033,0
flash,human,mildred_wirt,0,5,50.18448396378012,441.8837615060074,0.11356942330884423,0
flash,human,mildred_wirt,0,6,63.589411772227294,441.8837615060074,0.14390529209651168,0
flash,human,mildred_wirt,0,7,68.10754708196733,441.8837615060074,0.1541300066104407,0
flash,human,mildred_wirt,0,8,109.10856133639882,441.8837615060074,0.24691688367216794,0
flash,human,mildred_wirt,0,9,93.98177951469916,441.8837615060074,0.2126843928240198,0
flash,human,mildred_wirt,0,10,90.759093870237,441.8837615060074,0.20539133088058303,0
flash,human,mildred_wirt,0,11,62.90932712098049,441.8837615060074,0.14236623429332612,0
flash,human,mildred_wirt,0,12,55.593725923094325,441.8837615060074,0.12581074654932423,0
flash,human,mildred_wirt,0,13,72.36342116661214,441.8837615060074,0.16376121385403833,0
flash,human,mildred_wirt,0,14,51.12414252205441,441.8837615060074,0.11569590687789821,0
flash,human,robert_sidney_bowen,1,1,218.32948185826365,483.8554732139631,0.4512287117639307,0
flash,human,robert_sidney_bowen,1,2,320.3504017420445,483.8554732139631,0.6620786980338322,0
flash,human,robert_sidney_bowen,1,3,323.780156631392,483.8554732139631,0.6691670851229887,0
flash,human,robert_sidney_bowen,1,4,149.34388492403414,483.8554732139631,0.30865391256614677,0
flash,human,robert_sidney_bowen,1,5,189.51477763133235,483.8554732139631,0.3916764160432015,0
flash,human,robert_sidney_bowen,1,6,152.40743147092533,483.8554732139631,0.3149854448448702,0
flash,human,robert_sidney_bowen,1,7,118.75991679609565,483.8554732139631,0.24544502102506854,0
flash,human,robert_sidney_bowen,1,8,87.31292668888706,483.8554732139631,0.1804524936112005,0
flash,human,robert_sidney_bowen,1,9,132.1258859437218,483.8554732139631,0.27306890850296356,0
flash,human,robert_sidney_bowen,1,10,78.44456102568776,483.8554732139631,0.16212395099021484,0
flash,human,robert_sidney_bowen,1,11,84.3679405815352,483.8554732139631,0.17436599408730324,0
flash,human,robert_sidney_bowen,1,12,70.61668204977076,483.8554732139631,0.145945816383364,0
flash,human,luis_senarens,1,1,328.8103029777955,483.8554732139631,0.6795630538055195,0
flash,human,luis_senarens,1,2,341.95867299572876,483.8554732139631,0.7067372220144611,0
flash,human,luis_senarens,1,3,185.45045585283756,483.8554732139631,0.38327654872022193,0
flash,human,luis_senarens,1,4,317.2076632424773,483.8554732139631,0.6555834971452449,0
flash,human,luis_senarens,1,5,369.4499302470092,483.8554732139631,0.7635543063985075,0
flash,human,luis_senarens,1,6,474.43470106581924,483.8554732139631,0.980529780751332,0
flash,human,luis_senarens,1,7,353.6729890321592,483.8554732139631,0.7309475837545469,0
flash,human,luis_senarens,1,8,407.7845204322202,483.8554732139631,0.8427816631349668,0
flash,human,luis_senarens,1,9,552.7032902071377,483.8554732139631,1.1422900448678603,1
flash,human,john_c_hutcheson,3,1,69.07701999902952,448.9392291876774,0.15386719517476632,0
flash,human,john_c_hutcheson,3,2,73.42089873234873,448.9392291876774,0.1635430676557236,0
flash,human,john_c_hutcheson,3,3,73.2102448510381,448.9392291876774,0.16307384182822843,0
flash,human,john_c_hutcheson,3,4,113.4216470040397,448.9392291876774,0.2526436533721231,0
flash,human,john_c_hutcheson,3,5,53.183730597904265,448.9392291876774,0.11846532256523076,0
flash,human,john_c_hutcheson,3,6,99.46538930954775,448.9392291876774,0.22155646653896355,0
flash,human,john_c_hutcheson,3,7,100.08662814776574,448.9392291876774,0.2229402592615155,0
flash,human,john_c_hutcheson,3,8,79.69510042315892,448.9392291876774,0.1775186823556528,0
flash,human,john_c_hutcheson,3,9,169.71658721100198,448.9392291876774,0.378039111258091,0
flash,human,john_c_hutcheson,3,10,67.35088412540783,448.9392291876774,0.15002227416676042,0
flash,human,john_c_hutcheson,3,11,99.83305057113623,448.9392291876774,0.2223754220627518,0
flash,human,john_c_hutcheson,3,12,83.9736071149276,448.9392291876774,0.18704894038079872,0
flash,human,john_c_hutcheson,3,13,108.50760984112394,448.9392291876774,0.24169776839832083,0
flash,human,john_c_hutcheson,3,14,169.69510260716467,448.9392291876774,0.37799125488368546,0
flash,human,john_c_hutcheson,3,15,99.18309444972598,448.9392291876774,0.22092766236800138,0
flash,human,john_c_hutcheson,3,16,120.49174283240264,448.9392291876774,0.26839210075364456,0
flash,human,john_c_hutcheson,3,17,91.48913582407299,448.9392291876774,0.20378957746600995,0
flash,human,john_c_hutcheson,3,18,140.47746191099344,448.9392291876774,0.31290974986787656,0
flash,human,john_c_hutcheson,3,19,66.1416192197271,448.9392291876774,0.14732866927090668,0
flash,human,john_c_hutcheson,3,20,114.04802794660361,448.9392291876774,0.2540388999931352,0
flash,human,john_c_hutcheson,3,21,95.95200446734106,448.9392291876774,0.21373049675556124,0
flash,human,john_c_hutcheson,3,22,86.31542862332347,448.9392291876774,0.1922652845007662,0
flash,human,john_c_hutcheson,3,23,77.86503323620146,448.9392291876774,0.1734422571560354,0
flash,human,harold_l_goodwin,2,1,93.54988692607188,490.58141011645677,0.19069187090449374,0
flash,human,harold_l_goodwin,2,2,62.495066797268734,490.58141011645677,0.1273897981222593,0
flash,human,harold_l_goodwin,2,3,78.0273254957036,490.58141011645677,0.1590507179576598,0
flash,human,harold_l_goodwin,2,4,271.37391718679413,490.58141011645677,0.5531679586521103,0
flash,human,harold_l_goodwin,2,5,103.43895335963477,490.58141011645677,0.21084972081408443,0
flash,human,harold_l_goodwin,2,6,60.700123386582035,490.58141011645677,0.12373098966830545,0
flash,human,harold_l_goodwin,2,7,60.781978591428505,490.58141011645677,0.1238978431265868,0
flash,human,harold_l_goodwin,2,8,128.0833537243635,490.58141011645677,0.26108480892897756,0
flash,human,harold_l_goodwin,2,9,66.64365253040381,490.58141011645677,0.13584626558634497,0
flash,human,harold_l_goodwin,2,10,105.17478058794316,490.58141011645677,0.21438802698001994,0
flash,human,harold_l_goodwin,2,11,100.68683164429599,490.58141011645677,0.20523980234064398,0
flash,human,harold_l_goodwin,2,12,100.72284478180363,490.58141011645677,0.20531321143598474,0
flash,human,kathleen_thompson_norris,0,1,46.43760472715193,441.8837615060074,0.10509009104314102,0
flash,human,kathleen_thompson_norris,0,2,93.4613005057514,441.8837615060074,0.21150652874688358,0
flash,human,kathleen_thompson_norris,0,3,86.50733506906879,441.8837615060074,0.1957694366822591,0
flash,human,kathleen_thompson_norris,0,4,114.33178294139763,441.8837615060074,0.2587372356742358,0
flash,human,kathleen_thompson_norris,0,5,118.70196546474769,441.8837615060074,0.2686271273246006,0
flash,human,kathleen_thompson_norris,0,6,55.12960423053701,441.8837615060074,0.12476042125342397,0
flash,human,kathleen_thompson_norris,0,7,93.80527582847209,441.8837615060074,0.2122849581726411,0
flash,human,kathleen_thompson_norris,0,8,101.86449708560811,441.8837615060074,0.23052328679931197,0
flash,human,kathleen_thompson_norris,0,9,122.06288114068566,441.8837615060074,0.27623300916213056,0
flash,human,kathleen_thompson_norris,0,10,188.4410982493325,441.8837615060074,0.426449475326037,0
flash,human,kathleen_thompson_norris,0,11,189.35743116863222,441.8837615060074,0.428523172074197,0
flash,human,kathleen_thompson_norris,0,12,106.7904581566468,441.8837615060074,0.24167092674482676,0
flash,human,kathleen_thompson_norris,0,13,107.67094513461008,441.8837615060074,0.24366350274481924,0
flash,human,kathleen_thompson_norris,0,14,141.3417113808197,441.8837615060074,0.3198617457656863,0
flash,human,kathleen_thompson_norris,0,15,128.83550017238446,441.8837615060074,0.29155970731599956,0
flash,human,kathleen_thompson_norris,0,16,137.7370746504327,441.8837615060074,0.31170431377927016,0
flash,human,kathleen_thompson_norris,0,17,145.90717207389025,441.8837615060074,0.3301935594478881,0
flash,human,kathleen_thompson_norris,0,18,186.56686176816785,441.8837615060074,0.4222080058618119,0
flash,human,kathleen_thompson_norris,0,19,127.65939695015823,441.8837615060074,0.28889814035047473,0
flash,human,kathleen_thompson_norris,0,20,141.62142053080075,441.8837615060074,0.3204947383631689,0
flash,human,kathleen_thompson_norris,0,21,75.2870956275576,441.8837615060074,0.17037760195343607,0
flash,human,kathleen_thompson_norris,0,22,137.2767617590692,441.8837615060074,0.3106626079474136,0
flash,human,kathleen_thompson_norris,0,23,99.33819556746107,441.8837615060074,0.22480616899996805,0
flash,human,kathleen_thompson_norris,0,24,95.24179104563831,441.8837615060074,0.21553584752931343,0
flash,human,kathleen_thompson_norris,0,25,92.29282166215025,441.8837615060074,0.20886221604433303,0
flash,human,kathleen_thompson_norris,0,26,120.16867421307946,441.8837615060074,0.2719463458071558,0
flash,human,arthur_scott_bailey,4,1,104.21956130406699,439.09349201689486,0.23735164195978783,0
flash,human,arthur_scott_bailey,4,2,176.96277262955135,439.09349201689486,0.403018436499037,0
flash,human,arthur_scott_bailey,4,3,132.75578442902403,439.09349201689486,0.3023405876940577,0
flash,human,louis_joseph_vance,2,1,80.57465954296893,490.58141011645677,0.1642431977270433,0
flash,human,louis_joseph_vance,2,2,101.31188473564102,490.58141011645677,0.20651390910142942,0
flash,human,louis_joseph_vance,2,3,175.66206853656908,490.58141011645677,0.3580691500211341,0
flash,human,louis_joseph_vance,2,4,168.79612073798575,490.58141011645677,0.34407361807271913,0
flash,human,louis_joseph_vance,2,5,133.8393813059056,490.58141011645677,0.2728178821006163,0
flash,human,louis_joseph_vance,2,6,138.2498150639774,490.58141011645677,0.28180809996685147,0
flash,human,louis_joseph_vance,2,7,299.1994978104104,490.58141011645677,0.6098875571729977,0
flash,human,louis_joseph_vance,2,8,186.70921928598716,490.58141011645677,0.38058763629397446,0
flash,human,louis_joseph_vance,2,9,185.40275631309976,490.58141011645677,0.37792454522295876,0
flash,human,louis_joseph_vance,2,10,193.94447601891295,490.58141011645677,0.3953359667111589,0
flash,human,louis_joseph_vance,2,11,140.40593942971125,490.58141011645677,0.2862031388355726,0
flash,human,louis_joseph_vance,2,12,172.94207431867275,490.58141011645677,0.3525247201634054,0
flash,human,louis_joseph_vance,2,13,172.61112477616618,490.58141011645677,0.35185011338931665,0
flash,human,louis_joseph_vance,2,14,167.33952400356497,490.58141011645677,0.3411044946930236,0
flash,human,louis_joseph_vance,2,15,138.58979253038473,490.58141011645677,0.2825011092399232,0
flash,human,louis_joseph_vance,2,16,171.85937193135146,490.58141011645677,0.35031774214712824,0
flash,human,louis_joseph_vance,2,17,200.25952178162558,490.58141011645677,0.4082085412369925,0
flash,human,louis_joseph_vance,2,18,189.83310144842085,490.58141011645677,0.3869553503940504,0
flash,human,louis_joseph_vance,2,19,148.6177231763506,490.58141011645677,0.3029420196355809,0
flash,human,louis_joseph_vance,2,20,128.92556644321346,490.58141011645677,0.26280157336701454,0
flash,human,louis_joseph_vance,2,21,162.89474841828834,490.58141011645677,0.3320442745264635,0
flash,human,susan_warner,3,1,71.97097890794339,448.9392291876774,0.160313410432342,0
flash,human,susan_warner,3,2,99.1287657369888,448.9392291876774,0.22080664662866514,0
flash,human,susan_warner,3,3,82.46842444484228,448.9392291876774,0.18369618666219667,0
flash,human,susan_warner,3,4,60.1564893363199,448.9392291876774,0.13399695420952332,0
flash,human,susan_warner,3,5,102.88573048264213,448.9392291876774,0.22917518406401308,0
flash,human,susan_warner,3,6,106.17409809507264,448.9392291876774,0.23649993404939657,0
flash,human,susan_warner,3,7,46.79764888080381,448.9392291876774,0.10424049813040559,0
flash,human,susan_warner,3,8,94.8399331231153,448.9392291876774,0.21125338789109874,0
flash,human,susan_warner,3,9,118.83453779508353,448.9392291876774,0.2647007213205803,0
flash,human,susan_warner,3,10,223.36140020394132,448.9392291876774,0.497531482397066,0
flash,human,susan_warner,3,11,129.170751094263,448.9392291876774,0.28772435709837163,0
flash,human,susan_warner,3,12,73.3280889366782,448.9392291876774,0.1633363363441417,0
flash,human,susan_warner,3,13,164.12044613460014,448.9392291876774,0.36557385825151445,0
flash,human,susan_warner,3,14,120.18938035915144,448.9392291876774,0.2677185965161149,0
flash,human,susan_warner,3,15,124.05779719606583,448.9392291876774,0.2763353904726466,0
flash,human,susan_warner,3,16,68.6644432745041,448.9392291876774,0.15294819167116974,0
flash,human,susan_warner,3,17,85.93835375051425,448.9392291876774,0.19142536041239566,0
flash,human,susan_warner,3,18,54.26158639036907,448.9392291876774,0.12086621721285401,0
flash,human,susan_warner,3,19,66.63243266330238,448.9392291876774,0.14842194295176403,0
flash,human,susan_warner,3,20,119.96268075932788,448.9392291876774,0.26721362928428316,0
flash,human,susan_warner,3,21,76.96529120418751,448.9392291876774,0.17143810609612029,0
flash,human,susan_warner,3,22,96.31817998588875,448.9392291876774,0.21454614282687975,0
flash,human,susan_warner,3,23,81.26999239415838,448.9392291876774,0.18102671165808001,0
flash,human,susan_warner,3,24,160.7193263963165,448.9392291876774,0.357997955953028,0
flash,human,susan_warner,3,25,111.02821406041416,448.9392291876774,0.2473123461750303,0
flash,human,susan_warner,3,26,144.61472994505857,448.9392291876774,0.3221254026000987,0
flash,human,susan_warner,3,27,247.2068426351047,448.9392291876774,0.5506465609664082,0
flash,human,susan_warner,3,28,151.76696307464994,448.9392291876774,0.3380568086002667,0
flash,human,susan_warner,3,29,125.96206025081828,448.9392291876774,0.2805770849625625,0
flash,human,susan_warner,3,30,141.02275953597427,448.9392291876774,0.31412438559032724,0
flash,human,susan_warner,3,31,80.54513801014461,448.9392291876774,0.179412118107578,0
flash,human,susan_warner,3,32,71.19491961619954,448.9392291876774,0.15858475933373326,0
flash,human,susan_warner,3,33,84.1281684864319,448.9392291876774,0.18739322165865444,0
flash,human,susan_warner,3,34,127.79802335329207,448.9392291876774,0.2846666431546497,0
flash,human,susan_warner,3,35,212.80662330978092,448.9392291876774,0.4740210021183466,0
flash,human,susan_warner,3,36,110.87477032704231,448.9392291876774,0.2469705544059094,0
flash,human,susan_warner,3,37,88.45417256958041,448.9392291876774,0.1970292788394361,0
flash,human,susan_warner,3,38,168.98590825385148,448.9392291876774,0.37641154362834156,0
flash,human,susan_warner,3,39,173.2402844712244,448.9392291876774,0.3858880516739203,0
flash,human,susan_warner,3,40,184.31719706585437,448.9392291876774,0.4105615751142149,0
flash,human,susan_warner,3,41,277.7807250211893,448.9392291876774,0.6187490576927598,0
flash,human,susan_warner,3,42,104.09567428131626,448.9392291876774,0.2318703011756619,0
flash,human,susan_warner,3,43,62.541899006793464,448.9392291876774,0.13931038978250673,0
flash,human,susan_warner,3,44,87.02088258380118,448.9392291876774,0.19383666413215678,0
flash,human,susan_warner,3,45,176.7996440020672,448.9392291876774,0.39381642883374923,0
flash,human,susan_warner,3,46,128.5198240381552,448.9392291876774,0.2862744346728229,0
flash,human,susan_warner,3,47,161.73604210232608,448.9392291876774,0.36026266271044205,0
flash,human,susan_warner,3,48,108.09784918767842,448.9392291876774,0.24078503761694772,0
flash,human,susan_warner,3,49,95.57281189556211,448.9392291876774,0.21288585554996853,0
flash,human,susan_warner,3,50,159.8332237863237,448.9392291876774,0.3560241863370465,0
flash,human,susan_warner,3,51,133.01636551641528,448.9392291876774,0.296290359292278,0
flash,human,susan_warner,3,52,116.14193802408833,448.9392291876774,0.2587030281007936,0
flash,human,susan_warner,3,53,269.9564092237313,448.9392291876774,0.601320605713601,0
flash,human,susan_warner,3,54,65.33926870034054,448.9392291876774,0.14554145517326955,0
flash,human,susan_warner,3,55,217.72288887722758,448.9392291876774,0.4849718508030166,0
flash,human,susan_warner,3,56,210.36332684192084,448.9392291876774,0.4685786252686312,0
flash,human,susan_warner,3,57,143.05182086572455,448.9392291876774,0.31864406486500707,0
flash,human,susan_warner,3,58,113.10517629655655,448.9392291876774,0.2519387234241304,0
flash,human,susan_warner,3,59,257.13494097809325,448.9392291876774,0.5727611317089845,0
flash,human,susan_warner,3,60,190.0739975190288,448.9392291876774,0.4233846925405778,0
flash,human,susan_warner,3,61,210.53905956673083,448.9392291876774,0.46897006516379913,0
flash,human,susan_warner,3,62,157.82428657063994,448.9392291876774,0.3515493329825763,0
flash,human,ethel_m_dell,4,1,40.708259499468646,439.09349201689486,0.09270977648173007,0
flash,human,ethel_m_dell,4,2,101.43945223611294,439.09349201689486,0.23102016786942015,0
flash,human,ethel_m_dell,4,3,124.3195061504043,439.09349201689486,0.28312764459196516,0
flash,human,ethel_m_dell,4,4,69.2740517180008,439.09349201689486,0.15776606344084773,0
flash,human,ethel_m_dell,4,5,141.92968376232807,439.09349201689486,0.32323340323355804,0
flash,human,ethel_m_dell,4,6,97.05014089807392,439.09349201689486,0.22102386544672303,0
flash,human,ethel_m_dell,4,7,71.88640219519677,439.09349201689486,0.16371548087629323,0
flash,human,ethel_m_dell,4,8,72.84022621440585,439.09349201689486,0.1658877381211635,0
flash,human,ethel_m_dell,4,9,95.28421897184167,439.09349201689486,0.21700212074237585,0
flash,human,ethel_m_dell,4,10,115.44749254776748,439.09349201689486,0.26292234944653986,0
flash,human,ethel_m_dell,4,11,140.92156494420988,439.09349201689486,0.32093749396492466,0
flash,human,ethel_m_dell,4,12,55.03521595447788,439.09349201689486,0.12533826384372898,0
flash,human,ethel_m_dell,4,13,79.1749405273366,439.09349201689486,0.18031453885517895,0
flash,human,ethel_m_dell,4,14,112.22577809118019,439.09349201689486,0.2555851547142997,0
flash,human,ethel_m_dell,4,15,134.83098814220415,439.09349201689486,0.30706669671391146,0
flash,human,ethel_m_dell,4,16,47.706045950128555,439.09349201689486,0.10864667050973506,0
flash,human,ethel_m_dell,4,17,62.987175765963144,439.09349201689486,0.14344821071394884,0
flash,human,ethel_m_dell,4,18,98.24151892802142,439.09349201689486,0.22373713278410742,0
flash,human,ethel_m_dell,4,19,48.96727328758984,439.09349201689486,0.11151901400922094,0
flash,human,ethel_m_dell,4,20,82.2968012650019,439.09349201689486,0.1874243247992284,0
flash,human,ethel_m_dell,4,21,107.29607019596645,439.09349201689486,0.24435814273429962,0
flash,human,ethel_m_dell,4,22,52.57515415827625,439.09349201689486,0.11973567159190174,0
flash,human,ethel_m_dell,4,23,177.59973844198396,439.09349201689486,0.4044690747435412,0
flash,human,ethel_m_dell,4,24,135.50762280479987,439.09349201689486,0.3086076775639981,0
flash,human,ethel_m_dell,4,25,108.29171334483232,439.09349201689486,0.24662563967280485,0
flash,human,ethel_m_dell,4,26,94.85517128007041,439.09349201689486,0.21602499924189425,0
flash,human,ethel_m_dell,4,27,120.24271150619806,439.09349201689486,0.27384307372419797,0
flash,human,ethel_m_dell,4,28,155.3773997674643,439.09349201689486,0.3538594914121066,0
flash,human,ethel_m_dell,4,29,75.54807967865281,439.09349201689486,0.17205465590400046,0
flash,human,ethel_m_dell,4,30,139.8495155276439,439.09349201689486,0.31849598791653905,0
flash,human,ethel_m_dell,4,31,73.151360680676,439.09349201689486,0.16659632176434394,0
flash,human,ethel_m_dell,4,32,93.96812117879362,439.09349201689486,0.2140048142074901,0
flash,human,ethel_m_dell,4,33,73.14893420447612,439.09349201689486,0.16659079566057788,0
flash,human,ethel_m_dell,4,34,73.36787210330564,439.09349201689486,0.16708940906025246,0
flash,human,ethel_m_dell,4,35,58.852919794543055,439.09349201689486,0.1340327763096944,0
flash,human,ethel_m_dell,4,36,63.57898274256216,439.09349201689486,0.14479600335346318,0
flash,human,ethel_m_dell,4,37,89.25033032398528,439.09349201689486,0.2032604261885786,0
flash,human,ethel_m_dell,4,38,115.7114229999517,439.09349201689486,0.263523429756275,0
flash,human,ethel_m_dell,4,39,72.7637748769831,439.09349201689486,0.1657136263686263,0
flash,llm,jane_austen,2,1,606.2629279209551,490.58141011645677,1.2358049355703007,1
flash,llm,jane_austen,2,2,558.842414536756,490.58141011645677,1.1391430718993103,1
flash,llm,jane_austen,2,3,530.5476649155007,490.58141011645677,1.0814671203899808,1
flash,llm,jane_austen,2,4,774.9085416910085,490.58141011645677,1.5795717605912885,1
flash,llm,jane_austen,2,5,526.4584191981495,490.58141011645677,1.0731316114754044,1
flash,llm,jane_austen,2,6,631.5079476148545,490.58141011645677,1.2872643247222595,1
flash,llm,jane_austen,2,7,628.3195462078552,490.58141011645677,1.2807650947448281,1
flash,llm,jane_austen,2,8,498.913271831551,490.58141011645677,1.016983647450311,1
flash,llm,jane_austen,2,9,614.4561961547121,490.58141011645677,1.2525060743921161,1
flash,llm,jane_austen,2,10,528.1926067146767,490.58141011645677,1.0766665752566766,1
flash,llm,jane_austen,2,11,537.7647933117768,490.58141011645677,1.0961784980481004,1
flash,llm,jane_austen,2,12,537.402908855003,490.58141011645677,1.0954408336170576,1
flash,llm,jane_austen,2,13,534.4872313110251,490.58141011645677,1.0894975233247133,1
flash,llm,jane_austen,2,14,556.5760523299899,490.58141011645677,1.1345233244730308,1
flash,llm,jane_austen,2,15,767.8399801037605,490.58141011645677,1.5651632211695234,1
flash,llm,jane_austen,2,16,558.1473202551596,490.58141011645677,1.1377261933399874,1
flash,llm,jane_austen,2,17,516.8373549677418,490.58141011645677,1.0535200566304628,1
flash,llm,jane_austen,2,18,557.5980598301169,490.58141011645677,1.1366065821730817,1
flash,llm,jane_austen,2,19,533.8028028417801,490.58141011645677,1.088102385932364,1
flash,llm,jane_austen,2,20,513.2286534855386,490.58141011645677,1.0461640879618854,1
flash,llm,herbert_george_wells,0,1,483.088364482814,441.8837615060074,1.0932476061948395,1
flash,llm,herbert_george_wells,0,2,968.4564632070177,441.8837615060074,2.191654338929247,1
flash,llm,herbert_george_wells,0,3,776.5434487390753,441.8837615060074,1.7573477832552538,1
flash,llm,herbert_george_wells,0,4,1189.7401848919255,441.8837615060074,2.692427938146243,1
flash,llm,herbert_george_wells,0,5,394.9724379734456,441.8837615060074,0.8938378650243204,0
flash,llm,herbert_george_wells,0,6,971.1807548494369,441.8837615060074,2.1978195160182046,1
flash,llm,herbert_george_wells,0,7,355.0607584669262,441.8837615060074,0.8035161945232494,0
flash,llm,herbert_george_wells,0,8,1170.7099664921443,441.8837615060074,2.649361819728758,1
flash,llm,herbert_george_wells,0,9,407.1991689813535,441.8837615060074,0.9215074289979712,0
flash,llm,herbert_george_wells,0,10,1364.99966216706,441.8837615060074,3.089046896665613,1
flash,llm,herbert_george_wells,0,11,508.3000102736531,441.8837615060074,1.1503025332754682,1
flash,llm,herbert_george_wells,0,12,1143.1587171556273,441.8837615060074,2.587012279563222,1
flash,llm,herbert_george_wells,0,13,395.6146056462183,441.8837615060074,0.895291115242396,0
flash,llm,herbert_george_wells,0,14,927.8451237043,441.8837615060074,2.099749310864156,1
flash,llm,herbert_george_wells,0,15,403.6087858717932,441.8837615060074,0.9133822535053852,0
flash,llm,herbert_george_wells,0,16,1052.7468741445061,441.8837615060074,2.382406790773628,1
flash,llm,herbert_george_wells,0,17,504.814345446764,441.8837615060074,1.1424143392965598,1
flash,llm,herbert_george_wells,0,18,1025.8853822201552,441.8837615060074,2.321618198242409,1
flash,llm,herbert_george_wells,0,19,405.2924733572734,441.8837615060074,0.9171925032410667,0
flash,llm,herbert_george_wells,0,20,1012.3632898744769,441.8837615060074,2.291017181586823,1
flash,llm,agnes_may_fleming,1,1,942.7093576962112,483.8554732139631,1.948328395325066,1
flash,llm,agnes_may_fleming,1,2,504.4281966733541,483.8554732139631,1.0425183233388653,1
flash,llm,agnes_may_fleming,1,3,894.5437151488294,483.8554732139631,1.848782879744874,1
flash,llm,agnes_may_fleming,1,4,470.92883616366805,483.8554732139631,0.9732840945986803,0
flash,llm,agnes_may_fleming,1,5,1050.7844874013122,483.8554732139631,2.1716908158991735,1
flash,llm,agnes_may_fleming,1,6,689.2189102880698,483.8554732139631,1.4244313611045876,1
flash,llm,agnes_may_fleming,1,7,1148.348304379928,483.8554732139631,2.3733291611896745,1
flash,llm,agnes_may_fleming,1,8,459.55396750587215,483.8554732139631,0.9497752799060626,0
flash,llm,agnes_may_fleming,1,9,781.6047956440101,483.8554732139631,1.6153683050276895,1
flash,llm,agnes_may_fleming,1,10,452.55466935879207,483.8554732139631,0.9353096005150909,0
flash,llm,agnes_may_fleming,1,11,1033.698211970078,483.8554732139631,2.1363780492216775,1
flash,llm,agnes_may_fleming,1,12,534.5722568332409,483.8554732139631,1.104818042632434,1
flash,llm,agnes_may_fleming,1,13,1010.7490811387445,483.8554732139631,2.088948326707853,1
flash,llm,agnes_may_fleming,1,14,536.4289880724325,483.8554732139631,1.1086554100737043,1
flash,llm,agnes_may_fleming,1,15,766.323447530015,483.8554732139631,1.5837858409243275,1
flash,llm,agnes_may_fleming,1,16,527.7812177395369,483.8554732139631,1.0907827790678926,1
flash,llm,agnes_may_fleming,1,17,912.6324709275259,483.8554732139631,1.8861675054855807,1
flash,llm,agnes_may_fleming,1,18,504.1307952348792,483.8554732139631,1.041903674017035,1
flash,llm,agnes_may_fleming,1,19,955.6934646788714,483.8554732139631,1.9751630757233563,1
flash,llm,agnes_may_fleming,1,20,467.27421428200233,483.8554732139631,0.9657309675101506,0
flash,llm,charles_dickens,3,1,697.2877369951952,448.9392291876774,1.5531895892833563,1
flash,llm,charles_dickens,3,2,739.9465025951688,448.9392291876774,1.648210836763024,1
flash,llm,charles_dickens,3,3,636.4037251713694,448.9392291876774,1.41757209839491,1
flash,llm,charles_dickens,3,4,829.034756980146,448.9392291876774,1.8466525157095839,1
flash,llm,charles_dickens,3,5,808.0795148030411,448.9392291876774,1.7999752800957083,1
flash,llm,charles_dickens,3,6,964.9444274917166,448.9392291876774,2.149387633684213,1
flash,llm,charles_dickens,3,7,734.0177276985546,448.9392291876774,1.6350046509116742,1
flash,llm,charles_dickens,3,8,867.1535895404154,448.9392291876774,1.9315611850393786,1
flash,llm,charles_dickens,3,9,894.50438357235,448.9392291876774,1.9924843395639316,1
flash,llm,charles_dickens,3,10,635.1485832635622,448.9392291876774,1.4147763037166898,1
flash,llm,charles_dickens,3,11,824.4034303386368,448.9392291876774,1.8363363607816903,1
flash,llm,charles_dickens,3,12,778.5064418366005,448.9392291876774,1.7341020593037744,1
flash,llm,charles_dickens,3,13,595.8432784251876,448.9392291876774,1.3272247994529733,1
flash,llm,charles_dickens,3,14,836.2291464188327,448.9392291876774,1.8626778237489467,1
flash,llm,charles_dickens,3,15,723.7220129899098,448.9392291876774,1.6120712246497853,1
flash,llm,charles_dickens,3,16,523.3842999022123,448.9392291876774,1.1658243830668078,1
flash,llm,charles_dickens,3,17,718.6286800486762,448.9392291876774,1.6007259631754214,1
flash,llm,charles_dickens,3,18,707.5116121062514,448.9392291876774,1.5759629947831508,1
flash,llm,charles_dickens,3,19,784.9940934619353,448.9392291876774,1.7485531279641668,1
flash,llm,charles_dickens,3,20,667.7503750058459,448.9392291876774,1.4873959137277692,1
flash,llm,mark_twain,2,1,775.5784792246739,490.58141011645677,1.5809373596944145,1
flash,llm,mark_twain,2,2,808.8542773186118,490.58141011645677,1.6487666687708402,1
flash,llm,mark_twain,2,3,772.3112462421906,490.58141011645677,1.574277439617729,1
flash,llm,mark_twain,2,4,1020.0740813207645,490.58141011645677,2.0793166236743748,1
flash,llm,mark_twain,2,5,859.0861956447649,490.58141011645677,1.7511592937058713,1
flash,llm,mark_twain,2,6,689.9239169448048,490.58141011645677,1.4063393000990947,1
flash,llm,mark_twain,2,7,725.329376534288,490.58141011645677,1.4785097061914874,1
flash,llm,mark_twain,2,8,1054.8665580602417,490.58141011645677,2.150237526957721,1
flash,llm,mark_twain,2,9,845.6838272633295,490.58141011645677,1.723839937315555,1
flash,llm,mark_twain,2,10,836.4603616016647,490.58141011645677,1.7050388464640382,1
flash,llm,mark_twain,2,11,745.539344254291,490.58141011645677,1.51970565716567,1
flash,llm,mark_twain,2,12,870.3955935212492,490.58141011645677,1.7742123439097095,1
flash,llm,mark_twain,2,13,775.0123514608744,490.58141011645677,1.5797833661836023,1
flash,llm,mark_twain,2,14,726.384964412819,490.58141011645677,1.4806614140564072,1
flash,llm,mark_twain,2,15,691.3416377664323,490.58141011645677,1.409229178908997,1
flash,llm,mark_twain,2,16,809.1893001112234,490.58141011645677,1.6494495784484247,1
flash,llm,mark_twain,2,17,830.6588778390723,490.58141011645677,1.6932131155191676,1
flash,llm,mark_twain,2,18,808.6378424927183,490.58141011645677,1.6483254885274996,1
flash,llm,mark_twain,2,19,698.8115831758936,490.58141011645677,1.4244558981760154,1
flash,llm,mark_twain,2,20,795.0643618504579,490.58141011645677,1.6206573373045696,1
flash,llm,arthur_conan_doyle,1,1,483.6186320341344,483.8554732139631,0.999510512553975,0
flash,llm,arthur_conan_doyle,1,2,605.319288667401,483.8554732139631,1.251033257196878,1
flash,llm,arthur_conan_doyle,1,3,612.4784043147398,483.8554732139631,1.2658292366652615,1
flash,llm,arthur_conan_doyle,1,4,453.4730649746219,483.8554732139631,0.9372076789014517,0
flash,llm,arthur_conan_doyle,1,5,1178.4322418917643,483.8554732139631,2.4355046230316306,1
flash,llm,arthur_conan_doyle,1,6,759.0192017220066,483.8554732139631,1.5686899161857055,1
flash,llm,arthur_conan_doyle,1,7,586.8045684149668,483.8554732139631,1.2127682766863714,1
flash,llm,arthur_conan_doyle,1,8,927.1926902798652,483.8554732139631,1.916259589089853,1
flash,llm,arthur_conan_doyle,1,9,365.06557564032266,483.8554732139631,0.754493016717182,0
flash,llm,arthur_conan_doyle,1,10,496.7485133760826,483.8554732139631,1.026646469608949,1
flash,llm,arthur_conan_doyle,1,11,520.7114651206622,483.8554732139631,1.0761714891058,1
flash,llm,arthur_conan_doyle,1,12,485.0741946770552,483.8554732139631,1.002518771679892,1
flash,llm,arthur_conan_doyle,1,13,493.73243635164147,483.8554732139631,1.0204130441515349,1
flash,llm,arthur_conan_doyle,1,14,490.8780058560707,483.8554732139631,1.0145136988850434,1
flash,llm,arthur_conan_doyle,1,15,870.4749860073069,483.8554732139631,1.7990392466272236,1
flash,llm,arthur_conan_doyle,1,16,551.6492768609261,483.8554732139631,1.1401116808633975,1
flash,llm,arthur_conan_doyle,1,17,587.4791240467492,483.8554732139631,1.2141624029681344,1
flash,llm,arthur_conan_doyle,1,18,492.89573627203,483.8554732139631,1.0186838086133816,1
flash,llm,arthur_conan_doyle,1,19,356.5312486293285,483.8554732139631,0.7368548427510889,0
flash,llm,arthur_conan_doyle,1,20,854.2888096573456,483.8554732139631,1.7655867442871216,1
flash,llm,mary_shelley,4,1,583.8244201703341,439.09349201689486,1.3296130113171216,1
flash,llm,mary_shelley,4,2,700.9479553742939,439.09349201689486,1.5963524126823627,1
flash,llm,mary_shelley,4,3,683.7106183557996,439.09349201689486,1.5570957684098237,1
flash,llm,mary_shelley,4,4,628.2086845673499,439.09349201689486,1.4306945923561503,1
flash,llm,mary_shelley,4,5,758.4628068207487,439.09349201689486,1.727337846290752,1
flash,llm,mary_shelley,4,6,749.0840329046052,439.09349201689486,1.705978445419052,1
flash,llm,mary_shelley,4,7,781.5657900897618,439.09349201689486,1.7799530266317172,1
flash,llm,mary_shelley,4,8,507.15567053896564,439.09349201689486,1.1550061200165818,1
flash,llm,mary_shelley,4,9,532.3495337112865,439.09349201689486,1.2123831106355898,1
flash,llm,mary_shelley,4,10,717.7590200437545,439.09349201689486,1.634638256073578,1
flash,llm,mary_shelley,4,11,592.9229997458465,439.09349201689486,1.3503342921853936,1
flash,llm,mary_shelley,4,12,611.494322594466,439.09349201689486,1.3926289815539732,1
flash,llm,mary_shelley,4,13,713.2549904205059,439.09349201689486,1.6243806920123112,1
flash,llm,mary_shelley,4,14,657.4889493730955,439.09349201689486,1.497378032985735,1
flash,llm,mary_shelley,4,15,606.6468358657221,439.09349201689486,1.381589221646629,1
flash,llm,mary_shelley,4,16,573.389730320693,439.09349201689486,1.3058488471030012,1
flash,llm,mary_shelley,4,17,871.3699622848012,439.09349201689486,1.98447478299513,1
flash,llm,mary_shelley,4,18,784.0227240512521,439.09349201689486,1.7855484954923575,1
flash,llm,mary_shelley,4,19,694.2639115038745,439.09349201689486,1.5811300420666712,1
flash,llm,mary_shelley,4,20,653.7096313384916,439.09349201689486,1.4887709410945653,1
flash,llm,charlotte_bronte,4,1,501.89029444208904,439.09349201689486,1.143014650790538,1
flash,llm,charlotte_bronte,4,2,1052.993836385371,439.09349201689486,2.398108502015455,1
flash,llm,charlotte_bronte,4,3,711.3819453738917,439.09349201689486,1.6201149830444765,1
flash,llm,charlotte_bronte,4,4,816.2476607262664,439.09349201689486,1.8589381887146255,1
flash,llm,charlotte_bronte,4,5,579.7003916414187,439.09349201689486,1.3202208690879749,1
flash,llm,charlotte_bronte,4,6,839.4026183870553,439.09349201689486,1.9116717365393288,1
flash,llm,charlotte_bronte,4,7,517.0116068338982,439.09349201689486,1.1774522197063337,1
flash,llm,charlotte_bronte,4,8,880.3777954626738,439.09349201689486,2.004989396264611,1
flash,llm,charlotte_bronte,4,9,445.41058783587386,439.09349201689486,1.0143866760355809,1
flash,llm,charlotte_bronte,4,10,875.1468110949288,439.09349201689486,1.9930762514267828,1
flash,llm,charlotte_bronte,4,11,618.1515363677996,439.09349201689486,1.407790248788327,1
flash,llm,charlotte_bronte,4,12,843.704650466834,439.09349201689486,1.9214692674934273,1
flash,llm,charlotte_bronte,4,13,580.8837084693829,439.09349201689486,1.322915777688257,1
flash,llm,charlotte_bronte,4,14,883.6818164552094,439.09349201689486,2.012514037491606,1
flash,llm,charlotte_bronte,4,15,653.5610353741876,439.09349201689486,1.488432525775264,1
flash,llm,charlotte_bronte,4,16,797.7920363199663,439.09349201689486,1.8169069932133495,1
flash,llm,charlotte_bronte,4,17,669.4395004093135,439.09349201689486,1.5245944487456802,1
flash,llm,charlotte_bronte,4,18,874.214507441671,439.09349201689486,1.9909530050790052,1
flash,llm,charlotte_bronte,4,19,715.8628439685452,439.09349201689486,1.6303198680544353,1
flash,llm,charlotte_bronte,4,20,907.5239362054659,439.09349201689486,2.066812541531696,1
flash,llm,oscar_wilde,3,1,575.1466090088844,448.9392291876774,1.2811235276756054,1
flash,llm,oscar_wilde,3,2,944.2499172708594,448.9392291876774,2.103291171456347,1
flash,llm,oscar_wilde,3,3,417.5212298668328,448.9392291876774,0.9300172556145446,0
flash,llm,oscar_wilde,3,4,1093.0220085161227,448.9392291876774,2.4346769839959537,1
flash,llm,oscar_wilde,3,5,594.6703512572092,448.9392291876774,1.324612135885789,1
flash,llm,oscar_wilde,3,6,1532.114149259223,448.9392291876774,3.412742860612718,1
flash,llm,oscar_wilde,3,7,455.6543546333156,448.9392291876774,1.014957760447419,1
flash,llm,oscar_wilde,3,8,1100.6825676916053,448.9392291876774,2.451740672525343,1
flash,llm,oscar_wilde,3,9,414.10295815352896,448.9392291876774,0.9224031477552493,0
flash,llm,oscar_wilde,3,10,1036.4847144454275,448.9392291876774,2.3087416894283677,1
flash,llm,oscar_wilde,3,11,660.6847134975906,448.9392291876774,1.4716573436744458,1
flash,llm,oscar_wilde,3,12,1111.9900431375754,448.9392291876774,2.4769277684858144,1
flash,llm,oscar_wilde,3,13,616.6948798187389,448.9392291876774,1.3736711780224753,1
flash,llm,oscar_wilde,3,14,1191.5327637590512,448.9392291876774,2.654107028951429,1
flash,llm,oscar_wilde,3,15,648.287937656779,448.9392291876774,1.4440438605238586,1
flash,llm,oscar_wilde,3,16,1128.6106714157063,448.9392291876774,2.5139497687868455,1
flash,llm,oscar_wilde,3,17,634.0478373732042,448.9392291876774,1.4123244219946365,1
flash,llm,oscar_wilde,3,18,1245.0316838450456,448.9392291876774,2.7732744275830807,1
flash,llm,oscar_wilde,3,19,550.5887914420016,448.9392291876774,1.2264216527440732,1
flash,llm,oscar_wilde,3,20,916.6270108611611,448.9392291876774,2.0417618939644244,1
flash,llm,joseph_conrad,0,1,651.6221180519526,441.8837615060074,1.474645992491611,1
flash,llm,joseph_conrad,0,2,683.5406969049084,441.8837615060074,1.5468789678428039,1
flash,llm,joseph_conrad,0,3,972.0469749594114,441.8837615060074,2.199779805545528,1
flash,llm,joseph_conrad,0,4,472.9735262325367,441.8837615060074,1.0703573370077475,1
flash,llm,joseph_conrad,0,5,1089.96549387034,441.8837615060074,2.466633963093758,1
flash,llm,joseph_conrad,0,6,396.8684426010581,441.8837615060074,0.898128596643764,0
flash,llm,joseph_conrad,0,7,903.1423578446069,441.8837615060074,2.04384599870011,1
flash,llm,joseph_conrad,0,8,375.8250093168541,441.8837615060074,0.8505064952737459,0
flash,llm,joseph_conrad,0,9,983.9061699800789,441.8837615060074,2.2266176214006514,1
flash,llm,joseph_conrad,0,10,407.28363959237385,441.8837615060074,0.9216985892495551,0
flash,llm,joseph_conrad,0,11,1115.943448382749,441.8837615060074,2.525423076375206,1
flash,llm,joseph_conrad,0,12,386.37413230534054,441.8837615060074,0.8743795675779495,0
flash,llm,joseph_conrad,0,13,915.2493009744564,441.8837615060074,2.071244478084343,1
flash,llm,joseph_conrad,0,14,455.1135797433027,441.8837615060074,1.0299395890724883,1
flash,llm,joseph_conrad,0,15,865.555154227066,441.8837615060074,1.9587847068132167,1
flash,llm,joseph_conrad,0,16,487.7005165029333,441.8837615060074,1.103685084151487,1
flash,llm,joseph_conrad,0,17,848.2318488361448,441.8837615060074,1.9195813983868542,1
flash,llm,joseph_conrad,0,18,741.0810323472009,441.8837615060074,1.677094966833548,1
flash,llm,joseph_conrad,0,19,978.037072247166,441.8837615060074,2.213335626803452,1
flash,llm,joseph_conrad,0,20,672.0778798657199,441.8837615060074,1.5209381706518832,1
flash,llm,mildred_wirt,0,1,863.7130811975804,441.8837615060074,1.9546160244809954,1
flash,llm,mildred_wirt,0,2,307.3236619426978,441.8837615060074,0.6954853034094121,0
flash,llm,mildred_wirt,0,3,702.7073222896119,441.8837615060074,1.5902537805296983,1
flash,llm,mildred_wirt,0,4,261.8546523533101,441.8837615060074,0.5925871805310732,0
flash,llm,mildred_wirt,0,5,1096.269243771251,441.8837615060074,2.4808995923158568,1
flash,llm,mildred_wirt,0,6,484.63802845383304,441.8837615060074,1.096754555546718,1
flash,llm,mildred_wirt,0,7,735.9422277646393,441.8837615060074,1.665465653810033,1
flash,llm,mildred_wirt,0,8,345.92588481477543,441.8837615060074,0.7828436230283891,0
flash,llm,mildred_wirt,0,9,506.687817738053,441.8837615060074,1.146654079369614,1
flash,llm,mildred_wirt,0,10,332.3230579435711,441.8837615060074,0.7520599010268296,0
flash,llm,mildred_wirt,0,11,2049.0898855533032,441.8837615060074,4.637169464136206,1
flash,llm,mildred_wirt,0,12,435.3513274170067,441.8837615060074,0.9852168496377031,0
flash,llm,mildred_wirt,0,13,583.1751624842435,441.8837615060074,1.319747891383683,1
flash,llm,mildred_wirt,0,14,437.90816928513686,441.8837615060074,0.9910030814272942,0
flash,llm,mildred_wirt,0,15,683.7988105281636,441.8837615060074,1.5474630889301584,1
flash,llm,mildred_wirt,0,16,363.79451645464803,441.8837615060074,0.8232810257946134,0
flash,llm,mildred_wirt,0,17,838.2536381211061,441.8837615060074,1.8970003225830467,1
flash,llm,mildred_wirt,0,18,290.09293984475966,441.8837615060074,0.6564915145468994,0
flash,llm,mildred_wirt,0,19,546.0926179667078,441.8837615060074,1.2358286625096626,1
flash,llm,mildred_wirt,0,20,525.9242662398929,441.8837615060074,1.1901869044643383,1
flash,llm,robert_sidney_bowen,1,1,482.62836106724296,483.8554732139631,0.9974638870186397,0
flash,llm,robert_sidney_bowen,1,2,401.11771113345355,483.8554732139631,0.8290031493682773,0
flash,llm,robert_sidney_bowen,1,3,559.288873885992,483.8554732139631,1.1559006869778072,1
flash,llm,robert_sidney_bowen,1,4,604.5133640368109,483.8554732139631,1.249367626290118,1
flash,llm,robert_sidney_bowen,1,5,347.06726330697575,483.8554732139631,0.7172953134158329,0
flash,llm,robert_sidney_bowen,1,6,569.5123833952146,483.8554732139631,1.1770299498986418,1
flash,llm,robert_sidney_bowen,1,7,735.7550254889602,483.8554732139631,1.5206090789916642,1
flash,llm,robert_sidney_bowen,1,8,411.97368943390177,483.8554732139631,0.8514395563150428,0
flash,llm,robert_sidney_bowen,1,9,465.9279131215309,483.8554732139631,0.9629485226789931,0
flash,llm,robert_sidney_bowen,1,10,409.98641301952836,483.8554732139631,0.8473323868721239,0
flash,llm,robert_sidney_bowen,1,11,473.07659683765326,483.8554732139631,0.9777229421324674,0
flash,llm,robert_sidney_bowen,1,12,343.6535070946687,483.8554732139631,0.7102399913180347,0
flash,llm,robert_sidney_bowen,1,13,506.7551265830439,483.8554732139631,1.047327465817369,1
flash,llm,robert_sidney_bowen,1,14,394.7068301576636,483.8554732139631,0.8157535710733244,0
flash,llm,robert_sidney_bowen,1,15,301.87389727624753,483.8554732139631,0.6238926993448672,0
flash,llm,robert_sidney_bowen,1,16,456.56168373991795,483.8554732139631,0.9435910287575155,0
flash,llm,robert_sidney_bowen,1,17,478.9695626802879,483.8554732139631,0.9899021282094402,0
flash,llm,robert_sidney_bowen,1,18,329.06107601856274,483.8554732139631,0.6800813346861748,0
flash,llm,robert_sidney_bowen,1,19,516.4001587591302,483.8554732139631,1.0672611706321977,1
flash,llm,robert_sidney_bowen,1,20,434.0895457182058,483.8554732139631,0.897147122951422,0
flash,llm,luis_senarens,1,1,925.4148583872944,483.8554732139631,1.912585285519901,1
flash,llm,luis_senarens,1,2,925.097786223567,483.8554732139631,1.9119299820640545,1
flash,llm,luis_senarens,1,3,1334.1329840634717,483.8554732139631,2.7572964612792794,1
flash,llm,luis_senarens,1,4,925.3442912233478,483.8554732139631,1.9124394420442081,1
flash,llm,luis_senarens,1,5,1424.847410724428,483.8554732139631,2.9447789466139906,1
flash,llm,luis_senarens,1,6,1104.2439729906364,483.8554732139631,2.28217729078438,1
flash,llm,luis_senarens,1,7,1468.5288341704138,483.8554732139631,3.0350567792813283,1
flash,llm,luis_senarens,1,8,998.8870459552874,483.8554732139631,2.064432668954382,1
flash,llm,luis_senarens,1,9,1338.1973562686283,483.8554732139631,2.7656964328206977,1
flash,llm,luis_senarens,1,10,1079.5240667672242,483.8554732139631,2.2310878486019603,1
flash,llm,luis_senarens,1,11,955.5665398180358,483.8554732139631,1.974900755944286,1
flash,llm,luis_senarens,1,12,1082.19021197036,483.8554732139631,2.2365980584698493,1
flash,llm,luis_senarens,1,13,1349.769298864997,483.8554732139631,2.789612546695577,1
flash,llm,luis_senarens,1,14,1035.85899805048,483.8554732139631,2.14084381679076,1
flash,llm,luis_senarens,1,15,1154.31766433861,483.8554732139631,2.3856662334956487,1
flash,llm,luis_senarens,1,16,1032.4927668482737,483.8554732139631,2.1338867161924213,1
flash,llm,luis_senarens,1,17,1172.0297661820819,483.8554732139631,2.422272416176235,1
flash,llm,luis_senarens,1,18,869.7628804839384,483.8554732139631,1.7975675147510946,1
flash,llm,luis_senarens,1,19,1219.413620055686,483.8554732139631,2.5202021834244204,1
flash,llm,luis_senarens,1,20,964.8419518932244,483.8554732139631,1.9940705547554423,1
flash,llm,john_c_hutcheson,3,1,511.19275525274156,448.9392291876774,1.1386680468483614,1
flash,llm,john_c_hutcheson,3,2,774.6600691263662,448.9392291876774,1.7255343680436588,1
flash,llm,john_c_hutcheson,3,3,508.15568884520053,448.9392291876774,1.1319030635052119,1
flash,llm,john_c_hutcheson,3,4,625.3821304232562,448.9392291876774,1.3930217939627134,1
flash,llm,john_c_hutcheson,3,5,463.8655801045337,448.9392291876774,1.0332480432682714,1
flash,llm,john_c_hutcheson,3,6,756.909487110266,448.9392291876774,1.6859954263293901,1
flash,llm,john_c_hutcheson,3,7,415.0700816182597,448.9392291876774,0.9245573891354928,0
flash,llm,john_c_hutcheson,3,8,481.9075508479626,448.9392291876774,1.0734360454976033,1
flash,llm,john_c_hutcheson,3,9,539.2929740218478,448.9392291876774,1.2012605247210382,1
flash,llm,john_c_hutcheson,3,10,392.84609812448724,448.9392291876774,0.8750540665276978,0
flash,llm,john_c_hutcheson,3,11,498.8399722672385,448.9392291876774,1.1111525565940246,1
flash,llm,john_c_hutcheson,3,12,544.8625243798189,448.9392291876774,1.2136665476209498,1
flash,llm,john_c_hutcheson,3,13,519.501609227748,448.9392291876774,1.1571757945228978,1
flash,llm,john_c_hutcheson,3,14,657.5448733197393,448.9392291876774,1.4646634345354903,1
flash,llm,john_c_hutcheson,3,15,534.8105372314313,448.9392291876774,1.1912760179125619,1
flash,llm,john_c_hutcheson,3,16,960.3369971029805,448.9392291876774,2.1391247070135524,1
flash,llm,john_c_hutcheson,3,17,461.4304676763645,448.9392291876774,1.027823896145786,1
flash,llm,john_c_hutcheson,3,18,642.7536165864277,448.9392291876774,1.4317163099100143,1
flash,llm,john_c_hutcheson,3,19,501.80530670100313,448.9392291876774,1.117757758904213,1
flash,llm,john_c_hutcheson,3,20,900.7194392873342,448.9392291876774,2.0063282082011855,1
flash,llm,harold_l_goodwin,2,1,261.3924145357306,490.58141011645677,0.5328216869727695,0
flash,llm,harold_l_goodwin,2,2,524.1501913868722,490.58141011645677,1.06842652529872,1
flash,llm,harold_l_goodwin,2,3,244.22095147055725,490.58141011645677,0.4978194167866712,0
flash,llm,harold_l_goodwin,2,4,322.90623855575654,490.58141011645677,0.6582113221108468,0
flash,llm,harold_l_goodwin,2,5,183.39362240774645,490.58141011645677,0.3738291313651928,0
flash,llm,harold_l_goodwin,2,6,327.16821534527276,490.58141011645677,0.6668989256392897,0
flash,llm,harold_l_goodwin,2,7,299.1642410645701,490.58141011645677,0.6098156899046642,0
flash,llm,harold_l_goodwin,2,8,321.0669150078995,490.58141011645677,0.6544620492889915,0
flash,llm,harold_l_goodwin,2,9,429.34404267679696,490.58141011645677,0.8751738933093226,0
flash,llm,harold_l_goodwin,2,10,367.53347173377546,490.58141011645677,0.7491793699368439,0
flash,llm,harold_l_goodwin,2,11,404.2945238658314,490.58141011645677,0.8241130127002935,0
flash,llm,harold_l_goodwin,2,12,393.9611180930309,490.58141011645677,0.8030494225199246,0
flash,llm,harold_l_goodwin,2,13,320.75414161278286,490.58141011645677,0.6538244927312687,0
flash,llm,harold_l_goodwin,2,14,311.5373488376915,490.58141011645677,0.63503700387615,0
flash,llm,harold_l_goodwin,2,15,391.35189291426036,490.58141011645677,0.7977307840127069,0
flash,llm,harold_l_goodwin,2,16,318.80916956581245,490.58141011645677,0.6498598662556982,0
flash,llm,harold_l_goodwin,2,17,178.93093210998205,490.58141011645677,0.3647323938905604,0
flash,llm,harold_l_goodwin,2,18,352.32033999991995,490.58141011645677,0.718168957760312,0
flash,llm,harold_l_goodwin,2,19,317.77757632753145,490.58141011645677,0.6477570690093939,0
flash,llm,harold_l_goodwin,2,20,314.7082229934429,490.58141011645677,0.6415005063455947,0
flash,llm,kathleen_thompson_norris,0,1,589.2726814805957,441.8837615060074,1.3335468121124532,1
flash,llm,kathleen_thompson_norris,0,2,360.8520773909819,441.8837615060074,0.8166221726753273,0
flash,llm,kathleen_thompson_norris,0,3,477.2109860585349,441.8837615060074,1.0799468720736127,1
flash,llm,kathleen_thompson_norris,0,4,423.7003308419501,441.8837615060074,0.9588501948972161,0
flash,llm,kathleen_thompson_norris,0,5,647.953251774046,441.8837615060074,1.4663432065612056,1
flash,llm,kathleen_thompson_norris,0,6,475.42467563321344,441.8837615060074,1.0759043826659154,1
flash,llm,kathleen_thompson_norris,0,7,490.7250476046514,441.8837615060074,1.110529714719965,1
flash,llm,kathleen_thompson_norris,0,8,370.44933593368745,441.8837615060074,0.838341139016151,0
flash,llm,kathleen_thompson_norris,0,9,726.094457008507,441.8837615060074,1.6431797686655563,1
flash,llm,kathleen_thompson_norris,0,10,303.5925772149906,441.8837615060074,0.6870417147267434,0
flash,llm,kathleen_thompson_norris,0,11,545.5043015882143,441.8837615060074,1.2344972798481038,1
flash,llm,kathleen_thompson_norris,0,12,259.40692804160716,441.8837615060074,0.5870478859813918,0
flash,llm,kathleen_thompson_norris,0,13,533.5087418777141,441.8837615060074,1.2073508654389897,1
flash,llm,kathleen_thompson_norris,0,14,417.9315660959239,441.8837615060074,0.9457952577201508,0
flash,llm,kathleen_thompson_norris,0,15,638.4164012350398,441.8837615060074,1.4447609458632722,1
flash,llm,kathleen_thompson_norris,0,16,266.4496750677204,441.8837615060074,0.6029858942080587,0
flash,llm,kathleen_thompson_norris,0,17,431.57579237887796,441.8837615060074,0.9766726681876738,0
flash,llm,kathleen_thompson_norris,0,18,344.17528423104864,441.8837615060074,0.778881946369893,0
flash,llm,kathleen_thompson_norris,0,19,479.95062131015936,441.8837615060074,1.0861467723421525,1
flash,llm,kathleen_thompson_norris,0,20,268.01504472701026,441.8837615060074,0.6065283861384135,0
flash,llm,arthur_scott_bailey,4,1,930.9624023945806,439.09349201689486,2.1201917571548985,1
flash,llm,arthur_scott_bailey,4,2,926.836080984081,439.09349201689486,2.110794393072944,1
flash,llm,arthur_scott_bailey,4,3,783.215854458304,439.09349201689486,1.7837109150963422,1
flash,llm,arthur_scott_bailey,4,4,630.4838947268088,439.09349201689486,1.4358761999199703,1
flash,llm,arthur_scott_bailey,4,5,1272.691590093963,439.09349201689486,2.8984524098685434,1
flash,llm,arthur_scott_bailey,4,6,418.0458744140841,439.09349201689486,0.9520657491275208,0
flash,llm,arthur_scott_bailey,4,7,1463.6388429135343,439.09349201689486,3.333319371668616,1
flash,llm,arthur_scott_bailey,4,8,724.3865547185701,439.09349201689486,1.6497319315557017,1
flash,llm,arthur_scott_bailey,4,9,1063.8823795169878,439.09349201689486,2.4229062804603196,1
flash,llm,arthur_scott_bailey,4,10,457.70446342416324,439.09349201689486,1.0423849857618757,1
flash,llm,arthur_scott_bailey,4,11,592.415668664433,439.09349201689486,1.3491788865812633,1
flash,llm,arthur_scott_bailey,4,12,724.0758509269285,439.09349201689486,1.6490243287392392,1
flash,llm,arthur_scott_bailey,4,13,891.0797019048794,439.09349201689486,2.029362124708042,1
flash,llm,arthur_scott_bailey,4,14,731.716112655915,439.09349201689486,1.666424408375793,1
flash,llm,arthur_scott_bailey,4,15,1243.7088010211762,439.09349201689486,2.832446446219072,1
flash,llm,arthur_scott_bailey,4,16,616.9813612335845,439.09349201689486,1.4051252693352265,1
flash,llm,arthur_scott_bailey,4,17,895.7914691027764,439.09349201689486,2.0400927943343543,1
flash,llm,arthur_scott_bailey,4,18,662.7573521044332,439.09349201689486,1.5093763951275607,1
flash,llm,arthur_scott_bailey,4,19,1056.1422805731486,439.09349201689486,2.405278829622261,1
flash,llm,arthur_scott_bailey,4,20,657.7307443354763,439.09349201689486,1.4979287015034353,1
flash,llm,louis_joseph_vance,2,1,999.7584234945467,490.58141011645677,2.037905234234658,1
flash,llm,louis_joseph_vance,2,2,593.3135643065641,490.58141011645677,1.2094089830385546,1
flash,llm,louis_joseph_vance,2,3,1195.7964327973016,490.58141011645677,2.4375086542994713,1
flash,llm,louis_joseph_vance,2,4,774.0613766954157,490.58141011645677,1.577844901443911,1
flash,llm,louis_joseph_vance,2,5,1075.681091709981,490.58141011645677,2.1926658237103407,1
flash,llm,louis_joseph_vance,2,6,681.4931909318477,490.58141011645677,1.3891541278950446,1
flash,llm,louis_joseph_vance,2,7,818.4229677785715,490.58141011645677,1.6682714650444868,1
flash,llm,louis_joseph_vance,2,8,725.209955666094,490.58141011645677,1.478266278972821,1
flash,llm,louis_joseph_vance,2,9,783.3627018051599,490.58141011645677,1.5968047008124526,1
flash,llm,louis_joseph_vance,2,10,669.814541444583,490.58141011645677,1.365348396070652,1
flash,llm,louis_joseph_vance,2,11,687.3101738147459,490.58141011645677,1.4010114522105284,1
flash,llm,louis_joseph_vance,2,12,752.5494411083683,490.58141011645677,1.5339950222119592,1
flash,llm,louis_joseph_vance,2,13,750.2971221997409,490.58141011645677,1.5294039006117892,1
flash,llm,louis_joseph_vance,2,14,723.6812056129816,490.58141011645677,1.475150078436911,1
flash,llm,louis_joseph_vance,2,15,1128.3327250153322,490.58141011645677,2.299990790004625,1
flash,llm,louis_joseph_vance,2,16,724.3854602924368,490.58141011645677,1.4765856295298234,1
flash,llm,louis_joseph_vance,2,17,1067.7662186658843,490.58141011645677,2.1765321649925795,1
flash,llm,louis_joseph_vance,2,18,783.6448298274329,490.58141011645677,1.5973797899137825,1
flash,llm,louis_joseph_vance,2,19,1060.9935347459584,490.58141011645677,2.1627267419164826,1
flash,llm,louis_joseph_vance,2,20,948.5360113492432,490.58141011645677,1.9334935890132379,1
flash,llm,susan_warner,3,1,1042.8577986256219,448.9392291876774,2.3229375622010053,1
flash,llm,susan_warner,3,2,1117.5498021723856,448.9392291876774,2.4893119814780054,1
flash,llm,susan_warner,3,3,1336.4023223124864,448.9392291876774,2.9768000553896976,1
flash,llm,susan_warner,3,4,1128.3415690300112,448.9392291876774,2.513350350495461,1
flash,llm,susan_warner,3,5,969.900611877141,448.9392291876774,2.1604274004570843,1
flash,llm,susan_warner,3,6,1055.3731116072454,448.9392291876774,2.350815083629171,1
flash,llm,susan_warner,3,7,1093.9960065099094,448.9392291876774,2.436846538203879,1
flash,llm,susan_warner,3,8,1155.679822142226,448.9392291876774,2.5742455704602687,1
flash,llm,susan_warner,3,9,1284.3073257214066,448.9392291876774,2.8607598584005824,1
flash,llm,susan_warner,3,10,1271.830966844379,448.9392291876774,2.832969106187632,1
flash,llm,susan_warner,3,11,1287.0450128791738,448.9392291876774,2.8668579825558735,1
flash,llm,susan_warner,3,12,1296.761419156793,448.9392291876774,2.8885010149440213,1
flash,llm,susan_warner,3,13,1435.530449509678,448.9392291876774,3.1976052796882217,1
flash,llm,susan_warner,3,14,1359.8465617367758,448.9392291876774,3.029021465104126,1
flash,llm,susan_warner,3,15,1264.7501242521205,448.9392291876774,2.817196720679975,1
flash,llm,susan_warner,3,16,1096.6041680718897,448.9392291876774,2.4426561475951085,1
flash,llm,susan_warner,3,17,1179.8404776095324,448.9392291876774,2.628062777548683,1
flash,llm,susan_warner,3,18,1188.5522755676486,448.9392291876774,2.647468072055647,1
flash,llm,susan_warner,3,19,1131.8654595150028,448.9392291876774,2.521199721314242,1
flash,llm,susan_warner,3,20,1690.4375266802683,448.9392291876774,3.765403904976161,1
flash,llm,ethel_m_dell,4,1,956.9283165226385,439.09349201689486,2.179327031533,1
flash,llm,ethel_m_dell,4,2,1181.1630897614875,439.09349201689486,2.6900036352987904,1
flash,llm,ethel_m_dell,4,3,1134.348406187709,439.09349201689486,2.583386970682005,1
flash,llm,ethel_m_dell,4,4,580.7520600591877,439.09349201689486,1.3226159590560322,1
flash,llm,ethel_m_dell,4,5,789.688691558626,439.09349201689486,1.798452279334264,1
flash,llm,ethel_m_dell,4,6,753.2747124542952,439.09349201689486,1.7155223799703043,1
flash,llm,ethel_m_dell,4,7,1052.2982700678556,439.09349201689486,2.3965244058487816,1
flash,llm,ethel_m_dell,4,8,954.3976567346939,439.09349201689486,2.1735636580511466,1
flash,llm,ethel_m_dell,4,9,799.4018061639531,439.09349201689486,1.820573114149446,1
flash,llm,ethel_m_dell,4,10,1014.6486208465465,439.09349201689486,2.3107803674929124,1
flash,llm,ethel_m_dell,4,11,857.2826037525648,439.09349201689486,1.9523919605703912,1
flash,llm,ethel_m_dell,4,12,870.079644960637,439.09349201689486,1.981536189398041,1
flash,llm,ethel_m_dell,4,13,1131.4468285941355,439.09349201689486,2.576778861825174,1
flash,llm,ethel_m_dell,4,14,792.6661593710019,439.09349201689486,1.8052332220412475,1
flash,llm,ethel_m_dell,4,15,935.0184949871458,439.09349201689486,2.129429180770389,1
flash,llm,ethel_m_dell,4,16,810.6951070355161,439.09349201689486,1.8462926956893346,1
flash,llm,ethel_m_dell,4,17,914.1002701284749,439.09349201689486,2.081789611432691,1
flash,llm,ethel_m_dell,4,18,1019.600488738955,439.09349201689486,2.322057847078554,1
flash,llm,ethel_m_dell,4,19,754.9931505218054,439.09349201689486,1.7194359840176265,1
flash,llm,ethel_m_dell,4,20,841.6763999641983,439.09349201689486,1.9168500906221888,1
pro,human,jane_austen,2,1,176.44947881109485,490.58141011645677,0.359674205284722,0
pro,human,jane_austen,2,2,165.41691260685218,490.58141011645677,0.3371854481146863,0
pro,human,jane_austen,2,3,131.12203421181044,490.58141011645677,0.26727884813385816,0
pro,human,jane_austen,2,4,133.3573423189045,490.58141011645677,0.2718352949559329,0
pro,human,jane_austen,2,5,134.64490292431884,490.58141011645677,0.27445985548526214,0
pro,human,jane_austen,2,6,111.88921143603453,490.58141011645677,0.22807470713061403,0
pro,human,jane_austen,2,7,230.01886437937503,490.58141011645677,0.46886991564717456,0
pro,human,jane_austen,2,8,138.94662953681734,490.58141011645677,0.2832284849599855,0
pro,human,jane_austen,2,9,120.83840315801251,490.58141011645677,0.24631671862439153,0
pro,human,jane_austen,2,10,186.92086838543312,490.58141011645677,0.38101906132370744,0
pro,human,jane_austen,2,11,93.82619039682625,490.58141011645677,0.19125508725361873,0
pro,human,jane_austen,2,12,199.6850546639227,490.58141011645677,0.40703754880667087,0
pro,human,jane_austen,2,13,96.13186531644557,490.58141011645677,0.19595496962191308,0
pro,human,jane_austen,2,14,130.59371980715176,490.58141011645677,0.26620193328595704,0
pro,human,jane_austen,2,15,192.56049491490234,490.58141011645677,0.3925148628628046,0
pro,human,jane_austen,2,16,142.5865178868596,490.58141011645677,0.2906480248670892,0
pro,human,jane_austen,2,17,133.76853580580595,490.58141011645677,0.27267347079876364,0
pro,human,jane_austen,2,18,103.90674977015652,490.58141011645677,0.21180327592415416,0
pro,human,jane_austen,2,19,144.6107782081601,490.58141011645677,0.2947742723757748,0
pro,human,jane_austen,2,20,181.2218678226594,490.58141011645677,0.3694022318938665,0
pro,human,jane_austen,2,21,173.80246787511095,490.58141011645677,0.3542785443782976,0
pro,human,jane_austen,2,22,269.0032146202958,490.58141011645677,0.5483355240803732,0
pro,human,jane_austen,2,23,255.9211058211939,490.58141011645677,0.521668984074309,0
pro,human,jane_austen,2,24,95.50329305438484,490.58141011645677,0.1946736893917643,0
pro,human,jane_austen,2,25,171.2290673081556,490.58141011645677,0.34903293067608976,0
pro,human,jane_austen,2,26,151.42570862806383,490.58141011645677,0.3086658106187057,0
pro,human,jane_austen,2,27,127.44114982529626,490.58141011645677,0.25977574200180886,0
pro,human,jane_austen,2,28,132.30643555578857,490.58141011645677,0.26969312906573645,0
pro,human,jane_austen,2,29,149.74730270401142,490.58141011645677,0.30524455190518457,0
pro,human,jane_austen,2,30,142.29815819454444,490.58141011645677,0.29006023314410745,0
pro,human,jane_austen,2,31,166.94497393311903,490.58141011645677,0.3403002447514038,0
pro,human,herbert_george_wells,0,1,483.52207669322274,441.8837615060074,1.094229113659451,1
pro,human,herbert_george_wells,0,2,634.0005140238186,441.8837615060074,1.4347676227409851,1
pro,human,herbert_george_wells,0,3,966.7619455148878,441.8837615060074,2.187819580018092,1
pro,human,herbert_george_wells,0,4,192.67417801613894,441.8837615060074,0.43602909814897,0
pro,human,herbert_george_wells,0,5,415.21959965513315,441.8837615060074,0.9396579730379802,0
pro,human,herbert_george_wells,0,6,156.8149214328173,441.8837615060074,0.3548782170640715,0
pro,human,herbert_george_wells,0,7,525.6644381574807,441.8837615060074,1.1895989034897685,1
pro,human,herbert_george_wells,0,8,349.91630720357136,441.8837615060074,0.7918741028432525,0
pro,human,herbert_george_wells,0,9,314.6337306413456,441.8837615060074,0.7120282708941957,0
pro,human,herbert_george_wells,0,10,579.7900279645283,441.8837615060074,1.3120872013683311,1
pro,human,herbert_george_wells,0,11,209.15755591764406,441.8837615060074,0.4733316182626923,0
pro,human,agnes_may_fleming,1,1,198.66234817455518,483.8554732139631,0.4105820005609522,0
pro,human,agnes_may_fleming,1,2,311.3208581651431,483.8554732139631,0.643417043724285,0
pro,human,agnes_may_fleming,1,3,269.7806118774014,483.8554732139631,0.5575644522224991,0
pro,human,agnes_may_fleming,1,4,326.28396867943195,483.8554732139631,0.6743417957269808,0
pro,human,agnes_may_fleming,1,5,453.7216369661427,483.8554732139631,0.9377214108013302,0
pro,human,agnes_may_fleming,1,6,419.5428198005364,483.8554732139631,0.8670829266718094,0
pro,human,agnes_may_fleming,1,7,301.1058632413632,483.8554732139631,0.6223053781768689,0
pro,human,agnes_may_fleming,1,8,348.4850727152316,483.8554732139631,0.7202255466915632,0
pro,human,agnes_may_fleming,1,9,434.37059112511383,483.8554732139631,0.8977279687255562,0
pro,human,agnes_may_fleming,1,10,225.43479600134262,483.8554732139631,0.46591349789620823,0
pro,human,agnes_may_fleming,1,11,251.00070162336047,483.8554732139631,0.5187513948248071,0
pro,human,agnes_may_fleming,1,12,254.8071260721788,483.8554732139631,0.5266182572652266,0
pro,human,agnes_may_fleming,1,13,280.27467265818393,483.8554732139631,0.5792528723432363,0
pro,human,agnes_may_fleming,1,14,217.36746793276401,483.8554732139631,0.4492404859842169,0
pro,human,agnes_may_fleming,1,15,181.90334477483535,483.8554732139631,0.37594561774109947,0
pro,human,agnes_may_fleming,1,16,182.2899876180675,483.8554732139631,0.3767447052055109,0
pro,human,agnes_may_fleming,1,17,118.76265703114689,483.8554732139631,0.24545068435885917,0
pro,human,agnes_may_fleming,1,18,206.68415013286827,483.8554732139631,0.42716092216543267,0
pro,human,agnes_may_fleming,1,19,169.66992849556777,483.8554732139631,0.35066241447792607,0
pro,human,agnes_may_fleming,1,20,301.75674081288383,483.8554732139631,0.6236505682337206,0
pro,human,agnes_may_fleming,1,21,381.38087017917275,483.8554732139631,0.7882123718594879,0
pro,human,agnes_may_fleming,1,22,192.8175181290125,483.8554732139631,0.3985022983169764,0
pro,human,agnes_may_fleming,1,23,351.533849359773,483.8554732139631,0.7265265535279439,0
pro,human,agnes_may_fleming,1,24,247.56507368785756,483.8554732139631,0.5116508697182457,0
pro,human,agnes_may_fleming,1,25,136.0113992210741,483.8554732139631,0.2810992264231953,0
pro,human,agnes_may_fleming,1,26,99.48258046897863,483.8554732139631,0.20560391682287943,0
pro,human,agnes_may_fleming,1,27,140.44700712052298,483.8554732139631,0.2902664429682222,0
pro,human,agnes_may_fleming,1,28,155.60701767584672,483.8554732139631,0.3215981347534258,0
pro,human,agnes_may_fleming,1,29,156.65147531569008,483.8554732139631,0.323756749665655,0
pro,human,agnes_may_fleming,1,30,193.87657429007749,483.8554732139631,0.4006910844725412,0
pro,human,agnes_may_fleming,1,31,166.7322862996539,483.8554732139631,0.3445910928570279,0
pro,human,agnes_may_fleming,1,32,177.93791381953622,483.8554732139631,0.36775013133074813,0
pro,human,agnes_may_fleming,1,33,180.61243865344238,483.8554732139631,0.3732776596568016,0
pro,human,charles_dickens,3,1,222.71974708717113,448.9392291876774,0.4961022174207546,0
pro,human,charles_dickens,3,2,269.12888261901287,448.9392291876774,0.599477312566295,0
pro,human,charles_dickens,3,3,196.98706899596897,448.9392291876774,0.43878337242303955,0
pro,human,charles_dickens,3,4,239.38962788864666,448.9392291876774,0.533233926386439,0
pro,human,charles_dickens,3,5,153.3064027263874,448.9392291876774,0.34148586881967097,0
pro,human,charles_dickens,3,6,332.56974362435113,448.9392291876774,0.7407901159052455,0
pro,human,charles_dickens,3,7,168.25319287225958,448.9392291876774,0.3747794399181853,0
pro,human,charles_dickens,3,8,106.64254710945413,448.9392291876774,0.237543391568645,0
pro,human,charles_dickens,3,9,100.75185234918584,448.9392291876774,0.2244220281918533,0
pro,human,charles_dickens,3,10,129.4175939222395,448.9392291876774,0.28827419282652383,0
pro,human,charles_dickens,3,11,81.80125902070486,448.9392291876774,0.18221009371071945,0
pro,human,charles_dickens,3,12,222.79476160368844,448.9392291876774,0.49626931022895726,0
pro,human,charles_dickens,3,13,116.1172105899492,448.9392291876774,0.2586479484095314,0
pro,human,charles_dickens,3,14,88.8531153448237,448.9392291876774,0.19791791308947737,0
pro,human,charles_dickens,3,15,113.17897135590093,448.9392291876774,0.25210309992443736,0
pro,human,charles_dickens,3,16,141.63314001371222,448.9392291876774,0.31548399160836754,0
pro,human,charles_dickens,3,17,117.05876063254082,448.9392291876774,0.2607452256831065,0
pro,human,charles_dickens,3,18,129.68326321044376,448.9392291876774,0.28886596398603015,0
pro,human,charles_dickens,3,19,148.33389041440034,448.9392291876774,0.3304097320316597,0
pro,human,charles_dickens,3,20,181.06196900375062,448.9392291876774,0.40331064258155597,0
pro,human,charles_dickens,3,21,162.32979386344704,448.9392291876774,0.36158522871162513,0
pro,human,charles_dickens,3,22,164.83711899664686,448.9392291876774,0.3671702276829484,0
pro,human,charles_dickens,3,23,209.85897679914768,448.9392291876774,0.4674551991789002,0
pro,human,charles_dickens,3,24,107.43389769179265,448.9392291876774,0.23930610360379154,0
pro,human,charles_dickens,3,25,171.34862843291933,448.9392291876774,0.38167443897242415,0
pro,human,charles_dickens,3,26,160.52415056102546,448.9392291876774,0.3575632070547324,0
pro,human,charles_dickens,3,27,176.77636492161113,448.9392291876774,0.3937645753111729,0
pro,human,charles_dickens,3,28,180.94148521182765,448.9392291876774,0.40304226819123823,0
pro,human,charles_dickens,3,29,113.87486483292858,448.9392291876774,0.2536531838373242,0
pro,human,charles_dickens,3,30,115.56496134673931,448.9392291876774,0.2574178281453497,0
pro,human,charles_dickens,3,31,149.64978512233043,448.9392291876774,0.3333408519302506,0
pro,human,charles_dickens,3,32,121.40818349840863,448.9392291876774,0.27043344756948023,0
pro,human,charles_dickens,3,33,96.18063404411886,448.9392291876774,0.21423976295889904,0
pro,human,charles_dickens,3,34,192.22202525142177,448.9392291876774,0.42816936626196245,0
pro,human,mark_twain,2,1,223.93111541217144,490.58141011645677,0.4564606623781637,0
pro,human,mark_twain,2,2,271.9149875494597,490.58141011645677,0.5542708752150047,0
pro,human,mark_twain,2,3,202.56902260357165,490.58141011645677,0.41291622231564945,0
pro,human,mark_twain,2,4,264.82928724934743,490.58141011645677,0.5398274002809867,0
pro,human,mark_twain,2,5,237.8304598756396,490.58141011645677,0.48479305365277126,0
pro,human,mark_twain,2,6,265.28883861638707,490.58141011645677,0.5407641487136894,0
pro,human,mark_twain,2,7,197.06436669078914,490.58141011645677,0.40169554456620965,0
pro,human,mark_twain,2,8,174.00858257026843,490.58141011645677,0.3546986880912617,0
pro,human,mark_twain,2,9,122.51068732956142,490.58141011645677,0.24972549877191472,0
pro,human,mark_twain,2,10,113.35158554422966,490.58141011645677,0.23105560709551076,0
pro,human,mark_twain,2,11,318.0292058226025,490.58141011645677,0.6482699899841436,0
pro,human,mark_twain,2,12,138.67231499636816,490.58141011645677,0.2826693228417469,0
pro,human,mark_twain,2,13,166.96340768221333,490.58141011645677,0.340337820062482,0
pro,human,mark_twain,2,14,183.0722932334682,490.58141011645677,0.37317413472722,0
pro,human,mark_twain,2,15,127.68221384805481,490.58141011645677,0.26026712634248605,0
pro,human,mark_twain,2,16,216.49022902152137,490.58141011645677,0.44129317694718556,0
pro,human,mark_twain,2,17,439.61825878264847,490.58141011645677,0.8961168314108959,0
pro,human,mark_twain,2,18,141.00817574594387,490.58141011645677,0.28743073593528673,0
pro,human,mark_twain,2,19,239.3594492195613,490.58141011645677,0.4879097419585078,0
pro,human,mark_twain,2,20,123.26039004242801,490.58141011645677,0.25125369102993084,0
pro,human,mark_twain,2,21,121.41404633599639,490.58141011645677,0.24749010833324175,0
pro,human,mark_twain,2,22,243.64321190013487,490.58141011645677,0.4966417537963731,0
pro,human,mark_twain,2,23,156.37722246405045,490.58141011645677,0.31875896485137667,0
pro,human,mark_twain,2,24,139.84101099026933,490.58141011645677,0.2850515900247283,0
pro,human,arthur_conan_doyle,1,1,76.0765925986872,483.8554732139631,0.15722999285996664,0
pro,human,arthur_conan_doyle,1,2,127.16391140456193,483.8554732139631,0.2628138327337458,0
pro,human,arthur_conan_doyle,1,3,203.02579883582342,483.8554732139631,0.41960008737163645,0
pro,human,arthur_conan_doyle,1,4,59.3917249515998,483.8554732139631,0.1227468288352636,0
pro,human,arthur_conan_doyle,1,5,97.85092017113917,483.8554732139631,0.20223171088915026,0
pro,human,arthur_conan_doyle,1,6,122.3020060962219,483.8554732139631,0.2527655733309012,0
pro,human,arthur_conan_doyle,1,7,81.34642303993469,483.8554732139631,0.1681213245343676,0
pro,human,arthur_conan_doyle,1,8,95.528138554727,483.8554732139631,0.197431141824625,0
pro,human,arthur_conan_doyle,1,9,100.22473483070964,483.8554732139631,0.2071377516202856,0
pro,human,arthur_conan_doyle,1,10,172.63810454511193,483.8554732139631,0.3567968414170869,0
pro,human,arthur_conan_doyle,1,11,173.7331072677545,483.8554732139631,0.3590599195122237,0
pro,human,arthur_conan_doyle,1,12,177.5783573301368,483.8554732139631,0.36700702412352554,0
pro,human,arthur_conan_doyle,1,13,174.84449742302283,483.8554732139631,0.3613568660526566,0
pro,human,arthur_conan_doyle,1,14,93.9612130804096,483.8554732139631,0.19419272547705488,0
pro,human,arthur_conan_doyle,1,15,107.42776968442149,483.8554732139631,0.22202450035512247,0
pro,human,arthur_conan_doyle,1,16,150.98224784968446,483.8554732139631,0.3120399710409381,0
pro,human,arthur_conan_doyle,1,17,104.25830367678974,483.8554732139631,0.21547406084768259,0
pro,human,mary_shelley,4,1,154.3874361177788,439.09349201689486,0.3516049290747367,0
pro,human,mary_shelley,4,2,203.41450908763167,439.09349201689486,0.46326013203540023,0
pro,human,mary_shelley,4,3,356.2083412847987,439.09349201689486,0.8112357567601867,0
pro,human,mary_shelley,4,4,228.55171475931473,439.09349201689486,0.5205080897680916,0
pro,human,mary_shelley,4,5,206.68902567679388,439.09349201689486,0.4707175793642625,0
pro,human,mary_shelley,4,6,272.5368338873223,439.09349201689486,0.6206806496618174,0
pro,human,mary_shelley,4,7,225.94133073388815,439.09349201689486,0.5145631507678886,0
pro,human,mary_shelley,4,8,209.82745523569326,439.09349201689486,0.4778650994618244,0
pro,human,mary_shelley,4,9,168.37906324509373,439.09349201689486,0.38346973094881365,0
pro,human,mary_shelley,4,10,163.0922319777149,439.09349201689486,0.3714293993030524,0
pro,human,mary_shelley,4,11,197.92942716575206,439.09349201689486,0.4507683005197818,0
pro,human,mary_shelley,4,12,194.05632004494203,439.09349201689486,0.4419476115521097,0
pro,human,mary_shelley,4,13,177.22316117956802,439.09349201689486,0.40361145041236246,0
pro,human,mary_shelley,4,14,305.87264387573725,439.09349201689486,0.6966002672250226,0
pro,human,mary_shelley,4,15,227.59326583953163,439.09349201689486,0.5183252996853221,0
pro,human,mary_shelley,4,16,297.9823768164518,439.09349201689486,0.6786308206202847,0
pro,human,mary_shelley,4,17,285.040869262287,439.09349201689486,0.6491575813456137,0
pro,human,mary_shelley,4,18,350.18018082474595,439.09349201689486,0.7975071076919359,0
pro,human,mary_shelley,4,19,584.0700287271716,439.09349201689486,1.330172364988499,1
pro,human,mary_shelley,4,20,482.64176530069216,439.09349201689486,1.0991776787302547,1
pro,human,charlotte_bronte,4,1,352.22400263657806,439.09349201689486,0.8021617469635046,0
pro,human,charlotte_bronte,4,2,293.8187795843612,439.09349201689486,0.6691485638622402,0
pro,human,charlotte_bronte,4,3,368.0338336872075,439.09349201689486,0.8381673615719333,0
pro,human,charlotte_bronte,4,4,447.7436272430612,439.09349201689486,1.0196999850451747,1
pro,human,charlotte_bronte,4,5,285.8576399937015,439.09349201689486,0.6510177107856171,0
pro,human,charlotte_bronte,4,6,277.87053061082133,439.09349201689486,0.6328277136025733,0
pro,human,charlotte_bronte,4,7,327.2695246315487,439.09349201689486,0.7453299367483143,0
pro,human,charlotte_bronte,4,8,305.6993544918463,439.09349201689486,0.6962056146349899,0
pro,human,charlotte_bronte,4,9,386.09807949206623,439.09349201689486,0.8793072238866397,0
pro,human,charlotte_bronte,4,10,372.36500331657925,439.09349201689486,0.8480312509442792,0
pro,human,charlotte_bronte,4,11,388.5023914215485,439.09349201689486,0.8847828503151676,0
pro,human,charlotte_bronte,4,12,356.088091370997,439.09349201689486,0.8109618972838156,0
pro,human,charlotte_bronte,4,13,396.12420487736387,439.09349201689486,0.9021409154980651,0
pro,human,charlotte_bronte,4,14,323.50116412102943,439.09349201689486,0.7367477997341445,0
pro,human,charlotte_bronte,4,15,234.88724913304148,439.09349201689486,0.5349367581244037,0
pro,human,charlotte_bronte,4,16,209.67364414209842,439.09349201689486,0.4775148071063437,0
pro,human,charlotte_bronte,4,17,438.5126324171822,439.09349201689486,0.99867713912806,0
pro,human,charlotte_bronte,4,18,312.6754196484912,439.09349201689486,0.7120930401684489,0
pro,human,charlotte_bronte,4,19,320.3872666095773,439.09349201689486,0.7296561493952861,0
pro,human,charlotte_bronte,4,20,303.39376716879906,439.09349201689486,0.6909548255320657,0
pro,human,charlotte_bronte,4,21,327.2109205180849,439.09349201689486,0.745196470608348,0
pro,human,charlotte_bronte,4,22,246.63512999479332,439.09349201689486,0.5616916089143577,0
pro,human,charlotte_bronte,4,23,337.89470556261006,439.09349201689486,0.7695279290306789,0
pro,human,charlotte_bronte,4,24,250.86141876487858,439.09349201689486,0.5713166405919454,0
pro,human,charlotte_bronte,4,25,388.93046513366414,439.09349201689486,0.8857577536555686,0
pro,human,charlotte_bronte,4,26,363.89835513270094,439.09349201689486,0.828749142833343,0
pro,human,charlotte_bronte,4,27,431.72602174188603,439.09349201689486,0.9832211808898198,0
pro,human,charlotte_bronte,4,28,384.7148259237706,439.09349201689486,0.8761569754920623,0
pro,human,charlotte_bronte,4,29,408.68793535981183,439.09349201689486,0.9307537979726807,0
pro,human,charlotte_bronte,4,30,515.6914491116333,439.09349201689486,1.1744456670102303,1
pro,human,charlotte_bronte,4,31,362.36584506073007,439.09349201689486,0.8252589747943416,0
pro,human,charlotte_bronte,4,32,339.6616480190586,439.09349201689486,0.7735519979102526,0
pro,human,charlotte_bronte,4,33,426.9211158471999,439.09349201689486,0.972278395396426,0
pro,human,charlotte_bronte,4,34,443.3940966549135,439.09349201689486,1.0097942800706623,1
pro,human,charlotte_bronte,4,35,355.37596765129246,439.09349201689486,0.8093400929695829,0
pro,human,charlotte_bronte,4,36,519.9946949282927,439.09349201689486,1.1842459621521446,1
pro,human,charlotte_bronte,4,37,430.814223263745,439.09349201689486,0.9811446334239194,0
pro,human,charlotte_bronte,4,38,487.330292632532,439.09349201689486,1.1098554214367202,1
pro,human,charlotte_bronte,4,39,615.7805262759726,439.09349201689486,1.4023904646081147,1
pro,human,charlotte_bronte,4,40,726.0397843174446,439.09349201689486,1.6534970285770234,1
pro,human,charlotte_bronte,4,41,825.4335116118737,439.09349201689486,1.8798582229501906,1
pro,human,charlotte_bronte,4,42,141.91901498551047,439.09349201689486,0.3232091059551616,0
pro,human,charlotte_bronte,4,43,149.67385892730206,439.09349201689486,0.3408701373363628,0
pro,human,charlotte_bronte,4,44,231.58509303974003,439.09349201689486,0.5274163640549457,0
pro,human,charlotte_bronte,4,45,204.344801295207,439.09349201689486,0.46537879747792865,0
pro,human,charlotte_bronte,4,46,225.45236660215647,439.09349201689486,0.5134495744097292,0
pro,human,charlotte_bronte,4,47,114.00205908351026,439.09349201689486,0.25963049135586785,0
pro,human,charlotte_bronte,4,48,162.77350925407936,439.09349201689486,0.37070353401597755,0
pro,human,charlotte_bronte,4,49,118.89239010278581,439.09349201689486,0.27076782567802493,0
pro,human,charlotte_bronte,4,50,181.9645822359798,439.09349201689486,0.4144096543088332,0
pro,human,charlotte_bronte,4,51,141.26936536147414,439.09349201689486,0.3217295813531178,0
pro,human,charlotte_bronte,4,52,182.5176660612599,439.09349201689486,0.41566925809557936,0
pro,human,charlotte_bronte,4,53,148.49969498269698,439.09349201689486,0.3381960736894347,0
pro,human,charlotte_bronte,4,54,151.6508641706086,439.09349201689486,0.3453726072641805,0
pro,human,charlotte_bronte,4,55,164.61943245197784,439.09349201689486,0.3749074751616766,0
pro,human,charlotte_bronte,4,56,120.82439962640537,439.09349201689486,0.2751678214847157,0
pro,human,charlotte_bronte,4,57,160.45672669774865,439.09349201689486,0.36542724867253285,0
pro,human,charlotte_bronte,4,58,124.16719757210556,439.09349201689486,0.28278077409384156,0
pro,human,charlotte_bronte,4,59,277.0963794647787,439.09349201689486,0.6310646468295116,0
pro,human,charlotte_bronte,4,60,309.3357455134211,439.09349201689486,0.7044872017859898,0
pro,human,oscar_wilde,3,1,947.3753516659132,448.9392291876774,2.110252992103451,1
pro,human,oscar_wilde,3,2,1143.7039268755007,448.9392291876774,2.547569587413755,1
pro,human,oscar_wilde,3,3,1159.2125411064935,448.9392291876774,2.5821146064780383,1
pro,human,oscar_wilde,3,4,876.8414456367932,448.9392291876774,1.9531406226704078,1
pro,human,oscar_wilde,3,5,376.881297308902,448.9392291876774,0.8394929041751175,0
pro,human,oscar_wilde,3,6,957.132323661625,448.9392291876774,2.1319863835323227,1
pro,human,oscar_wilde,3,7,1741.6590054262779,448.9392291876774,3.8794983645730445,1
pro,human,oscar_wilde,3,8,1161.4624616568071,448.9392291876774,2.5871262436975897,1
pro,human,oscar_wilde,3,9,872.8406489500176,448.9392291876774,1.9442289561760033,1
pro,human,joseph_conrad,0,1,379.2012239294653,441.8837615060074,0.8581469991951947,0
pro,human,joseph_conrad,0,2,503.58588005215677,441.8837615060074,1.1396342747148236,1
pro,human,joseph_conrad,0,3,408.7587350775682,441.8837615060074,0.9250367872411875,0
pro,human,joseph_conrad,0,4,145.89346008979732,441.8837615060074,0.3301625286988825,0
pro,human,joseph_conrad,0,5,357.81445447330304,441.8837615060074,0.8097479148222526,0
pro,human,joseph_conrad,0,6,484.47463818105234,441.8837615060074,1.096384797055879,1
pro,human,joseph_conrad,0,7,319.47762844929406,441.8837615060074,0.722990198509367,0
pro,human,joseph_conrad,0,8,146.8079317851332,441.8837615060074,0.33223201342540704,0
pro,human,joseph_conrad,0,9,160.08316312971255,441.8837615060074,0.36227437411170005,0
pro,human,joseph_conrad,0,10,106.10139405041292,441.8837615060074,0.2401115480885814,0
pro,human,joseph_conrad,0,11,152.48560361246115,441.8837615060074,0.34508080381312706,0
pro,human,joseph_conrad,0,12,129.48158295835827,441.8837615060074,0.293021817586293,0
pro,human,joseph_conrad,0,13,207.68452829626492,441.8837615060074,0.4699980999266511,0
pro,human,joseph_conrad,0,14,152.8324852795448,441.8837615060074,0.34586581040830366,0
pro,human,joseph_conrad,0,15,303.15626071530846,441.8837615060074,0.6860543136550337,0
pro,human,joseph_conrad,0,16,187.3421208990044,441.8837615060074,0.42396244718410525,0
pro,human,joseph_conrad,0,17,271.89525706324326,441.8837615060074,0.615309456352464,0
pro,human,joseph_conrad,0,18,193.08674764543545,441.8837615060074,0.43696275913685156,0
pro,human,joseph_conrad,0,19,115.2060902520901,441.8837615060074,0.2607158268487852,0
pro,human,joseph_conrad,0,20,151.60903154528998,441.8837615060074,0.3430970874072929,0
pro,human,joseph_conrad,0,21,169.20266610021685,441.8837615060074,0.38291216116099924,0
pro,human,joseph_conrad,0,22,160.3175106470208,441.8837615060074,0.3628047115844091,0
pro,human,joseph_conrad,0,23,227.26047482803006,441.8837615060074,0.5142992221608046,0
pro,human,joseph_conrad,0,24,117.51509331592595,441.8837615060074,0.26594118986272897,0
pro,human,joseph_conrad,0,25,102.55540530331633,441.8837615060074,0.23208683875096892,0
pro,human,mildred_wirt,0,1,62.18326609838631,441.8837615060074,0.1407231301880301,0
pro,human,mildred_wirt,0,2,45.11322153221193,441.8837615060074,0.10209296077877851,0
pro,human,mildred_wirt,0,3,72.24507723122899,441.8837615060074,0.16349339696260104,0
pro,human,mildred_wirt,0,4,91.41715618607739,441.8837615060074,0.20688055128913033,0
pro,human,mildred_wirt,0,5,50.18448396378012,441.8837615060074,0.11356942330884423,0
pro,human,mildred_wirt,0,6,63.589411772227294,441.8837615060074,0.14390529209651168,0
pro,human,mildred_wirt,0,7,68.10754708196733,441.8837615060074,0.1541300066104407,0
pro,human,mildred_wirt,0,8,109.10856133639882,441.8837615060074,0.24691688367216794,0
pro,human,mildred_wirt,0,9,93.98177951469916,441.8837615060074,0.2126843928240198,0
pro,human,mildred_wirt,0,10,90.759093870237,441.8837615060074,0.20539133088058303,0
pro,human,mildred_wirt,0,11,62.90932712098049,441.8837615060074,0.14236623429332612,0
pro,human,mildred_wirt,0,12,55.593725923094325,441.8837615060074,0.12581074654932423,0
pro,human,mildred_wirt,0,13,72.36342116661214,441.8837615060074,0.16376121385403833,0
pro,human,mildred_wirt,0,14,51.12414252205441,441.8837615060074,0.11569590687789821,0
pro,human,robert_sidney_bowen,1,1,218.32948185826365,483.8554732139631,0.4512287117639307,0
pro,human,robert_sidney_bowen,1,2,320.3504017420445,483.8554732139631,0.6620786980338322,0
pro,human,robert_sidney_bowen,1,3,323.780156631392,483.8554732139631,0.6691670851229887,0
pro,human,robert_sidney_bowen,1,4,149.34388492403414,483.8554732139631,0.30865391256614677,0
pro,human,robert_sidney_bowen,1,5,189.51477763133235,483.8554732139631,0.3916764160432015,0
pro,human,robert_sidney_bowen,1,6,152.40743147092533,483.8554732139631,0.3149854448448702,0
pro,human,robert_sidney_bowen,1,7,118.75991679609565,483.8554732139631,0.24544502102506854,0
pro,human,robert_sidney_bowen,1,8,87.31292668888706,483.8554732139631,0.1804524936112005,0
pro,human,robert_sidney_bowen,1,9,132.1258859437218,483.8554732139631,0.27306890850296356,0
pro,human,robert_sidney_bowen,1,10,78.44456102568776,483.8554732139631,0.16212395099021484,0
pro,human,robert_sidney_bowen,1,11,84.3679405815352,483.8554732139631,0.17436599408730324,0
pro,human,robert_sidney_bowen,1,12,70.61668204977076,483.8554732139631,0.145945816383364,0
pro,human,luis_senarens,1,1,328.8103029777955,483.8554732139631,0.6795630538055195,0
pro,human,luis_senarens,1,2,341.95867299572876,483.8554732139631,0.7067372220144611,0
pro,human,luis_senarens,1,3,185.45045585283756,483.8554732139631,0.38327654872022193,0
pro,human,luis_senarens,1,4,317.2076632424773,483.8554732139631,0.6555834971452449,0
pro,human,luis_senarens,1,5,369.4499302470092,483.8554732139631,0.7635543063985075,0
pro,human,luis_senarens,1,6,474.43470106581924,483.8554732139631,0.980529780751332,0
pro,human,luis_senarens,1,7,353.6729890321592,483.8554732139631,0.7309475837545469,0
pro,human,luis_senarens,1,8,407.7845204322202,483.8554732139631,0.8427816631349668,0
pro,human,luis_senarens,1,9,552.7032902071377,483.8554732139631,1.1422900448678603,1
pro,human,john_c_hutcheson,3,1,69.07701999902952,448.9392291876774,0.15386719517476632,0
pro,human,john_c_hutcheson,3,2,73.42089873234873,448.9392291876774,0.1635430676557236,0
pro,human,john_c_hutcheson,3,3,73.2102448510381,448.9392291876774,0.16307384182822843,0
pro,human,john_c_hutcheson,3,4,113.4216470040397,448.9392291876774,0.2526436533721231,0
pro,human,john_c_hutcheson,3,5,53.183730597904265,448.9392291876774,0.11846532256523076,0
pro,human,john_c_hutcheson,3,6,99.46538930954775,448.9392291876774,0.22155646653896355,0
pro,human,john_c_hutcheson,3,7,100.08662814776574,448.9392291876774,0.2229402592615155,0
pro,human,john_c_hutcheson,3,8,79.69510042315892,448.9392291876774,0.1775186823556528,0
pro,human,john_c_hutcheson,3,9,169.71658721100198,448.9392291876774,0.378039111258091,0
pro,human,john_c_hutcheson,3,10,67.35088412540783,448.9392291876774,0.15002227416676042,0
pro,human,john_c_hutcheson,3,11,99.83305057113623,448.9392291876774,0.2223754220627518,0
pro,human,john_c_hutcheson,3,12,83.9736071149276,448.9392291876774,0.18704894038079872,0
pro,human,john_c_hutcheson,3,13,108.50760984112394,448.9392291876774,0.24169776839832083,0
pro,human,john_c_hutcheson,3,14,169.69510260716467,448.9392291876774,0.37799125488368546,0
pro,human,john_c_hutcheson,3,15,99.18309444972598,448.9392291876774,0.22092766236800138,0
pro,human,john_c_hutcheson,3,16,120.49174283240264,448.9392291876774,0.26839210075364456,0
pro,human,john_c_hutcheson,3,17,91.48913582407299,448.9392291876774,0.20378957746600995,0
pro,human,john_c_hutcheson,3,18,140.47746191099344,448.9392291876774,0.31290974986787656,0
pro,human,john_c_hutcheson,3,19,66.1416192197271,448.9392291876774,0.14732866927090668,0
pro,human,john_c_hutcheson,3,20,114.04802794660361,448.9392291876774,0.2540388999931352,0
pro,human,john_c_hutcheson,3,21,95.95200446734106,448.9392291876774,0.21373049675556124,0
pro,human,john_c_hutcheson,3,22,86.31542862332347,448.9392291876774,0.1922652845007662,0
pro,human,john_c_hutcheson,3,23,77.86503323620146,448.9392291876774,0.1734422571560354,0
pro,human,harold_l_goodwin,2,1,93.54988692607188,490.58141011645677,0.19069187090449374,0
pro,human,harold_l_goodwin,2,2,62.495066797268734,490.58141011645677,0.1273897981222593,0
pro,human,harold_l_goodwin,2,3,78.0273254957036,490.58141011645677,0.1590507179576598,0
pro,human,harold_l_goodwin,2,4,271.37391718679413,490.58141011645677,0.5531679586521103,0
pro,human,harold_l_goodwin,2,5,103.43895335963477,490.58141011645677,0.21084972081408443,0
pro,human,harold_l_goodwin,2,6,60.700123386582035,490.58141011645677,0.12373098966830545,0
pro,human,harold_l_goodwin,2,7,60.781978591428505,490.58141011645677,0.1238978431265868,0
pro,human,harold_l_goodwin,2,8,128.0833537243635,490.58141011645677,0.26108480892897756,0
pro,human,harold_l_goodwin,2,9,66.64365253040381,490.58141011645677,0.13584626558634497,0
pro,human,harold_l_goodwin,2,10,105.17478058794316,490.58141011645677,0.21438802698001994,0
pro,human,harold_l_goodwin,2,11,100.68683164429599,490.58141011645677,0.20523980234064398,0
pro,human,harold_l_goodwin,2,12,100.72284478180363,490.58141011645677,0.20531321143598474,0
pro,human,kathleen_thompson_norris,0,1,46.43760472715193,441.8837615060074,0.10509009104314102,0
pro,human,kathleen_thompson_norris,0,2,93.4613005057514,441.8837615060074,0.21150652874688358,0
pro,human,kathleen_thompson_norris,0,3,86.50733506906879,441.8837615060074,0.1957694366822591,0
pro,human,kathleen_thompson_norris,0,4,114.33178294139763,441.8837615060074,0.2587372356742358,0
pro,human,kathleen_thompson_norris,0,5,118.70196546474769,441.8837615060074,0.2686271273246006,0
pro,human,kathleen_thompson_norris,0,6,55.12960423053701,441.8837615060074,0.12476042125342397,0
pro,human,kathleen_thompson_norris,0,7,93.80527582847209,441.8837615060074,0.2122849581726411,0
pro,human,kathleen_thompson_norris,0,8,101.86449708560811,441.8837615060074,0.23052328679931197,0
pro,human,kathleen_thompson_norris,0,9,122.06288114068566,441.8837615060074,0.27623300916213056,0
pro,human,kathleen_thompson_norris,0,10,188.4410982493325,441.8837615060074,0.426449475326037,0
pro,human,kathleen_thompson_norris,0,11,189.35743116863222,441.8837615060074,0.428523172074197,0
pro,human,kathleen_thompson_norris,0,12,106.7904581566468,441.8837615060074,0.24167092674482676,0
pro,human,kathleen_thompson_norris,0,13,107.67094513461008,441.8837615060074,0.24366350274481924,0
pro,human,kathleen_thompson_norris,0,14,141.3417113808197,441.8837615060074,0.3198617457656863,0
pro,human,kathleen_thompson_norris,0,15,128.83550017238446,441.8837615060074,0.29155970731599956,0
pro,human,kathleen_thompson_norris,0,16,137.7370746504327,441.8837615060074,0.31170431377927016,0
pro,human,kathleen_thompson_norris,0,17,145.90717207389025,441.8837615060074,0.3301935594478881,0
pro,human,kathleen_thompson_norris,0,18,186.56686176816785,441.8837615060074,0.4222080058618119,0
pro,human,kathleen_thompson_norris,0,19,127.65939695015823,441.8837615060074,0.28889814035047473,0
pro,human,kathleen_thompson_norris,0,20,141.62142053080075,441.8837615060074,0.3204947383631689,0
pro,human,kathleen_thompson_norris,0,21,75.2870956275576,441.8837615060074,0.17037760195343607,0
pro,human,kathleen_thompson_norris,0,22,137.2767617590692,441.8837615060074,0.3106626079474136,0
pro,human,kathleen_thompson_norris,0,23,99.33819556746107,441.8837615060074,0.22480616899996805,0
pro,human,kathleen_thompson_norris,0,24,95.24179104563831,441.8837615060074,0.21553584752931343,0
pro,human,kathleen_thompson_norris,0,25,92.29282166215025,441.8837615060074,0.20886221604433303,0
pro,human,kathleen_thompson_norris,0,26,120.16867421307946,441.8837615060074,0.2719463458071558,0
pro,human,arthur_scott_bailey,4,1,104.21956130406699,439.09349201689486,0.23735164195978783,0
pro,human,arthur_scott_bailey,4,2,176.96277262955135,439.09349201689486,0.403018436499037,0
pro,human,arthur_scott_bailey,4,3,132.75578442902403,439.09349201689486,0.3023405876940577,0
pro,human,louis_joseph_vance,2,1,80.57465954296893,490.58141011645677,0.1642431977270433,0
pro,human,louis_joseph_vance,2,2,101.31188473564102,490.58141011645677,0.20651390910142942,0
pro,human,louis_joseph_vance,2,3,175.66206853656908,490.58141011645677,0.3580691500211341,0
pro,human,louis_joseph_vance,2,4,168.79612073798575,490.58141011645677,0.34407361807271913,0
pro,human,louis_joseph_vance,2,5,133.8393813059056,490.58141011645677,0.2728178821006163,0
pro,human,louis_joseph_vance,2,6,138.2498150639774,490.58141011645677,0.28180809996685147,0
pro,human,louis_joseph_vance,2,7,299.1994978104104,490.58141011645677,0.6098875571729977,0
pro,human,louis_joseph_vance,2,8,186.70921928598716,490.58141011645677,0.38058763629397446,0
pro,human,louis_joseph_vance,2,9,185.40275631309976,490.58141011645677,0.37792454522295876,0
pro,human,louis_joseph_vance,2,10,193.94447601891295,490.58141011645677,0.3953359667111589,0
pro,human,louis_joseph_vance,2,11,140.40593942971125,490.58141011645677,0.2862031388355726,0
pro,human,louis_joseph_vance,2,12,172.94207431867275,490.58141011645677,0.3525247201634054,0
pro,human,louis_joseph_vance,2,13,172.61112477616618,490.58141011645677,0.35185011338931665,0
pro,human,louis_joseph_vance,2,14,167.33952400356497,490.58141011645677,0.3411044946930236,0
pro,human,louis_joseph_vance,2,15,138.58979253038473,490.58141011645677,0.2825011092399232,0
pro,human,louis_joseph_vance,2,16,171.85937193135146,490.58141011645677,0.35031774214712824,0
pro,human,louis_joseph_vance,2,17,200.25952178162558,490.58141011645677,0.4082085412369925,0
pro,human,louis_joseph_vance,2,18,189.83310144842085,490.58141011645677,0.3869553503940504,0
pro,human,louis_joseph_vance,2,19,148.6177231763506,490.58141011645677,0.3029420196355809,0
pro,human,louis_joseph_vance,2,20,128.92556644321346,490.58141011645677,0.26280157336701454,0
pro,human,louis_joseph_vance,2,21,162.89474841828834,490.58141011645677,0.3320442745264635,0
pro,human,susan_warner,3,1,71.97097890794339,448.9392291876774,0.160313410432342,0
pro,human,susan_warner,3,2,99.1287657369888,448.9392291876774,0.22080664662866514,0
pro,human,susan_warner,3,3,82.46842444484228,448.9392291876774,0.18369618666219667,0
pro,human,susan_warner,3,4,60.1564893363199,448.9392291876774,0.13399695420952332,0
pro,human,susan_warner,3,5,102.88573048264213,448.9392291876774,0.22917518406401308,0
pro,human,susan_warner,3,6,106.17409809507264,448.9392291876774,0.23649993404939657,0
pro,human,susan_warner,3,7,46.79764888080381,448.9392291876774,0.10424049813040559,0
pro,human,susan_warner,3,8,94.8399331231153,448.9392291876774,0.21125338789109874,0
pro,human,susan_warner,3,9,118.83453779508353,448.9392291876774,0.2647007213205803,0
pro,human,susan_warner,3,10,223.36140020394132,448.9392291876774,0.497531482397066,0
pro,human,susan_warner,3,11,129.170751094263,448.9392291876774,0.28772435709837163,0
pro,human,susan_warner,3,12,73.3280889366782,448.9392291876774,0.1633363363441417,0
pro,human,susan_warner,3,13,164.12044613460014,448.9392291876774,0.36557385825151445,0
pro,human,susan_warner,3,14,120.18938035915144,448.9392291876774,0.2677185965161149,0
pro,human,susan_warner,3,15,124.05779719606583,448.9392291876774,0.2763353904726466,0
pro,human,susan_warner,3,16,68.6644432745041,448.9392291876774,0.15294819167116974,0
pro,human,susan_warner,3,17,85.93835375051425,448.9392291876774,0.19142536041239566,0
pro,human,susan_warner,3,18,54.26158639036907,448.9392291876774,0.12086621721285401,0
pro,human,susan_warner,3,19,66.63243266330238,448.9392291876774,0.14842194295176403,0
pro,human,susan_warner,3,20,119.96268075932788,448.9392291876774,0.26721362928428316,0
pro,human,susan_warner,3,21,76.96529120418751,448.9392291876774,0.17143810609612029,0
pro,human,susan_warner,3,22,96.31817998588875,448.9392291876774,0.21454614282687975,0
pro,human,susan_warner,3,23,81.26999239415838,448.9392291876774,0.18102671165808001,0
pro,human,susan_warner,3,24,160.7193263963165,448.9392291876774,0.357997955953028,0
pro,human,susan_warner,3,25,111.02821406041416,448.9392291876774,0.2473123461750303,0
pro,human,susan_warner,3,26,144.61472994505857,448.9392291876774,0.3221254026000987,0
pro,human,susan_warner,3,27,247.2068426351047,448.9392291876774,0.5506465609664082,0
pro,human,susan_warner,3,28,151.76696307464994,448.9392291876774,0.3380568086002667,0
pro,human,susan_warner,3,29,125.96206025081828,448.9392291876774,0.2805770849625625,0
pro,human,susan_warner,3,30,141.02275953597427,448.9392291876774,0.31412438559032724,0
pro,human,susan_warner,3,31,80.54513801014461,448.9392291876774,0.179412118107578,0
pro,human,susan_warner,3,32,71.19491961619954,448.9392291876774,0.15858475933373326,0
pro,human,susan_warner,3,33,84.1281684864319,448.9392291876774,0.18739322165865444,0
pro,human,susan_warner,3,34,127.79802335329207,448.9392291876774,0.2846666431546497,0
pro,human,susan_warner,3,35,212.80662330978092,448.9392291876774,0.4740210021183466,0
pro,human,susan_warner,3,36,110.87477032704231,448.9392291876774,0.2469705544059094,0
pro,human,susan_warner,3,37,88.45417256958041,448.9392291876774,0.1970292788394361,0
pro,human,susan_warner,3,38,168.98590825385148,448.9392291876774,0.37641154362834156,0
pro,human,susan_warner,3,39,173.2402844712244,448.9392291876774,0.3858880516739203,0
pro,human,susan_warner,3,40,184.31719706585437,448.9392291876774,0.4105615751142149,0
pro,human,susan_warner,3,41,277.7807250211893,448.9392291876774,0.6187490576927598,0
pro,human,susan_warner,3,42,104.09567428131626,448.9392291876774,0.2318703011756619,0
pro,human,susan_warner,3,43,62.541899006793464,448.9392291876774,0.13931038978250673,0
pro,human,susan_warner,3,44,87.02088258380118,448.9392291876774,0.19383666413215678,0
pro,human,susan_warner,3,45,176.7996440020672,448.9392291876774,0.39381642883374923,0
pro,human,susan_warner,3,46,128.5198240381552,448.9392291876774,0.2862744346728229,0
pro,human,susan_warner,3,47,161.73604210232608,448.9392291876774,0.36026266271044205,0
pro,human,susan_warner,3,48,108.09784918767842,448.9392291876774,0.24078503761694772,0
pro,human,susan_warner,3,49,95.57281189556211,448.9392291876774,0.21288585554996853,0
pro,human,susan_warner,3,50,159.8332237863237,448.9392291876774,0.3560241863370465,0
pro,human,susan_warner,3,51,133.01636551641528,448.9392291876774,0.296290359292278,0
pro,human,susan_warner,3,52,116.14193802408833,448.9392291876774,0.2587030281007936,0
pro,human,susan_warner,3,53,269.9564092237313,448.9392291876774,0.601320605713601,0
pro,human,susan_warner,3,54,65.33926870034054,448.9392291876774,0.14554145517326955,0
pro,human,susan_warner,3,55,217.72288887722758,448.9392291876774,0.4849718508030166,0
pro,human,susan_warner,3,56,210.36332684192084,448.9392291876774,0.4685786252686312,0
pro,human,susan_warner,3,57,143.05182086572455,448.9392291876774,0.31864406486500707,0
pro,human,susan_warner,3,58,113.10517629655655,448.9392291876774,0.2519387234241304,0
pro,human,susan_warner,3,59,257.13494097809325,448.9392291876774,0.5727611317089845,0
pro,human,susan_warner,3,60,190.0739975190288,448.9392291876774,0.4233846925405778,0
pro,human,susan_warner,3,61,210.53905956673083,448.9392291876774,0.46897006516379913,0
pro,human,susan_warner,3,62,157.82428657063994,448.9392291876774,0.3515493329825763,0
pro,human,ethel_m_dell,4,1,40.708259499468646,439.09349201689486,0.09270977648173007,0
pro,human,ethel_m_dell,4,2,101.43945223611294,439.09349201689486,0.23102016786942015,0
pro,human,ethel_m_dell,4,3,124.3195061504043,439.09349201689486,0.28312764459196516,0
pro,human,ethel_m_dell,4,4,69.2740517180008,439.09349201689486,0.15776606344084773,0
pro,human,ethel_m_dell,4,5,141.92968376232807,439.09349201689486,0.32323340323355804,0
pro,human,ethel_m_dell,4,6,97.05014089807392,439.09349201689486,0.22102386544672303,0
pro,human,ethel_m_dell,4,7,71.88640219519677,439.09349201689486,0.16371548087629323,0
pro,human,ethel_m_dell,4,8,72.84022621440585,439.09349201689486,0.1658877381211635,0
pro,human,ethel_m_dell,4,9,95.28421897184167,439.09349201689486,0.21700212074237585,0
pro,human,ethel_m_dell,4,10,115.44749254776748,439.09349201689486,0.26292234944653986,0
pro,human,ethel_m_dell,4,11,140.92156494420988,439.09349201689486,0.32093749396492466,0
pro,human,ethel_m_dell,4,12,55.03521595447788,439.09349201689486,0.12533826384372898,0
pro,human,ethel_m_dell,4,13,79.1749405273366,439.09349201689486,0.18031453885517895,0
pro,human,ethel_m_dell,4,14,112.22577809118019,439.09349201689486,0.2555851547142997,0
pro,human,ethel_m_dell,4,15,134.83098814220415,439.09349201689486,0.30706669671391146,0
pro,human,ethel_m_dell,4,16,47.706045950128555,439.09349201689486,0.10864667050973506,0
pro,human,ethel_m_dell,4,17,62.987175765963144,439.09349201689486,0.14344821071394884,0
pro,human,ethel_m_dell,4,18,98.24151892802142,439.09349201689486,0.22373713278410742,0
pro,human,ethel_m_dell,4,19,48.96727328758984,439.09349201689486,0.11151901400922094,0
pro,human,ethel_m_dell,4,20,82.2968012650019,439.09349201689486,0.1874243247992284,0
pro,human,ethel_m_dell,4,21,107.29607019596645,439.09349201689486,0.24435814273429962,0
pro,human,ethel_m_dell,4,22,52.57515415827625,439.09349201689486,0.11973567159190174,0
pro,human,ethel_m_dell,4,23,177.59973844198396,439.09349201689486,0.4044690747435412,0
pro,human,ethel_m_dell,4,24,135.50762280479987,439.09349201689486,0.3086076775639981,0
pro,human,ethel_m_dell,4,25,108.29171334483232,439.09349201689486,0.24662563967280485,0
pro,human,ethel_m_dell,4,26,94.85517128007041,439.09349201689486,0.21602499924189425,0
pro,human,ethel_m_dell,4,27,120.24271150619806,439.09349201689486,0.27384307372419797,0
pro,human,ethel_m_dell,4,28,155.3773997674643,439.09349201689486,0.3538594914121066,0
pro,human,ethel_m_dell,4,29,75.54807967865281,439.09349201689486,0.17205465590400046,0
pro,human,ethel_m_dell,4,30,139.8495155276439,439.09349201689486,0.31849598791653905,0
pro,human,ethel_m_dell,4,31,73.151360680676,439.09349201689486,0.16659632176434394,0
pro,human,ethel_m_dell,4,32,93.96812117879362,439.09349201689486,0.2140048142074901,0
pro,human,ethel_m_dell,4,33,73.14893420447612,439.09349201689486,0.16659079566057788,0
pro,human,ethel_m_dell,4,34,73.36787210330564,439.09349201689486,0.16708940906025246,0
pro,human,ethel_m_dell,4,35,58.852919794543055,439.09349201689486,0.1340327763096944,0
pro,human,ethel_m_dell,4,36,63.57898274256216,439.09349201689486,0.14479600335346318,0
pro,human,ethel_m_dell,4,37,89.25033032398528,439.09349201689486,0.2032604261885786,0
pro,human,ethel_m_dell,4,38,115.7114229999517,439.09349201689486,0.263523429756275,0
pro,human,ethel_m_dell,4,39,72.7637748769831,439.09349201689486,0.1657136263686263,0
pro,llm,jane_austen,2,1,445.98785409822005,490.58141011645677,0.9091005996178069,0
pro,llm,jane_austen,2,2,383.41363456755084,490.58141011645677,0.7815494567487467,0
pro,llm,jane_austen,2,3,389.25710932593864,490.58141011645677,0.7934607820413226,0
pro,llm,jane_austen,2,4,369.08786218011943,490.58141011645677,0.7523478357904011,0
pro,llm,jane_austen,2,5,455.15231221905185,490.58141011645677,0.9277814096359775,0
pro,llm,jane_austen,2,6,318.79248789654986,490.58141011645677,0.6498258623800548,0
pro,llm,jane_austen,2,7,474.6234115240711,490.58141011645677,0.9674712529596312,0
pro,llm,jane_austen,2,8,409.60651344178257,490.58141011645677,0.8349409598389552,0
pro,llm,jane_austen,2,9,432.9924569307967,490.58141011645677,0.8826108123991301,0
pro,llm,jane_austen,2,10,437.8104948471139,490.58141011645677,0.8924318896290508,0
pro,llm,herbert_george_wells,0,1,612.4165065497755,441.8837615060074,1.3859221811242088,1
pro,llm,herbert_george_wells,0,2,901.8792962062795,441.8837615060074,2.040987641484125,1
pro,llm,herbert_george_wells,0,3,540.6575445302309,441.8837615060074,1.2235288816397945,1
pro,llm,herbert_george_wells,0,4,838.86557440552,441.8837615060074,1.8983851580029507,1
pro,llm,herbert_george_wells,0,5,549.2378731385727,441.8837615060074,1.2429464963063728,1
pro,llm,herbert_george_wells,0,6,724.4136184645331,441.8837615060074,1.6393759661944145,1
pro,llm,herbert_george_wells,0,7,588.5111655230079,441.8837615060074,1.3318234721214284,1
pro,llm,herbert_george_wells,0,8,639.9419855009203,441.8837615060074,1.4482134019134358,1
pro,llm,herbert_george_wells,0,9,564.2884030628147,441.8837615060074,1.2770064261688043,1
pro,llm,herbert_george_wells,0,10,481.0237291648947,441.8837615060074,1.0885752568175222,1
pro,llm,agnes_may_fleming,1,1,142.27081698129314,483.8554732139631,0.2940357707153192,0
pro,llm,agnes_may_fleming,1,2,475.27843378082923,483.8554732139631,0.9822735508680688,0
pro,llm,agnes_may_fleming,1,3,270.7723611756607,483.8554732139631,0.559614133073832,0
pro,llm,agnes_may_fleming,1,4,372.96589930211684,483.8554732139631,0.7708208751359719,0
pro,llm,agnes_may_fleming,1,5,200.37656636288878,483.8554732139631,0.4141248315987972,0
pro,llm,agnes_may_fleming,1,6,535.4189396620899,483.8554732139631,1.1065679098463461,1
pro,llm,agnes_may_fleming,1,7,245.38594459693513,483.8554732139631,0.507147192046796,0
pro,llm,agnes_may_fleming,1,8,538.6141070233703,483.8554732139631,1.1131714671856003,1
pro,llm,agnes_may_fleming,1,9,181.74598558353816,483.8554732139631,0.375620398331568,0
pro,llm,agnes_may_fleming,1,10,468.2903346479978,483.8554732139631,0.9678310168477058,0
pro,llm,charles_dickens,3,1,126.84225684766787,448.9392291876774,0.2825376990938832,0
pro,llm,charles_dickens,3,2,375.38286128619455,448.9392291876774,0.836155178431215,0
pro,llm,charles_dickens,3,3,289.8033078145077,448.9392291876774,0.6455290359429839,0
pro,llm,charles_dickens,3,4,132.0461190170987,448.9392291876774,0.2941291614368975,0
pro,llm,charles_dickens,3,5,284.6793871769405,448.9392291876774,0.6341156412016988,0
pro,llm,charles_dickens,3,6,438.260788182129,448.9392291876774,0.9762140612553055,0
pro,llm,charles_dickens,3,7,154.21388692174028,448.9392291876774,0.3435072653391841,0
pro,llm,charles_dickens,3,8,294.1668391162572,448.9392291876774,0.65524868398899,0
pro,llm,charles_dickens,3,9,309.5002517989546,448.9392291876774,0.6894034463394357,0
pro,llm,charles_dickens,3,10,163.2580336355591,448.9392291876774,0.36365285771742983,0
pro,llm,mark_twain,2,1,824.8611136650111,490.58141011645677,1.6813949665748673,1
pro,llm,mark_twain,2,2,621.748217345403,490.58141011645677,1.267370113347363,1
pro,llm,mark_twain,2,3,753.2416182714833,490.58141011645677,1.5354059545237861,1
pro,llm,mark_twain,2,4,791.8067903927421,490.58141011645677,1.6140171112573933,1
pro,llm,mark_twain,2,5,856.8635675994612,490.58141011645677,1.7466286938921198,1
pro,llm,mark_twain,2,6,760.2636466314386,490.58141011645677,1.5497196407237757,1
pro,llm,mark_twain,2,7,705.2069056410403,490.58141011645677,1.4374921085445016,1
pro,llm,mark_twain,2,8,790.2326041060464,490.58141011645677,1.6108082936091217,1
pro,llm,mark_twain,2,9,933.1704125187822,490.58141011645677,1.9021723882632677,1
pro,llm,mark_twain,2,10,772.5319601840223,490.58141011645677,1.5747273424009984,1
pro,llm,arthur_conan_doyle,1,1,195.3226690717361,483.8554732139631,0.4036797760585908,0
pro,llm,arthur_conan_doyle,1,2,371.1637982193938,483.8554732139631,0.767096413633547,0
pro,llm,arthur_conan_doyle,1,3,170.93807711677135,483.8554732139631,0.35328333888905245,0
pro,llm,arthur_conan_doyle,1,4,116.46351011315858,483.8554732139631,0.2406989619019105,0
pro,llm,arthur_conan_doyle,1,5,604.0561378403356,483.8554732139631,1.2484226618910628,1
pro,llm,arthur_conan_doyle,1,6,276.9800027214483,483.8554732139631,0.5724436697628642,0
pro,llm,arthur_conan_doyle,1,7,94.27851098825461,483.8554732139631,0.19484849548568448,0
pro,llm,arthur_conan_doyle,1,8,176.2115713506628,483.8554732139631,0.3641822426440576,0
pro,llm,arthur_conan_doyle,1,9,195.46972550845697,483.8554732139631,0.4039837024268182,0
pro,llm,arthur_conan_doyle,1,10,152.51901070176086,483.8554732139631,0.315216049306352,0
pro,llm,mary_shelley,4,1,453.5596646730805,439.09349201689486,1.0329455410275792,1
pro,llm,mary_shelley,4,2,319.54064395396665,439.09349201689486,0.7277280346065156,0
pro,llm,mary_shelley,4,3,382.86549883412295,439.09349201689486,0.8719452822575461,0
pro,llm,mary_shelley,4,4,272.00050791189545,439.09349201689486,0.619459210526012,0
pro,llm,mary_shelley,4,5,415.5208130826067,439.09349201689486,0.9463151256785625,0
pro,llm,mary_shelley,4,6,334.2459577564385,439.09349201689486,0.7612182002997617,0
pro,llm,mary_shelley,4,7,421.4173139583253,439.09349201689486,0.9597439306663887,0
pro,llm,mary_shelley,4,8,405.06961558917754,439.09349201689486,0.9225133666376267,0
pro,llm,mary_shelley,4,9,480.88833526302903,439.09349201689486,1.0951843832942212,1
pro,llm,mary_shelley,4,10,285.40397228157127,439.09349201689486,0.6499845191752236,0
pro,llm,charlotte_bronte,4,1,498.35975812490057,439.09349201689486,1.134974139187937,1
pro,llm,charlotte_bronte,4,2,567.7280290433831,439.09349201689486,1.2929547792558467,1
pro,llm,charlotte_bronte,4,3,498.71058191844395,439.09349201689486,1.135773112071666,1
pro,llm,charlotte_bronte,4,4,549.5264849534434,439.09349201689486,1.2515022311747208,1
pro,llm,charlotte_bronte,4,5,435.46596743026066,439.09349201689486,0.9917386054391929,0
pro,llm,charlotte_bronte,4,6,511.6366999999415,439.09349201689486,1.1652113030640305,1
pro,llm,charlotte_bronte,4,7,377.51914391363306,439.09349201689486,0.8597693902944646,0
pro,llm,charlotte_bronte,4,8,582.5725887143225,439.09349201689486,1.3267620661795347,1
pro,llm,charlotte_bronte,4,9,477.91194536845893,439.09349201689486,1.088405895458069,1
pro,llm,charlotte_bronte,4,10,574.8197546479851,439.09349201689486,1.3091056121275146,1
pro,llm,oscar_wilde,3,1,833.4621237436888,448.9392291876774,1.8565143555215198,1
pro,llm,oscar_wilde,3,2,1025.4639423824656,448.9392291876774,2.2841932175051114,1
pro,llm,oscar_wilde,3,3,921.9283248698963,448.9392291876774,2.0535704276457594,1
pro,llm,oscar_wilde,3,4,991.4048369566545,448.9392291876774,2.2083274806492827,1
pro,llm,oscar_wilde,3,5,1095.5053026400076,448.9392291876774,2.4402084545434892,1
pro,llm,oscar_wilde,3,6,1115.0352470039627,448.9392291876774,2.483710877798621,1
pro,llm,oscar_wilde,3,7,880.9281754516933,448.9392291876774,1.962243702885284,1
pro,llm,oscar_wilde,3,8,981.1075667887487,448.9392291876774,2.1853905896439274,1
pro,llm,oscar_wilde,3,9,729.3785060187017,448.9392291876774,1.6246709099992411,1
pro,llm,oscar_wilde,3,10,965.8534662020115,448.9392291876774,2.1514124928437472,1
pro,llm,joseph_conrad,0,1,800.8207106874189,441.8837615060074,1.8122881636521324,1
pro,llm,joseph_conrad,0,2,740.7625652776749,441.8837615060074,1.676374263568869,1
pro,llm,joseph_conrad,0,3,838.9738285601302,441.8837615060074,1.8986301413312388,1
pro,llm,joseph_conrad,0,4,169.55701859744065,441.8837615060074,0.3837140745330048,0
pro,llm,joseph_conrad,0,5,854.9432839334511,441.8837615060074,1.9347696349367394,1
pro,llm,joseph_conrad,0,6,435.10371457192474,441.8837615060074,0.9846564922164707,0
pro,llm,joseph_conrad,0,7,848.4654181300299,441.8837615060074,1.920109974709933,1
pro,llm,joseph_conrad,0,8,290.53115497320096,441.8837615060074,0.6574832122887394,0
pro,llm,joseph_conrad,0,9,859.6666676982611,441.8837615060074,1.9454588346229011,1
pro,llm,joseph_conrad,0,10,165.09494411350255,441.8837615060074,0.3736162278306715,0
pro,llm,mildred_wirt,0,1,294.12081125582165,441.8837615060074,0.6656067429439203,0
pro,llm,mildred_wirt,0,2,184.99175425786797,441.8837615060074,0.4186434767989387,0
pro,llm,mildred_wirt,0,3,317.16770565265324,441.8837615060074,0.7177627541046027,0
pro,llm,mildred_wirt,0,4,95.55582415088207,441.8837615060074,0.216246516561761,0
pro,llm,mildred_wirt,0,5,576.2895565912188,441.8837615060074,1.3041654996036423,1
pro,llm,mildred_wirt,0,6,103.98294738580137,441.8837615060074,0.23531742155767751,0
pro,llm,mildred_wirt,0,7,312.5202872005785,441.8837615060074,0.7072454668518743,0
pro,llm,mildred_wirt,0,8,179.48947763040889,441.8837615060074,0.4061916125152038,0
pro,llm,mildred_wirt,0,9,331.96643334082864,441.8837615060074,0.7512528457923784,0
pro,llm,mildred_wirt,0,10,216.66966348769296,441.8837615060074,0.49033180750804156,0
pro,llm,robert_sidney_bowen,1,1,274.73432372783293,483.8554732139631,0.5678024512215121,0
pro,llm,robert_sidney_bowen,1,2,230.19521557108914,483.8554732139631,0.47575201338953493,0
pro,llm,robert_sidney_bowen,1,3,331.0527044571728,483.8554732139631,0.6841974986005372,0
pro,llm,robert_sidney_bowen,1,4,196.80003748848586,483.8554732139631,0.4067331018935483,0
pro,llm,robert_sidney_bowen,1,5,333.83474653050797,483.8554732139631,0.6899472363370058,0
pro,llm,robert_sidney_bowen,1,6,232.089419517053,483.8554732139631,0.47966682690478113,0
pro,llm,robert_sidney_bowen,1,7,376.05694962810696,483.8554732139631,0.7772092503783932,0
pro,llm,robert_sidney_bowen,1,8,209.4040476100314,483.8554732139631,0.43278222362368934,0
pro,llm,robert_sidney_bowen,1,9,344.99928970831525,483.8554732139631,0.713021364451436,0
pro,llm,robert_sidney_bowen,1,10,246.27052588835897,483.8554732139631,0.5089753852581864,0
pro,llm,luis_senarens,1,1,486.9555544998941,483.8554732139631,1.0064070398239768,1
pro,llm,luis_senarens,1,2,488.22929494373966,483.8554732139631,1.0090395210386356,1
pro,llm,luis_senarens,1,3,483.07866176780874,483.8554732139631,0.9983945382678128,0
pro,llm,luis_senarens,1,4,515.9630453494899,483.8554732139631,1.0663577739903516,1
pro,llm,luis_senarens,1,5,416.63274405503967,483.8554732139631,0.8610685775394811,0
pro,llm,luis_senarens,1,6,542.0229751377052,483.8554732139631,1.120216686890757,1
pro,llm,luis_senarens,1,7,411.02049550441467,483.8554732139631,0.849469559110804,0
pro,llm,luis_senarens,1,8,478.6288723334281,483.8554732139631,0.9891980122787125,0
pro,llm,luis_senarens,1,9,443.93257121367657,483.8554732139631,0.917490027063035,0
pro,llm,luis_senarens,1,10,477.5832958996911,483.8554732139631,0.9870370851183936,0
pro,llm,john_c_hutcheson,3,1,379.922618722724,448.9392291876774,0.8462673654297622,0
pro,llm,john_c_hutcheson,3,2,587.7824387899416,448.9392291876774,1.3092694970174266,1
pro,llm,john_c_hutcheson,3,3,505.3536188054808,448.9392291876774,1.1256615282203808,1
pro,llm,john_c_hutcheson,3,4,481.12432303892166,448.9392291876774,1.0716914267204511,1
pro,llm,john_c_hutcheson,3,5,559.9791530158162,448.9392291876774,1.2473384293661691,1
pro,llm,john_c_hutcheson,3,6,472.2788709924017,448.9392291876774,1.0519884213436987,1
pro,llm,john_c_hutcheson,3,7,506.8270119098897,448.9392291876774,1.1289434715405824,1
pro,llm,john_c_hutcheson,3,8,764.2837116963253,448.9392291876774,1.7024213122993075,1
pro,llm,john_c_hutcheson,3,9,418.61221655993705,448.9392291876774,0.932447398988467,0
pro,llm,john_c_hutcheson,3,10,789.149484299354,448.9392291876774,1.7578091487510725,1
pro,llm,harold_l_goodwin,2,1,157.80684373213106,490.58141011645677,0.3216731015035202,0
pro,llm,harold_l_goodwin,2,2,132.02401225474546,490.58141011645677,0.26911743806885163,0
pro,llm,harold_l_goodwin,2,3,100.14945142226527,490.58141011645677,0.20414440775179654,0
pro,llm,harold_l_goodwin,2,4,125.86759968750142,490.58141011645677,0.25656822107797017,0
pro,llm,harold_l_goodwin,2,5,178.2742205632851,490.58141011645677,0.3633937546083645,0
pro,llm,harold_l_goodwin,2,6,137.60630740055933,490.58141011645677,0.28049637544947664,0
pro,llm,harold_l_goodwin,2,7,203.7959189509552,490.58141011645677,0.41541712496316785,0
pro,llm,harold_l_goodwin,2,8,152.08794226974518,490.58141011645677,0.3100157061264139,0
pro,llm,harold_l_goodwin,2,9,149.654805727797,490.58141011645677,0.3050560062850143,0
pro,llm,harold_l_goodwin,2,10,115.5341836875507,490.58141011645677,0.2355046100506022,0
pro,llm,kathleen_thompson_norris,0,1,398.40223433220325,441.8837615060074,0.9015996265044626,0
pro,llm,kathleen_thompson_norris,0,2,437.349354665072,441.8837615060074,0.9897384623832263,0
pro,llm,kathleen_thompson_norris,0,3,381.3270690314827,441.8837615060074,0.862957868675377,0
pro,llm,kathleen_thompson_norris,0,4,333.6404821630583,441.8837615060074,0.7550412828612678,0
pro,llm,kathleen_thompson_norris,0,5,402.38281225442097,441.8837615060074,0.9106078279116636,0
pro,llm,kathleen_thompson_norris,0,6,495.63008801951895,441.8837615060074,1.1216300104134533,1
pro,llm,kathleen_thompson_norris,0,7,422.6757300427779,441.8837615060074,0.9565314837599699,0
pro,llm,kathleen_thompson_norris,0,8,370.8040886338154,441.8837615060074,0.8391439580627684,0
pro,llm,kathleen_thompson_norris,0,9,411.8893120381062,441.8837615060074,0.932121403679385,0
pro,llm,kathleen_thompson_norris,0,10,478.66564867777925,441.8837615060074,1.0832388297013078,1
pro,llm,arthur_scott_bailey,4,1,316.71789153489635,439.09349201689486,0.7212994437246409,0
pro,llm,arthur_scott_bailey,4,2,204.80152402813349,439.09349201689486,0.4664189466516926,0
pro,llm,arthur_scott_bailey,4,3,369.6483763509756,439.09349201689486,0.8418443522199885,0
pro,llm,arthur_scott_bailey,4,4,272.93509133445974,439.09349201689486,0.621587648864443,0
pro,llm,arthur_scott_bailey,4,5,321.23992276844666,439.09349201689486,0.7315980050009177,0
pro,llm,arthur_scott_bailey,4,6,253.16912597141848,439.09349201689486,0.5765722575584823,0
pro,llm,arthur_scott_bailey,4,7,208.99438953247895,439.09349201689486,0.47596785953829973,0
pro,llm,arthur_scott_bailey,4,8,266.75342139041135,439.09349201689486,0.6075093943322384,0
pro,llm,arthur_scott_bailey,4,9,332.8135210863234,439.09349201689486,0.7579559413591078,0
pro,llm,arthur_scott_bailey,4,10,198.32648674079286,439.09349201689486,0.4516725716653571,0
pro,llm,louis_joseph_vance,2,1,446.5046132438232,490.58141011645677,0.9101539602526513,0
pro,llm,louis_joseph_vance,2,2,370.85377184147507,490.58141011645677,0.755947461917564,0
pro,llm,louis_joseph_vance,2,3,580.9186691704531,490.58141011645677,1.184143257757263,1
pro,llm,louis_joseph_vance,2,4,354.85510069780395,490.58141011645677,0.7233358080436978,0
pro,llm,louis_joseph_vance,2,5,604.4640227064914,490.58141011645677,1.2321380513847857,1
pro,llm,louis_joseph_vance,2,6,397.5859221186942,490.58141011645677,0.8104382145754631,0
pro,llm,louis_joseph_vance,2,7,521.7957782714802,490.58141011645677,1.063627295106053,1
pro,llm,louis_joseph_vance,2,8,358.73013130349057,490.58141011645677,0.731234661375231,0
pro,llm,louis_joseph_vance,2,9,580.2526148769357,490.58141011645677,1.1827855742417803,1
pro,llm,louis_joseph_vance,2,10,305.4088560513211,490.58141011645677,0.622544698501359,0
pro,llm,susan_warner,3,1,500.5832125204785,448.9392291876774,1.115035577145368,1
pro,llm,susan_warner,3,2,360.1997505561218,448.9392291876774,0.8023352096181855,0
pro,llm,susan_warner,3,3,517.3321053668496,448.9392291876774,1.1523432833056806,1
pro,llm,susan_warner,3,4,440.4564410608666,448.9392291876774,0.9811048187030574,0
pro,llm,susan_warner,3,5,514.4117358050564,448.9392291876774,1.1458382390325896,1
pro,llm,susan_warner,3,6,462.06191682918063,448.9392291876774,1.0292304320681616,1
pro,llm,susan_warner,3,7,543.3843920299421,448.9392291876774,1.2103740477595515,1
pro,llm,susan_warner,3,8,369.87759101879993,448.9392291876774,0.8238923376958308,0
pro,llm,susan_warner,3,9,413.54739882873247,448.9392291876774,0.9211656543737916,0
pro,llm,susan_warner,3,10,514.4112221703147,448.9392291876774,1.1458370949250838,1
pro,llm,ethel_m_dell,4,1,255.51057905146433,439.09349201689486,0.5819047280291577,0
pro,llm,ethel_m_dell,4,2,270.4318562780774,439.09349201689486,0.6158867329959701,0
pro,llm,ethel_m_dell,4,3,256.1851155909711,439.09349201689486,0.5834409305731955,0
pro,llm,ethel_m_dell,4,4,245.2649476036669,439.09349201689486,0.5585711290711408,0
pro,llm,ethel_m_dell,4,5,234.77246736057174,439.09349201689486,0.5346753518987215,0
pro,llm,ethel_m_dell,4,6,317.7393765577335,439.09349201689486,0.7236257934460754,0
pro,llm,ethel_m_dell,4,7,272.3690691265983,439.09349201689486,0.6202985789552955,0
pro,llm,ethel_m_dell,4,8,268.6338290873954,439.09349201689486,0.6117918711422379,0
pro,llm,ethel_m_dell,4,9,260.6115030851144,439.09349201689486,0.5935216709499465,0
pro,llm,ethel_m_dell,4,10,307.04941798232863,439.09349201689486,0.6992802753052746,0
