condition,label,author,fold,observation_index,score,calibrated_threshold,normalised_score,flagged
flash,human,jane_austen,2,1,176.44947881109485,490.58141011645677,0.359674205284722,0
flash,human,jane_austen,2,2,165.41691260685218,490.58141011645677,0.3371854481146863,0
flash,human,jane_austen,2,3,131.12203421181044,490.58141011645677,0.26727884813385816,0
flash,human,jane_austen,2,4,133.3573423189045,490.58141011645677,0.2718352949559329,0
flash,human,jane_austen,2,5,134.64490292431884,490.58141011645677,0.27445985548526214,0
flash,human,jane_austen,2,6,111.88921143603453,490.58141011645677,0.22807470713061403,0
flash,human,jane_austen,2,7,230.01886437937503,490.58141011645677,0.46886991564717456,0
flash,human,jane_austen,2,8,138.94662953681734,490.58141011645677,0.2832284849599855,0
flash,human,jane_austen,2,9,120.83840315801251,490.58141011645677,0.24631671862439153,0
flash,human,jane_austen,2,10,186.92086838543312,490.58141011645677,0.38101906132370744,0
flash,human,jane_austen,2,11,93.82619039682625,490.58141011645677,0.19125508725361873,0
flash,human,jane_austen,2,12,199.6850546639227,490.58141011645677,0.40703754880667087,0
flash,human,jane_austen,2,13,96.13186531644557,490.58141011645677,0.19595496962191308,0
flash,human,jane_austen,2,14,130.59371980715176,490.58141011645677,0.26620193328595704,0
flash,human,jane_austen,2,15,192.56049491490234,490.58141011645677,0.3925148628628046,0
flash,human,jane_austen,2,16,142.5865178868596,490.58141011645677,0.2906480248670892,0
flash,human,jane_austen,2,17,133.76853580580595,490.58141011645677,0.27267347079876364,0
flash,human,jane_austen,2,18,103.90674977015652,490.58141011645677,0.21180327592415416,0
flash,human,jane_austen,2,19,144.6107782081601,490.58141011645677,0.2947742723757748,0
flash,human,jane_austen,2,20,181.2218678226594,490.58141011645677,0.3694022318938665,0
flash,human,jane_austen,2,21,173.80246787511095,490.58141011645677,0.3542785443782976,0
flash,human,jane_austen,2,22,269.0032146202958,490.58141011645677,0.5483355240803732,0
flash,human,jane_austen,2,23,255.9211058211939,490.58141011645677,0.521668984074309,0
flash,human,jane_austen,2,24,95.50329305438484,490.58141011645677,0.1946736893917643,0
flash,human,jane_austen,2,25,171.2290673081556,490.58141011645677,0.34903293067608976,0
flash,human,jane_austen,2,26,151.42570862806383,490.58141011645677,0.3086658106187057,0
flash,human,jane_austen,2,27,127.44114982529626,490.58141011645677,0.25977574200180886,0
flash,human,jane_austen,2,28,132.30643555578857,490.58141011645677,0.26969312906573645,0
flash,human,jane_austen,2,29,149.74730270401142,490.58141011645677,0.30524455190518457,0
flash,human,jane_austen,2,30,142.29815819454444,490.58141011645677,0.29006023314410745,0
flash,human,jane_austen,2,31,166.94497393311903,490.58141011645677,0.3403002447514038,0
flash,human,herbert_george_wells,0,1,483.52207669322274,441.8837615060074,1.094229113659451,1
flash,human,herbert_george_wells,0,2,634.0005140238186,441.8837615060074,1.4347676227409851,1
flash,human,herbert_george_wells,0,3,966.7619455148878,441.8837615060074,2.187819580018092,1
flash,human,herbert_george_wells,0,4,192.67417801613894,441.8837615060074,0.43602909814897,0
flash,human,herbert_george_wells,0,5,415.21959965513315,441.8837615060074,0.9396579730379802,0
flash,human,herbert_george_wells,0,6,156.8149214328173,441.8837615060074,0.3548782170640715,0
flash,human,herbert_george_wells,0,7,525.6644381574807,441.8837615060074,1.1895989034897685,1
flash,human,herbert_george_wells,0,8,349.91630720357136,441.8837615060074,0.7918741028432525,0
flash,human,herbert_george_wells,0,9,314.6337306413456,441.8837615060074,0.7120282708941957,0
flash,human,herbert_george_wells,0,10,579.7900279645283,441.8837615060074,1.3120872013683311,1
flash,human,herbert_george_wells,0,11,209.15755591764406,441.8837615060074,0.4733316182626923,0
flash,human,agnes_may_fleming,1,1,198.66234817455518,483.8554732139631,0.4105820005609522,0
flash,human,agnes_may_fleming,1,2,311.3208581651431,483.8554732139631,0.643417043724285,0
flash,human,agnes_may_fleming,1,3,269.7806118774014,483.8554732139631,0.5575644522224991,0
flash,human,agnes_may_fleming,1,4,326.28396867943195,483.8554732139631,0.6743417957269808,0
flash,human,agnes_may_fleming,1,5,453.7216369661427,483.8554732139631,0.9377214108013302,0
flash,human,agnes_may_fleming,1,6,419.5428198005364,483.8554732139631,0.8670829266718094,0
flash,human,agnes_may_fleming,1,7,301.1058632413632,483.8554732139631,0.6223053781768689,0
flash,human,agnes_may_fleming,1,8,348.4850727152316,483.8554732139631,0.7202255466915632,0
flash,human,agnes_may_fleming,1,9,434.37059112511383,483.8554732139631,0.8977279687255562,0
flash,human,agnes_may_fleming,1,10,225.43479600134262,483.8554732139631,0.46591349789620823,0
flash,human,agnes_may_fleming,1,11,251.00070162336047,483.8554732139631,0.5187513948248071,0
flash,human,agnes_may_fleming,1,12,254.8071260721788,483.8554732139631,0.5266182572652266,0
flash,human,agnes_may_fleming,1,13,280.27467265818393,483.8554732139631,0.5792528723432363,0
flash,human,agnes_may_fleming,1,14,217.36746793276401,483.8554732139631,0.4492404859842169,0
flash,human,agnes_may_fleming,1,15,181.90334477483535,483.8554732139631,0.37594561774109947,0
flash,human,agnes_may_fleming,1,16,182.2899876180675,483.8554732139631,0.3767447052055109,0
flash,human,agnes_may_fleming,1,17,118.76265703114689,483.8554732139631,0.24545068435885917,0
flash,human,agnes_may_fleming,1,18,206.68415013286827,483.8554732139631,0.42716092216543267,0
flash,human,agnes_may_fleming,1,19,169.66992849556777,483.8554732139631,0.35066241447792607,0
flash,human,agnes_may_fleming,1,20,301.75674081288383,483.8554732139631,0.6236505682337206,0
flash,human,agnes_may_fleming,1,21,381.38087017917275,483.8554732139631,0.7882123718594879,0
flash,human,agnes_may_fleming,1,22,192.8175181290125,483.8554732139631,0.3985022983169764,0
flash,human,agnes_may_fleming,1,23,351.533849359773,483.8554732139631,0.7265265535279439,0
flash,human,agnes_may_fleming,1,24,247.56507368785756,483.8554732139631,0.5116508697182457,0
flash,human,agnes_may_fleming,1,25,136.0113992210741,483.8554732139631,0.2810992264231953,0
flash,human,agnes_may_fleming,1,26,99.48258046897863,483.8554732139631,0.20560391682287943,0
flash,human,agnes_may_fleming,1,27,140.44700712052298,483.8554732139631,0.2902664429682222,0
flash,human,agnes_may_fleming,1,28,155.60701767584672,483.8554732139631,0.3215981347534258,0
flash,human,agnes_may_fleming,1,29,156.65147531569008,483.8554732139631,0.323756749665655,0
flash,human,agnes_may_fleming,1,30,193.87657429007749,483.8554732139631,0.4006910844725412,0
flash,human,agnes_may_fleming,1,31,166.7322862996539,483.8554732139631,0.3445910928570279,0
flash,human,agnes_may_fleming,1,32,177.93791381953622,483.8554732139631,0.36775013133074813,0
flash,human,agnes_may_fleming,1,33,180.61243865344238,483.8554732139631,0.3732776596568016,0
flash,human,charles_dickens,3,1,222.71974708717113,448.9392291876774,0.4961022174207546,0
flash,human,charles_dickens,3,2,269.12888261901287,448.9392291876774,0.599477312566295,0
flash,human,charles_dickens,3,3,196.98706899596897,448.9392291876774,0.43878337242303955,0
flash,human,charles_dickens,3,4,239.38962788864666,448.9392291876774,0.533233926386439,0
flash,human,charles_dickens,3,5,153.3064027263874,448.9392291876774,0.34148586881967097,0
flash,human,charles_dickens,3,6,332.56974362435113,448.9392291876774,0.7407901159052455,0
flash,human,charles_dickens,3,7,168.25319287225958,448.9392291876774,0.3747794399181853,0
flash,human,charles_dickens,3,8,106.64254710945413,448.9392291876774,0.237543391568645,0
flash,human,charles_dickens,3,9,100.75185234918584,448.9392291876774,0.2244220281918533,0
flash,human,charles_dickens,3,10,129.4175939222395,448.9392291876774,0.28827419282652383,0
flash,human,charles_dickens,3,11,81.80125902070486,448.9392291876774,0.18221009371071945,0
flash,human,charles_dickens,3,12,222.79476160368844,448.9392291876774,0.49626931022895726,0
flash,human,charles_dickens,3,13,116.1172105899492,448.9392291876774,0.2586479484095314,0
flash,human,charles_dickens,3,14,88.8531153448237,448.9392291876774,0.19791791308947737,0
flash,human,charles_dickens,3,15,113.17897135590093,448.9392291876774,0.25210309992443736,0
flash,human,charles_dickens,3,16,141.63314001371222,448.9392291876774,0.31548399160836754,0
flash,human,charles_dickens,3,17,117.05876063254082,448.9392291876774,0.2607452256831065,0
flash,human,charles_dickens,3,18,129.68326321044376,448.9392291876774,0.28886596398603015,0
flash,human,charles_dickens,3,19,148.33389041440034,448.9392291876774,0.3304097320316597,0
flash,human,charles_dickens,3,20,181.06196900375062,448.9392291876774,0.40331064258155597,0
flash,human,charles_dickens,3,21,162.32979386344704,448.9392291876774,0.36158522871162513,0
flash,human,charles_dickens,3,22,164.83711899664686,448.9392291876774,0.3671702276829484,0
flash,human,charles_dickens,3,23,209.85897679914768,448.9392291876774,0.4674551991789002,0
flash,human,charles_dickens,3,24,107.43389769179265,448.9392291876774,0.23930610360379154,0
flash,human,charles_dickens,3,25,171.34862843291933,448.9392291876774,0.38167443897242415,0
flash,human,charles_dickens,3,26,160.52415056102546,448.9392291876774,0.3575632070547324,0
flash,human,charles_dickens,3,27,176.77636492161113,448.9392291876774,0.3937645753111729,0
flash,human,charles_dickens,3,28,180.94148521182765,448.9392291876774,0.40304226819123823,0
flash,human,charles_dickens,3,29,113.87486483292858,448.9392291876774,0.2536531838373242,0
flash,human,charles_dickens,3,30,115.56496134673931,448.9392291876774,0.2574178281453497,0
flash,human,charles_dickens,3,31,149.64978512233043,448.9392291876774,0.3333408519302506,0
flash,human,charles_dickens,3,32,121.40818349840863,448.9392291876774,0.27043344756948023,0
flash,human,charles_dickens,3,33,96.18063404411886,448.9392291876774,0.21423976295889904,0
flash,human,charles_dickens,3,34,192.22202525142177,448.9392291876774,0.42816936626196245,0
flash,human,mark_twain,2,1,223.93111541217144,490.58141011645677,0.4564606623781637,0
flash,human,mark_twain,2,2,271.9149875494597,490.58141011645677,0.5542708752150047,0
flash,human,mark_twain,2,3,202.56902260357165,490.58141011645677,0.41291622231564945,0
flash,human,mark_twain,2,4,264.82928724934743,490.58141011645677,0.5398274002809867,0
flash,human,mark_twain,2,5,237.8304598756396,490.58141011645677,0.48479305365277126,0
flash,human,mark_twain,2,6,265.28883861638707,490.58141011645677,0.5407641487136894,0
flash,human,mark_twain,2,7,197.06436669078914,490.58141011645677,0.40169554456620965,0
flash,human,mark_twain,2,8,174.00858257026843,490.58141011645677,0.3546986880912617,0
flash,human,mark_twain,2,9,122.51068732956142,490.58141011645677,0.24972549877191472,0
flash,human,mark_twain,2,10,113.35158554422966,490.58141011645677,0.23105560709551076,0
flash,human,mark_twain,2,11,318.0292058226025,490.58141011645677,0.6482699899841436,0
flash,human,mark_twain,2,12,138.67231499636816,490.58141011645677,0.2826693228417469,0
flash,human,mark_twain,2,13,166.96340768221333,490.58141011645677,0.340337820062482,0
flash,human,mark_twain,2,14,183.0722932334682,490.58141011645677,0.37317413472722,0
flash,human,mark_twain,2,15,127.68221384805481,490.58141011645677,0.26026712634248605,0
flash,human,mark_twain,2,16,216.49022902152137,490.58141011645677,0.44129317694718556,0
flash,human,mark_twain,2,17,439.61825878264847,490.58141011645677,0.8961168314108959,0
flash,human,mark_twain,2,18,141.00817574594387,490.58141011645677,0.28743073593528673,0
flash,human,mark_twain,2,19,239.3594492195613,490.58141011645677,0.4879097419585078,0
flash,human,mark_twain,2,20,123.26039004242801,490.58141011645677,0.25125369102993084,0
flash,human,mark_twain,2,21,121.41404633599639,490.58141011645677,0.24749010833324175,0
flash,human,mark_twain,2,22,243.64321190013487,490.58141011645677,0.4966417537963731,0
flash,human,mark_twain,2,23,156.37722246405045,490.58141011645677,0.31875896485137667,0
flash,human,mark_twain,2,24,139.84101099026933,490.58141011645677,0.2850515900247283,0
flash,human,arthur_conan_doyle,1,1,76.0765925986872,483.8554732139631,0.15722999285996664,0
flash,human,arthur_conan_doyle,1,2,127.16391140456193,483.8554732139631,0.2628138327337458,0
flash,human,arthur_conan_doyle,1,3,203.02579883582342,483.8554732139631,0.41960008737163645,0
flash,human,arthur_conan_doyle,1,4,59.3917249515998,483.8554732139631,0.1227468288352636,0
flash,human,arthur_conan_doyle,1,5,97.85092017113917,483.8554732139631,0.20223171088915026,0
flash,human,arthur_conan_doyle,1,6,122.3020060962219,483.8554732139631,0.2527655733309012,0
flash,human,arthur_conan_doyle,1,7,81.34642303993469,483.8554732139631,0.1681213245343676,0
flash,human,arthur_conan_doyle,1,8,95.528138554727,483.8554732139631,0.197431141824625,0
flash,human,arthur_conan_doyle,1,9,100.22473483070964,483.8554732139631,0.2071377516202856,0
flash,human,arthur_conan_doyle,1,10,172.63810454511193,483.8554732139631,0.3567968414170869,0
flash,human,arthur_conan_doyle,1,11,173.7331072677545,483.8554732139631,0.3590599195122237,0
flash,human,arthur_conan_doyle,1,12,177.5783573301368,483.8554732139631,0.36700702412352554,0
flash,human,arthur_conan_doyle,1,13,174.84449742302283,483.8554732139631,0.3613568660526566,0
flash,human,arthur_conan_doyle,1,14,93.9612130804096,483.8554732139631,0.19419272547705488,0
flash,human,arthur_conan_doyle,1,15,107.42776968442149,483.8554732139631,0.22202450035512247,0
flash,human,arthur_conan_doyle,1,16,150.98224784968446,483.8554732139631,0.3120399710409381,0
flash,human,arthur_conan_doyle,1,17,104.25830367678974,483.8554732139631,0.21547406084768259,0
flash,human,mary_shelley,4,1,154.3874361177788,439.09349201689486,0.3516049290747367,0
flash,human,mary_shelley,4,2,203.41450908763167,439.09349201689486,0.46326013203540023,0
flash,human,mary_shelley,4,3,356.2083412847987,439.09349201689486,0.8112357567601867,0
flash,human,mary_shelley,4,4,228.55171475931473,439.09349201689486,0.5205080897680916,0
flash,human,mary_shelley,4,5,206.68902567679388,439.09349201689486,0.4707175793642625,0
flash,human,mary_shelley,4,6,272.5368338873223,439.09349201689486,0.6206806496618174,0
flash,human,mary_shelley,4,7,225.94133073388815,439.09349201689486,0.5145631507678886,0
flash,human,mary_shelley,4,8,209.82745523569326,439.09349201689486,0.4778650994618244,0
flash,human,mary_shelley,4,9,168.37906324509373,439.09349201689486,0.38346973094881365,0
flash,human,mary_shelley,4,10,163.0922319777149,439.09349201689486,0.3714293993030524,0
flash,human,mary_shelley,4,11,197.92942716575206,439.09349201689486,0.4507683005197818,0
flash,human,mary_shelley,4,12,194.05632004494203,439.09349201689486,0.4419476115521097,0
flash,human,mary_shelley,4,13,177.22316117956802,439.09349201689486,0.40361145041236246,0
flash,human,mary_shelley,4,14,305.87264387573725,439.09349201689486,0.6966002672250226,0
flash,human,mary_shelley,4,15,227.59326583953163,439.09349201689486,0.5183252996853221,0
flash,human,mary_shelley,4,16,297.9823768164518,439.09349201689486,0.6786308206202847,0
flash,human,mary_shelley,4,17,285.040869262287,439.09349201689486,0.6491575813456137,0
flash,human,mary_shelley,4,18,350.18018082474595,439.09349201689486,0.7975071076919359,0
flash,human,mary_shelley,4,19,584.0700287271716,439.09349201689486,1.330172364988499,1
flash,human,mary_shelley,4,20,482.64176530069216,439.09349201689486,1.0991776787302547,1
flash,human,charlotte_bronte,4,1,352.22400263657806,439.09349201689486,0.8021617469635046,0
flash,human,charlotte_bronte,4,2,293.8187795843612,439.09349201689486,0.6691485638622402,0
flash,human,charlotte_bronte,4,3,368.0338336872075,439.09349201689486,0.8381673615719333,0
flash,human,charlotte_bronte,4,4,447.7436272430612,439.09349201689486,1.0196999850451747,1
flash,human,charlotte_bronte,4,5,285.8576399937015,439.09349201689486,0.6510177107856171,0
flash,human,charlotte_bronte,4,6,277.87053061082133,439.09349201689486,0.6328277136025733,0
flash,human,charlotte_bronte,4,7,327.2695246315487,439.09349201689486,0.7453299367483143,0
flash,human,charlotte_bronte,4,8,305.6993544918463,439.09349201689486,0.6962056146349899,0
flash,human,charlotte_bronte,4,9,386.09807949206623,439.09349201689486,0.8793072238866397,0
flash,human,charlotte_bronte,4,10,372.36500331657925,439.09349201689486,0.8480312509442792,0
flash,human,charlotte_bronte,4,11,388.5023914215485,439.09349201689486,0.8847828503151676,0
flash,human,charlotte_bronte,4,12,356.088091370997,439.09349201689486,0.8109618972838156,0
flash,human,charlotte_bronte,4,13,396.12420487736387,439.09349201689486,0.9021409154980651,0
flash,human,charlotte_bronte,4,14,323.50116412102943,439.09349201689486,0.7367477997341445,0
flash,human,charlotte_bronte,4,15,234.88724913304148,439.09349201689486,0.5349367581244037,0
flash,human,charlotte_bronte,4,16,209.67364414209842,439.09349201689486,0.4775148071063437,0
flash,human,charlotte_bronte,4,17,438.5126324171822,439.09349201689486,0.99867713912806,0
flash,human,charlotte_bronte,4,18,312.6754196484912,439.09349201689486,0.7120930401684489,0
flash,human,charlotte_bronte,4,19,320.3872666095773,439.09349201689486,0.7296561493952861,0
flash,human,charlotte_bronte,4,20,303.39376716879906,439.09349201689486,0.6909548255320657,0
flash,human,charlotte_bronte,4,21,327.2109205180849,439.09349201689486,0.745196470608348,0
flash,human,charlotte_bronte,4,22,246.63512999479332,439.09349201689486,0.5616916089143577,0
flash,human,charlotte_bronte,4,23,337.89470556261006,439.09349201689486,0.7695279290306789,0
flash,human,charlotte_bronte,4,24,250.86141876487858,439.09349201689486,0.5713166405919454,0
flash,human,charlotte_bronte,4,25,388.93046513366414,439.09349201689486,0.8857577536555686,0
flash,human,charlotte_bronte,4,26,363.89835513270094,439.09349201689486,0.828749142833343,0
flash,human,charlotte_bronte,4,27,431.72602174188603,439.09349201689486,0.9832211808898198,0
flash,human,charlotte_bronte,4,28,384.7148259237706,439.09349201689486,0.8761569754920623,0
flash,human,charlotte_bronte,4,29,408.68793535981183,439.09349201689486,0.9307537979726807,0
flash,human,charlotte_bronte,4,30,515.6914491116333,439.09349201689486,1.1744456670102303,1
flash,human,charlotte_bronte,4,31,362.36584506073007,439.09349201689486,0.8252589747943416,0
flash,human,charlotte_bronte,4,32,339.6616480190586,439.09349201689486,0.7735519979102526,0
flash,human,charlotte_bronte,4,33,426.9211158471999,439.09349201689486,0.972278395396426,0
flash,human,charlotte_bronte,4,34,443.3940966549135,439.09349201689486,1.0097942800706623,1
flash,human,charlotte_bronte,4,35,355.37596765129246,439.09349201689486,0.8093400929695829,0
flash,human,charlotte_bronte,4,36,519.9946949282927,439.09349201689486,1.1842459621521446,1
flash,human,charlotte_bronte,4,37,430.814223263745,439.09349201689486,0.9811446334239194,0
flash,human,charlotte_bronte,4,38,487.330292632532,439.09349201689486,1.1098554214367202,1
flash,human,charlotte_bronte,4,39,615.7805262759726,439.09349201689486,1.4023904646081147,1
flash,human,charlotte_bronte,4,40,726.0397843174446,439.09349201689486,1.6534970285770234,1
flash,human,charlotte_bronte,4,41,825.4335116118737,439.09349201689486,1.8798582229501906,1
flash,human,charlotte_bronte,4,42,141.91901498551047,439.09349201689486,0.3232091059551616,0
flash,human,charlotte_bronte,4,43,149.67385892730206,439.09349201689486,0.3408701373363628,0
flash,human,charlotte_bronte,4,44,231.58509303974003,439.09349201689486,0.5274163640549457,0
flash,human,charlotte_bronte,4,45,204.344801295207,439.09349201689486,0.46537879747792865,0
flash,human,charlotte_bronte,4,46,225.45236660215647,439.09349201689486,0.5134495744097292,0
flash,human,charlotte_bronte,4,47,114.00205908351026,439.09349201689486,0.25963049135586785,0
flash,human,charlotte_bronte,4,48,162.77350925407936,439.09349201689486,0.37070353401597755,0
flash,human,charlotte_bronte,4,49,118.89239010278581,439.09349201689486,0.27076782567802493,0
flash,human,charlotte_bronte,4,50,181.9645822359798,439.09349201689486,0.4144096543088332,0
flash,human,charlotte_bronte,4,51,141.26936536147414,439.09349201689486,0.3217295813531178,0
flash,human,charlotte_bronte,4,52,182.5176660612599,439.09349201689486,0.41566925809557936,0
flash,human,charlotte_bronte,4,53,148.49969498269698,439.09349201689486,0.3381960736894347,0
flash,human,charlotte_bronte,4,54,151.6508641706086,439.09349201689486,0.3453726072641805,0
flash,human,charlotte_bronte,4,55,164.61943245197784,439.09349201689486,0.3749074751616766,0
flash,human,charlotte_bronte,4,56,120.82439962640537,439.09349201689486,0.2751678214847157,0
flash,human,charlotte_bronte,4,57,160.45672669774865,439.09349201689486,0.36542724867253285,0
flash,human,charlotte_bronte,4,58,124.16719757210556,439.09349201689486,0.28278077409384156,0
flash,human,charlotte_bronte,4,59,277.0963794647787,439.09349201689486,0.6310646468295116,0
flash,human,charlotte_bronte,4,60,309.3357455134211,439.09349201689486,0.7044872017859898,0
flash,human,oscar_wilde,3,1,947.3753516659132,448.9392291876774,2.110252992103451,1
flash,human,oscar_wilde,3,2,1143.7039268755007,448.9392291876774,2.547569587413755,1
flash,human,oscar_wilde,3,3,1159.2125411064935,448.9392291876774,2.5821146064780383,1
flash,human,oscar_wilde,3,4,876.8414456367932,448.9392291876774,1.9531406226704078,1
flash,human,oscar_wilde,3,5,376.881297308902,448.9392291876774,0.8394929041751175,0
flash,human,oscar_wilde,3,6,957.132323661625,448.9392291876774,2.1319863835323227,1
flash,human,oscar_wilde,3,7,1741.6590054262779,448.9392291876774,3.8794983645730445,1
flash,human,oscar_wilde,3,8,1161.4624616568071,448.9392291876774,2.5871262436975897,1
flash,human,oscar_wilde,3,9,872.8406489500176,448.9392291876774,1.9442289561760033,1
flash,human,joseph_conrad,0,1,379.2012239294653,441.8837615060074,0.8581469991951947,0
flash,human,joseph_conrad,0,2,503.58588005215677,441.8837615060074,1.1396342747148236,1
flash,human,joseph_conrad,0,3,408.7587350775682,441.8837615060074,0.9250367872411875,0
flash,human,joseph_conrad,0,4,145.89346008979732,441.8837615060074,0.3301625286988825,0
flash,human,joseph_conrad,0,5,357.81445447330304,441.8837615060074,0.8097479148222526,0
flash,human,joseph_conrad,0,6,484.47463818105234,441.8837615060074,1.096384797055879,1
flash,human,joseph_conrad,0,7,319.47762844929406,441.8837615060074,0.722990198509367,0
flash,human,joseph_conrad,0,8,146.8079317851332,441.8837615060074,0.33223201342540704,0
flash,human,joseph_conrad,0,9,160.08316312971255,441.8837615060074,0.36227437411170005,0
flash,human,joseph_conrad,0,10,106.10139405041292,441.8837615060074,0.2401115480885814,0
flash,human,joseph_conrad,0,11,152.48560361246115,441.8837615060074,0.34508080381312706,0
flash,human,joseph_conrad,0,12,129.48158295835827,441.8837615060074,0.293021817586293,0
flash,human,joseph_conrad,0,13,207.68452829626492,441.8837615060074,0.4699980999266511,0
flash,human,joseph_conrad,0,14,152.8324852795448,441.8837615060074,0.34586581040830366,0
flash,human,joseph_conrad,0,15,303.15626071530846,441.8837615060074,0.6860543136550337,0
flash,human,joseph_conrad,0,16,187.3421208990044,441.8837615060074,0.42396244718410525,0
flash,human,joseph_conrad,0,17,271.89525706324326,441.8837615060074,0.615309456352464,0
flash,human,joseph_conrad,0,18,193.08674764543545,441.8837615060074,0.43696275913685156,0
flash,human,joseph_conrad,0,19,115.2060902520901,441.8837615060074,0.2607158268487852,0
flash,human,joseph_conrad,0,20,151.60903154528998,441.8837615060074,0.3430970874072929,0
flash,human,joseph_conrad,0,21,169.20266610021685,441.8837615060074,0.38291216116099924,0
flash,human,joseph_conrad,0,22,160.3175106470208,441.8837615060074,0.3628047115844091,0
flash,human,joseph_conrad,0,23,227.26047482803006,441.8837615060074,0.5142992221608046,0
flash,human,joseph_conrad,0,24,117.51509331592595,441.8837615060074,0.26594118986272897,0
flash,human,joseph_conrad,0,25,102.55540530331633,441.8837615060074,0.23208683875096892,0
flash,human,mildred_wirt,0,1,62.18326609838631,441.8837615060074,0.1407231301880301,0
flash,human,mildred_wirt,0,2,45.11322153221193,441.8837615060074,0.10209296077877851,0
flash,human,mildred_wirt,0,3,72.24507723122899,441.8837615060074,0.16349339696260104,0
flash,human,mildred_wirt,0,4,91.41715618607739,441.8837615060074,0.20688055128913033,0
flash,human,mildred_wirt,0,5,50.18448396378012,441.8837615060074,0.11356942330884423,0
flash,human,mildred_wirt,0,6,63.589411772227294,441.8837615060074,0.14390529209651168,0
flash,human,mildred_wirt,0,7,68.10754708196733,441.8837615060074,0.1541300066104407,0
flash,human,mildred_wirt,0,8,109.10856133639882,441.8837615060074,0.24691688367216794,0
flash,human,mildred_wirt,0,9,93.98177951469916,441.8837615060074,0.2126843928240198,0
flash,human,mildred_wirt,0,10,90.759093870237,441.8837615060074,0.20539133088058303,0
flash,human,mildred_wirt,0,11,62.90932712098049,441.8837615060074,0.14236623429332612,0
flash,human,mildred_wirt,0,12,55.593725923094325,441.8837615060074,0.12581074654932423,0
flash,human,mildred_wirt,0,13,72.36342116661214,441.8837615060074,0.16376121385403833,0
flash,human,mildred_wirt,0,14,51.12414252205441,441.8837615060074,0.11569590687789821,0
flash,human,robert_sidney_bowen,1,1,218.32948185826365,483.8554732139631,0.4512287117639307,0
flash,human,robert_sidney_bowen,1,2,320.3504017420445,483.8554732139631,0.6620786980338322,0
flash,human,robert_sidney_bowen,1,3,323.780156631392,483.8554732139631,0.6691670851229887,0
flash,human,robert_sidney_bowen,1,4,149.34388492403414,483.8554732139631,0.30865391256614677,0
flash,human,robert_sidney_bowen,1,5,189.51477763133235,483.8554732139631,0.3916764160432015,0
flash,human,robert_sidney_bowen,1,6,152.40743147092533,483.8554732139631,0.3149854448448702,0
flash,human,robert_sidney_bowen,1,7,118.75991679609565,483.8554732139631,0.24544502102506854,0
flash,human,robert_sidney_bowen,1,8,87.31292668888706,483.8554732139631,0.1804524936112005,0
flash,human,robert_sidney_bowen,1,9,132.1258859437218,483.8554732139631,0.27306890850296356,0
flash,human,robert_sidney_bowen,1,10,78.44456102568776,483.8554732139631,0.16212395099021484,0
flash,human,robert_sidney_bowen,1,11,84.3679405815352,483.8554732139631,0.17436599408730324,0
flash,human,robert_sidney_bowen,1,12,70.61668204977076,483.8554732139631,0.145945816383364,0
flash,human,luis_senarens,1,1,328.8103029777955,483.8554732139631,0.6795630538055195,0
flash,human,luis_senarens,1,2,341.95867299572876,483.8554732139631,0.7067372220144611,0
flash,human,luis_senarens,1,3,185.45045585283756,483.8554732139631,0.38327654872022193,0
flash,human,luis_senarens,1,4,317.2076632424773,483.8554732139631,0.6555834971452449,0
flash,human,luis_senarens,1,5,369.4499302470092,483.8554732139631,0.7635543063985075,0
flash,human,luis_senarens,1,6,474.43470106581924,483.8554732139631,0.980529780751332,0
flash,human,luis_senarens,1,7,353.6729890321592,483.8554732139631,0.7309475837545469,0
flash,human,luis_senarens,1,8,407.7845204322202,483.8554732139631,0.8427816631349668,0
flash,human,luis_senarens,1,9,552.7032902071377,483.8554732139631,1.1422900448678603,1
flash,human,john_c_hutcheson,3,1,69.07701999902952,448.9392291876774,0.15386719517476632,0
flash,human,john_c_hutcheson,3,2,73.42089873234873,448.9392291876774,0.1635430676557236,0
flash,human,john_c_hutcheson,3,3,73.2102448510381,448.9392291876774,0.16307384182822843,0
flash,human,john_c_hutcheson,3,4,113.4216470040397,448.9392291876774,0.2526436533721231,0
flash,human,john_c_hutcheson,3,5,53.183730597904265,448.9392291876774,0.11846532256523076,0
flash,human,john_c_hutcheson,3,6,99.46538930954775,448.9392291876774,0.22155646653896355,0
flash,human,john_c_hutcheson,3,7,100.08662814776574,448.9392291876774,0.2229402592615155,0
flash,human,john_c_hutcheson,3,8,79.69510042315892,448.9392291876774,0.1775186823556528,0
flash,human,john_c_hutcheson,3,9,169.71658721100198,448.9392291876774,0.378039111258091,0
flash,human,john_c_hutcheson,3,10,67.35088412540783,448.9392291876774,0.15002227416676042,0
flash,human,john_c_hutcheson,3,11,99.83305057113623,448.9392291876774,0.2223754220627518,0
flash,human,john_c_hutcheson,3,12,83.9736071149276,448.9392291876774,0.18704894038079872,0
flash,human,john_c_hutcheson,3,13,108.50760984112394,448.9392291876774,0.24169776839832083,0
flash,human,john_c_hutcheson,3,14,169.69510260716467,448.9392291876774,0.37799125488368546,0
flash,human,john_c_hutcheson,3,15,99.18309444972598,448.9392291876774,0.22092766236800138,0
flash,human,john_c_hutcheson,3,16,120.49174283240264,448.9392291876774,0.26839210075364456,0
flash,human,john_c_hutcheson,3,17,91.48913582407299,448.9392291876774,0.20378957746600995,0
flash,human,john_c_hutcheson,3,18,140.47746191099344,448.9392291876774,0.31290974986787656,0
flash,human,john_c_hutcheson,3,19,66.1416192197271,448.9392291876774,0.14732866927090668,0
flash,human,john_c_hutcheson,3,20,114.04802794660361,448.9392291876774,0.2540388999931352,0
flash,human,john_c_hutcheson,3,21,95.95200446734106,448.9392291876774,0.21373049675556124,0
flash,human,john_c_hutcheson,3,22,86.31542862332347,448.9392291876774,0.1922652845007662,0
flash,human,john_c_hutcheson,3,23,77.86503323620146,448.9392291876774,0.1734422571560354,0
flash,human,harold_l_goodwin,2,1,93.54988692607188,490.58141011645677,0.19069187090449374,0
flash,human,harold_l_goodwin,2,2,62.495066797268734,490.58141011645677,0.1273897981222593,0
flash,human,harold_l_goodwin,2,3,78.0273254957036,490.58141011645677,0.1590507179576598,0
flash,human,harold_l_goodwin,2,4,271.37391718679413,490.58141011645677,0.5531679586521103,0
flash,human,harold_l_goodwin,2,5,103.43895335963477,490.58141011645677,0.21084972081408443,0
flash,human,harold_l_goodwin,2,6,60.700123386582035,490.58141011645677,0.12373098966830545,0
flash,human,harold_l_goodwin,2,7,60.781978591428505,490.58141011645677,0.1238978431265868,0
flash,human,harold_l_goodwin,2,8,128.0833537243635,490.58141011645677,0.26108480892897756,0
flash,human,harold_l_goodwin,2,9,66.64365253040381,490.58141011645677,0.13584626558634497,0
flash,human,harold_l_goodwin,2,10,105.17478058794316,490.58141011645677,0.21438802698001994,0
flash,human,harold_l_goodwin,2,11,100.68683164429599,490.58141011645677,0.20523980234064398,0
flash,human,harold_l_goodwin,2,12,100.72284478180363,490.58141011645677,0.20531321143598474,0
flash,human,kathleen_thompson_norris,0,1,46.43760472715193,441.8837615060074,0.10509009104314102,0
flash,human,kathleen_thompson_norris,0,2,93.4613005057514,441.8837615060074,0.21150652874688358,0
flash,human,kathleen_thompson_norris,0,3,86.50733506906879,441.8837615060074,0.1957694366822591,0
flash,human,kathleen_thompson_norris,0,4,114.33178294139763,441.8837615060074,0.2587372356742358,0
flash,human,kathleen_thompson_norris,0,5,118.70196546474769,441.8837615060074,0.2686271273246006,0
flash,human,kathleen_thompson_norris,0,6,55.12960423053701,441.8837615060074,0.12476042125342397,0
flash,human,kathleen_thompson_norris,0,7,93.80527582847209,441.8837615060074,0.2122849581726411,0
flash,human,kathleen_thompson_norris,0,8,101.86449708560811,441.8837615060074,0.23052328679931197,0
flash,human,kathleen_thompson_norris,0,9,122.06288114068566,441.8837615060074,0.27623300916213056,0
flash,human,kathleen_thompson_norris,0,10,188.4410982493325,441.8837615060074,0.426449475326037,0
flash,human,kathleen_thompson_norris,0,11,189.35743116863222,441.8837615060074,0.428523172074197,0
flash,human,kathleen_thompson_norris,0,12,106.7904581566468,441.8837615060074,0.24167092674482676,0
flash,human,kathleen_thompson_norris,0,13,107.67094513461008,441.8837615060074,0.24366350274481924,0
flash,human,kathleen_thompson_norris,0,14,141.3417113808197,441.8837615060074,0.3198617457656863,0
flash,human,kathleen_thompson_norris,0,15,128.83550017238446,441.8837615060074,0.29155970731599956,0
flash,human,kathleen_thompson_norris,0,16,137.7370746504327,441.8837615060074,0.31170431377927016,0
flash,human,kathleen_thompson_norris,0,17,145.90717207389025,441.8837615060074,0.3301935594478881,0
flash,human,kathleen_thompson_norris,0,18,186.56686176816785,441.8837615060074,0.4222080058618119,0
flash,human,kathleen_thompson_norris,0,19,127.65939695015823,441.8837615060074,0.28889814035047473,0
flash,human,kathleen_thompson_norris,0,20,141.62142053080075,441.8837615060074,0.3204947383631689,0
flash,human,kathleen_thompson_norris,0,21,75.2870956275576,441.8837615060074,0.17037760195343607,0
flash,human,kathleen_thompson_norris,0,22,137.2767617590692,441.8837615060074,0.3106626079474136,0
flash,human,kathleen_thompson_norris,0,23,99.33819556746107,441.8837615060074,0.22480616899996805,0
flash,human,kathleen_thompson_norris,0,24,95.24179104563831,441.8837615060074,0.21553584752931343,0
flash,human,kathleen_thompson_norris,0,25,92.29282166215025,441.8837615060074,0.20886221604433303,0
flash,human,kathleen_thompson_norris,0,26,120.16867421307946,441.8837615060074,0.2719463458071558,0
flash,human,arthur_scott_bailey,4,1,104.21956130406699,439.09349201689486,0.23735164195978783,0
flash,human,arthur_scott_bailey,4,2,176.96277262955135,439.09349201689486,0.403018436499037,0
flash,human,arthur_scott_bailey,4,3,132.75578442902403,439.09349201689486,0.3023405876940577,0
flash,human,louis_joseph_vance,2,1,80.57465954296893,490.58141011645677,0.1642431977270433,0
flash,human,louis_joseph_vance,2,2,101.31188473564102,490.58141011645677,0.20651390910142942,0
flash,human,louis_joseph_vance,2,3,175.66206853656908,490.58141011645677,0.3580691500211341,0
flash,human,louis_joseph_vance,2,4,168.79612073798575,490.58141011645677,0.34407361807271913,0
flash,human,louis_joseph_vance,2,5,133.8393813059056,490.58141011645677,0.2728178821006163,0
flash,human,louis_joseph_vance,2,6,138.2498150639774,490.58141011645677,0.28180809996685147,0
flash,human,louis_joseph_vance,2,7,299.1994978104104,490.58141011645677,0.6098875571729977,0
flash,human,louis_joseph_vance,2,8,186.70921928598716,490.58141011645677,0.38058763629397446,0
flash,human,louis_joseph_vance,2,9,185.40275631309976,490.58141011645677,0.37792454522295876,0
flash,human,louis_joseph_vance,2,10,193.94447601891295,490.58141011645677,0.3953359667111589,0
flash,human,louis_joseph_vance,2,11,140.40593942971125,490.58141011645677,0.2862031388355726,0
flash,human,louis_joseph_vance,2,12,172.94207431867275,490.58141011645677,0.3525247201634054,0
flash,human,louis_joseph_vance,2,13,172.61112477616618,490.58141011645677,0.35185011338931665,0
flash,human,louis_joseph_vance,2,14,167.33952400356497,490.58141011645677,0.3411044946930236,0
flash,human,louis_joseph_vance,2,15,138.58979253038473,490.58141011645677,0.2825011092399232,0
flash,human,louis_joseph_vance,2,16,171.85937193135146,490.58141011645677,0.35031774214712824,0
flash,human,louis_joseph_vance,2,17,200.25952178162558,490.58141011645677,0.4082085412369925,0
flash,human,louis_joseph_vance,2,18,189.83310144842085,490.58141011645677,0.3869553503940504,0
flash,human,louis_joseph_vance,2,19,148.6177231763506,490.58141011645677,0.3029420196355809,0
flash,human,louis_joseph_vance,2,20,128.92556644321346,490.58141011645677,0.26280157336701454,0
flash,human,louis_joseph_vance,2,21,162.89474841828834,490.58141011645677,0.3320442745264635,0
flash,human,susan_warner,3,1,71.97097890794339,448.9392291876774,0.160313410432342,0
flash,human,susan_warner,3,2,99.1287657369888,448.9392291876774,0.22080664662866514,0
flash,human,susan_warner,3,3,82.46842444484228,448.9392291876774,0.18369618666219667,0
flash,human,susan_warner,3,4,60.1564893363199,448.9392291876774,0.13399695420952332,0
flash,human,susan_warner,3,5,102.88573048264213,448.9392291876774,0.22917518406401308,0
flash,human,susan_warner,3,6,106.17409809507264,448.9392291876774,0.23649993404939657,0
flash,human,susan_warner,3,7,46.79764888080381,448.9392291876774,0.10424049813040559,0
flash,human,susan_warner,3,8,94.8399331231153,448.9392291876774,0.21125338789109874,0
flash,human,susan_warner,3,9,118.83453779508353,448.9392291876774,0.2647007213205803,0
flash,human,susan_warner,3,10,223.36140020394132,448.9392291876774,0.497531482397066,0
flash,human,susan_warner,3,11,129.170751094263,448.9392291876774,0.28772435709837163,0
flash,human,susan_warner,3,12,73.3280889366782,448.9392291876774,0.1633363363441417,0
flash,human,susan_warner,3,13,164.12044613460014,448.9392291876774,0.36557385825151445,0
flash,human,susan_warner,3,14,120.18938035915144,448.9392291876774,0.2677185965161149,0
flash,human,susan_warner,3,15,124.05779719606583,448.9392291876774,0.2763353904726466,0
flash,human,susan_warner,3,16,68.6644432745041,448.9392291876774,0.15294819167116974,0
flash,human,susan_warner,3,17,85.93835375051425,448.9392291876774,0.19142536041239566,0
flash,human,susan_warner,3,18,54.26158639036907,448.9392291876774,0.12086621721285401,0
flash,human,susan_warner,3,19,66.63243266330238,448.9392291876774,0.14842194295176403,0
flash,human,susan_warner,3,20,119.96268075932788,448.9392291876774,0.26721362928428316,0
flash,human,susan_warner,3,21,76.96529120418751,448.9392291876774,0.17143810609612029,0
flash,human,susan_warner,3,22,96.31817998588875,448.9392291876774,0.21454614282687975,0
flash,human,susan_warner,3,23,81.26999239415838,448.9392291876774,0.18102671165808001,0
flash,human,susan_warner,3,24,160.7193263963165,448.9392291876774,0.357997955953028,0
flash,human,susan_warner,3,25,111.02821406041416,448.9392291876774,0.2473123461750303,0
flash,human,susan_warner,3,26,144.61472994505857,448.9392291876774,0.3221254026000987,0
flash,human,susan_warner,3,27,247.2068426351047,448.9392291876774,0.5506465609664082,0
flash,human,susan_warner,3,28,151.76696307464994,448.9392291876774,0.3380568086002667,0
flash,human,susan_warner,3,29,125.96206025081828,448.9392291876774,0.2805770849625625,0
flash,human,susan_warner,3,30,141.02275953597427,448.9392291876774,0.31412438559032724,0
flash,human,susan_warner,3,31,80.54513801014461,448.9392291876774,0.179412118107578,0
flash,human,susan_warner,3,32,71.19491961619954,448.9392291876774,0.15858475933373326,0
flash,human,susan_warner,3,33,84.1281684864319,448.9392291876774,0.18739322165865444,0
flash,human,susan_warner,3,34,127.79802335329207,448.9392291876774,0.2846666431546497,0
flash,human,susan_warner,3,35,212.80662330978092,448.9392291876774,0.4740210021183466,0
flash,human,susan_warner,3,36,110.87477032704231,448.9392291876774,0.2469705544059094,0
flash,human,susan_warner,3,37,88.45417256958041,448.9392291876774,0.1970292788394361,0
flash,human,susan_warner,3,38,168.98590825385148,448.9392291876774,0.37641154362834156,0
flash,human,susan_warner,3,39,173.2402844712244,448.9392291876774,0.3858880516739203,0
flash,human,susan_warner,3,40,184.31719706585437,448.9392291876774,0.4105615751142149,0
flash,human,susan_warner,3,41,277.7807250211893,448.9392291876774,0.6187490576927598,0
flash,human,susan_warner,3,42,104.09567428131626,448.9392291876774,0.2318703011756619,0
flash,human,susan_warner,3,43,62.541899006793464,448.9392291876774,0.13931038978250673,0
flash,human,susan_warner,3,44,87.02088258380118,448.9392291876774,0.19383666413215678,0
flash,human,susan_warner,3,45,176.7996440020672,448.9392291876774,0.39381642883374923,0
flash,human,susan_warner,3,46,128.5198240381552,448.9392291876774,0.2862744346728229,0
flash,human,susan_warner,3,47,161.73604210232608,448.9392291876774,0.36026266271044205,0
flash,human,susan_warner,3,48,108.09784918767842,448.9392291876774,0.24078503761694772,0
flash,human,susan_warner,3,49,95.57281189556211,448.9392291876774,0.21288585554996853,0
flash,human,susan_warner,3,50,159.8332237863237,448.9392291876774,0.3560241863370465,0
flash,human,susan_warner,3,51,133.01636551641528,448.9392291876774,0.296290359292278,0
flash,human,susan_warner,3,52,116.14193802408833,448.9392291876774,0.2587030281007936,0
flash,human,susan_warner,3,53,269.9564092237313,448.9392291876774,0.601320605713601,0
flash,human,susan_warner,3,54,65.33926870034054,448.9392291876774,0.14554145517326955,0
flash,human,susan_warner,3,55,217.72288887722758,448.9392291876774,0.4849718508030166,0
flash,human,susan_warner,3,56,210.36332684192084,448.9392291876774,0.4685786252686312,0
flash,human,susan_warner,3,57,143.05182086572455,448.9392291876774,0.31864406486500707,0
flash,human,susan_warner,3,58,113.10517629655655,448.9392291876774,0.2519387234241304,0
flash,human,susan_warner,3,59,257.13494097809325,448.9392291876774,0.5727611317089845,0
flash,human,susan_warner,3,60,190.0739975190288,448.9392291876774,0.4233846925405778,0
flash,human,susan_warner,3,61,210.53905956673083,448.9392291876774,0.46897006516379913,0
flash,human,susan_warner,3,62,157.82428657063994,448.9392291876774,0.3515493329825763,0
flash,human,ethel_m_dell,4,1,40.708259499468646,439.09349201689486,0.09270977648173007,0
flash,human,ethel_m_dell,4,2,101.43945223611294,439.09349201689486,0.23102016786942015,0
flash,human,ethel_m_dell,4,3,124.3195061504043,439.09349201689486,0.28312764459196516,0
flash,human,ethel_m_dell,4,4,69.2740517180008,439.09349201689486,0.15776606344084773,0
flash,human,ethel_m_dell,4,5,141.92968376232807,439.09349201689486,0.32323340323355804,0
flash,human,ethel_m_dell,4,6,97.05014089807392,439.09349201689486,0.22102386544672303,0
flash,human,ethel_m_dell,4,7,71.88640219519677,439.09349201689486,0.16371548087629323,0
flash,human,ethel_m_dell,4,8,72.84022621440585,439.09349201689486,0.1658877381211635,0
flash,human,ethel_m_dell,4,9,95.28421897184167,439.09349201689486,0.21700212074237585,0
flash,human,ethel_m_dell,4,10,115.44749254776748,439.09349201689486,0.26292234944653986,0
flash,human,ethel_m_dell,4,11,140.92156494420988,439.09349201689486,0.32093749396492466,0
flash,human,ethel_m_dell,4,12,55.03521595447788,439.09349201689486,0.12533826384372898,0
flash,human,ethel_m_dell,4,13,79.1749405273366,439.09349201689486,0.18031453885517895,0
flash,human,ethel_m_dell,4,14,112.22577809118019,439.09349201689486,0.2555851547142997,0
flash,human,ethel_m_dell,4,15,134.83098814220415,439.09349201689486,0.30706669671391146,0
flash,human,ethel_m_dell,4,16,47.706045950128555,439.09349201689486,0.10864667050973506,0
flash,human,ethel_m_dell,4,17,62.987175765963144,439.09349201689486,0.14344821071394884,0
flash,human,ethel_m_dell,4,18,98.24151892802142,439.09349201689486,0.22373713278410742,0
flash,human,ethel_m_dell,4,19,48.96727328758984,439.09349201689486,0.11151901400922094,0
flash,human,ethel_m_dell,4,20,82.2968012650019,439.09349201689486,0.1874243247992284,0
flash,human,ethel_m_dell,4,21,107.29607019596645,439.09349201689486,0.24435814273429962,0
flash,human,ethel_m_dell,4,22,52.57515415827625,439.09349201689486,0.11973567159190174,0
flash,human,ethel_m_dell,4,23,177.59973844198396,439.09349201689486,0.4044690747435412,0
flash,human,ethel_m_dell,4,24,135.50762280479987,439.09349201689486,0.3086076775639981,0
flash,human,ethel_m_dell,4,25,108.29171334483232,439.09349201689486,0.24662563967280485,0
flash,human,ethel_m_dell,4,26,94.85517128007041,439.09349201689486,0.21602499924189425,0
flash,human,ethel_m_dell,4,27,120.24271150619806,439.09349201689486,0.27384307372419797,0
flash,human,ethel_m_dell,4,28,155.3773997674643,439.09349201689486,0.3538594914121066,0
flash,human,ethel_m_dell,4,29,75.54807967865281,439.09349201689486,0.17205465590400046,0
flash,human,ethel_m_dell,4,30,139.8495155276439,439.09349201689486,0.31849598791653905,0
flash,human,ethel_m_dell,4,31,73.151360680676,439.09349201689486,0.16659632176434394,0
flash,human,ethel_m_dell,4,32,93.96812117879362,439.09349201689486,0.2140048142074901,0
flash,human,ethel_m_dell,4,33,73.14893420447612,439.09349201689486,0.16659079566057788,0
flash,human,ethel_m_dell,4,34,73.36787210330564,439.09349201689486,0.16708940906025246,0
flash,human,ethel_m_dell,4,35,58.852919794543055,439.09349201689486,0.1340327763096944,0
flash,human,ethel_m_dell,4,36,63.57898274256216,439.09349201689486,0.14479600335346318,0
flash,human,ethel_m_dell,4,37,89.25033032398528,439.09349201689486,0.2032604261885786,0
flash,human,ethel_m_dell,4,38,115.7114229999517,439.09349201689486,0.263523429756275,0
flash,human,ethel_m_dell,4,39,72.7637748769831,439.09349201689486,0.1657136263686263,0
flash,llm,jane_austen,2,1,624.4638913203823,490.58141011645677,1.2729057368320251,1
flash,llm,jane_austen,2,2,712.203957230387,490.58141011645677,1.4517548821536477,1
flash,llm,jane_austen,2,3,863.8321518211881,490.58141011645677,1.7608334396856316,1
flash,llm,jane_austen,2,4,522.2321438076356,490.58141011645677,1.0645167815952614,1
flash,llm,jane_austen,2,5,608.7545297569677,490.58141011645677,1.2408838109305007,1
flash,llm,jane_austen,2,6,646.6882507112114,490.58141011645677,1.3182078190808273,1
flash,llm,jane_austen,2,7,693.9717500074859,490.58141011645677,1.414590393555164,1
flash,llm,jane_austen,2,8,621.5087529204249,490.58141011645677,1.2668819896230634,1
flash,llm,jane_austen,2,9,673.6725584129213,490.58141011645677,1.3732125688435715,1
flash,llm,jane_austen,2,10,633.4214266306032,490.58141011645677,1.2911647558765798,1
flash,llm,jane_austen,2,11,532.8788340873419,490.58141011645677,1.0862189701824299,1
flash,llm,jane_austen,2,12,761.6331982696025,490.58141011645677,1.5525113315826666,1
flash,llm,jane_austen,2,13,550.4915017488491,490.58141011645677,1.1221205907866965,1
flash,llm,jane_austen,2,14,611.5934060063973,490.58141011645677,1.2466705696435054,1
flash,llm,jane_austen,2,15,646.5881800035621,490.58141011645677,1.3180038351841983,1
flash,llm,jane_austen,2,16,537.2284664746401,490.58141011645677,1.0950852506765594,1
flash,llm,jane_austen,2,17,515.4789941556274,490.58141011645677,1.0507511771252407,1
flash,llm,jane_austen,2,18,492.06280825864803,490.58141011645677,1.0030196785113394,1
flash,llm,jane_austen,2,19,591.1537946445188,490.58141011645677,1.2050065136063506,1
flash,llm,jane_austen,2,20,631.2883293029543,490.58141011645677,1.2868166552684819,1
flash,llm,herbert_george_wells,0,1,232.10470581974573,441.8837615060074,0.5252619037836951,0
flash,llm,herbert_george_wells,0,2,1063.9027808269939,441.8837615060074,2.407653037986847,1
flash,llm,herbert_george_wells,0,3,335.07601202880727,441.8837615060074,0.7582899423296684,0
flash,llm,herbert_george_wells,0,4,886.7821521518719,441.8837615060074,2.0068222220467726,1
flash,llm,herbert_george_wells,0,5,213.61897618559706,441.8837615060074,0.483427984449012,0
flash,llm,herbert_george_wells,0,6,940.2048966590095,441.8837615060074,2.127719953896128,1
flash,llm,herbert_george_wells,0,7,299.84128342654196,441.8837615060074,0.6785523921599587,0
flash,llm,herbert_george_wells,0,8,444.6088267843482,441.8837615060074,1.0061669278568948,1
flash,llm,herbert_george_wells,0,9,400.6728322930314,441.8837615060074,0.9067380772886452,0
flash,llm,herbert_george_wells,0,10,825.9629722517918,441.8837615060074,1.8691860715514501,1
flash,llm,herbert_george_wells,0,11,407.59069386995634,441.8837615060074,0.9223934649257646,0
flash,llm,herbert_george_wells,0,12,1048.7902515180651,441.8837615060074,2.373452801124956,1
flash,llm,herbert_george_wells,0,13,302.24568822896305,441.8837615060074,0.6839936529888846,0
flash,llm,herbert_george_wells,0,14,863.0060410143103,441.8837615060074,1.9530159652689065,1
flash,llm,herbert_george_wells,0,15,385.8889585264267,441.8837615060074,0.8732816005984427,0
flash,llm,herbert_george_wells,0,16,876.3216919144221,441.8837615060074,1.983149796968741,1
flash,llm,herbert_george_wells,0,17,369.0949786997002,441.8837615060074,0.8352761763450373,0
flash,llm,herbert_george_wells,0,18,949.8912023358782,441.8837615060074,2.149640437336968,1
flash,llm,herbert_george_wells,0,19,355.2314940743191,441.8837615060074,0.803902575789696,0
flash,llm,herbert_george_wells,0,20,436.55234159115554,441.8837615060074,0.987934791048484,0
flash,llm,agnes_may_fleming,1,1,319.8214279246197,483.8554732139631,0.6609854504698208,0
flash,llm,agnes_may_fleming,1,2,412.6995978042088,483.8554732139631,0.8529398149883305,0
flash,llm,agnes_may_fleming,1,3,380.670534436552,483.8554732139631,0.7867442976473633,0
flash,llm,agnes_may_fleming,1,4,486.4053907534163,483.8554732139631,1.0052699983375524,1
flash,llm,agnes_may_fleming,1,5,436.88955052096935,483.8554732139631,0.9029339848508333,0
flash,llm,agnes_may_fleming,1,6,532.6192498830001,483.8554732139631,1.1007816990167092,1
flash,llm,agnes_may_fleming,1,7,579.9660675398642,483.8554732139631,1.198634922299206,1
flash,llm,agnes_may_fleming,1,8,581.9844640741113,483.8554732139631,1.2028064087160901,1
flash,llm,agnes_may_fleming,1,9,852.3130511892937,483.8554732139631,1.7615033793622026,1
flash,llm,agnes_may_fleming,1,10,572.0893002917903,483.8554732139631,1.1823557486944243,1
flash,llm,agnes_may_fleming,1,11,362.7982331595079,483.8554732139631,0.7498070255352405,0
flash,llm,agnes_may_fleming,1,12,904.9752863307424,483.8554732139631,1.870342150558992,1
flash,llm,agnes_may_fleming,1,13,567.0948676907622,483.8554732139631,1.172033590782573,1
flash,llm,agnes_may_fleming,1,14,473.1036528191015,483.8554732139631,0.9777788596180516,0
flash,llm,agnes_may_fleming,1,15,836.4706902483322,483.8554732139631,1.728761451621404,1
flash,llm,agnes_may_fleming,1,16,483.5972756028362,483.8554732139631,0.9994663745159028,0
flash,llm,agnes_may_fleming,1,17,350.9371508191427,483.8554732139631,0.7252933370538865,0
flash,llm,agnes_may_fleming,1,18,488.04106022190007,483.8554732139631,1.0086504901559439,1
flash,llm,agnes_may_fleming,1,19,387.5701002476536,483.8554732139631,0.8010038569435968,0
flash,llm,agnes_may_fleming,1,20,625.2204356624509,483.8554732139631,1.29216361139719,1
flash,llm,charles_dickens,3,1,1124.212832480466,448.9392291876774,2.5041537014144355,1
flash,llm,charles_dickens,3,2,356.06600266167266,448.9392291876774,0.7931273979018229,0
flash,llm,charles_dickens,3,3,757.045041467018,448.9392291876774,1.6862973699955681,1
flash,llm,charles_dickens,3,4,1073.9896990254447,448.9392291876774,2.392283028971984,1
flash,llm,charles_dickens,3,5,599.2918261592283,448.9392291876774,1.3349063463302213,1
flash,llm,charles_dickens,3,6,381.09954175164177,448.9392291876774,0.8488889296691969,0
flash,llm,charles_dickens,3,7,421.4892539540691,448.9392291876774,0.9388559220291863,0
flash,llm,charles_dickens,3,8,743.5849505860328,448.9392291876774,1.6563153813301084,1
flash,llm,charles_dickens,3,9,1001.6863571797411,448.9392291876774,2.23122928907821,1
flash,llm,charles_dickens,3,10,922.3027892408968,448.9392291876774,2.0544045369119024,1
flash,llm,charles_dickens,3,11,669.9559526297826,448.9392291876774,1.4923087782772262,1
flash,llm,charles_dickens,3,12,516.3551558350924,448.9392291876774,1.1501671546266945,1
flash,llm,charles_dickens,3,13,519.4530651370682,448.9392291876774,1.1570676638728594,1
flash,llm,charles_dickens,3,14,784.6492513605779,448.9392291876774,1.7477850015030834,1
flash,llm,charles_dickens,3,15,429.1622416714965,448.9392291876774,0.9559472947998642,0
flash,llm,charles_dickens,3,16,318.11080584528406,448.9392291876774,0.7085832227691089,0
flash,llm,charles_dickens,3,17,341.49616858854756,448.9392291876774,0.7606734862677512,0
flash,llm,charles_dickens,3,18,1051.975573601698,448.9392291876774,2.3432471595435547,1
flash,llm,charles_dickens,3,19,367.8181519816051,448.9392291876774,0.8193049928988052,0
flash,llm,charles_dickens,3,20,642.6561344848899,448.9392291876774,1.4314991711633867,1
flash,llm,mark_twain,2,1,695.0002178221005,490.58141011645677,1.41668681994517,1
flash,llm,mark_twain,2,2,610.187871770029,490.58141011645677,1.2438055319405181,1
flash,llm,mark_twain,2,3,638.9780991140368,490.58141011645677,1.3024914640820835,1
flash,llm,mark_twain,2,4,578.1472016766845,490.58141011645677,1.1784939048942782,1
flash,llm,mark_twain,2,5,704.9912468785697,490.58141011645677,1.4370525102270286,1
flash,llm,mark_twain,2,6,677.5320126444161,490.58141011645677,1.3810796713303508,1
flash,llm,mark_twain,2,7,809.609204022661,490.58141011645677,1.6503055096002754,1
flash,llm,mark_twain,2,8,558.6069793514471,490.58141011645677,1.1386631613677372,1
flash,llm,mark_twain,2,9,746.9804009150162,490.58141011645677,1.5226431036954582,1
flash,llm,mark_twain,2,10,1194.4100933287505,490.58141011645677,2.4346827431663485,1
flash,llm,mark_twain,2,11,696.9312216057693,490.58141011645677,1.4206229735454676,1
flash,llm,mark_twain,2,12,891.4860179614193,490.58141011645677,1.8172030158048462,1
flash,llm,mark_twain,2,13,524.320664896971,490.58141011645677,1.068774018103346,1
flash,llm,mark_twain,2,14,1454.7831765205754,490.58141011645677,2.9654266275096552,1
flash,llm,mark_twain,2,15,571.6678966702019,490.58141011645677,1.1652865047097818,1
flash,llm,mark_twain,2,16,748.6099725335416,490.58141011645677,1.5259648186747081,1
flash,llm,mark_twain,2,17,889.1517898485954,490.58141011645677,1.812444930674246,1
flash,llm,mark_twain,2,18,776.7874285976563,490.58141011645677,1.5834016792712517,1
flash,llm,mark_twain,2,19,660.1485297643993,490.58141011645677,1.3456452204491194,1
flash,llm,mark_twain,2,20,696.0274655703984,490.58141011645677,1.4187807593548474,1
flash,llm,arthur_conan_doyle,1,1,345.4663331754165,483.8554732139631,0.7139866185261683,0
flash,llm,arthur_conan_doyle,1,2,295.42479524517285,483.8554732139631,0.6105641283394859,0
flash,llm,arthur_conan_doyle,1,3,375.7199369559368,483.8554732139631,0.7765127352187494,0
flash,llm,arthur_conan_doyle,1,4,426.2966248078849,483.8554732139631,0.8810412373270284,0
flash,llm,arthur_conan_doyle,1,5,1052.9094065259992,483.8554732139631,2.176082456052735,1
flash,llm,arthur_conan_doyle,1,6,319.6441141950436,483.8554732139631,0.6606189903605689,0
flash,llm,arthur_conan_doyle,1,7,675.6692208978368,483.8554732139631,1.3964277729665213,1
flash,llm,arthur_conan_doyle,1,8,394.7438260646558,483.8554732139631,0.8158300317295333,0
flash,llm,arthur_conan_doyle,1,9,337.2367101943633,483.8554732139631,0.6969781863875615,0
flash,llm,arthur_conan_doyle,1,10,346.7439277832563,483.8554732139631,0.7166270652681541,0
flash,llm,arthur_conan_doyle,1,11,813.2125039273841,483.8554732139631,1.6806929939754507,1
flash,llm,arthur_conan_doyle,1,12,311.9282122012065,483.8554732139631,0.6446722822607619,0
flash,llm,arthur_conan_doyle,1,13,352.662646983866,483.8554732139631,0.728859476655991,0
flash,llm,arthur_conan_doyle,1,14,1038.6945814183641,483.8554732139631,2.1467042100793776,1
flash,llm,arthur_conan_doyle,1,15,796.9908138881697,483.8554732139631,1.6471670943272285,1
flash,llm,arthur_conan_doyle,1,16,384.70358308266236,483.8554732139631,0.7950795317603955,0
flash,llm,arthur_conan_doyle,1,17,887.3198480777935,483.8554732139631,1.8338530763822045,1
flash,llm,arthur_conan_doyle,1,18,391.31400263381147,483.8554732139631,0.8087415029834139,0
flash,llm,arthur_conan_doyle,1,19,302.27658834249934,483.8554732139631,0.6247249541989396,0
flash,llm,arthur_conan_doyle,1,20,349.9438997402387,483.8554732139631,0.7232405524231652,0
flash,llm,mary_shelley,4,1,670.6388332386482,439.09349201689486,1.5273258324968393,1
flash,llm,mary_shelley,4,2,765.3480643035325,439.09349201689486,1.7430184646737703,1
flash,llm,mary_shelley,4,3,813.7871981953698,439.09349201689486,1.8533346838218636,1
flash,llm,mary_shelley,4,4,555.7891971571337,439.09349201689486,1.2657650529144002,1
flash,llm,mary_shelley,4,5,857.0303892725401,439.09349201689486,1.9518175624419514,1
flash,llm,mary_shelley,4,6,541.221830712938,439.09349201689486,1.232589051199405,1
flash,llm,mary_shelley,4,7,648.3398943531005,439.09349201689486,1.4765417983652431,1
flash,llm,mary_shelley,4,8,437.87015059345384,439.09349201689486,0.9972139386128867,0
flash,llm,mary_shelley,4,9,635.8456674543709,439.09349201689486,1.4480872046946796,1
flash,llm,mary_shelley,4,10,516.0997285244423,439.09349201689486,1.175375490431055,1
flash,llm,mary_shelley,4,11,700.6874453994669,439.09349201689486,1.595759122233829,1
flash,llm,mary_shelley,4,12,643.1771572115634,439.09349201689486,1.4647840810786057,1
flash,llm,mary_shelley,4,13,549.2169278515573,439.09349201689486,1.2507972398516563,1
flash,llm,mary_shelley,4,14,689.6902896664934,439.09349201689486,1.5707139873527354,1
flash,llm,mary_shelley,4,15,791.4458033770975,439.09349201689486,1.8024539597290257,1
flash,llm,mary_shelley,4,16,610.5110558752946,439.09349201689486,1.3903896709355104,1
flash,llm,mary_shelley,4,17,664.8081250706542,439.09349201689486,1.5140468650923995,1
flash,llm,mary_shelley,4,18,456.0656563704477,439.09349201689486,1.0386527349234769,1
flash,llm,mary_shelley,4,19,641.8840585602159,439.09349201689486,1.461839153233267,1
flash,llm,mary_shelley,4,20,476.60133861006267,439.09349201689486,1.085421094311561,1
flash,llm,charlotte_bronte,4,1,440.0432805282425,439.09349201689486,1.002163066701319,1
flash,llm,charlotte_bronte,4,2,1021.1922468455721,439.09349201689486,2.32568294773606,1
flash,llm,charlotte_bronte,4,3,694.5482278859272,439.09349201689486,1.5817775496868518,1
flash,llm,charlotte_bronte,4,4,970.622959956743,439.09349201689486,2.210515477007791,1
flash,llm,charlotte_bronte,4,5,651.8443670306543,439.09349201689486,1.48452295213151,1
flash,llm,charlotte_bronte,4,6,892.7034650424308,439.09349201689486,2.033060114241189,1
flash,llm,charlotte_bronte,4,7,764.3026367445925,439.09349201689486,1.740637587758155,1
flash,llm,charlotte_bronte,4,8,817.8505389361991,439.09349201689486,1.8625886145102122,1
flash,llm,charlotte_bronte,4,9,723.5900337905474,439.09349201689486,1.6479179194090767,1
flash,llm,charlotte_bronte,4,10,911.2172737941995,439.09349201689486,2.075223819894691,1
flash,llm,charlotte_bronte,4,11,648.8942691927657,439.09349201689486,1.4778043423330867,1
flash,llm,charlotte_bronte,4,12,842.3090697485484,439.09349201689486,1.9182909450093584,1
flash,llm,charlotte_bronte,4,13,748.4181827418035,439.09349201689486,1.7044620253971037,1
flash,llm,charlotte_bronte,4,14,1005.3332493553376,439.09349201689486,2.2895653605284036,1
flash,llm,charlotte_bronte,4,15,751.921408594371,439.09349201689486,1.7124403396200634,1
flash,llm,charlotte_bronte,4,16,965.1233383718551,439.09349201689486,2.1979905325827978,1
flash,llm,charlotte_bronte,4,17,690.0573233816895,439.09349201689486,1.571549877025138,1
flash,llm,charlotte_bronte,4,18,984.3238370767401,439.09349201689486,2.2417181191992404,1
flash,llm,charlotte_bronte,4,19,702.1300529652063,439.09349201689486,1.599044544568633,1
flash,llm,charlotte_bronte,4,20,920.4783674314806,439.09349201689486,2.0963152134262644,1
flash,llm,oscar_wilde,3,1,459.5219928117868,448.9392291876774,1.0235728199633123,1
flash,llm,oscar_wilde,3,2,518.1076175412811,448.9392291876774,1.1540707157152623,1
flash,llm,oscar_wilde,3,3,450.8142095018984,448.9392291876774,1.0041764679767764,1
flash,llm,oscar_wilde,3,4,501.9015779167301,448.9392291876774,1.1179722004354222,1
flash,llm,oscar_wilde,3,5,483.79675850864885,448.9392291876774,1.077644204504123,1
flash,llm,oscar_wilde,3,6,620.066857930259,448.9392291876774,1.3811821681349263,1
flash,llm,oscar_wilde,3,7,523.3571641319612,448.9392291876774,1.1657639388719439,1
flash,llm,oscar_wilde,3,8,507.1087315749776,448.9392291876774,1.12957099448082,1
flash,llm,oscar_wilde,3,9,503.61505753832495,448.9392291876774,1.121788929984086,1
flash,llm,oscar_wilde,3,10,680.139197400652,448.9392291876774,1.5149916807923292,1
flash,llm,oscar_wilde,3,11,547.3411276278287,448.9392291876774,1.219187569369249,1
flash,llm,oscar_wilde,3,12,355.1762776928326,448.9392291876774,0.7911455595794068,0
flash,llm,oscar_wilde,3,13,329.44058289178673,448.9392291876774,0.7338199949420443,0
flash,llm,oscar_wilde,3,14,1173.4931108813369,448.9392291876774,2.613924189705334,1
flash,llm,oscar_wilde,3,15,612.8935033165917,448.9392291876774,1.365203714599808,1
flash,llm,oscar_wilde,3,16,1118.1848233637295,448.9392291876774,2.4907264740196635,1
flash,llm,oscar_wilde,3,17,551.1565131482794,448.9392291876774,1.2276862375015805,1
flash,llm,oscar_wilde,3,18,653.2954661492345,448.9392291876774,1.4551979949075171,1
flash,llm,oscar_wilde,3,19,715.218097562134,448.9392291876774,1.5931289828609287,1
flash,llm,oscar_wilde,3,20,354.36605551548166,448.9392291876774,0.7893408115763931,0
flash,llm,joseph_conrad,0,1,898.8679991180101,441.8837615060074,2.0341729599986444,1
flash,llm,joseph_conrad,0,2,390.89702759751293,441.8837615060074,0.8846150541157615,0
flash,llm,joseph_conrad,0,3,592.0338443357774,441.8837615060074,1.33979543017837,1
flash,llm,joseph_conrad,0,4,326.9018864835278,441.8837615060074,0.739791580865964,0
flash,llm,joseph_conrad,0,5,502.5612490254488,441.8837615060074,1.1373154951714977,1
flash,llm,joseph_conrad,0,6,337.3186176134792,441.8837615060074,0.763365045286674,0
flash,llm,joseph_conrad,0,7,973.1915613986993,441.8837615060074,2.2023700488153577,1
flash,llm,joseph_conrad,0,8,424.8456833926016,441.8837615060074,0.9614421719066176,0
flash,llm,joseph_conrad,0,9,710.9040126573307,441.8837615060074,1.6088032070571257,1
flash,llm,joseph_conrad,0,10,424.1568516746121,441.8837615060074,0.9598833191539348,0
flash,llm,joseph_conrad,0,11,1081.7764072160255,441.8837615060074,2.448101744063113,1
flash,llm,joseph_conrad,0,12,572.2230100612644,441.8837615060074,1.294962747920496,1
flash,llm,joseph_conrad,0,13,434.7870694949509,441.8837615060074,0.9839399121912291,0
flash,llm,joseph_conrad,0,14,328.1010841610473,441.8837615060074,0.742505411474793,0
flash,llm,joseph_conrad,0,15,512.5257549290536,441.8837615060074,1.1598655564583038,1
flash,llm,joseph_conrad,0,16,589.6934529581208,441.8837615060074,1.3344990341993004,1
flash,llm,joseph_conrad,0,17,760.1965101000411,441.8837615060074,1.7203540304562794,1
flash,llm,joseph_conrad,0,18,400.783389147987,441.8837615060074,0.9069882717166523,0
flash,llm,joseph_conrad,0,19,921.8292998515091,441.8837615060074,2.086135269397033,1
flash,llm,joseph_conrad,0,20,430.7697108710533,441.8837615060074,0.9748484746371405,0
flash,llm,mildred_wirt,0,1,3139.5339638637083,441.8837615060074,7.104886482281442,1
flash,llm,mildred_wirt,0,2,1024.1573388394918,441.8837615060074,2.317707569404694,1
flash,llm,mildred_wirt,0,3,689.3268965499971,441.8837615060074,1.5599733608690793,1
flash,llm,mildred_wirt,0,4,825.127121219829,441.8837615060074,1.867294508419295,1
flash,llm,mildred_wirt,0,5,872.4072614684055,441.8837615060074,1.9742912898521283,1
flash,llm,mildred_wirt,0,6,777.0231513813948,441.8837615060074,1.758433368841573,1
flash,llm,mildred_wirt,0,7,2201.835906834403,441.8837615060074,4.982839603180279,1
flash,llm,mildred_wirt,0,8,884.1859349729382,441.8837615060074,2.0009468824097483,1
flash,llm,mildred_wirt,0,9,1571.50592931638,441.8837615060074,3.556378546159849,1
flash,llm,mildred_wirt,0,10,502.98912572747383,441.8837615060074,1.138283796655505,1
flash,llm,mildred_wirt,0,11,825.7981262427628,441.8837615060074,1.8688130186733194,1
flash,llm,mildred_wirt,0,12,394.8826504430576,441.8837615060074,0.8936346723790827,0
flash,llm,mildred_wirt,0,13,970.4364715260901,441.8837615060074,2.1961351741432957,1
flash,llm,mildred_wirt,0,14,758.0826930538901,441.8837615060074,1.7155703809305607,1
flash,llm,mildred_wirt,0,15,954.4678710750367,441.8837615060074,2.159997615259869,1
flash,llm,mildred_wirt,0,16,429.60603174357806,441.8837615060074,0.9722150238773543,0
flash,llm,mildred_wirt,0,17,1017.698514084761,441.8837615060074,2.3030909998056703,1
flash,llm,mildred_wirt,0,18,433.0513930010473,441.8837615060074,0.9800120093237688,0
flash,llm,mildred_wirt,0,19,1087.4942655980701,441.8837615060074,2.4610414781745398,1
flash,llm,mildred_wirt,0,20,539.892759795693,441.8837615060074,1.2217981442804233,1
flash,llm,robert_sidney_bowen,1,1,741.3633685902017,483.8554732139631,1.5322000258998156,1
flash,llm,robert_sidney_bowen,1,2,342.1972786383809,483.8554732139631,0.7072303561337617,0
flash,llm,robert_sidney_bowen,1,3,391.91061630388486,483.8554732139631,0.8099745440527035,0
flash,llm,robert_sidney_bowen,1,4,384.3384625993943,483.8554732139631,0.7943249252642804,0
flash,llm,robert_sidney_bowen,1,5,304.11806060521155,483.8554732139631,0.6285307854122985,0
flash,llm,robert_sidney_bowen,1,6,478.56522737854027,483.8554732139631,0.9890664751598595,0
flash,llm,robert_sidney_bowen,1,7,679.0590723062836,483.8554732139631,1.4034336902209652,1
flash,llm,robert_sidney_bowen,1,8,384.7690695180055,483.8554732139631,0.7952148747273938,0
flash,llm,robert_sidney_bowen,1,9,337.22242747484637,483.8554732139631,0.6969486678219822,0
flash,llm,robert_sidney_bowen,1,10,362.800168265289,483.8554732139631,0.749811024881922,0
flash,llm,robert_sidney_bowen,1,11,405.28943716442893,483.8554732139631,0.8376249925878344,0
flash,llm,robert_sidney_bowen,1,12,628.4909854115895,483.8554732139631,1.298922963993564,1
flash,llm,robert_sidney_bowen,1,13,298.03478364764527,483.8554732139631,0.615958277102826,0
flash,llm,robert_sidney_bowen,1,14,434.063926437656,483.8554732139631,0.8970941747427769,0
flash,llm,robert_sidney_bowen,1,15,494.007420159471,483.8554732139631,1.0209813622197443,1
flash,llm,robert_sidney_bowen,1,16,312.36590427348483,483.8554732139631,0.6455768748436895,0
flash,llm,robert_sidney_bowen,1,17,460.4058689593177,483.8554732139631,0.9515359326228477,0
flash,llm,robert_sidney_bowen,1,18,345.46471333110446,483.8554732139631,0.7139832707407205,0
flash,llm,robert_sidney_bowen,1,19,318.3947571614677,483.8554732139631,0.6580369031408518,0
flash,llm,robert_sidney_bowen,1,20,242.15776246185385,483.8554732139631,0.5004754019900702,0
flash,llm,luis_senarens,1,1,920.0971985358185,483.8554732139631,1.901595103232298,1
flash,llm,luis_senarens,1,2,848.5844637932704,483.8554732139631,1.753797385315558,1
flash,llm,luis_senarens,1,3,695.5826076680214,483.8554732139631,1.437583423512152,1
flash,llm,luis_senarens,1,4,726.5453729440151,483.8554732139631,1.501575187561707,1
flash,llm,luis_senarens,1,5,822.9237069575651,483.8554732139631,1.7007634562679927,1
flash,llm,luis_senarens,1,6,956.3189462098474,483.8554732139631,1.9764557789490145,1
flash,llm,luis_senarens,1,7,1104.0345135160758,483.8554732139631,2.281744394008057,1
flash,llm,luis_senarens,1,8,707.7188358303322,483.8554732139631,1.4626657649016108,1
flash,llm,luis_senarens,1,9,679.5920871491462,483.8554732139631,1.4045352895049872,1
flash,llm,luis_senarens,1,10,1016.5487373827207,483.8554732139631,2.1009346667722784,1
flash,llm,luis_senarens,1,11,967.7762228278768,483.8554732139631,2.0001349088799536,1
flash,llm,luis_senarens,1,12,736.5777713422444,483.8554732139631,1.5223094748719033,1
flash,llm,luis_senarens,1,13,879.4860073251398,483.8554732139631,1.8176626203755415,1
flash,llm,luis_senarens,1,14,840.9160703213585,483.8554732139631,1.7379488646385561,1
flash,llm,luis_senarens,1,15,825.2232816447572,483.8554732139631,1.7055160628096062,1
flash,llm,luis_senarens,1,16,773.8881550376764,483.8554732139631,1.5994200704131738,1
flash,llm,luis_senarens,1,17,906.8874318483942,483.8554732139631,1.8742940445097838,1
flash,llm,luis_senarens,1,18,792.772989349619,483.8554732139631,1.6384499778078385,1
flash,llm,luis_senarens,1,19,910.5198680299469,483.8554732139631,1.881801319683142,1
flash,llm,luis_senarens,1,20,866.960707266963,483.8554732139631,1.7917761713188043,1
flash,llm,john_c_hutcheson,3,1,698.0887958767413,448.9392291876774,1.5549739262926114,1
flash,llm,john_c_hutcheson,3,2,862.455616532791,448.9392291876774,1.9210965771321458,1
flash,llm,john_c_hutcheson,3,3,501.49107229186365,448.9392291876774,1.1170578102503426,1
flash,llm,john_c_hutcheson,3,4,1158.8835648054546,448.9392291876774,2.581381820658376,1
flash,llm,john_c_hutcheson,3,5,669.328337019999,448.9392291876774,1.4909107814683504,1
flash,llm,john_c_hutcheson,3,6,952.461861945776,448.9392291876774,2.1215830562840003,1
flash,llm,john_c_hutcheson,3,7,915.9123036905588,448.9392291876774,2.040169903057558,1
flash,llm,john_c_hutcheson,3,8,964.8762929718073,448.9392291876774,2.1492358658825164,1
flash,llm,john_c_hutcheson,3,9,628.5435535841677,448.9392291876774,1.4000637786131347,1
flash,llm,john_c_hutcheson,3,10,873.6160974881963,448.9392291876774,1.9459562468375518,1
flash,llm,john_c_hutcheson,3,11,701.5824671129733,448.9392291876774,1.5627559845514842,1
flash,llm,john_c_hutcheson,3,12,1147.8151947018935,448.9392291876774,2.556727325386068,1
flash,llm,john_c_hutcheson,3,13,740.8215161222331,448.9392291876774,1.6501599057464753,1
flash,llm,john_c_hutcheson,3,14,766.9132885764602,448.9392291876774,1.7082786237329572,1
flash,llm,john_c_hutcheson,3,15,660.7106475530063,448.9392291876774,1.4717151110819915,1
flash,llm,john_c_hutcheson,3,16,741.7393236002135,448.9392291876774,1.6522042970990447,1
flash,llm,john_c_hutcheson,3,17,716.0446462618935,448.9392291876774,1.5949700977513677,1
flash,llm,john_c_hutcheson,3,18,665.958893237134,448.9392291876774,1.4834054365044858,1
flash,llm,john_c_hutcheson,3,19,663.9870750520669,448.9392291876774,1.4790132647875365,1
flash,llm,john_c_hutcheson,3,20,1002.9239560310546,448.9392291876774,2.2339860070722084,1
flash,llm,harold_l_goodwin,2,1,454.87322683509717,490.58141011645677,0.9272125226414858,0
flash,llm,harold_l_goodwin,2,2,310.61502716219195,490.58141011645677,0.6331569455280757,0
flash,llm,harold_l_goodwin,2,3,408.27686119979654,490.58141011645677,0.8322305998159972,0
flash,llm,harold_l_goodwin,2,4,530.3055468430478,490.58141011645677,1.0809735874768696,1
flash,llm,harold_l_goodwin,2,5,677.226947428163,490.58141011645677,1.3804578271064112,1
flash,llm,harold_l_goodwin,2,6,814.2828978955828,490.58141011645677,1.6598323562694397,1
flash,llm,harold_l_goodwin,2,7,236.93613840911505,490.58141011645677,0.48297007086524113,0
flash,llm,harold_l_goodwin,2,8,415.6291413656052,490.58141011645677,0.847217470525312,0
flash,llm,harold_l_goodwin,2,9,357.0418752772777,490.58141011645677,0.7277933242364835,0
flash,llm,harold_l_goodwin,2,10,376.11787665625735,490.58141011645677,0.7666778008709554,0
flash,llm,harold_l_goodwin,2,11,729.2561463891508,490.58141011645677,1.4865140246876378,1
flash,llm,harold_l_goodwin,2,12,423.6602263702775,490.58141011645677,0.863588015431948,0
flash,llm,harold_l_goodwin,2,13,316.3848019835996,490.58141011645677,0.644918041041332,0
flash,llm,harold_l_goodwin,2,14,434.1922980290423,490.58141011645677,0.8850565656900279,0
flash,llm,harold_l_goodwin,2,15,574.6640192376634,490.58141011645677,1.1713937939500128,1
flash,llm,harold_l_goodwin,2,16,223.30819142157864,490.58141011645677,0.4551908955713764,0
flash,llm,harold_l_goodwin,2,17,957.9594113998436,490.58141011645677,1.9527022256559583,1
flash,llm,harold_l_goodwin,2,18,687.4180409362078,490.58141011645677,1.4012313282988544,1
flash,llm,harold_l_goodwin,2,19,686.3641523737583,490.58141011645677,1.3990830843158644,1
flash,llm,harold_l_goodwin,2,20,743.1377473148772,490.58141011645677,1.5148102475763754,1
flash,llm,kathleen_thompson_norris,0,1,660.0635125786752,441.8837615060074,1.4937491939714596,1
flash,llm,kathleen_thompson_norris,0,2,179.63521304878617,441.8837615060074,0.4065214173894101,0
flash,llm,kathleen_thompson_norris,0,3,798.7939756373095,441.8837615060074,1.8077015840430468,1
flash,llm,kathleen_thompson_norris,0,4,256.51246620350855,441.8837615060074,0.5804976071745087,0
flash,llm,kathleen_thompson_norris,0,5,668.2464472942153,441.8837615060074,1.5122674909273182,1
flash,llm,kathleen_thompson_norris,0,6,279.39313646669405,441.8837615060074,0.6322774467078843,0
flash,llm,kathleen_thompson_norris,0,7,554.5193695652526,441.8837615060074,1.2548987264781262,1
flash,llm,kathleen_thompson_norris,0,8,521.1151198957591,441.8837615060074,1.1793036207524783,1
flash,llm,kathleen_thompson_norris,0,9,652.411235274969,441.8837615060074,1.4764317952111476,1
flash,llm,kathleen_thompson_norris,0,10,370.4718704376714,441.8837615060074,0.8383921354680395,0
flash,llm,kathleen_thompson_norris,0,11,854.8268170052013,441.8837615060074,1.9345060657848592,1
flash,llm,kathleen_thompson_norris,0,12,407.3021665449949,441.8837615060074,0.9217405164580995,0
flash,llm,kathleen_thompson_norris,0,13,369.6447351534566,441.8837615060074,0.8365202964092885,0
flash,llm,kathleen_thompson_norris,0,14,267.68831785017477,441.8837615060074,0.6057889906111329,0
flash,llm,kathleen_thompson_norris,0,15,605.5527369663095,441.8837615060074,1.3703892057551361,1
flash,llm,kathleen_thompson_norris,0,16,285.57529302115347,441.8837615060074,0.6462679054959368,0
flash,llm,kathleen_thompson_norris,0,17,536.8499725700847,441.8837615060074,1.2149121993992673,1
flash,llm,kathleen_thompson_norris,0,18,240.1768815855635,441.8837615060074,0.543529548963293,0
flash,llm,kathleen_thompson_norris,0,19,576.5975188401192,441.8837615060074,1.3048624300539733,1
flash,llm,kathleen_thompson_norris,0,20,222.64668215731137,441.8837615060074,0.5038580313485552,0
flash,llm,arthur_scott_bailey,4,1,1409.0978740775106,439.09349201689486,3.209106715759051,1
flash,llm,arthur_scott_bailey,4,2,932.484505545546,439.09349201689486,2.1236582242709874,1
flash,llm,arthur_scott_bailey,4,3,1707.972725604574,439.09349201689486,3.889770075523818,1
flash,llm,arthur_scott_bailey,4,4,719.8274067848467,439.09349201689486,1.639348839989526,1
flash,llm,arthur_scott_bailey,4,5,1195.2761433928704,439.09349201689486,2.722144976238637,1
flash,llm,arthur_scott_bailey,4,6,1164.0385285989223,439.09349201689486,2.651003828938858,1
flash,llm,arthur_scott_bailey,4,7,977.736166553588,439.09349201689486,2.226715231106108,1
flash,llm,arthur_scott_bailey,4,8,969.9612785489973,439.09349201689486,2.2090085509891284,1
flash,llm,arthur_scott_bailey,4,9,1232.2921693870649,439.09349201689486,2.8064459888183686,1
flash,llm,arthur_scott_bailey,4,10,1131.8832595875292,439.09349201689486,2.5777727981993825,1
flash,llm,arthur_scott_bailey,4,11,776.6579952728778,439.09349201689486,1.7687759199195658,1
flash,llm,arthur_scott_bailey,4,12,867.64760343347,439.09349201689486,1.9759974110481369,1
flash,llm,arthur_scott_bailey,4,13,1005.6845133416663,439.09349201689486,2.2903653359156846,1
flash,llm,arthur_scott_bailey,4,14,1586.8957097069447,439.09349201689486,3.6140269408636243,1
flash,llm,arthur_scott_bailey,4,15,1102.8604828125506,439.09349201689486,2.511675765784559,1
flash,llm,arthur_scott_bailey,4,16,1175.8196904998028,439.09349201689486,2.6778344746101617,1
flash,llm,arthur_scott_bailey,4,17,2535.5810704995165,439.09349201689486,5.774581305800715,1
flash,llm,arthur_scott_bailey,4,18,813.241754681843,439.09349201689486,1.8520924802286802,1
flash,llm,arthur_scott_bailey,4,19,1092.9319491280567,439.09349201689486,2.48906433139757,1
flash,llm,arthur_scott_bailey,4,20,982.5005634715487,439.09349201689486,2.237565760673459,1
flash,llm,louis_joseph_vance,2,1,745.693158242886,490.58141011645677,1.5200191912405925,1
flash,llm,louis_joseph_vance,2,2,488.24342685851275,490.58141011645677,0.9952342603903621,0
flash,llm,louis_joseph_vance,2,3,1385.4022741064978,490.58141011645677,2.8240007581567834,1
flash,llm,louis_joseph_vance,2,4,523.4568441995559,490.58141011645677,1.0670132080122952,1
flash,llm,louis_joseph_vance,2,5,875.8061917457,490.58141011645677,1.785241294687046,1
flash,llm,louis_joseph_vance,2,6,610.038445272566,490.58141011645677,1.2435009413172666,1
flash,llm,louis_joseph_vance,2,7,656.4930777569972,490.58141011645677,1.3381939556192222,1
flash,llm,louis_joseph_vance,2,8,404.3360364582438,490.58141011645677,0.8241976318716611,0
flash,llm,louis_joseph_vance,2,9,1445.5663525898199,490.58141011645677,2.946639075146903,1
flash,llm,louis_joseph_vance,2,10,695.8113358956452,490.58141011645677,1.4183402011308783,1
flash,llm,louis_joseph_vance,2,11,745.9441943246568,490.58141011645677,1.5205309026030576,1
flash,llm,louis_joseph_vance,2,12,477.89852740656323,490.58141011645677,0.9741472415212741,0
flash,llm,louis_joseph_vance,2,13,701.3291651412285,490.58141011645677,1.429587731371116,1
flash,llm,louis_joseph_vance,2,14,651.4868125810318,490.58141011645677,1.3279891963830803,1
flash,llm,louis_joseph_vance,2,15,994.610063381688,490.58141011645677,2.0274108290111976,1
flash,llm,louis_joseph_vance,2,16,435.0100619287018,490.58141011645677,0.8867234937121585,0
flash,llm,louis_joseph_vance,2,17,621.362979236552,490.58141011645677,1.2665848448864983,1
flash,llm,louis_joseph_vance,2,18,843.0250491967381,490.58141011645677,1.7184202903175978,1
flash,llm,louis_joseph_vance,2,19,556.4483722411956,490.58141011645677,1.1342630616783929,1
flash,llm,louis_joseph_vance,2,20,494.0492944119874,490.58141011645677,1.007068927244323,1
flash,llm,susan_warner,3,1,1203.9222955637495,448.9392291876774,2.681704376207351,1
flash,llm,susan_warner,3,2,1251.987115056305,448.9392291876774,2.788767462628926,1
flash,llm,susan_warner,3,3,1004.4413815435281,448.9392291876774,2.2373660313913555,1
flash,llm,susan_warner,3,4,1393.540770938602,448.9392291876774,3.1040744054827014,1
flash,llm,susan_warner,3,5,1016.8864525132918,448.9392291876774,2.2650870906364613,1
flash,llm,susan_warner,3,6,775.4228736502478,448.9392291876774,1.7272334945050771,1
flash,llm,susan_warner,3,7,1260.0745889855878,448.9392291876774,2.8067820922346223,1
flash,llm,susan_warner,3,8,970.6675148876116,448.9392291876774,2.162135656186614,1
flash,llm,susan_warner,3,9,996.5069323268775,448.9392291876774,2.2196922601974074,1
flash,llm,susan_warner,3,10,1151.1919296732879,448.9392291876774,2.5642489112753304,1
flash,llm,susan_warner,3,11,835.297577175628,448.9392291876774,1.8606027784362655,1
flash,llm,susan_warner,3,12,1150.6059089246921,448.9392291876774,2.5629435658956092,1
flash,llm,susan_warner,3,13,2116.314388253011,448.9392291876774,4.714033104396616,1
flash,llm,susan_warner,3,14,887.2619720359986,448.9392291876774,1.9763520635998642,1
flash,llm,susan_warner,3,15,1261.0048220623505,448.9392291876774,2.808854161272665,1
flash,llm,susan_warner,3,16,841.1639682523282,448.9392291876774,1.8736700060147398,1
flash,llm,susan_warner,3,17,1334.0443481024306,448.9392291876774,2.971547731563325,1
flash,llm,susan_warner,3,18,734.3101431194655,448.9392291876774,1.6356559983589445,1
flash,llm,susan_warner,3,19,1318.6633977984445,448.9392291876774,2.937287080446209,1
flash,llm,susan_warner,3,20,1110.9584645400591,448.9392291876774,2.474629955039253,1
flash,llm,ethel_m_dell,4,1,746.2399606245003,439.09349201689486,1.6995013002738548,1
flash,llm,ethel_m_dell,4,2,1000.9355412930056,439.09349201689486,2.2795499352436153,1
flash,llm,ethel_m_dell,4,3,1076.69595613929,439.09349201689486,2.452088167359726,1
flash,llm,ethel_m_dell,4,4,1038.3465079909952,439.09349201689486,2.3647503934106204,1
flash,llm,ethel_m_dell,4,5,684.9385324495325,439.09349201689486,1.5598922436845828,1
flash,llm,ethel_m_dell,4,6,705.7502523922532,439.09349201689486,1.6072892566695074,1
flash,llm,ethel_m_dell,4,7,762.8515054129662,439.09349201689486,1.7373327532342797,1
flash,llm,ethel_m_dell,4,8,568.788811064624,439.09349201689486,1.2953706247204841,1
flash,llm,ethel_m_dell,4,9,747.5353380243583,439.09349201689486,1.7024514177850663,1
flash,llm,ethel_m_dell,4,10,1247.1341397793924,439.09349201689486,2.840247378868933,1
flash,llm,ethel_m_dell,4,11,834.0834898640677,439.09349201689486,1.8995578504998087,1
flash,llm,ethel_m_dell,4,12,723.2365883939166,439.09349201689486,1.647112976035839,1
flash,llm,ethel_m_dell,4,13,854.7382738231431,439.09349201689486,1.9465974544442932,1
flash,llm,ethel_m_dell,4,14,517.0378062421147,439.09349201689486,1.177511886744659,1
flash,llm,ethel_m_dell,4,15,1319.5270087878005,439.09349201689486,3.0051162970482594,1
flash,llm,ethel_m_dell,4,16,637.4551779107904,439.09349201689486,1.4517527348965202,1
flash,llm,ethel_m_dell,4,17,757.2360003390306,439.09349201689486,1.7245438935129895,1
flash,llm,ethel_m_dell,4,18,757.5822546962105,439.09349201689486,1.7253324598740836,1
flash,llm,ethel_m_dell,4,19,953.7540641032783,439.09349201689486,2.1720979277610906,1
flash,llm,ethel_m_dell,4,20,1027.128842282413,439.09349201689486,2.33920306485183,1
pro,human,jane_austen,2,1,176.44947881109485,490.58141011645677,0.359674205284722,0
pro,human,jane_austen,2,2,165.41691260685218,490.58141011645677,0.3371854481146863,0
pro,human,jane_austen,2,3,131.12203421181044,490.58141011645677,0.26727884813385816,0
pro,human,jane_austen,2,4,133.3573423189045,490.58141011645677,0.2718352949559329,0
pro,human,jane_austen,2,5,134.64490292431884,490.58141011645677,0.27445985548526214,0
pro,human,jane_austen,2,6,111.88921143603453,490.58141011645677,0.22807470713061403,0
pro,human,jane_austen,2,7,230.01886437937503,490.58141011645677,0.46886991564717456,0
pro,human,jane_austen,2,8,138.94662953681734,490.58141011645677,0.2832284849599855,0
pro,human,jane_austen,2,9,120.83840315801251,490.58141011645677,0.24631671862439153,0
pro,human,jane_austen,2,10,186.92086838543312,490.58141011645677,0.38101906132370744,0
pro,human,jane_austen,2,11,93.82619039682625,490.58141011645677,0.19125508725361873,0
pro,human,jane_austen,2,12,199.6850546639227,490.58141011645677,0.40703754880667087,0
pro,human,jane_austen,2,13,96.13186531644557,490.58141011645677,0.19595496962191308,0
pro,human,jane_austen,2,14,130.59371980715176,490.58141011645677,0.26620193328595704,0
pro,human,jane_austen,2,15,192.56049491490234,490.58141011645677,0.3925148628628046,0
pro,human,jane_austen,2,16,142.5865178868596,490.58141011645677,0.2906480248670892,0
pro,human,jane_austen,2,17,133.76853580580595,490.58141011645677,0.27267347079876364,0
pro,human,jane_austen,2,18,103.90674977015652,490.58141011645677,0.21180327592415416,0
pro,human,jane_austen,2,19,144.6107782081601,490.58141011645677,0.2947742723757748,0
pro,human,jane_austen,2,20,181.2218678226594,490.58141011645677,0.3694022318938665,0
pro,human,jane_austen,2,21,173.80246787511095,490.58141011645677,0.3542785443782976,0
pro,human,jane_austen,2,22,269.0032146202958,490.58141011645677,0.5483355240803732,0
pro,human,jane_austen,2,23,255.9211058211939,490.58141011645677,0.521668984074309,0
pro,human,jane_austen,2,24,95.50329305438484,490.58141011645677,0.1946736893917643,0
pro,human,jane_austen,2,25,171.2290673081556,490.58141011645677,0.34903293067608976,0
pro,human,jane_austen,2,26,151.42570862806383,490.58141011645677,0.3086658106187057,0
pro,human,jane_austen,2,27,127.44114982529626,490.58141011645677,0.25977574200180886,0
pro,human,jane_austen,2,28,132.30643555578857,490.58141011645677,0.26969312906573645,0
pro,human,jane_austen,2,29,149.74730270401142,490.58141011645677,0.30524455190518457,0
pro,human,jane_austen,2,30,142.29815819454444,490.58141011645677,0.29006023314410745,0
pro,human,jane_austen,2,31,166.94497393311903,490.58141011645677,0.3403002447514038,0
pro,human,herbert_george_wells,0,1,483.52207669322274,441.8837615060074,1.094229113659451,1
pro,human,herbert_george_wells,0,2,634.0005140238186,441.8837615060074,1.4347676227409851,1
pro,human,herbert_george_wells,0,3,966.7619455148878,441.8837615060074,2.187819580018092,1
pro,human,herbert_george_wells,0,4,192.67417801613894,441.8837615060074,0.43602909814897,0
pro,human,herbert_george_wells,0,5,415.21959965513315,441.8837615060074,0.9396579730379802,0
pro,human,herbert_george_wells,0,6,156.8149214328173,441.8837615060074,0.3548782170640715,0
pro,human,herbert_george_wells,0,7,525.6644381574807,441.8837615060074,1.1895989034897685,1
pro,human,herbert_george_wells,0,8,349.91630720357136,441.8837615060074,0.7918741028432525,0
pro,human,herbert_george_wells,0,9,314.6337306413456,441.8837615060074,0.7120282708941957,0
pro,human,herbert_george_wells,0,10,579.7900279645283,441.8837615060074,1.3120872013683311,1
pro,human,herbert_george_wells,0,11,209.15755591764406,441.8837615060074,0.4733316182626923,0
pro,human,agnes_may_fleming,1,1,198.66234817455518,483.8554732139631,0.4105820005609522,0
pro,human,agnes_may_fleming,1,2,311.3208581651431,483.8554732139631,0.643417043724285,0
pro,human,agnes_may_fleming,1,3,269.7806118774014,483.8554732139631,0.5575644522224991,0
pro,human,agnes_may_fleming,1,4,326.28396867943195,483.8554732139631,0.6743417957269808,0
pro,human,agnes_may_fleming,1,5,453.7216369661427,483.8554732139631,0.9377214108013302,0
pro,human,agnes_may_fleming,1,6,419.5428198005364,483.8554732139631,0.8670829266718094,0
pro,human,agnes_may_fleming,1,7,301.1058632413632,483.8554732139631,0.6223053781768689,0
pro,human,agnes_may_fleming,1,8,348.4850727152316,483.8554732139631,0.7202255466915632,0
pro,human,agnes_may_fleming,1,9,434.37059112511383,483.8554732139631,0.8977279687255562,0
pro,human,agnes_may_fleming,1,10,225.43479600134262,483.8554732139631,0.46591349789620823,0
pro,human,agnes_may_fleming,1,11,251.00070162336047,483.8554732139631,0.5187513948248071,0
pro,human,agnes_may_fleming,1,12,254.8071260721788,483.8554732139631,0.5266182572652266,0
pro,human,agnes_may_fleming,1,13,280.27467265818393,483.8554732139631,0.5792528723432363,0
pro,human,agnes_may_fleming,1,14,217.36746793276401,483.8554732139631,0.4492404859842169,0
pro,human,agnes_may_fleming,1,15,181.90334477483535,483.8554732139631,0.37594561774109947,0
pro,human,agnes_may_fleming,1,16,182.2899876180675,483.8554732139631,0.3767447052055109,0
pro,human,agnes_may_fleming,1,17,118.76265703114689,483.8554732139631,0.24545068435885917,0
pro,human,agnes_may_fleming,1,18,206.68415013286827,483.8554732139631,0.42716092216543267,0
pro,human,agnes_may_fleming,1,19,169.66992849556777,483.8554732139631,0.35066241447792607,0
pro,human,agnes_may_fleming,1,20,301.75674081288383,483.8554732139631,0.6236505682337206,0
pro,human,agnes_may_fleming,1,21,381.38087017917275,483.8554732139631,0.7882123718594879,0
pro,human,agnes_may_fleming,1,22,192.8175181290125,483.8554732139631,0.3985022983169764,0
pro,human,agnes_may_fleming,1,23,351.533849359773,483.8554732139631,0.7265265535279439,0
pro,human,agnes_may_fleming,1,24,247.56507368785756,483.8554732139631,0.5116508697182457,0
pro,human,agnes_may_fleming,1,25,136.0113992210741,483.8554732139631,0.2810992264231953,0
pro,human,agnes_may_fleming,1,26,99.48258046897863,483.8554732139631,0.20560391682287943,0
pro,human,agnes_may_fleming,1,27,140.44700712052298,483.8554732139631,0.2902664429682222,0
pro,human,agnes_may_fleming,1,28,155.60701767584672,483.8554732139631,0.3215981347534258,0
pro,human,agnes_may_fleming,1,29,156.65147531569008,483.8554732139631,0.323756749665655,0
pro,human,agnes_may_fleming,1,30,193.87657429007749,483.8554732139631,0.4006910844725412,0
pro,human,agnes_may_fleming,1,31,166.7322862996539,483.8554732139631,0.3445910928570279,0
pro,human,agnes_may_fleming,1,32,177.93791381953622,483.8554732139631,0.36775013133074813,0
pro,human,agnes_may_fleming,1,33,180.61243865344238,483.8554732139631,0.3732776596568016,0
pro,human,charles_dickens,3,1,222.71974708717113,448.9392291876774,0.4961022174207546,0
pro,human,charles_dickens,3,2,269.12888261901287,448.9392291876774,0.599477312566295,0
pro,human,charles_dickens,3,3,196.98706899596897,448.9392291876774,0.43878337242303955,0
pro,human,charles_dickens,3,4,239.38962788864666,448.9392291876774,0.533233926386439,0
pro,human,charles_dickens,3,5,153.3064027263874,448.9392291876774,0.34148586881967097,0
pro,human,charles_dickens,3,6,332.56974362435113,448.9392291876774,0.7407901159052455,0
pro,human,charles_dickens,3,7,168.25319287225958,448.9392291876774,0.3747794399181853,0
pro,human,charles_dickens,3,8,106.64254710945413,448.9392291876774,0.237543391568645,0
pro,human,charles_dickens,3,9,100.75185234918584,448.9392291876774,0.2244220281918533,0
pro,human,charles_dickens,3,10,129.4175939222395,448.9392291876774,0.28827419282652383,0
pro,human,charles_dickens,3,11,81.80125902070486,448.9392291876774,0.18221009371071945,0
pro,human,charles_dickens,3,12,222.79476160368844,448.9392291876774,0.49626931022895726,0
pro,human,charles_dickens,3,13,116.1172105899492,448.9392291876774,0.2586479484095314,0
pro,human,charles_dickens,3,14,88.8531153448237,448.9392291876774,0.19791791308947737,0
pro,human,charles_dickens,3,15,113.17897135590093,448.9392291876774,0.25210309992443736,0
pro,human,charles_dickens,3,16,141.63314001371222,448.9392291876774,0.31548399160836754,0
pro,human,charles_dickens,3,17,117.05876063254082,448.9392291876774,0.2607452256831065,0
pro,human,charles_dickens,3,18,129.68326321044376,448.9392291876774,0.28886596398603015,0
pro,human,charles_dickens,3,19,148.33389041440034,448.9392291876774,0.3304097320316597,0
pro,human,charles_dickens,3,20,181.06196900375062,448.9392291876774,0.40331064258155597,0
pro,human,charles_dickens,3,21,162.32979386344704,448.9392291876774,0.36158522871162513,0
pro,human,charles_dickens,3,22,164.83711899664686,448.9392291876774,0.3671702276829484,0
pro,human,charles_dickens,3,23,209.85897679914768,448.9392291876774,0.4674551991789002,0
pro,human,charles_dickens,3,24,107.43389769179265,448.9392291876774,0.23930610360379154,0
pro,human,charles_dickens,3,25,171.34862843291933,448.9392291876774,0.38167443897242415,0
pro,human,charles_dickens,3,26,160.52415056102546,448.9392291876774,0.3575632070547324,0
pro,human,charles_dickens,3,27,176.77636492161113,448.9392291876774,0.3937645753111729,0
pro,human,charles_dickens,3,28,180.94148521182765,448.9392291876774,0.40304226819123823,0
pro,human,charles_dickens,3,29,113.87486483292858,448.9392291876774,0.2536531838373242,0
pro,human,charles_dickens,3,30,115.56496134673931,448.9392291876774,0.2574178281453497,0
pro,human,charles_dickens,3,31,149.64978512233043,448.9392291876774,0.3333408519302506,0
pro,human,charles_dickens,3,32,121.40818349840863,448.9392291876774,0.27043344756948023,0
pro,human,charles_dickens,3,33,96.18063404411886,448.9392291876774,0.21423976295889904,0
pro,human,charles_dickens,3,34,192.22202525142177,448.9392291876774,0.42816936626196245,0
pro,human,mark_twain,2,1,223.93111541217144,490.58141011645677,0.4564606623781637,0
pro,human,mark_twain,2,2,271.9149875494597,490.58141011645677,0.5542708752150047,0
pro,human,mark_twain,2,3,202.56902260357165,490.58141011645677,0.41291622231564945,0
pro,human,mark_twain,2,4,264.82928724934743,490.58141011645677,0.5398274002809867,0
pro,human,mark_twain,2,5,237.8304598756396,490.58141011645677,0.48479305365277126,0
pro,human,mark_twain,2,6,265.28883861638707,490.58141011645677,0.5407641487136894,0
pro,human,mark_twain,2,7,197.06436669078914,490.58141011645677,0.40169554456620965,0
pro,human,mark_twain,2,8,174.00858257026843,490.58141011645677,0.3546986880912617,0
pro,human,mark_twain,2,9,122.51068732956142,490.58141011645677,0.24972549877191472,0
pro,human,mark_twain,2,10,113.35158554422966,490.58141011645677,0.23105560709551076,0
pro,human,mark_twain,2,11,318.0292058226025,490.58141011645677,0.6482699899841436,0
pro,human,mark_twain,2,12,138.67231499636816,490.58141011645677,0.2826693228417469,0
pro,human,mark_twain,2,13,166.96340768221333,490.58141011645677,0.340337820062482,0
pro,human,mark_twain,2,14,183.0722932334682,490.58141011645677,0.37317413472722,0
pro,human,mark_twain,2,15,127.68221384805481,490.58141011645677,0.26026712634248605,0
pro,human,mark_twain,2,16,216.49022902152137,490.58141011645677,0.44129317694718556,0
pro,human,mark_twain,2,17,439.61825878264847,490.58141011645677,0.8961168314108959,0
pro,human,mark_twain,2,18,141.00817574594387,490.58141011645677,0.28743073593528673,0
pro,human,mark_twain,2,19,239.3594492195613,490.58141011645677,0.4879097419585078,0
pro,human,mark_twain,2,20,123.26039004242801,490.58141011645677,0.25125369102993084,0
pro,human,mark_twain,2,21,121.41404633599639,490.58141011645677,0.24749010833324175,0
pro,human,mark_twain,2,22,243.64321190013487,490.58141011645677,0.4966417537963731,0
pro,human,mark_twain,2,23,156.37722246405045,490.58141011645677,0.31875896485137667,0
pro,human,mark_twain,2,24,139.84101099026933,490.58141011645677,0.2850515900247283,0
pro,human,arthur_conan_doyle,1,1,76.0765925986872,483.8554732139631,0.15722999285996664,0
pro,human,arthur_conan_doyle,1,2,127.16391140456193,483.8554732139631,0.2628138327337458,0
pro,human,arthur_conan_doyle,1,3,203.02579883582342,483.8554732139631,0.41960008737163645,0
pro,human,arthur_conan_doyle,1,4,59.3917249515998,483.8554732139631,0.1227468288352636,0
pro,human,arthur_conan_doyle,1,5,97.85092017113917,483.8554732139631,0.20223171088915026,0
pro,human,arthur_conan_doyle,1,6,122.3020060962219,483.8554732139631,0.2527655733309012,0
pro,human,arthur_conan_doyle,1,7,81.34642303993469,483.8554732139631,0.1681213245343676,0
pro,human,arthur_conan_doyle,1,8,95.528138554727,483.8554732139631,0.197431141824625,0
pro,human,arthur_conan_doyle,1,9,100.22473483070964,483.8554732139631,0.2071377516202856,0
pro,human,arthur_conan_doyle,1,10,172.63810454511193,483.8554732139631,0.3567968414170869,0
pro,human,arthur_conan_doyle,1,11,173.7331072677545,483.8554732139631,0.3590599195122237,0
pro,human,arthur_conan_doyle,1,12,177.5783573301368,483.8554732139631,0.36700702412352554,0
pro,human,arthur_conan_doyle,1,13,174.84449742302283,483.8554732139631,0.3613568660526566,0
pro,human,arthur_conan_doyle,1,14,93.9612130804096,483.8554732139631,0.19419272547705488,0
pro,human,arthur_conan_doyle,1,15,107.42776968442149,483.8554732139631,0.22202450035512247,0
pro,human,arthur_conan_doyle,1,16,150.98224784968446,483.8554732139631,0.3120399710409381,0
pro,human,arthur_conan_doyle,1,17,104.25830367678974,483.8554732139631,0.21547406084768259,0
pro,human,mary_shelley,4,1,154.3874361177788,439.09349201689486,0.3516049290747367,0
pro,human,mary_shelley,4,2,203.41450908763167,439.09349201689486,0.46326013203540023,0
pro,human,mary_shelley,4,3,356.2083412847987,439.09349201689486,0.8112357567601867,0
pro,human,mary_shelley,4,4,228.55171475931473,439.09349201689486,0.5205080897680916,0
pro,human,mary_shelley,4,5,206.68902567679388,439.09349201689486,0.4707175793642625,0
pro,human,mary_shelley,4,6,272.5368338873223,439.09349201689486,0.6206806496618174,0
pro,human,mary_shelley,4,7,225.94133073388815,439.09349201689486,0.5145631507678886,0
pro,human,mary_shelley,4,8,209.82745523569326,439.09349201689486,0.4778650994618244,0
pro,human,mary_shelley,4,9,168.37906324509373,439.09349201689486,0.38346973094881365,0
pro,human,mary_shelley,4,10,163.0922319777149,439.09349201689486,0.3714293993030524,0
pro,human,mary_shelley,4,11,197.92942716575206,439.09349201689486,0.4507683005197818,0
pro,human,mary_shelley,4,12,194.05632004494203,439.09349201689486,0.4419476115521097,0
pro,human,mary_shelley,4,13,177.22316117956802,439.09349201689486,0.40361145041236246,0
pro,human,mary_shelley,4,14,305.87264387573725,439.09349201689486,0.6966002672250226,0
pro,human,mary_shelley,4,15,227.59326583953163,439.09349201689486,0.5183252996853221,0
pro,human,mary_shelley,4,16,297.9823768164518,439.09349201689486,0.6786308206202847,0
pro,human,mary_shelley,4,17,285.040869262287,439.09349201689486,0.6491575813456137,0
pro,human,mary_shelley,4,18,350.18018082474595,439.09349201689486,0.7975071076919359,0
pro,human,mary_shelley,4,19,584.0700287271716,439.09349201689486,1.330172364988499,1
pro,human,mary_shelley,4,20,482.64176530069216,439.09349201689486,1.0991776787302547,1
pro,human,charlotte_bronte,4,1,352.22400263657806,439.09349201689486,0.8021617469635046,0
pro,human,charlotte_bronte,4,2,293.8187795843612,439.09349201689486,0.6691485638622402,0
pro,human,charlotte_bronte,4,3,368.0338336872075,439.09349201689486,0.8381673615719333,0
pro,human,charlotte_bronte,4,4,447.7436272430612,439.09349201689486,1.0196999850451747,1
pro,human,charlotte_bronte,4,5,285.8576399937015,439.09349201689486,0.6510177107856171,0
pro,human,charlotte_bronte,4,6,277.87053061082133,439.09349201689486,0.6328277136025733,0
pro,human,charlotte_bronte,4,7,327.2695246315487,439.09349201689486,0.7453299367483143,0
pro,human,charlotte_bronte,4,8,305.6993544918463,439.09349201689486,0.6962056146349899,0
pro,human,charlotte_bronte,4,9,386.09807949206623,439.09349201689486,0.8793072238866397,0
pro,human,charlotte_bronte,4,10,372.36500331657925,439.09349201689486,0.8480312509442792,0
pro,human,charlotte_bronte,4,11,388.5023914215485,439.09349201689486,0.8847828503151676,0
pro,human,charlotte_bronte,4,12,356.088091370997,439.09349201689486,0.8109618972838156,0
pro,human,charlotte_bronte,4,13,396.12420487736387,439.09349201689486,0.9021409154980651,0
pro,human,charlotte_bronte,4,14,323.50116412102943,439.09349201689486,0.7367477997341445,0
pro,human,charlotte_bronte,4,15,234.88724913304148,439.09349201689486,0.5349367581244037,0
pro,human,charlotte_bronte,4,16,209.67364414209842,439.09349201689486,0.4775148071063437,0
pro,human,charlotte_bronte,4,17,438.5126324171822,439.09349201689486,0.99867713912806,0
pro,human,charlotte_bronte,4,18,312.6754196484912,439.09349201689486,0.7120930401684489,0
pro,human,charlotte_bronte,4,19,320.3872666095773,439.09349201689486,0.7296561493952861,0
pro,human,charlotte_bronte,4,20,303.39376716879906,439.09349201689486,0.6909548255320657,0
pro,human,charlotte_bronte,4,21,327.2109205180849,439.09349201689486,0.745196470608348,0
pro,human,charlotte_bronte,4,22,246.63512999479332,439.09349201689486,0.5616916089143577,0
pro,human,charlotte_bronte,4,23,337.89470556261006,439.09349201689486,0.7695279290306789,0
pro,human,charlotte_bronte,4,24,250.86141876487858,439.09349201689486,0.5713166405919454,0
pro,human,charlotte_bronte,4,25,388.93046513366414,439.09349201689486,0.8857577536555686,0
pro,human,charlotte_bronte,4,26,363.89835513270094,439.09349201689486,0.828749142833343,0
pro,human,charlotte_bronte,4,27,431.72602174188603,439.09349201689486,0.9832211808898198,0
pro,human,charlotte_bronte,4,28,384.7148259237706,439.09349201689486,0.8761569754920623,0
pro,human,charlotte_bronte,4,29,408.68793535981183,439.09349201689486,0.9307537979726807,0
pro,human,charlotte_bronte,4,30,515.6914491116333,439.09349201689486,1.1744456670102303,1
pro,human,charlotte_bronte,4,31,362.36584506073007,439.09349201689486,0.8252589747943416,0
pro,human,charlotte_bronte,4,32,339.6616480190586,439.09349201689486,0.7735519979102526,0
pro,human,charlotte_bronte,4,33,426.9211158471999,439.09349201689486,0.972278395396426,0
pro,human,charlotte_bronte,4,34,443.3940966549135,439.09349201689486,1.0097942800706623,1
pro,human,charlotte_bronte,4,35,355.37596765129246,439.09349201689486,0.8093400929695829,0
pro,human,charlotte_bronte,4,36,519.9946949282927,439.09349201689486,1.1842459621521446,1
pro,human,charlotte_bronte,4,37,430.814223263745,439.09349201689486,0.9811446334239194,0
pro,human,charlotte_bronte,4,38,487.330292632532,439.09349201689486,1.1098554214367202,1
pro,human,charlotte_bronte,4,39,615.7805262759726,439.09349201689486,1.4023904646081147,1
pro,human,charlotte_bronte,4,40,726.0397843174446,439.09349201689486,1.6534970285770234,1
pro,human,charlotte_bronte,4,41,825.4335116118737,439.09349201689486,1.8798582229501906,1
pro,human,charlotte_bronte,4,42,141.91901498551047,439.09349201689486,0.3232091059551616,0
pro,human,charlotte_bronte,4,43,149.67385892730206,439.09349201689486,0.3408701373363628,0
pro,human,charlotte_bronte,4,44,231.58509303974003,439.09349201689486,0.5274163640549457,0
pro,human,charlotte_bronte,4,45,204.344801295207,439.09349201689486,0.46537879747792865,0
pro,human,charlotte_bronte,4,46,225.45236660215647,439.09349201689486,0.5134495744097292,0
pro,human,charlotte_bronte,4,47,114.00205908351026,439.09349201689486,0.25963049135586785,0
pro,human,charlotte_bronte,4,48,162.77350925407936,439.09349201689486,0.37070353401597755,0
pro,human,charlotte_bronte,4,49,118.89239010278581,439.09349201689486,0.27076782567802493,0
pro,human,charlotte_bronte,4,50,181.9645822359798,439.09349201689486,0.4144096543088332,0
pro,human,charlotte_bronte,4,51,141.26936536147414,439.09349201689486,0.3217295813531178,0
pro,human,charlotte_bronte,4,52,182.5176660612599,439.09349201689486,0.41566925809557936,0
pro,human,charlotte_bronte,4,53,148.49969498269698,439.09349201689486,0.3381960736894347,0
pro,human,charlotte_bronte,4,54,151.6508641706086,439.09349201689486,0.3453726072641805,0
pro,human,charlotte_bronte,4,55,164.61943245197784,439.09349201689486,0.3749074751616766,0
pro,human,charlotte_bronte,4,56,120.82439962640537,439.09349201689486,0.2751678214847157,0
pro,human,charlotte_bronte,4,57,160.45672669774865,439.09349201689486,0.36542724867253285,0
pro,human,charlotte_bronte,4,58,124.16719757210556,439.09349201689486,0.28278077409384156,0
pro,human,charlotte_bronte,4,59,277.0963794647787,439.09349201689486,0.6310646468295116,0
pro,human,charlotte_bronte,4,60,309.3357455134211,439.09349201689486,0.7044872017859898,0
pro,human,oscar_wilde,3,1,947.3753516659132,448.9392291876774,2.110252992103451,1
pro,human,oscar_wilde,3,2,1143.7039268755007,448.9392291876774,2.547569587413755,1
pro,human,oscar_wilde,3,3,1159.2125411064935,448.9392291876774,2.5821146064780383,1
pro,human,oscar_wilde,3,4,876.8414456367932,448.9392291876774,1.9531406226704078,1
pro,human,oscar_wilde,3,5,376.881297308902,448.9392291876774,0.8394929041751175,0
pro,human,oscar_wilde,3,6,957.132323661625,448.9392291876774,2.1319863835323227,1
pro,human,oscar_wilde,3,7,1741.6590054262779,448.9392291876774,3.8794983645730445,1
pro,human,oscar_wilde,3,8,1161.4624616568071,448.9392291876774,2.5871262436975897,1
pro,human,oscar_wilde,3,9,872.8406489500176,448.9392291876774,1.9442289561760033,1
pro,human,joseph_conrad,0,1,379.2012239294653,441.8837615060074,0.8581469991951947,0
pro,human,joseph_conrad,0,2,503.58588005215677,441.8837615060074,1.1396342747148236,1
pro,human,joseph_conrad,0,3,408.7587350775682,441.8837615060074,0.9250367872411875,0
pro,human,joseph_conrad,0,4,145.89346008979732,441.8837615060074,0.3301625286988825,0
pro,human,joseph_conrad,0,5,357.81445447330304,441.8837615060074,0.8097479148222526,0
pro,human,joseph_conrad,0,6,484.47463818105234,441.8837615060074,1.096384797055879,1
pro,human,joseph_conrad,0,7,319.47762844929406,441.8837615060074,0.722990198509367,0
pro,human,joseph_conrad,0,8,146.8079317851332,441.8837615060074,0.33223201342540704,0
pro,human,joseph_conrad,0,9,160.08316312971255,441.8837615060074,0.36227437411170005,0
pro,human,joseph_conrad,0,10,106.10139405041292,441.8837615060074,0.2401115480885814,0
pro,human,joseph_conrad,0,11,152.48560361246115,441.8837615060074,0.34508080381312706,0
pro,human,joseph_conrad,0,12,129.48158295835827,441.8837615060074,0.293021817586293,0
pro,human,joseph_conrad,0,13,207.68452829626492,441.8837615060074,0.4699980999266511,0
pro,human,joseph_conrad,0,14,152.8324852795448,441.8837615060074,0.34586581040830366,0
pro,human,joseph_conrad,0,15,303.15626071530846,441.8837615060074,0.6860543136550337,0
pro,human,joseph_conrad,0,16,187.3421208990044,441.8837615060074,0.42396244718410525,0
pro,human,joseph_conrad,0,17,271.89525706324326,441.8837615060074,0.615309456352464,0
pro,human,joseph_conrad,0,18,193.08674764543545,441.8837615060074,0.43696275913685156,0
pro,human,joseph_conrad,0,19,115.2060902520901,441.8837615060074,0.2607158268487852,0
pro,human,joseph_conrad,0,20,151.60903154528998,441.8837615060074,0.3430970874072929,0
pro,human,joseph_conrad,0,21,169.20266610021685,441.8837615060074,0.38291216116099924,0
pro,human,joseph_conrad,0,22,160.3175106470208,441.8837615060074,0.3628047115844091,0
pro,human,joseph_conrad,0,23,227.26047482803006,441.8837615060074,0.5142992221608046,0
pro,human,joseph_conrad,0,24,117.51509331592595,441.8837615060074,0.26594118986272897,0
pro,human,joseph_conrad,0,25,102.55540530331633,441.8837615060074,0.23208683875096892,0
pro,human,mildred_wirt,0,1,62.18326609838631,441.8837615060074,0.1407231301880301,0
pro,human,mildred_wirt,0,2,45.11322153221193,441.8837615060074,0.10209296077877851,0
pro,human,mildred_wirt,0,3,72.24507723122899,441.8837615060074,0.16349339696260104,0
pro,human,mildred_wirt,0,4,91.41715618607739,441.8837615060074,0.20688055128913033,0
pro,human,mildred_wirt,0,5,50.18448396378012,441.8837615060074,0.11356942330884423,0
pro,human,mildred_wirt,0,6,63.589411772227294,441.8837615060074,0.14390529209651168,0
pro,human,mildred_wirt,0,7,68.10754708196733,441.8837615060074,0.1541300066104407,0
pro,human,mildred_wirt,0,8,109.10856133639882,441.8837615060074,0.24691688367216794,0
pro,human,mildred_wirt,0,9,93.98177951469916,441.8837615060074,0.2126843928240198,0
pro,human,mildred_wirt,0,10,90.759093870237,441.8837615060074,0.20539133088058303,0
pro,human,mildred_wirt,0,11,62.90932712098049,441.8837615060074,0.14236623429332612,0
pro,human,mildred_wirt,0,12,55.593725923094325,441.8837615060074,0.12581074654932423,0
pro,human,mildred_wirt,0,13,72.36342116661214,441.8837615060074,0.16376121385403833,0
pro,human,mildred_wirt,0,14,51.12414252205441,441.8837615060074,0.11569590687789821,0
pro,human,robert_sidney_bowen,1,1,218.32948185826365,483.8554732139631,0.4512287117639307,0
pro,human,robert_sidney_bowen,1,2,320.3504017420445,483.8554732139631,0.6620786980338322,0
pro,human,robert_sidney_bowen,1,3,323.780156631392,483.8554732139631,0.6691670851229887,0
pro,human,robert_sidney_bowen,1,4,149.34388492403414,483.8554732139631,0.30865391256614677,0
pro,human,robert_sidney_bowen,1,5,189.51477763133235,483.8554732139631,0.3916764160432015,0
pro,human,robert_sidney_bowen,1,6,152.40743147092533,483.8554732139631,0.3149854448448702,0
pro,human,robert_sidney_bowen,1,7,118.75991679609565,483.8554732139631,0.24544502102506854,0
pro,human,robert_sidney_bowen,1,8,87.31292668888706,483.8554732139631,0.1804524936112005,0
pro,human,robert_sidney_bowen,1,9,132.1258859437218,483.8554732139631,0.27306890850296356,0
pro,human,robert_sidney_bowen,1,10,78.44456102568776,483.8554732139631,0.16212395099021484,0
pro,human,robert_sidney_bowen,1,11,84.3679405815352,483.8554732139631,0.17436599408730324,0
pro,human,robert_sidney_bowen,1,12,70.61668204977076,483.8554732139631,0.145945816383364,0
pro,human,luis_senarens,1,1,328.8103029777955,483.8554732139631,0.6795630538055195,0
pro,human,luis_senarens,1,2,341.95867299572876,483.8554732139631,0.7067372220144611,0
pro,human,luis_senarens,1,3,185.45045585283756,483.8554732139631,0.38327654872022193,0
pro,human,luis_senarens,1,4,317.2076632424773,483.8554732139631,0.6555834971452449,0
pro,human,luis_senarens,1,5,369.4499302470092,483.8554732139631,0.7635543063985075,0
pro,human,luis_senarens,1,6,474.43470106581924,483.8554732139631,0.980529780751332,0
pro,human,luis_senarens,1,7,353.6729890321592,483.8554732139631,0.7309475837545469,0
pro,human,luis_senarens,1,8,407.7845204322202,483.8554732139631,0.8427816631349668,0
pro,human,luis_senarens,1,9,552.7032902071377,483.8554732139631,1.1422900448678603,1
pro,human,john_c_hutcheson,3,1,69.07701999902952,448.9392291876774,0.15386719517476632,0
pro,human,john_c_hutcheson,3,2,73.42089873234873,448.9392291876774,0.1635430676557236,0
pro,human,john_c_hutcheson,3,3,73.2102448510381,448.9392291876774,0.16307384182822843,0
pro,human,john_c_hutcheson,3,4,113.4216470040397,448.9392291876774,0.2526436533721231,0
pro,human,john_c_hutcheson,3,5,53.183730597904265,448.9392291876774,0.11846532256523076,0
pro,human,john_c_hutcheson,3,6,99.46538930954775,448.9392291876774,0.22155646653896355,0
pro,human,john_c_hutcheson,3,7,100.08662814776574,448.9392291876774,0.2229402592615155,0
pro,human,john_c_hutcheson,3,8,79.69510042315892,448.9392291876774,0.1775186823556528,0
pro,human,john_c_hutcheson,3,9,169.71658721100198,448.9392291876774,0.378039111258091,0
pro,human,john_c_hutcheson,3,10,67.35088412540783,448.9392291876774,0.15002227416676042,0
pro,human,john_c_hutcheson,3,11,99.83305057113623,448.9392291876774,0.2223754220627518,0
pro,human,john_c_hutcheson,3,12,83.9736071149276,448.9392291876774,0.18704894038079872,0
pro,human,john_c_hutcheson,3,13,108.50760984112394,448.9392291876774,0.24169776839832083,0
pro,human,john_c_hutcheson,3,14,169.69510260716467,448.9392291876774,0.37799125488368546,0
pro,human,john_c_hutcheson,3,15,99.18309444972598,448.9392291876774,0.22092766236800138,0
pro,human,john_c_hutcheson,3,16,120.49174283240264,448.9392291876774,0.26839210075364456,0
pro,human,john_c_hutcheson,3,17,91.48913582407299,448.9392291876774,0.20378957746600995,0
pro,human,john_c_hutcheson,3,18,140.47746191099344,448.9392291876774,0.31290974986787656,0
pro,human,john_c_hutcheson,3,19,66.1416192197271,448.9392291876774,0.14732866927090668,0
pro,human,john_c_hutcheson,3,20,114.04802794660361,448.9392291876774,0.2540388999931352,0
pro,human,john_c_hutcheson,3,21,95.95200446734106,448.9392291876774,0.21373049675556124,0
pro,human,john_c_hutcheson,3,22,86.31542862332347,448.9392291876774,0.1922652845007662,0
pro,human,john_c_hutcheson,3,23,77.86503323620146,448.9392291876774,0.1734422571560354,0
pro,human,harold_l_goodwin,2,1,93.54988692607188,490.58141011645677,0.19069187090449374,0
pro,human,harold_l_goodwin,2,2,62.495066797268734,490.58141011645677,0.1273897981222593,0
pro,human,harold_l_goodwin,2,3,78.0273254957036,490.58141011645677,0.1590507179576598,0
pro,human,harold_l_goodwin,2,4,271.37391718679413,490.58141011645677,0.5531679586521103,0
pro,human,harold_l_goodwin,2,5,103.43895335963477,490.58141011645677,0.21084972081408443,0
pro,human,harold_l_goodwin,2,6,60.700123386582035,490.58141011645677,0.12373098966830545,0
pro,human,harold_l_goodwin,2,7,60.781978591428505,490.58141011645677,0.1238978431265868,0
pro,human,harold_l_goodwin,2,8,128.0833537243635,490.58141011645677,0.26108480892897756,0
pro,human,harold_l_goodwin,2,9,66.64365253040381,490.58141011645677,0.13584626558634497,0
pro,human,harold_l_goodwin,2,10,105.17478058794316,490.58141011645677,0.21438802698001994,0
pro,human,harold_l_goodwin,2,11,100.68683164429599,490.58141011645677,0.20523980234064398,0
pro,human,harold_l_goodwin,2,12,100.72284478180363,490.58141011645677,0.20531321143598474,0
pro,human,kathleen_thompson_norris,0,1,46.43760472715193,441.8837615060074,0.10509009104314102,0
pro,human,kathleen_thompson_norris,0,2,93.4613005057514,441.8837615060074,0.21150652874688358,0
pro,human,kathleen_thompson_norris,0,3,86.50733506906879,441.8837615060074,0.1957694366822591,0
pro,human,kathleen_thompson_norris,0,4,114.33178294139763,441.8837615060074,0.2587372356742358,0
pro,human,kathleen_thompson_norris,0,5,118.70196546474769,441.8837615060074,0.2686271273246006,0
pro,human,kathleen_thompson_norris,0,6,55.12960423053701,441.8837615060074,0.12476042125342397,0
pro,human,kathleen_thompson_norris,0,7,93.80527582847209,441.8837615060074,0.2122849581726411,0
pro,human,kathleen_thompson_norris,0,8,101.86449708560811,441.8837615060074,0.23052328679931197,0
pro,human,kathleen_thompson_norris,0,9,122.06288114068566,441.8837615060074,0.27623300916213056,0
pro,human,kathleen_thompson_norris,0,10,188.4410982493325,441.8837615060074,0.426449475326037,0
pro,human,kathleen_thompson_norris,0,11,189.35743116863222,441.8837615060074,0.428523172074197,0
pro,human,kathleen_thompson_norris,0,12,106.7904581566468,441.8837615060074,0.24167092674482676,0
pro,human,kathleen_thompson_norris,0,13,107.67094513461008,441.8837615060074,0.24366350274481924,0
pro,human,kathleen_thompson_norris,0,14,141.3417113808197,441.8837615060074,0.3198617457656863,0
pro,human,kathleen_thompson_norris,0,15,128.83550017238446,441.8837615060074,0.29155970731599956,0
pro,human,kathleen_thompson_norris,0,16,137.7370746504327,441.8837615060074,0.31170431377927016,0
pro,human,kathleen_thompson_norris,0,17,145.90717207389025,441.8837615060074,0.3301935594478881,0
pro,human,kathleen_thompson_norris,0,18,186.56686176816785,441.8837615060074,0.4222080058618119,0
pro,human,kathleen_thompson_norris,0,19,127.65939695015823,441.8837615060074,0.28889814035047473,0
pro,human,kathleen_thompson_norris,0,20,141.62142053080075,441.8837615060074,0.3204947383631689,0
pro,human,kathleen_thompson_norris,0,21,75.2870956275576,441.8837615060074,0.17037760195343607,0
pro,human,kathleen_thompson_norris,0,22,137.2767617590692,441.8837615060074,0.3106626079474136,0
pro,human,kathleen_thompson_norris,0,23,99.33819556746107,441.8837615060074,0.22480616899996805,0
pro,human,kathleen_thompson_norris,0,24,95.24179104563831,441.8837615060074,0.21553584752931343,0
pro,human,kathleen_thompson_norris,0,25,92.29282166215025,441.8837615060074,0.20886221604433303,0
pro,human,kathleen_thompson_norris,0,26,120.16867421307946,441.8837615060074,0.2719463458071558,0
pro,human,arthur_scott_bailey,4,1,104.21956130406699,439.09349201689486,0.23735164195978783,0
pro,human,arthur_scott_bailey,4,2,176.96277262955135,439.09349201689486,0.403018436499037,0
pro,human,arthur_scott_bailey,4,3,132.75578442902403,439.09349201689486,0.3023405876940577,0
pro,human,louis_joseph_vance,2,1,80.57465954296893,490.58141011645677,0.1642431977270433,0
pro,human,louis_joseph_vance,2,2,101.31188473564102,490.58141011645677,0.20651390910142942,0
pro,human,louis_joseph_vance,2,3,175.66206853656908,490.58141011645677,0.3580691500211341,0
pro,human,louis_joseph_vance,2,4,168.79612073798575,490.58141011645677,0.34407361807271913,0
pro,human,louis_joseph_vance,2,5,133.8393813059056,490.58141011645677,0.2728178821006163,0
pro,human,louis_joseph_vance,2,6,138.2498150639774,490.58141011645677,0.28180809996685147,0
pro,human,louis_joseph_vance,2,7,299.1994978104104,490.58141011645677,0.6098875571729977,0
pro,human,louis_joseph_vance,2,8,186.70921928598716,490.58141011645677,0.38058763629397446,0
pro,human,louis_joseph_vance,2,9,185.40275631309976,490.58141011645677,0.37792454522295876,0
pro,human,louis_joseph_vance,2,10,193.94447601891295,490.58141011645677,0.3953359667111589,0
pro,human,louis_joseph_vance,2,11,140.40593942971125,490.58141011645677,0.2862031388355726,0
pro,human,louis_joseph_vance,2,12,172.94207431867275,490.58141011645677,0.3525247201634054,0
pro,human,louis_joseph_vance,2,13,172.61112477616618,490.58141011645677,0.35185011338931665,0
pro,human,louis_joseph_vance,2,14,167.33952400356497,490.58141011645677,0.3411044946930236,0
pro,human,louis_joseph_vance,2,15,138.58979253038473,490.58141011645677,0.2825011092399232,0
pro,human,louis_joseph_vance,2,16,171.85937193135146,490.58141011645677,0.35031774214712824,0
pro,human,louis_joseph_vance,2,17,200.25952178162558,490.58141011645677,0.4082085412369925,0
pro,human,louis_joseph_vance,2,18,189.83310144842085,490.58141011645677,0.3869553503940504,0
pro,human,louis_joseph_vance,2,19,148.6177231763506,490.58141011645677,0.3029420196355809,0
pro,human,louis_joseph_vance,2,20,128.92556644321346,490.58141011645677,0.26280157336701454,0
pro,human,louis_joseph_vance,2,21,162.89474841828834,490.58141011645677,0.3320442745264635,0
pro,human,susan_warner,3,1,71.97097890794339,448.9392291876774,0.160313410432342,0
pro,human,susan_warner,3,2,99.1287657369888,448.9392291876774,0.22080664662866514,0
pro,human,susan_warner,3,3,82.46842444484228,448.9392291876774,0.18369618666219667,0
pro,human,susan_warner,3,4,60.1564893363199,448.9392291876774,0.13399695420952332,0
pro,human,susan_warner,3,5,102.88573048264213,448.9392291876774,0.22917518406401308,0
pro,human,susan_warner,3,6,106.17409809507264,448.9392291876774,0.23649993404939657,0
pro,human,susan_warner,3,7,46.79764888080381,448.9392291876774,0.10424049813040559,0
pro,human,susan_warner,3,8,94.8399331231153,448.9392291876774,0.21125338789109874,0
pro,human,susan_warner,3,9,118.83453779508353,448.9392291876774,0.2647007213205803,0
pro,human,susan_warner,3,10,223.36140020394132,448.9392291876774,0.497531482397066,0
pro,human,susan_warner,3,11,129.170751094263,448.9392291876774,0.28772435709837163,0
pro,human,susan_warner,3,12,73.3280889366782,448.9392291876774,0.1633363363441417,0
pro,human,susan_warner,3,13,164.12044613460014,448.9392291876774,0.36557385825151445,0
pro,human,susan_warner,3,14,120.18938035915144,448.9392291876774,0.2677185965161149,0
pro,human,susan_warner,3,15,124.05779719606583,448.9392291876774,0.2763353904726466,0
pro,human,susan_warner,3,16,68.6644432745041,448.9392291876774,0.15294819167116974,0
pro,human,susan_warner,3,17,85.93835375051425,448.9392291876774,0.19142536041239566,0
pro,human,susan_warner,3,18,54.26158639036907,448.9392291876774,0.12086621721285401,0
pro,human,susan_warner,3,19,66.63243266330238,448.9392291876774,0.14842194295176403,0
pro,human,susan_warner,3,20,119.96268075932788,448.9392291876774,0.26721362928428316,0
pro,human,susan_warner,3,21,76.96529120418751,448.9392291876774,0.17143810609612029,0
pro,human,susan_warner,3,22,96.31817998588875,448.9392291876774,0.21454614282687975,0
pro,human,susan_warner,3,23,81.26999239415838,448.9392291876774,0.18102671165808001,0
pro,human,susan_warner,3,24,160.7193263963165,448.9392291876774,0.357997955953028,0
pro,human,susan_warner,3,25,111.02821406041416,448.9392291876774,0.2473123461750303,0
pro,human,susan_warner,3,26,144.61472994505857,448.9392291876774,0.3221254026000987,0
pro,human,susan_warner,3,27,247.2068426351047,448.9392291876774,0.5506465609664082,0
pro,human,susan_warner,3,28,151.76696307464994,448.9392291876774,0.3380568086002667,0
pro,human,susan_warner,3,29,125.96206025081828,448.9392291876774,0.2805770849625625,0
pro,human,susan_warner,3,30,141.02275953597427,448.9392291876774,0.31412438559032724,0
pro,human,susan_warner,3,31,80.54513801014461,448.9392291876774,0.179412118107578,0
pro,human,susan_warner,3,32,71.19491961619954,448.9392291876774,0.15858475933373326,0
pro,human,susan_warner,3,33,84.1281684864319,448.9392291876774,0.18739322165865444,0
pro,human,susan_warner,3,34,127.79802335329207,448.9392291876774,0.2846666431546497,0
pro,human,susan_warner,3,35,212.80662330978092,448.9392291876774,0.4740210021183466,0
pro,human,susan_warner,3,36,110.87477032704231,448.9392291876774,0.2469705544059094,0
pro,human,susan_warner,3,37,88.45417256958041,448.9392291876774,0.1970292788394361,0
pro,human,susan_warner,3,38,168.98590825385148,448.9392291876774,0.37641154362834156,0
pro,human,susan_warner,3,39,173.2402844712244,448.9392291876774,0.3858880516739203,0
pro,human,susan_warner,3,40,184.31719706585437,448.9392291876774,0.4105615751142149,0
pro,human,susan_warner,3,41,277.7807250211893,448.9392291876774,0.6187490576927598,0
pro,human,susan_warner,3,42,104.09567428131626,448.9392291876774,0.2318703011756619,0
pro,human,susan_warner,3,43,62.541899006793464,448.9392291876774,0.13931038978250673,0
pro,human,susan_warner,3,44,87.02088258380118,448.9392291876774,0.19383666413215678,0
pro,human,susan_warner,3,45,176.7996440020672,448.9392291876774,0.39381642883374923,0
pro,human,susan_warner,3,46,128.5198240381552,448.9392291876774,0.2862744346728229,0
pro,human,susan_warner,3,47,161.73604210232608,448.9392291876774,0.36026266271044205,0
pro,human,susan_warner,3,48,108.09784918767842,448.9392291876774,0.24078503761694772,0
pro,human,susan_warner,3,49,95.57281189556211,448.9392291876774,0.21288585554996853,0
pro,human,susan_warner,3,50,159.8332237863237,448.9392291876774,0.3560241863370465,0
pro,human,susan_warner,3,51,133.01636551641528,448.9392291876774,0.296290359292278,0
pro,human,susan_warner,3,52,116.14193802408833,448.9392291876774,0.2587030281007936,0
pro,human,susan_warner,3,53,269.9564092237313,448.9392291876774,0.601320605713601,0
pro,human,susan_warner,3,54,65.33926870034054,448.9392291876774,0.14554145517326955,0
pro,human,susan_warner,3,55,217.72288887722758,448.9392291876774,0.4849718508030166,0
pro,human,susan_warner,3,56,210.36332684192084,448.9392291876774,0.4685786252686312,0
pro,human,susan_warner,3,57,143.05182086572455,448.9392291876774,0.31864406486500707,0
pro,human,susan_warner,3,58,113.10517629655655,448.9392291876774,0.2519387234241304,0
pro,human,susan_warner,3,59,257.13494097809325,448.9392291876774,0.5727611317089845,0
pro,human,susan_warner,3,60,190.0739975190288,448.9392291876774,0.4233846925405778,0
pro,human,susan_warner,3,61,210.53905956673083,448.9392291876774,0.46897006516379913,0
pro,human,susan_warner,3,62,157.82428657063994,448.9392291876774,0.3515493329825763,0
pro,human,ethel_m_dell,4,1,40.708259499468646,439.09349201689486,0.09270977648173007,0
pro,human,ethel_m_dell,4,2,101.43945223611294,439.09349201689486,0.23102016786942015,0
pro,human,ethel_m_dell,4,3,124.3195061504043,439.09349201689486,0.28312764459196516,0
pro,human,ethel_m_dell,4,4,69.2740517180008,439.09349201689486,0.15776606344084773,0
pro,human,ethel_m_dell,4,5,141.92968376232807,439.09349201689486,0.32323340323355804,0
pro,human,ethel_m_dell,4,6,97.05014089807392,439.09349201689486,0.22102386544672303,0
pro,human,ethel_m_dell,4,7,71.88640219519677,439.09349201689486,0.16371548087629323,0
pro,human,ethel_m_dell,4,8,72.84022621440585,439.09349201689486,0.1658877381211635,0
pro,human,ethel_m_dell,4,9,95.28421897184167,439.09349201689486,0.21700212074237585,0
pro,human,ethel_m_dell,4,10,115.44749254776748,439.09349201689486,0.26292234944653986,0
pro,human,ethel_m_dell,4,11,140.92156494420988,439.09349201689486,0.32093749396492466,0
pro,human,ethel_m_dell,4,12,55.03521595447788,439.09349201689486,0.12533826384372898,0
pro,human,ethel_m_dell,4,13,79.1749405273366,439.09349201689486,0.18031453885517895,0
pro,human,ethel_m_dell,4,14,112.22577809118019,439.09349201689486,0.2555851547142997,0
pro,human,ethel_m_dell,4,15,134.83098814220415,439.09349201689486,0.30706669671391146,0
pro,human,ethel_m_dell,4,16,47.706045950128555,439.09349201689486,0.10864667050973506,0
pro,human,ethel_m_dell,4,17,62.987175765963144,439.09349201689486,0.14344821071394884,0
pro,human,ethel_m_dell,4,18,98.24151892802142,439.09349201689486,0.22373713278410742,0
pro,human,ethel_m_dell,4,19,48.96727328758984,439.09349201689486,0.11151901400922094,0
pro,human,ethel_m_dell,4,20,82.2968012650019,439.09349201689486,0.1874243247992284,0
pro,human,ethel_m_dell,4,21,107.29607019596645,439.09349201689486,0.24435814273429962,0
pro,human,ethel_m_dell,4,22,52.57515415827625,439.09349201689486,0.11973567159190174,0
pro,human,ethel_m_dell,4,23,177.59973844198396,439.09349201689486,0.4044690747435412,0
pro,human,ethel_m_dell,4,24,135.50762280479987,439.09349201689486,0.3086076775639981,0
pro,human,ethel_m_dell,4,25,108.29171334483232,439.09349201689486,0.24662563967280485,0
pro,human,ethel_m_dell,4,26,94.85517128007041,439.09349201689486,0.21602499924189425,0
pro,human,ethel_m_dell,4,27,120.24271150619806,439.09349201689486,0.27384307372419797,0
pro,human,ethel_m_dell,4,28,155.3773997674643,439.09349201689486,0.3538594914121066,0
pro,human,ethel_m_dell,4,29,75.54807967865281,439.09349201689486,0.17205465590400046,0
pro,human,ethel_m_dell,4,30,139.8495155276439,439.09349201689486,0.31849598791653905,0
pro,human,ethel_m_dell,4,31,73.151360680676,439.09349201689486,0.16659632176434394,0
pro,human,ethel_m_dell,4,32,93.96812117879362,439.09349201689486,0.2140048142074901,0
pro,human,ethel_m_dell,4,33,73.14893420447612,439.09349201689486,0.16659079566057788,0
pro,human,ethel_m_dell,4,34,73.36787210330564,439.09349201689486,0.16708940906025246,0
pro,human,ethel_m_dell,4,35,58.852919794543055,439.09349201689486,0.1340327763096944,0
pro,human,ethel_m_dell,4,36,63.57898274256216,439.09349201689486,0.14479600335346318,0
pro,human,ethel_m_dell,4,37,89.25033032398528,439.09349201689486,0.2032604261885786,0
pro,human,ethel_m_dell,4,38,115.7114229999517,439.09349201689486,0.263523429756275,0
pro,human,ethel_m_dell,4,39,72.7637748769831,439.09349201689486,0.1657136263686263,0
pro,llm,jane_austen,2,1,498.0723531702618,490.58141011645677,1.0152695208161817,1
pro,llm,jane_austen,2,2,615.4534342954903,490.58141011645677,1.2545388422879513,1
pro,llm,jane_austen,2,3,509.6313586818394,490.58141011645677,1.0388313706401155,1
pro,llm,jane_austen,2,4,507.6629874618091,490.58141011645677,1.0348190473448584,1
pro,llm,jane_austen,2,5,532.2005491656926,490.58141011645677,1.084836355783143,1
pro,llm,jane_austen,2,6,560.9521425094287,490.58141011645677,1.1434435364688338,1
pro,llm,jane_austen,2,7,580.4197550295081,490.58141011645677,1.183126272338214,1
pro,llm,jane_austen,2,8,579.5416604525302,490.58141011645677,1.1813363664044172,1
pro,llm,jane_austen,2,9,609.459426350408,490.58141011645677,1.24232067049938,1
pro,llm,jane_austen,2,10,707.2279242677239,490.58141011645677,1.4416117481904551,1
pro,llm,herbert_george_wells,0,1,363.0980328045392,441.8837615060074,0.8217048564243357,0
pro,llm,herbert_george_wells,0,2,687.3134630343196,441.8837615060074,1.555416883145582,1
pro,llm,herbert_george_wells,0,3,378.6235575725639,441.8837615060074,0.8568397179433727,0
pro,llm,herbert_george_wells,0,4,728.522155601785,441.8837615060074,1.648673744241857,1
pro,llm,herbert_george_wells,0,5,586.3749419259336,441.8837615060074,1.3269891157065339,1
pro,llm,herbert_george_wells,0,6,164.60939855098505,441.8837615060074,0.37251741949052636,0
pro,llm,herbert_george_wells,0,7,440.15718186117874,441.8837615060074,0.9960926836529495,0
pro,llm,herbert_george_wells,0,8,794.860194101848,441.8837615060074,1.7987992846644625,1
pro,llm,herbert_george_wells,0,9,539.6344242239255,441.8837615060074,1.2212135209150228,1
pro,llm,herbert_george_wells,0,10,582.9187652940765,441.8837615060074,1.3191676546506264,1
pro,llm,agnes_may_fleming,1,1,510.17935122858495,483.8554732139631,1.0544044233699954,1
pro,llm,agnes_may_fleming,1,2,671.7403756208503,483.8554732139631,1.3883078993792919,1
pro,llm,agnes_may_fleming,1,3,360.0557220236732,483.8554732139631,0.744138987685802,0
pro,llm,agnes_may_fleming,1,4,617.468845867535,483.8554732139631,1.2761431461466335,1
pro,llm,agnes_may_fleming,1,5,469.30451596666927,483.8554732139631,0.9699270586924635,0
pro,llm,agnes_may_fleming,1,6,841.0087481254398,483.8554732139631,1.7381404049004978,1
pro,llm,agnes_may_fleming,1,7,776.5854188459139,483.8554732139631,1.6049945941243993,1
pro,llm,agnes_may_fleming,1,8,687.8863889805566,483.8554732139631,1.4216773955481747,1
pro,llm,agnes_may_fleming,1,9,491.79667175637707,483.8554732139631,1.0164123358772101,1
pro,llm,agnes_may_fleming,1,10,745.0384002578147,483.8554732139631,1.5397953345633757,1
pro,llm,charles_dickens,3,1,660.8108916315185,448.9392291876774,1.4719384020576844,1
pro,llm,charles_dickens,3,2,400.2831836479394,448.9392291876774,0.89161997353678,0
pro,llm,charles_dickens,3,3,714.7829987179385,448.9392291876774,1.5921598119444493,1
pro,llm,charles_dickens,3,4,588.3054307388937,448.9392291876774,1.3104344474493557,1
pro,llm,charles_dickens,3,5,578.3422140001502,448.9392291876774,1.2882416514293438,1
pro,llm,charles_dickens,3,6,783.3224098553426,448.9392291876774,1.7448294979093428,1
pro,llm,charles_dickens,3,7,357.92540904801285,448.9392291876774,0.7972691753751451,0
pro,llm,charles_dickens,3,8,506.3976021125143,448.9392291876774,1.1279869728221426,1
pro,llm,charles_dickens,3,9,697.3813436585676,448.9392291876774,1.553398095596208,1
pro,llm,charles_dickens,3,10,427.92325462040094,448.9392291876774,0.9531874846283687,0
pro,llm,mark_twain,2,1,863.2695394408353,490.58141011645677,1.7596866119242225,1
pro,llm,mark_twain,2,2,884.0735150151482,490.58141011645677,1.8020933871205642,1
pro,llm,mark_twain,2,3,799.5133127632549,490.58141011645677,1.6297260684489905,1
pro,llm,mark_twain,2,4,1071.3171058915707,490.58141011645677,2.1837702852157728,1
pro,llm,mark_twain,2,5,885.4672590742116,490.58141011645677,1.8049343917536842,1
pro,llm,mark_twain,2,6,1040.7806414474485,490.58141011645677,2.121524827449908,1
pro,llm,mark_twain,2,7,761.842069858376,490.58141011645677,1.5529370949411352,1
pro,llm,mark_twain,2,8,888.1579690365329,490.58141011645677,1.8104191286532796,1
pro,llm,mark_twain,2,9,799.1230734377965,490.58141011645677,1.62893060551988,1
pro,llm,mark_twain,2,10,1001.8085956694792,490.58141011645677,2.042084300405237,1
pro,llm,arthur_conan_doyle,1,1,193.70671787655064,483.8554732139631,0.40034003664332357,0
pro,llm,arthur_conan_doyle,1,2,623.1596930709527,483.8554732139631,1.2879046069928173,1
pro,llm,arthur_conan_doyle,1,3,324.74678858890866,483.8554732139631,0.6711648551411635,0
pro,llm,arthur_conan_doyle,1,4,175.57851839828467,483.8554732139631,0.36287389131308445,0
pro,llm,arthur_conan_doyle,1,5,456.33339855844594,483.8554732139631,0.9431192242743387,0
pro,llm,arthur_conan_doyle,1,6,333.39563515964335,483.8554732139631,0.6890397104430692,0
pro,llm,arthur_conan_doyle,1,7,202.72039423897485,483.8554732139631,0.41896889765951034,0
pro,llm,arthur_conan_doyle,1,8,438.4176034160471,483.8554732139631,0.9060920619620165,0
pro,llm,arthur_conan_doyle,1,9,470.6753301092901,483.8554732139631,0.9727601653090227,0
pro,llm,arthur_conan_doyle,1,10,231.72500979204753,483.8554732139631,0.47891368935611417,0
pro,llm,mary_shelley,4,1,939.0130077479145,439.09349201689486,2.1385263612875054,1
pro,llm,mary_shelley,4,2,546.0474856983227,439.09349201689486,1.2435790910727336,1
pro,llm,mary_shelley,4,3,1034.7394677382858,439.09349201689486,2.356535650267557,1
pro,llm,mary_shelley,4,4,714.8507084170446,439.09349201689486,1.6280148109996118,1
pro,llm,mary_shelley,4,5,909.6860274684444,439.09349201689486,2.0717365299357313,1
pro,llm,mary_shelley,4,6,522.1477858176929,439.09349201689486,1.1891494529315465,1
pro,llm,mary_shelley,4,7,965.8631056076681,439.09349201689486,2.1996752927745624,1
pro,llm,mary_shelley,4,8,481.29726545768756,439.09349201689486,1.0961156888182002,1
pro,llm,mary_shelley,4,9,1144.551437923463,439.09349201689486,2.606623552232982,1
pro,llm,mary_shelley,4,10,746.9464691454507,439.09349201689486,1.7011103164259849,1
pro,llm,charlotte_bronte,4,1,825.6318412817184,439.09349201689486,1.8803099027711183,1
pro,llm,charlotte_bronte,4,2,1017.4763878186783,439.09349201689486,2.3172203786147874,1
pro,llm,charlotte_bronte,4,3,854.0877429737131,439.09349201689486,1.9451159229225168,1
pro,llm,charlotte_bronte,4,4,921.0985648639672,439.09349201689486,2.0977276630383908,1
pro,llm,charlotte_bronte,4,5,696.688987176151,439.09349201689486,1.5866529562440994,1
pro,llm,charlotte_bronte,4,6,1005.0636809745404,439.09349201689486,2.288951440291146,1
pro,llm,charlotte_bronte,4,7,760.9742803093797,439.09349201689486,1.733057524523957,1
pro,llm,charlotte_bronte,4,8,901.7529610615018,439.09349201689486,2.053669611269951,1
pro,llm,charlotte_bronte,4,9,914.4787189341711,439.09349201689486,2.0826514980526856,1
pro,llm,charlotte_bronte,4,10,914.7340243609387,439.09349201689486,2.083232935562941,1
pro,llm,oscar_wilde,3,1,788.596039419017,448.9392291876774,1.7565763652375035,1
pro,llm,oscar_wilde,3,2,975.4133752257766,448.9392291876774,2.1727069318284244,1
pro,llm,oscar_wilde,3,3,927.5388261168595,448.9392291876774,2.066067667544164,1
pro,llm,oscar_wilde,3,4,655.1590048007677,448.9392291876774,1.4593489768898784,1
pro,llm,oscar_wilde,3,5,1309.8894850385516,448.9392291876774,2.9177434268969997,1
pro,llm,oscar_wilde,3,6,966.4944724099346,448.9392291876774,2.152840316848085,1
pro,llm,oscar_wilde,3,7,955.507407145813,448.9392291876774,2.128366925908287,1
pro,llm,oscar_wilde,3,8,953.7347719025662,448.9392291876774,2.1244184288111314,1
pro,llm,oscar_wilde,3,9,752.3389308755264,448.9392291876774,1.675814635840197,1
pro,llm,oscar_wilde,3,10,969.4970660782445,448.9392291876774,2.1595285130962565,1
pro,llm,joseph_conrad,0,1,988.6747199902471,441.8837615060074,2.237409034042556,1
pro,llm,joseph_conrad,0,2,264.6238450709676,441.8837615060074,0.5988539704855619,0
pro,llm,joseph_conrad,0,3,1017.9898818474886,441.8837615060074,2.3037503762935834,1
pro,llm,joseph_conrad,0,4,522.5929473207008,441.8837615060074,1.1826480012291563,1
pro,llm,joseph_conrad,0,5,645.5862550531,441.8837615060074,1.460986601663848,1
pro,llm,joseph_conrad,0,6,448.235941970927,441.8837615060074,1.0143752294568835,1
pro,llm,joseph_conrad,0,7,460.8336403668037,441.8837615060074,1.042884306941292,1
pro,llm,joseph_conrad,0,8,311.39868323486735,441.8837615060074,0.7047072338064043,0
pro,llm,joseph_conrad,0,9,480.40308170853234,441.8837615060074,1.087170707679425,1
pro,llm,joseph_conrad,0,10,719.7172097104396,441.8837615060074,1.6287478119981902,1
pro,llm,mildred_wirt,0,1,1050.8082321622499,441.8837615060074,2.378019569175692,1
pro,llm,mildred_wirt,0,2,352.6517716284377,441.8837615060074,0.7980645643699298,0
pro,llm,mildred_wirt,0,3,519.5080925459164,441.8837615060074,1.1756668558612642,1
pro,llm,mildred_wirt,0,4,487.8703917025091,441.8837615060074,1.1040695182818492,1
pro,llm,mildred_wirt,0,5,1209.8332424160808,441.8837615060074,2.7378993025061256,1
pro,llm,mildred_wirt,0,6,472.72393852403127,441.8837615060074,1.0697925103943984,1
pro,llm,mildred_wirt,0,7,467.5698437488566,441.8837615060074,1.05812859507511,1
pro,llm,mildred_wirt,0,8,412.14681722215835,441.8837615060074,0.9327041478453497,0
pro,llm,mildred_wirt,0,9,705.3351321353626,441.8837615060074,1.5962006155905633,1
pro,llm,mildred_wirt,0,10,615.8120077174508,441.8837615060074,1.393606331263836,1
pro,llm,robert_sidney_bowen,1,1,520.9655042762895,483.8554732139631,1.0766965201733207,1
pro,llm,robert_sidney_bowen,1,2,260.8915043181091,483.8554732139631,0.5391930416435359,0
pro,llm,robert_sidney_bowen,1,3,334.1305832828067,483.8554732139631,0.6905586518705197,0
pro,llm,robert_sidney_bowen,1,4,424.9089058484558,483.8554732139631,0.8781731929702884,0
pro,llm,robert_sidney_bowen,1,5,444.1395768974222,483.8554732139631,0.9179178525092795,0
pro,llm,robert_sidney_bowen,1,6,340.35966687888885,483.8554732139631,0.7034325035492164,0
pro,llm,robert_sidney_bowen,1,7,305.4900474683914,483.8554732139631,0.6313663157289581,0
pro,llm,robert_sidney_bowen,1,8,250.78362343276947,483.8554732139631,0.5183027521978073,0
pro,llm,robert_sidney_bowen,1,9,433.602931387758,483.8554732139631,0.896141421130555,0
pro,llm,robert_sidney_bowen,1,10,286.73684215800677,483.8554732139631,0.5926084503155149,0
pro,llm,luis_senarens,1,1,458.56589541297154,483.8554732139631,0.947733198855832,0
pro,llm,luis_senarens,1,2,662.7148918559956,483.8554732139631,1.3696546356166566,1
pro,llm,luis_senarens,1,3,521.286954146959,483.8554732139631,1.077360871179902,1
pro,llm,luis_senarens,1,4,440.6322045401602,483.8554732139631,0.9106690508496339,0
pro,llm,luis_senarens,1,5,413.04416411463774,483.8554732139631,0.853651941500283,0
pro,llm,luis_senarens,1,6,478.26593662196,483.8554732139631,0.9884479211222411,0
pro,llm,luis_senarens,1,7,463.01043933447113,483.8554732139631,0.9569188837711583,0
pro,llm,luis_senarens,1,8,526.8554590391935,483.8554732139631,1.0888694831529075,1
pro,llm,luis_senarens,1,9,430.14290692343053,483.8554732139631,0.8889904749165034,0
pro,llm,luis_senarens,1,10,449.4579441311532,483.8554732139631,0.9289094967670251,0
pro,llm,john_c_hutcheson,3,1,1471.239709665469,448.9392291876774,3.2771466916080585,1
pro,llm,john_c_hutcheson,3,2,1281.7722316497386,448.9392291876774,2.8551130048693034,1
pro,llm,john_c_hutcheson,3,3,1394.4785185307242,448.9392291876774,3.1061632129006207,1
pro,llm,john_c_hutcheson,3,4,1068.310838906908,448.9392291876774,2.379633521534614,1
pro,llm,john_c_hutcheson,3,5,1328.7089785784779,448.9392291876774,2.9596633401422263,1
pro,llm,john_c_hutcheson,3,6,1503.849167883951,448.9392291876774,3.3497833784876754,1
pro,llm,john_c_hutcheson,3,7,911.0696814795035,448.9392291876774,2.0293830929589673,1
pro,llm,john_c_hutcheson,3,8,1594.3164697041755,448.9392291876774,3.5512968483261624,1
pro,llm,john_c_hutcheson,3,9,1261.5681149975699,448.9392291876774,2.8101088810623316,1
pro,llm,john_c_hutcheson,3,10,1236.8219345022312,448.9392291876774,2.754987432798354,1
pro,llm,harold_l_goodwin,2,1,282.9781032197562,490.58141011645677,0.5768219043452572,0
pro,llm,harold_l_goodwin,2,2,173.79408491893156,490.58141011645677,0.3542614565800107,0
pro,llm,harold_l_goodwin,2,3,151.5239771420472,490.58141011645677,0.30886612092797733,0
pro,llm,harold_l_goodwin,2,4,178.73077131866054,490.58141011645677,0.3643243866012626,0
pro,llm,harold_l_goodwin,2,5,181.45692809420296,490.58141011645677,0.36988137820209654,0
pro,llm,harold_l_goodwin,2,6,159.45325361381668,490.58141011645677,0.3250291395590486,0
pro,llm,harold_l_goodwin,2,7,181.58739908270408,490.58141011645677,0.3701473299601751,0
pro,llm,harold_l_goodwin,2,8,176.2929767711972,490.58141011645677,0.35935519189230564,0
pro,llm,harold_l_goodwin,2,9,163.95073105067289,490.58141011645677,0.33419678705671585,0
pro,llm,harold_l_goodwin,2,10,188.55143936536479,490.58141011645677,0.3843428133989127,0
pro,llm,kathleen_thompson_norris,0,1,576.680565965503,441.8837615060074,1.3050503689026443,1
pro,llm,kathleen_thompson_norris,0,2,438.77648496709116,441.8837615060074,0.9929681133148542,0
pro,llm,kathleen_thompson_norris,0,3,878.1189421200985,441.8837615060074,1.9872170435214342,1
pro,llm,kathleen_thompson_norris,0,4,487.2899806369018,441.8837615060074,1.102756025648336,1
pro,llm,kathleen_thompson_norris,0,5,811.2607874341761,441.8837615060074,1.8359144601043391,1
pro,llm,kathleen_thompson_norris,0,6,632.1420239218771,441.8837615060074,1.4305617879404315,1
pro,llm,kathleen_thompson_norris,0,7,698.2856739807062,441.8837615060074,1.5802474198210903,1
pro,llm,kathleen_thompson_norris,0,8,620.5678222574808,441.8837615060074,1.4043689230454879,1
pro,llm,kathleen_thompson_norris,0,9,937.0748499846169,441.8837615060074,2.1206365375159355,1
pro,llm,kathleen_thompson_norris,0,10,738.881612381902,441.8837615060074,1.6721175945992686,1
pro,llm,arthur_scott_bailey,4,1,394.1621823736946,439.09349201689486,0.8976725675508953,0
pro,llm,arthur_scott_bailey,4,2,471.5045675423723,439.09349201689486,1.0738136094356652,1
pro,llm,arthur_scott_bailey,4,3,561.3672309641715,439.09349201689486,1.278468574848684,1
pro,llm,arthur_scott_bailey,4,4,364.63021366744846,439.09349201689486,0.8304158915965412,0
pro,llm,arthur_scott_bailey,4,5,447.9001235872925,439.09349201689486,1.0200563928423216,1
pro,llm,arthur_scott_bailey,4,6,533.4604964155718,439.09349201689486,1.2149132385570542,1
pro,llm,arthur_scott_bailey,4,7,533.9332325336524,439.09349201689486,1.2159898569234735,1
pro,llm,arthur_scott_bailey,4,8,591.6916717250785,439.09349201689486,1.3475300419672633,1
pro,llm,arthur_scott_bailey,4,9,404.04154998352817,439.09349201689486,0.920172030169789,0
pro,llm,arthur_scott_bailey,4,10,448.4961919090521,439.09349201689486,1.0214138903516143,1
pro,llm,louis_joseph_vance,2,1,668.1064492404921,490.58141011645677,1.361866624913271,1
pro,llm,louis_joseph_vance,2,2,967.5147602799017,490.58141011645677,1.9721798264843098,1
pro,llm,louis_joseph_vance,2,3,1516.54862420637,490.58141011645677,3.0913291717400457,1
pro,llm,louis_joseph_vance,2,4,660.4760772228957,490.58141011645677,1.3463128924231116,1
pro,llm,louis_joseph_vance,2,5,1133.1874362587114,490.58141011645677,2.3098866220587313,1
pro,llm,louis_joseph_vance,2,6,909.3251149159047,490.58141011645677,1.853566189350804,1
pro,llm,louis_joseph_vance,2,7,916.4073270502606,490.58141011645677,1.8680025540158953,1
pro,llm,louis_joseph_vance,2,8,466.4102310563772,490.58141011645677,0.9507295250866891,0
pro,llm,louis_joseph_vance,2,9,1133.7153552807708,490.58141011645677,2.310962730959666,1
pro,llm,louis_joseph_vance,2,10,529.7032695785952,490.58141011645677,1.0797459069083997,1
pro,llm,susan_warner,3,1,698.4412612035628,448.9392291876774,1.555759033282391,1
pro,llm,susan_warner,3,2,817.9652310494043,448.9392291876774,1.8219954458634688,1
pro,llm,susan_warner,3,3,625.9694022296449,448.9392291876774,1.3943299260398574,1
pro,llm,susan_warner,3,4,678.5957400038625,448.9392291876774,1.5115536711544046,1
pro,llm,susan_warner,3,5,937.4218910212624,448.9392291876774,2.0880819275193625,1
pro,llm,susan_warner,3,6,961.5572338051195,448.9392291876774,2.1418427512894933,1
pro,llm,susan_warner,3,7,703.3834059516987,448.9392291876774,1.5667675271426365,1
pro,llm,susan_warner,3,8,687.3946533175058,448.9392291876774,1.5311530127614286,1
pro,llm,susan_warner,3,9,992.4918440043122,448.9392291876774,2.210748759470526,1
pro,llm,susan_warner,3,10,817.0393084966742,448.9392291876774,1.8199329784012122,1
pro,llm,ethel_m_dell,4,1,549.0866160092111,439.09349201689486,1.2505004651448672,1
pro,llm,ethel_m_dell,4,2,408.8465465303144,439.09349201689486,0.9311150221160266,0
pro,llm,ethel_m_dell,4,3,437.3170741696383,439.09349201689486,0.9959543516823789,0
pro,llm,ethel_m_dell,4,4,424.018264041459,439.09349201689486,0.9656673846241934,0
pro,llm,ethel_m_dell,4,5,371.03410062576575,439.09349201689486,0.8450002274492595,0
pro,llm,ethel_m_dell,4,6,534.1999691384684,439.09349201689486,1.2165973280194144,1
pro,llm,ethel_m_dell,4,7,475.9430317985855,439.09349201689486,1.083921853663622,1
pro,llm,ethel_m_dell,4,8,580.6649994504158,439.09349201689486,1.3224176855440022,1
pro,llm,ethel_m_dell,4,9,464.468234775607,439.09349201689486,1.057788929282823,1
pro,llm,ethel_m_dell,4,10,523.9379831970217,439.09349201689486,1.1932264830216666,1
