corpus_variant,feature,author,n_documents,n_marks,consistency_C,nearest_other_D,nearest_other,ratio_D_over_C,margin_D_minus_C,between_author_baseline,C_over_baseline
all_documents,f1,"Abbott, Eleanor Hallowell",10,79604,0.07097040394563188,0.03146421015362436,"Standish, Burt L.",0.4433426950440929,-0.03950619379200752,0.16891442246323624,0.4201559754974647
all_documents,f1,"Abbott, Jacob",51,414731,0.17982849930165115,0.007477114533134175,"Grinnell, George Bird",0.041579141026983596,-0.17235138476851697,0.16891442246323624,1.0646130548194623
all_documents,f1,"Abbott, John S. C. (John Stevens Cabot)",23,272735,0.025095420702380418,0.011806681514618405,"Nye, Bill",0.47047155154878456,-0.013288739187762013,0.16891442246323624,0.1485688453148065
all_documents,f1,"Adams, Andy",10,102879,0.14855627953588363,0.007882412048195241,"Eggleston, George Cary",0.0530601067341031,-0.1406738674876884,0.16891442246323624,0.8794765856551799
all_documents,f1,"Adams, Samuel Hopkins",13,223823,0.08211932671634102,0.010073595028751176,"Smith, George O. (George Oliver)",0.1226702097004239,-0.07204573168758985,0.16891442246323624,0.4861593552451927
all_documents,f1,Aesop,22,44566,0.6671540433991615,0.01573543710024702,Dante Alighieri,0.023585912812691193,-0.6514186062989145,0.16891442246323624,3.949657072914338
all_documents,f1,"Aimard, Gustave",29,560205,0.02360511045921664,0.003974539464696449,"Lever, Charles James",0.16837622817158163,-0.01963057099452019,0.16891442246323624,0.13974597381910492
all_documents,f1,"Ainsworth, William Harrison",20,560529,0.02615020182148788,0.0010717368480766658,"Murfree, Mary Noailles",0.0409838843842501,-0.025078464973411214,0.16891442246323624,0.15481331576159163
all_documents,f1,"Alcott, Louisa May",37,420281,0.03405419155928777,0.0019772433491851205,"Le Fanu, Joseph Sheridan",0.05806167342844634,-0.03207694821010265,0.16891442246323624,0.20160618058946136
all_documents,f1,"Aldrich, Thomas Bailey",19,57740,0.10162523652447027,0.004152283074173903,"Williamson, A. M. (Alice Muriel)",0.04085877894290635,-0.09747295345029636,0.16891442246323624,0.6016374152218336
all_documents,f1,"Alger, Horatio, Jr.",95,1280977,0.04764932694694716,0.00723701397948614,"Blanchard, Amy Ella",0.1518807178020341,-0.04041231296746102,0.16891442246323624,0.28209152452519504
all_documents,f1,"Allen, Grant",29,357781,0.14041324868829036,0.005466867489616508,"Twain, Mark",0.03893412865727971,-0.13494638119867386,0.16891442246323624,0.8312685597871368
all_documents,f1,"Allen, James Lane",13,82217,0.06417890558675386,0.008912094645893803,"Meredith, George",0.13886330040089068,-0.055266810940860056,0.16891442246323624,0.3799492349489708
all_documents,f1,"Altsheler, Joseph A. (Joseph Alexander)",33,548187,0.020765936330872654,0.009075839636278355,"Doyle, Arthur Conan",0.4370541973965957,-0.0116900966945943,0.16891442246323624,0.12293761555732344
all_documents,f1,"Andersen, H. C. (Hans Christian)",14,199903,0.06306581041673075,0.0060719268676191354,"Disraeli, Benjamin, Earl of Beaconsfield",0.09627921733656676,-0.05699388354911161,0.16891442246323624,0.37335953613112494
all_documents,f1,"Andreyev, Leonid",11,92463,0.19681554983113142,0.029832987539321964,"Strindberg, August",0.15157840711731768,-0.16698256229180947,0.16891442246323624,1.1651790709225425
all_documents,f1,"Anstey, F.",18,223113,0.22644535153876086,0.02494287180719562,"Kipling, Rudyard",0.11014963052984608,-0.20150247973156524,0.16891442246323624,1.3405921663559905
all_documents,f1,"Appleton, Victor",31,309418,0.01443456650594772,0.0011519051579416523,"Young, Clarence",0.07980185324353269,-0.013282661348006068,0.16891442246323624,0.08545490844092585
all_documents,f1,"Arthur, T. S. (Timothy Shay)",32,380215,0.032856502795971826,0.0022736884730614835,"Peattie, Elia Wilkinson",0.06920056243296335,-0.030582814322910344,0.16891442246323624,0.19451567436832076
all_documents,f1,"Ashton, John",17,331324,0.027207232447747795,0.0056988120318495535,"Brandes, Georg",0.20945945320951964,-0.02150842041589824,0.16891442246323624,0.1610711036452164
all_documents,f1,"Atherton, Gertrude Franklin Horn",25,311725,0.06955412889749445,0.005606681130228662,"Conrad, Joseph",0.08060889007022891,-0.06394744776726578,0.16891442246323624,0.4117714040234351
all_documents,f1,"Atkinson, William Walker",19,122836,0.06642278723938232,0.00830721467051582,"Masefield, John",0.12506573445310712,-0.0581155725688665,0.16891442246323624,0.3932333679431018
all_documents,f1,"Auerbach, Berthold",10,246077,0.03823173765792898,0.005825497249419117,"Disraeli, Benjamin, Earl of Beaconsfield",0.15237333185170965,-0.03240624040850986,0.16891442246323624,0.22633791182780744
all_documents,f1,"Aycock, Roger D.",12,9732,0.02429925335683048,0.0038444679367962255,"Garrett, Randall",0.1582134183442123,-0.020454785420034257,0.16891442246323624,0.14385540916211076
all_documents,f1,"Bacheller, Irving",18,178554,0.05681670566612261,0.0034546260398397796,"Hayes, Clair W. (Clair Wallace)",0.060802997979863986,-0.05336207962628283,0.16891442246323624,0.3363638512187354
all_documents,f1,"Bacon, Josephine Daskam",13,83980,0.03349065604126203,0.0051127104638305524,"Caine, Hall, Sir",0.15266080358448214,-0.028377945577431476,0.16891442246323624,0.1982699615158746
all_documents,f1,Bahá'u'lláh,11,78751,0.22436750934944705,0.032509148460309896,`Abdu'l-Bahá,0.14489240690227423,-0.19185836088913716,0.16891442246323624,1.3282910131506387
all_documents,f1,"Bailey, Arthur Scott",40,109082,0.032062461424863374,0.0327235291762997,"Snell, Roy J. (Roy Judson)",1.0206181223168251,0.0006610677514363242,0.16891442246323624,0.18981482431934835
all_documents,f1,"Baker, George M. (George Melville)",19,103804,0.1733192636355095,0.024065789091040443,"Shaw, Bernard",0.13885236174122462,-0.14925347454446908,0.16891442246323624,1.0260773538934012
all_documents,f1,"Baldwin, James",11,105298,0.11168629723220826,0.006785763455995052,"Seton, Ernest Thompson",0.06075735004345872,-0.10490053377621321,0.16891442246323624,0.6612004801219178
all_documents,f1,"Ballantyne, R. M. (Robert Michael)",91,1109394,0.04675585975495801,0.005201538639097581,"Yonge, Charlotte M. (Charlotte Mary)",0.11124891438973075,-0.04155432111586043,0.16891442246323624,0.27680205794821516
all_documents,f1,"Ballou, Maturin Murray",19,227897,0.12181172111704386,0.0058267234479421025,"Skinner, Charles M. (Charles Montgomery)",0.047833848783266464,-0.11598499766910175,0.16891442246323624,0.7211445851733345
all_documents,f1,"Balzac, Honoré de",119,1150655,0.1307843642567235,0.005493074259483701,"Gaskell, Elizabeth Cleghorn",0.04200100134830382,-0.1252912899972398,0.16891442246323624,0.7742640465481173
all_documents,f1,"Bangs, John Kendrick",37,241446,0.10230948206633136,0.004634879993507668,"Nesbit, E. (Edith)",0.04530254576504149,-0.09767460207282369,0.16891442246323624,0.6056882566590709
all_documents,f1,"Barbour, Ralph Henry",32,420072,0.022489391511137945,0.0022836390929154376,"Fletcher, J. S. (Joseph Smith)",0.10154294711728673,-0.02020575241822251,0.16891442246323624,0.133140741821692
all_documents,f1,"Baring-Gould, S. (Sabine)",57,974321,0.10545502895912591,0.002925199676077477,"Conwell, Russell H.",0.027738835264189028,-0.10252982928304843,0.16891442246323624,0.6243103899673097
all_documents,f1,"Barr, Amelia E.",26,396291,0.03367577272420525,0.0034921502346264583,"Meade, L. T.",0.10369918645152257,-0.030183622489578794,0.16891442246323624,0.19936588145121054
all_documents,f1,"Barr, Robert",20,302898,0.017005694347028016,0.0030374392674635403,"Glasgow, Ellen Anderson Gholson",0.17861306956833406,-0.013968255079564475,0.16891442246323624,0.10067639044101909
all_documents,f1,"Barrie, J. M. (James Matthew)",25,216213,0.26676458335951636,0.010124840163836153,"Jerome, Jerome K. (Jerome Klapka)",0.037954214297596586,-0.2566397431956802,0.16891442246323624,1.579288372593388
all_documents,f1,"Bassett, Sara Ware",16,146619,0.01879626856841406,0.006378106486192742,"Brand, Max",0.33932833333264595,-0.012418162082221318,0.16891442246323624,0.11127687200603026
all_documents,f1,"Bates, Arlo",14,155662,0.07543520194601899,0.00292190717921837,"Page, Thomas Nelson",0.0387340008887266,-0.07251329476680063,0.16891442246323624,0.44658828326182304
all_documents,f1,"Baum, L. Frank (Lyman Frank)",54,454218,0.08860306470779462,0.003171496114807346,"Kyne, Peter B. (Peter Bernard)",0.03579442906706073,-0.08543156859298728,0.16891442246323624,0.5245441059189534
all_documents,f1,"Beach, Rex",16,301372,0.01965790610780031,0.003904872856579543,"Rice, Alice Caldwell Hegan",0.19864134232638742,-0.015753033251220766,0.16891442246323624,0.11637790202360487
all_documents,f1,"Beaumont, Francis",10,150259,0.0801055048595956,0.014817657957521125,"Fletcher, John",0.18497677511043314,-0.06528784690207447,0.16891442246323624,0.47423721249753165
all_documents,f1,"Becke, Louis",39,156598,0.08591413604805628,0.006071462073689624,"Boldrewood, Rolf",0.07066895336401378,-0.07984267397436666,0.16891442246323624,0.5086252245083173
all_documents,f1,"Beerbohm, Max, Sir",10,60881,0.055264437058505804,0.008150305221156074,"Wells, H. G. (Herbert George)",0.1474782998789572,-0.04711413183734973,0.16891442246323624,0.3271741764415289
all_documents,f1,"Beers, Henry A. (Henry Augustin)",10,159308,0.08681008564506999,0.00790028466221133,"Atkinson, William Walker",0.09100652998445685,-0.07890980098285866,0.16891442246323624,0.5139293873142418
all_documents,f1,"Bellamy, Edward",20,70214,0.051163574457061566,0.005722805963661441,"Munroe, Kirk",0.11185313036453774,-0.045440768493400126,0.16891442246323624,0.30289642359104757
all_documents,f1,"Belloc, Hilaire",27,182245,0.13485809168736201,0.008896427368139996,"Franklin, Benjamin",0.06596880659385534,-0.125961664319222,0.16891442246323624,0.7983811549112303
all_documents,f1,"Bennett, Arnold",44,593304,0.17187727031407563,0.010032606435037516,"Hay, Ian",0.05837075732413415,-0.16184466387903812,0.16891442246323624,1.0175405261885453
all_documents,f1,"Benson, Arthur Christopher",16,170828,0.07831333522025506,0.010552084895369566,"Wairy, Louis Constant",0.13474186568215984,-0.0677612503248855,0.16891442246323624,0.46362728580680995
all_documents,f1,"Benson, E. F. (Edward Frederic)",28,395249,0.07680933928459024,0.004201270515399793,"Churchill, Winston",0.05469739167828861,-0.07260806876919045,0.16891442246323624,0.45472339285479063
all_documents,f1,"Benson, Robert Hugh",11,197957,0.07316868728533976,0.016234059156760995,"Moore, George Augustus",0.22187167433320465,-0.05693462812857877,0.16891442246323624,0.43317015929332336
all_documents,f1,"Bensusan, S. L. (Samuel Levy)",11,31013,0.04479298911585036,0.0067945011062166445,"Morris, Charles",0.1516867090214427,-0.03799848800963372,0.16891442246323624,0.26518155443830993
all_documents,f1,"Besant, Annie",17,123182,0.09419698959438956,0.005668822603748128,"Huxley, Thomas Henry",0.06018050712828478,-0.08852816699064144,0.16891442246323624,0.5576610227873897
all_documents,f1,"Besant, Walter",19,411745,0.15684142247642457,0.005805997794245561,"Moody, Dwight Lyman",0.03701826789487504,-0.151035424682179,0.16891442246323624,0.9285259375087446
all_documents,f1,"Bierce, Ambrose",17,105396,0.09083399966545294,0.007398079110887326,"Allen, Grant",0.08144614503528298,-0.08343592055456561,0.16891442246323624,0.5377515924386073
all_documents,f1,"Bindloss, Harold",43,762951,0.03045143555699289,0.0024536372764305857,"Freeman, Mary Eleanor Wilkins",0.08057542219441048,-0.027997798280562307,0.16891442246323624,0.18027729730195516
all_documents,f1,"Birmingham, George A.",15,200093,0.05864484879908908,0.007546145838215756,"Chase, Josephine",0.12867533965460526,-0.05109870296087332,0.16891442246323624,0.3471867466607416
all_documents,f1,"Bjørnson, Bjørnstjerne",16,162661,0.1826665562113296,0.02198785785628309,"Phelps, Elizabeth Stuart",0.12037155740126297,-0.1606786983550465,0.16891442246323624,1.0814147989706828
all_documents,f1,"Black, William",20,317590,0.04049359309029597,0.009059293516835723,Pansy,0.22372165138901254,-0.03143429957346025,0.16891442246323624,0.23972845243045657
all_documents,f1,"Blackmore, R. D. (Richard Doddridge)",23,473815,0.02617320497662098,0.009908779339642695,"Mackintosh, Charles Henry",0.37858486755800974,-0.016264425636978285,0.16891442246323624,0.15494949806501873
all_documents,f1,"Blackwood, Algernon",22,290955,0.028158836751254898,0.011034891301843684,"Coolidge, Susan",0.3918802257110963,-0.017123945449411215,0.16891442246323624,0.166704751084139
all_documents,f1,"Blanchard, Amy Ella",12,118845,0.011491452677212417,0.0071105383336010726,"Alger, Horatio, Jr.",0.6187675773752512,-0.004380914343611345,0.16891442246323624,0.06803121077309725
all_documents,f1,"Blasco Ibáñez, Vicente",14,200886,0.07795229483596063,0.018007490632629748,"Daudet, Alphonse",0.23100654920453487,-0.05994480420333088,0.16891442246323624,0.4614898698358734
all_documents,f1,"Bloundelle-Burton, John",14,230147,0.01222296805162885,0.004766482981694752,"Mühlbach, L. (Luise)",0.3899611748604353,-0.007456485069934097,0.16891442246323624,0.07236189706825742
all_documents,f1,"Boldrewood, Rolf",15,282371,0.01776136705793563,0.0051990818936455754,"Brady, Cyrus Townsend",0.29271856590130374,-0.012562285164290053,0.16891442246323624,0.10515009197513221
all_documents,f1,"Bone, Jesse F. (Jesse Franklin)",12,30232,0.1278554050517566,0.007495475542254925,"Goodwin, Harold L. (Harold Leland)",0.058624627869433545,-0.12035992950950168,0.16891442246323624,0.7569241464836076
all_documents,f1,"Boothby, Guy",16,207040,0.024707951411224817,0.0017980579300614567,"Murray, David Christie",0.0727724407473377,-0.02290989348116336,0.16891442246323624,0.14627496605035273
all_documents,f1,"Borrow, George",39,607603,0.0981981335615756,0.004723669156912238,"Marryat, Frederick",0.048103451517744374,-0.09347446440466337,0.16891442246323624,0.5813484256085246
all_documents,f1,"Boswell, James",12,449450,0.10296605751717652,0.012658174451111198,"Wood, William Charles Henry",0.12293540955474182,-0.09030788306606533,0.16891442246323624,0.6095752867969981
all_documents,f1,"Bourrienne, Louis Antoine Fauvelet de",16,67958,0.014890187686393623,0.0048165947523262104,"Jefferies, Richard",0.3234744150825933,-0.010073592934067413,0.16891442246323624,0.08815225762995124
all_documents,f1,"Bowen, Robert Sidney",15,145321,0.01792457089355585,0.014333532303665436,"Fyfe, H. B. (Horace Bowne)",0.7996583231355654,-0.0035910385898904155,0.16891442246323624,0.10611628440109716
all_documents,f1,"Bower, B. M.",29,296092,0.020893902755813463,0.0021780397790486677,"Peattie, Elia Wilkinson",0.10424284081836534,-0.018715862976764794,0.16891442246323624,0.12369519695904573
all_documents,f1,"Braddon, M. E. (Mary Elizabeth)",30,538823,0.021513743961538594,0.0016237607359622646,"Sedgwick, Anne Douglas",0.07547550713930401,-0.01988998322557633,0.16891442246323624,0.12736475457695745
all_documents,f1,"Brady, Cyrus Townsend",13,172126,0.12201497621566156,0.0032226517587790513,"Ellis, Edward Sylvester",0.02641193613055345,-0.11879232445688251,0.16891442246323624,0.722347887387874
all_documents,f1,"Brame, Charlotte M.",11,153903,0.00919880445304822,0.0030138458579756357,"Carey, Rosa Nouchette",0.3276345174374191,-0.006184958595072584,0.16891442246323624,0.054458371990410204
all_documents,f1,"Brand, Max",14,195218,0.031047189792530915,0.002431850935010093,"Rice, Alice Caldwell Hegan",0.07832757010411062,-0.028615338857520822,0.16891442246323624,0.183804256260523
all_documents,f1,"Brandes, Georg",11,205509,0.028198274504517694,0.004916263693626004,"Coleridge, Samuel Taylor",0.17434625983367746,-0.02328201081089169,0.16891442246323624,0.16693822879840217
all_documents,f1,"Brazil, Angela",27,329223,0.01897791342874251,0.0035520200189642645,"Perkins, Lucy Fitch",0.1871659933691469,-0.015425893409778246,0.16891442246323624,0.11235223820436648
all_documents,f1,"Brereton, F. S. (Frederick Sadleir)",18,321255,0.033753970901659255,0.0019459036267682078,"Frederic, Harold",0.05764962091238137,-0.03180806727489105,0.16891442246323624,0.19982882698489357
all_documents,f1,"Bridges, Robert",11,76571,0.2935423568017378,0.02057171167057125,"Jonson, Ben",0.07008089699458822,-0.27297064513116653,0.16891442246323624,1.7378170112479678
all_documents,f1,"Brinton, Daniel G. (Daniel Garrison)",18,110333,0.0857164368989507,0.008631321923163742,"Walsh, James J. (James Joseph)",0.10069622858144496,-0.07708511497578696,0.16891442246323624,0.5074548143904446
all_documents,f1,"Browning, Robert",10,96085,0.09198163214214086,0.03543296700298887,"Nietzsche, Friedrich Wilhelm",0.38521785467161174,-0.05654866513915199,0.16891442246323624,0.5445457575546009
all_documents,f1,"Buchan, John",11,141896,0.0683903694699929,0.01316128853181957,"Adams, Andy",0.1924435945267739,-0.05522908093817333,0.16891442246323624,0.40488176481719834
all_documents,f1,"Buchanan, Robert Williams",10,83453,0.043673428776957395,0.0015030136159034794,"Fleming, May Agnes",0.03441482974875759,-0.042170415161053916,0.16891442246323624,0.2585535808019164
all_documents,f1,"Buck, Charles Neville",11,154394,0.028346369567342766,0.0038813076521590556,"Aycock, Roger D.",0.1369243296901987,-0.02446506191518371,0.16891442246323624,0.16781497490844677
all_documents,f1,"Buffon, Georges Louis Leclerc, comte de",10,107973,0.016602335211610728,0.018880102255926096,"Hume, David",1.1371955821445183,0.0022777670443153673,0.16891442246323624,0.09828844079447498
all_documents,f1,"Bunyan, John",14,581370,0.10549066004194435,0.030769330587601784,"Carlyle, Thomas",0.29167824502536555,-0.07472132945434257,0.16891442246323624,0.6245213315926537
all_documents,f1,"Burgess, Gelett",11,73049,0.237875111026962,0.0021156392418760837,"Glyn, Elinor",0.008893907533000737,-0.2357594717850859,0.16891442246323624,1.4082581437279866
all_documents,f1,"Burgess, Thornton W. (Thornton Waldo)",37,125332,0.03366176032883732,0.010212708422575087,"Curwood, James Oliver",0.30339198909410797,-0.02344905190626223,0.16891442246323624,0.1992829258624361
all_documents,f1,"Burke, Edmund",15,273372,0.03830070576417358,0.009572198741219238,"Johnson, Samuel",0.24992225470093182,-0.028728507022954347,0.16891442246323624,0.22674621388537516
all_documents,f1,"Burnett, Frances Hodgson",41,358626,0.1760635216486766,0.0029295358982822195,"Frey, Hildegard G.",0.016639084978249608,-0.1731339857503944,0.16891442246323624,1.0423237937956207
all_documents,f1,"Burney, Fanny",14,369826,0.0788962120641117,0.005898461052887095,"Grant, James, archaeologist",0.07476228450732157,-0.0729977510112246,0.16891442246323624,0.4670780085772915
all_documents,f1,"Burroughs, Edgar Rice",19,166014,0.3020288148997315,0.00282927651629448,"White, Stewart Edward",0.00936757149225564,-0.299199538383437,0.16891442246323624,1.7880581805586626
all_documents,f1,"Burroughs, John",23,180001,0.0423880311795194,0.0042358592801665955,"Mitton, G. E. (Geraldine Edith)",0.09993055025903712,-0.038152171899352806,0.16891442246323624,0.2509438244608452
all_documents,f1,"Burton, Richard Francis, Sir",20,466765,0.08316470318922443,0.023270166854462045,"Byron, George Gordon Byron, Baron",0.2798082114417639,-0.05989453633476239,0.16891442246323624,0.49234814870426474
all_documents,f1,"Butler, Ellis Parker",22,117977,0.12032099413502166,0.0010662798649684231,"Speed, Nell",0.008861960230912541,-0.11925471427005324,0.16891442246323624,0.7123192465179177
all_documents,f1,"Butler, Samuel",18,205129,0.05593545574099674,0.004453825334866477,"Huxley, Thomas Henry",0.0796243684057827,-0.05148163040613026,0.16891442246323624,0.3311467127868903
all_documents,f1,"Byron, George Gordon Byron, Baron",12,413087,0.12393661997444959,0.01272871802060198,"Lamb, Charles",0.10270344651343642,-0.11120790195384761,0.16891442246323624,0.7337243212693935
all_documents,f1,"Cabell, James Branch",13,153424,0.09849388276221638,0.00976835077005102,"Hardy, Thomas",0.09917723310425015,-0.08872553199216536,0.16891442246323624,0.5830993074830736
all_documents,f1,"Cable, George Washington",14,239305,0.05283452825702231,0.0044157518844285155,"Tarkington, Booth",0.08357700977185524,-0.0484187763725938,0.16891442246323624,0.31278873341038477
all_documents,f1,"Caine, Hall, Sir",17,361429,0.08992627378437568,0.004840709474213774,"Bacon, Josephine Daskam",0.05382975709435908,-0.0850855643101619,0.16891442246323624,0.5323777121752163
all_documents,f1,"Cannon, Richard",26,132228,0.017646893127468494,0.011459149615084862,"Maspero, G. (Gaston)",0.6493579086308386,-0.006187743512383633,0.16891442246323624,0.10447238826695981
all_documents,f1,"Carey, Rosa Nouchette",11,288341,0.02235243242337173,0.003333205937671025,"Brame, Charlotte M.",0.1491205017215854,-0.019019226485700702,0.16891442246323624,0.13232992243890054
all_documents,f1,"Carleton, William",21,426368,0.1303905802409206,0.004889201334343827,"Lever, Charles James",0.03749658391971358,-0.12550137890657675,0.16891442246323624,0.7719327831186218
all_documents,f1,"Carlyle, Thomas",35,559546,0.06637628875425639,0.02908832343626732,"Jameson, Mrs. (Anna)",0.4382336521398544,-0.037287965317989065,0.16891442246323624,0.3929580895835168
all_documents,f1,"Carroll, Lewis",19,129994,0.16011892453826956,0.060320896324729555,"Anstey, F.",0.3767255900492414,-0.09979802821354,0.16891442246323624,0.947929266212416
all_documents,f1,"Carter, Herbert, active 1909-1917",12,126057,0.023034265730839273,0.004336207537036426,"Mathews, Joanna H. (Joanna Hooe)",0.18825030446839566,-0.018698058193802845,0.16891442246323624,0.136366483068387
all_documents,f1,"Casanova, Giacomo",32,197400,0.029157512442576854,0.0052816977396047,"Henty, G. A. (George Alfred)",0.18114363322339438,-0.023875814702972155,0.16891442246323624,0.1726170685568481
all_documents,f1,"Castlemon, Harry",38,456572,0.03273158808810835,0.0026447872996784305,"Stacpoole, H. De Vere (Henry De Vere)",0.08080229081946998,-0.030086800788429922,0.16891442246323624,0.1937761596126127
all_documents,f1,"Catherwood, Mary Hartwell",20,88407,0.03812133650498241,0.0033323476077026415,"Crane, Stephen",0.08741423867096339,-0.034788988897279764,0.16891442246323624,0.22568431960438082
all_documents,f1,"Cawein, Madison Julius",19,85789,0.03922288627353742,0.040259260141368866,"Goethe, Johann Wolfgang von",1.0264226824258635,0.0010363738678314457,0.16891442246323624,0.23220566782610985
all_documents,f1,"Cervantes Saavedra, Miguel de",47,172891,0.048531089335284605,0.009992094188611913,"Collingwood, Harry",0.20589058118147668,-0.038538995146672694,0.16891442246323624,0.2873116968200111
all_documents,f1,"Chadwick, Lester",16,208345,0.014528222263023641,0.0010058070116654091,"Young, Clarence",0.06923125166011046,-0.013522415251358232,0.16891442246323624,0.08600936528191173
all_documents,f1,"Chambers, Robert W. (Robert William)",43,848955,0.029902963653828454,0.011768338658936854,"Deland, Margaret Wade Campbell",0.39355091338681286,-0.0181346249948916,0.16891442246323624,0.177030257202204
all_documents,f1,"Chapman, Allen",25,260481,0.035162602846769364,0.0004724761029332635,"Hancock, H. Irving (Harrie Irving)",0.013436892171839698,-0.0346901267438361,0.16891442246323624,0.20816815008453413
all_documents,f1,"Chase, Josephine",32,335447,0.0253445669594136,0.0069942219649184525,"Sheckley, Robert",0.27596533711224547,-0.018350344994495147,0.16891442246323624,0.15004383041909744
all_documents,f1,"Chekhov, Anton Pavlovich",23,268031,0.13031996221758896,0.015898254417033644,"Herrick, Robert",0.12199400726106024,-0.11442170780055531,0.16891442246323624,0.7715147132918904
all_documents,f1,"Chesterfield, Philip Dormer Stanhope, Earl of",12,52888,0.06899502970367624,0.014338566969412476,"Defoe, Daniel",0.20782028837431574,-0.054656462734263764,0.16891442246323624,0.40846144868827183
all_documents,f1,"Chesterton, G. K. (Gilbert Keith)",37,223598,0.1438243764886648,0.010015402224802128,"Seton, Ernest Thompson",0.06963633334848122,-0.13380897426386268,0.16891442246323624,0.8514629739208195
all_documents,f1,"Cholmondeley, Mary",11,133454,0.014450511180319025,0.00551413313351094,"Merriman, Henry Seton",0.38158740993335605,-0.008936378046808083,0.16891442246323624,0.08554930342590573
all_documents,f1,"Church, Alfred John",12,139674,0.04886775175351807,0.005546667978366508,"Hale, Edward Everett",0.11350364564228586,-0.04332108377515156,0.16891442246323624,0.28930479139017273
all_documents,f1,"Churchill, Winston",62,460412,0.0881525923173964,0.0038572765910350696,"London, Jack",0.04375681406108642,-0.08429531572636133,0.16891442246323624,0.5218772383784018
all_documents,f1,"Cicero, Marcus Tullius",14,271880,0.10946925080244542,0.019571157649301375,"Belloc, Hilaire",0.17878223798773069,-0.08989809315314404,0.16891442246323624,0.6480752158760813
all_documents,f1,"Cobb, Irvin S. (Irvin Shrewsbury)",24,177113,0.08923670119113837,0.004408107767579105,"Strang, Herbert",0.04939792382214204,-0.08482859342355926,0.16891442246323624,0.5282953337543482
all_documents,f1,"Cody, H. A. (Hiram Alfred)",12,194353,0.018746062684868794,0.007201320898619418,"Oppenheim, E. Phillips (Edward Phillips)",0.38415111587309947,-0.011544741786249375,0.16891442246323624,0.11097964526355839
all_documents,f1,"Coleridge, Samuel Taylor",18,310884,0.0962853668744386,0.005272624686079986,"Brandes, Georg",0.05476039461900559,-0.09101274218835861,0.16891442246323624,0.5700245453901064
all_documents,f1,"Collingwood, Harry",33,465840,0.016383681060511652,0.009249172542988304,"Cervantes Saavedra, Miguel de",0.5645356808904737,-0.007134508517523348,0.16891442246323624,0.09699397376252768
all_documents,f1,"Collins, Wilkie",35,760057,0.06913389632012575,0.006720560041492646,"Phelps, Elizabeth Stuart",0.09721078080675465,-0.0624133362786331,0.16891442246323624,0.4092835609414735
all_documents,f1,"Comstock, Harriet T. (Harriet Theresa)",10,150795,0.016986040289028347,0.009161783949891462,"Porter, Eleanor H. (Eleanor Hodgman)",0.5393713775546181,-0.007824256339136885,0.16891442246323624,0.10056003532040204
all_documents,f1,"Connor, Ralph",14,264332,0.0354365779872342,0.004720313074318723,"Matthews, Stanley R.",0.13320454012289748,-0.03071626491291548,0.16891442246323624,0.20979012609149392
all_documents,f1,"Conrad, Joseph",31,340352,0.1521952175889127,0.006505770616651121,"Atherton, Gertrude Franklin Horn",0.04274622238277914,-0.14568944697226158,0.16891442246323624,0.9010196723849176
all_documents,f1,"Conwell, Russell H.",11,23729,0.10736282590992294,0.003204852943227323,"Baring-Gould, S. (Sabine)",0.0298506761168543,-0.10415797296669561,0.16891442246323624,0.6356048485634207
all_documents,f1,"Coolidge, Susan",14,127438,0.0729432637395287,0.0012325205901615852,"Verne, Jules",0.016896976183609805,-0.07171074314936711,0.16891442246323624,0.43183561637790047
all_documents,f1,"Cooper, James Fenimore",38,960046,0.06632036179712579,0.005564908448953304,"Alcott, Louisa May",0.08390950076503469,-0.060755453348172485,0.16891442246323624,0.39262699318384275
all_documents,f1,"Corelli, Marie",14,386930,0.07298286253871382,0.033790156658427814,"Norris, Kathleen Thompson",0.46298754917298285,-0.039192705880286005,0.16891442246323624,0.4320700475094028
all_documents,f1,"Cory, David",15,56490,0.02938079250491676,0.005213347219705341,"Roy, Lillian Elizabeth",0.17744066021476132,-0.02416744528521142,0.16891442246323624,0.17393892171233283
all_documents,f1,"Couperus, Louis",13,211087,0.054356128616001996,0.0186352107347282,"Disraeli, Benjamin, Earl of Beaconsfield",0.3428355037272126,-0.035720917881273795,0.16891442246323624,0.32179684732268765
all_documents,f1,"Craik, Dinah Maria Mulock",15,225261,0.024425193617210524,0.0012845861331531139,"Oliphant, Mrs. (Margaret)",0.05259266940868655,-0.02314060748405741,0.16891442246323624,0.1446009953503325
all_documents,f1,"Crane, Stephen",13,123569,0.04085617253952425,0.0024267657588696234,"McCutcheon, George Barr",0.05939777536728314,-0.038429406780654624,0.16891442246323624,0.24187497990834075
all_documents,f1,"Crane, Walter",17,45540,0.1948249533480718,0.012384121389264577,"Belloc, Hilaire",0.06356537587430734,-0.18244083195880723,0.16891442246323624,1.1533944260471596
all_documents,f1,"Crawford, F. Marion (Francis Marion)",47,806099,0.05249216825990521,0.0023942146907362056,"Mitford, Bertram",0.0456108933980722,-0.050097953569169004,0.16891442246323624,0.3107619082753575
all_documents,f1,"Crockett, S. R. (Samuel Rutherford)",19,336060,0.02559085579723485,0.011436814205226156,"Wallace, Dillon",0.4469101891645972,-0.014154041592008695,0.16891442246323624,0.15150189915135653
all_documents,f1,"Cullum, Ridgwell",17,341771,0.02245443424577091,0.009787144467689923,"Montgomery, L. M. (Lucy Maud)",0.4358668920608963,-0.012667289778080987,0.16891442246323624,0.13293378930184635
all_documents,f1,"Curwood, James Oliver",27,252028,0.05198490114568268,0.004805868690853719,"Howard, Robert E. (Robert Ervin)",0.09244739501159645,-0.04717903245482896,0.16891442246323624,0.3077588070195548
all_documents,f1,Dante Alighieri,32,163358,0.05146270321079533,0.009339295521943486,"Guiney, Louise Imogen",0.18147697146201178,-0.042123407688851845,0.16891442246323624,0.3046673129524866
all_documents,f1,"Darwin, Charles",30,864101,0.09658675880993443,0.009426968185751672,"Morley, John",0.09760104078347084,-0.08715979062418276,0.16891442246323624,0.5718088331442289
all_documents,f1,"Daudet, Alphonse",17,146948,0.09123723451956148,0.01414070426911768,"Tolstoy, Leo, graf",0.15498830432092808,-0.0770965302504438,0.16891442246323624,0.5401388063202183
all_documents,f1,"Daviess, Maria Thompson",11,82311,0.02469078996100662,0.0030984355407065074,"Goldfrap, John Henry",0.12548952648334738,-0.021592354420300112,0.16891442246323624,0.146173367560609
all_documents,f1,"Davis, Richard Harding",49,279602,0.10399008031440095,0.002305344238215279,"Murray, David Christie",0.022168886024949305,-0.10168473607618567,0.16891442246323624,0.6156376631310693
all_documents,f1,"Dawson, Coningsby",15,169664,0.09006786425566815,0.006945305387500079,"Maugham, W. Somerset (William Somerset)",0.07711191383183039,-0.08312255886816808,0.16891442246323624,0.5332159500783373
all_documents,f1,"Day, Holman",11,196089,0.02766561408396206,0.005728725521469085,"Emerson, Alice B.",0.2070702462661064,-0.021936888562492977,0.16891442246323624,0.16378479516740738
all_documents,f1,"De Mille, James",17,340133,0.029428875914783714,0.0033699816545735366,"Arthur, T. S. (Timothy Shay)",0.11451275489868823,-0.02605889426021018,0.16891442246323624,0.17422358307615105
all_documents,f1,"De Quincey, Thomas",20,272048,0.024203521188262595,0.006909199117264009,"Lee, Vernon",0.2854625599111008,-0.017294322070998586,0.16891442246323624,0.1432886596378733
all_documents,f1,"De la Mare, Walter",10,36957,0.06028524099849254,0.006310491036774541,"Le Gallienne, Richard",0.10467721339842263,-0.053974749961718,0.16891442246323624,0.3568981269886144
all_documents,f1,"Defoe, Daniel",44,372885,0.12304368914556205,0.01361634372282396,"Chesterfield, Philip Dormer Stanhope, Earl of",0.11066267451324281,-0.10942734542273809,0.16891442246323624,0.7284380300464999
all_documents,f1,"Del Rey, Lester",12,33824,0.037840746813543324,0.01021011133783537,"Grey, Zane",0.26981791316499965,-0.027630635475707953,0.16891442246323624,0.22402318441327448
all_documents,f1,"Deland, Margaret Wade Campbell",11,183108,0.02680002047412592,0.008994601580312258,"Hornung, E. W. (Ernest William)",0.3356192055523277,-0.017805418893813662,0.16891442246323624,0.15866034458933706
all_documents,f1,"Dell, Ethel M. (Ethel May)",16,417128,0.008710655669512775,0.002894301018056338,"Snell, Roy J. (Roy Judson)",0.33227131548620026,-0.005816354651456437,0.16891442246323624,0.051568454265109455
all_documents,f1,"Dewey, John",15,109936,0.05621487523613296,0.004094160756955613,"Morley, John",0.07283055845553188,-0.05212071447917734,0.16891442246323624,0.33280092023147384
all_documents,f1,"Dick, Philip K.",12,27781,0.025887223690499138,0.005045885105732295,"Raine, William MacLeod",0.1949179705811475,-0.020841338584766844,0.16891442246323624,0.15325644378373565
all_documents,f1,"Dickens, Charles",79,1515764,0.09956884667238615,0.004281356826087877,"Wiggin, Kate Douglas Smith",0.04299895970649265,-0.09528748984629827,0.16891442246323624,0.589463263233529
all_documents,f1,"Disraeli, Benjamin, Earl of Beaconsfield",17,334296,0.14745913675934788,0.0027558133231067915,"Sienkiewicz, Henryk",0.018688657642179585,-0.1447033234362411,0.16891442246323624,0.8729813275206975
all_documents,f1,"Dixon, Thomas",13,200454,0.09490454877317045,0.013174025005278398,"Snell, Roy J. (Roy Judson)",0.1388134201740465,-0.08173052376789205,0.16891442246323624,0.5618498846291599
all_documents,f1,"Doctorow, Cory",13,116896,0.05141925025325378,0.01459290702607849,"Lawrence, D. H. (David Herbert)",0.2838024077403785,-0.03682634322717529,0.16891442246323624,0.3044100645961421
all_documents,f1,"Dostoyevsky, Fyodor",11,280594,0.07915446625091299,0.010717690584460959,"Fleming, May Agnes",0.13540222165716817,-0.06843677566645204,0.16891442246323624,0.4686069140611172
all_documents,f1,"Douglas, Alan, Captain",10,76384,0.014911042889157228,0.0032896276982941597,"Harte, Bret",0.22061687587836382,-0.011621415190863068,0.16891442246323624,0.08827572371685773
all_documents,f1,"Douglas, Amanda M.",19,312497,0.025405201787500522,0.0022253663601137187,"Montgomery, L. M. (Lucy Maud)",0.0875949098427791,-0.023179835427386802,0.16891442246323624,0.15040279815674054
all_documents,f1,"Dowling, Richard",16,142583,0.025457057016459995,0.0042671872012311875,"Peattie, Elia Wilkinson",0.1676229580847509,-0.021189869815228808,0.16891442246323624,0.15070978928398288
all_documents,f1,"Doyle, Arthur Conan",61,592078,0.08069715420523683,0.0038813822102763025,"Le Queux, William",0.048098129958892906,-0.07681577199496054,0.16891442246323624,0.47773986986102596
all_documents,f1,"Drake, Samuel Adams",10,91695,0.11498863907870899,0.004727797296870917,"Bourrienne, Louis Antoine Fauvelet de",0.04111534265254475,-0.11026084178183806,0.16891442246323624,0.6807508642652226
all_documents,f1,"Dryden, John",20,442550,0.08390668841325657,0.011179244396940293,"Emerson, Ralph Waldo",0.1332342463795063,-0.07272744401631628,0.16891442246323624,0.4967408181590807
all_documents,f1,Duchess,16,285087,0.115588715914198,0.005648492525705517,"Holt, Emily Sarah",0.048867162170902714,-0.10994022338849249,0.16891442246323624,0.6843034136966935
all_documents,f1,"Duellman, William Edward",12,61749,0.050691958313997136,0.03768553095568414,"Hall, E. Raymond (Eugene Raymond)",0.7434222746387439,-0.013006427358312998,0.16891442246323624,0.3001043817026939
all_documents,f1,"Dumas, Alexandre",58,1411844,0.12631028487139256,0.008191157951353412,"Cable, George Washington",0.06484949313267355,-0.11811912692003915,0.16891442246323624,0.7477767915222494
all_documents,f1,"Duncan, Norman",10,124485,0.053754973503161295,0.012795313518507366,"Tarkington, Booth",0.23803031951554923,-0.04095965998465393,0.16891442246323624,0.3182379143193703
all_documents,f1,"Duncan, Sara Jeannette",10,135569,0.01773603596182218,0.003408476472513164,"Arthur, T. S. (Timothy Shay)",0.19217803120438537,-0.014327559489309017,0.16891442246323624,0.1050001278942441
all_documents,f1,"Dunsany, Lord",16,67405,0.2641604374375451,0.015102902968663848,"Marlowe, Christopher",0.05717322061989164,-0.24905753446888124,0.16891442246323624,1.563871418351141
all_documents,f1,"Ebers, Georg",144,778693,0.06043548579616709,0.004330278221374218,"Le Gallienne, Richard",0.07165125198098186,-0.05610520757479287,0.16891442246323624,0.35778759986774195
all_documents,f1,"Eddy, Mary Baker",10,76791,0.13805063839325155,0.033910362846419614,"Dunsany, Lord",0.2456371317155552,-0.10414027554683193,0.16891442246323624,0.8172815345196346
all_documents,f1,"Edgeworth, Maria",18,466337,0.05904326872328002,0.006502375417446842,Ouida,0.11012898774154482,-0.05254089330583318,0.16891442246323624,0.3495454553984615
all_documents,f1,"Eggleston, Edward",12,128453,0.13326184024893617,0.007770117066806767,"Cobb, Irvin S. (Irvin Shrewsbury)",0.05830714218182797,-0.1254917231821294,0.16891442246323624,0.7889310948444337
all_documents,f1,"Eggleston, George Cary",17,179362,0.11120627286451745,0.0065621928402230575,"Reed, Myrtle",0.059009196794301104,-0.1046440800242944,0.16891442246323624,0.6583586602187341
all_documents,f1,"Eliot, George",15,330794,0.0774171278798397,0.0069080260793806,"Hewlett, Maurice",0.08923123691830381,-0.0705091018004591,0.16891442246323624,0.45832159711933024
all_documents,f1,"Ellis, Edward Sylvester",52,426287,0.08891463858790011,0.002342627430456728,"Benson, E. F. (Edward Frederic)",0.026346926306637687,-0.08657201115744338,0.16891442246323624,0.5263886723897253
all_documents,f1,"Ellis, Havelock",12,218867,0.030669472128657803,0.008866540205492905,"Romanes, George John",0.2890998634830737,-0.021802931923164896,0.16891442246323624,0.1815681081663286
all_documents,f1,"Emerson, Alice B.",23,211642,0.014924856960120338,0.003075148411676151,"Rockwood, Roy",0.20604206927363117,-0.011849708548444186,0.16891442246323624,0.08835750519390191
all_documents,f1,"Emerson, Ralph Waldo",12,120299,0.07228785800580229,0.010690623840635634,"Dryden, John",0.1478896198553502,-0.06159723416516665,0.16891442246323624,0.4279555111496506
all_documents,f1,Erckmann-Chatrian,10,101101,0.06587087656573777,0.01051467008181007,"Andersen, H. C. (Hans Christian)",0.15962547684205547,-0.0553562064839277,0.16891442246323624,0.38996596978019676
all_documents,f1,Euripides,10,69943,0.06272135459748505,0.036802274935449124,"Bridges, Robert",0.586758292636186,-0.02591907966203593,0.16891442246323624,0.37132030339881833
all_documents,f1,"Everett-Green, Evelyn",19,220311,0.025004238476623048,0.002517116887067223,"Reid, Mayne",0.10066760839049446,-0.022487121589555827,0.16891442246323624,0.1480290321690272
all_documents,f1,"Ewing, Juliana Horatia Gatty",20,177468,0.028589875306684977,0.003911507229436845,"Williamson, A. M. (Alice Muriel)",0.13681442075132955,-0.02467836807724813,0.16891442246323624,0.16925656725912486
all_documents,f1,"Fanny, Aunt",13,53330,0.05472358616117956,0.0042962645596720875,"Field, Eugene",0.07850846154376886,-0.05042732160150747,0.16891442246323624,0.32397225389732487
all_documents,f1,"Farjeon, B. L. (Benjamin Leopold)",29,565516,0.02495316781860935,0.0032125460114722513,"Meade, L. T.",0.12874301310458977,-0.0217406218071371,0.16891442246323624,0.14772668582542345
all_documents,f1,"Farnol, Jeffery",14,363055,0.049368872925415405,0.03569382082254964,"Riley, James Whitcomb",0.7230025460875822,-0.013675052102865765,0.16891442246323624,0.2922715076988787
all_documents,f1,"Fenn, George Manville",128,2889343,0.03795745391863523,0.002884589885016045,"Finley, Martha",0.07599534708517039,-0.035072864033619186,0.16891442246323624,0.2247141088671488
all_documents,f1,"Ferber, Edna",10,121651,0.01589841584994347,0.007606702868781883,"Lawrence, D. H. (David Herbert)",0.47845665508925095,-0.008291712981161586,0.16891442246323624,0.09412112724361187
all_documents,f1,"Field, Eugene",14,64323,0.09717445111679733,0.004393002253053824,"Fanny, Aunt",0.045207379126574354,-0.09278144886374351,0.16891442246323624,0.5752880642145705
all_documents,f1,"Fielding, Henry",14,207808,0.15120216830018782,0.005177350026662792,"Kingsley, Charles",0.034241241940287444,-0.14602481827352504,0.16891442246323624,0.8951406641022412
all_documents,f1,"Finley, Martha",35,501020,0.014101039582892405,0.0038125329395804824,"Fenn, George Manville",0.2703724726938505,-0.010288506643311924,0.16891442246323624,0.08348037649633772
all_documents,f1,"Fiske, John",18,195938,0.04983554162426091,0.009166491313847405,"Froude, James Anthony",0.18393481870747802,-0.040669050310413506,0.16891442246323624,0.2950342599377947
all_documents,f1,"Fitzhugh, Percy Keese",22,168584,0.018439797257419857,0.007675800055326042,"Gibbs, George",0.4162627141812762,-0.010763997202093815,0.16891442246323624,0.10916650566906581
all_documents,f1,"Flaubert, Gustave",14,170072,0.09006000382719387,0.015263950331749692,"Hugo, Victor",0.1694864499566088,-0.07479605349544417,0.16891442246323624,0.5331694151030543
all_documents,f1,"Fleming, May Agnes",11,276319,0.021052026708785986,0.0015710683897220568,"Buchanan, Robert Williams",0.07462789267060815,-0.019480958319063928,0.16891442246323624,0.12463131567920378
all_documents,f1,"Fletcher, J. S. (Joseph Smith)",17,250732,0.04409848860170309,0.0025205210226687405,"Barbour, Ralph Henry",0.05715663059190191,-0.04157796757903435,0.16891442246323624,0.2610700019490698
all_documents,f1,"Fletcher, John",15,233845,0.09906573896902691,0.01597223235143455,"Beaumont, Francis",0.16122861967878016,-0.08309350661759236,0.16891442246323624,0.5864847863455135
all_documents,f1,"Follen, Eliza Lee Cabot",10,22515,0.05704207955169035,0.014499259606043825,"Benson, Arthur Christopher",0.25418532634149316,-0.04254281994564652,0.16891442246323624,0.3376981001376919
all_documents,f1,"Foote, G. W. (George William)",10,67325,0.05365562527330159,0.0057845007038188,"Allen, Grant",0.1078079078261548,-0.04787112456948279,0.16891442246323624,0.3176497571424346
all_documents,f1,"Ford, Sewell",12,213599,0.04195684452158269,0.005270168951168358,"Ralphson, G. Harvey (George Harvey)",0.1256092780870919,-0.03668667557041433,0.16891442246323624,0.2483911314956808
all_documents,f1,"Fox, John",13,95254,0.035188303595599026,0.004258783843390691,"Roe, Edward Payson",0.1210283931937922,-0.030929519752208333,0.16891442246323624,0.20832030256775536
all_documents,f1,"France, Anatole",31,265701,0.09707975215097692,0.007906908116354838,"Paine, Albert Bigelow",0.08144755153534114,-0.08917284403462208,0.16891442246323624,0.5747274314134192
all_documents,f1,"Franklin, Benjamin",10,141176,0.08293568590936654,0.0060674700168344255,"Ruskin, John",0.07315873680076698,-0.07686821589253211,0.16891442246323624,0.49099233031695244
all_documents,f1,"Frazer, James George",17,741314,0.06646182547242004,0.009002491494265267,"Wallace, Alfred Russel",0.13545356947803175,-0.05745933397815477,0.16891442246323624,0.3934644804346726
all_documents,f1,"Frederic, Harold",14,186449,0.03901889933230786,0.0027614368117348884,"Brereton, F. S. (Frederick Sadleir)",0.07077177621585046,-0.03625746252057297,0.16891442246323624,0.23099803298797777
all_documents,f1,"Freeman, Mary Eleanor Wilkins",23,297947,0.09728505518285957,0.0023783510716949706,"Reed, Helen Leah",0.024447239786466266,-0.0949067041111646,0.16891442246323624,0.5759428577156187
all_documents,f1,"Frey, Hildegard G.",10,96737,0.017649540006583052,0.002986707803455366,"Burnett, Frances Hodgson",0.16922298271464084,-0.014662832203127685,0.16891442246323624,0.10448805820843644
all_documents,f1,"Froude, James Anthony",12,250641,0.06343644145497411,0.008009319477963475,"Symonds, John Addington",0.1262573891955829,-0.055427121977010635,0.16891442246323624,0.37555373028481853
all_documents,f1,"Fyfe, H. B. (Horace Bowne)",16,24487,0.022179785717218015,0.0017336924590321975,"Schmitz, James H.",0.07816542869872471,-0.02044609325818582,0.16891442246323624,0.13130782673128688
all_documents,f1,"Gaboriau, Emile",14,355607,0.026277639287245164,0.002733197933950219,"Spyri, Johanna",0.10401230887117317,-0.023544441353294945,0.16891442246323624,0.15556776564158942
all_documents,f1,"Gale, Zona",10,139794,0.03256117215732749,0.00679065170729238,"Wallace, Edgar",0.20855059131414677,-0.02577052045003511,0.16891442246323624,0.19276727044675146
all_documents,f1,"Galsworthy, John",47,487954,0.19415500961138774,0.01971686458761382,"Chekhov, Anton Pavlovich",0.10155218053388497,-0.17443814502377392,0.16891442246323624,1.1494282535503744
all_documents,f1,"Garis, Howard Roger",34,364008,0.029559375025224186,0.0025271053432222136,"Appleton, Victor",0.08549251603140237,-0.027032269682001973,0.16891442246323624,0.17499615837515417
all_documents,f1,"Garland, Hamlin",23,321563,0.0509013829021105,0.003963182335618322,"Nesbit, E. (Edith)",0.07786001302243595,-0.04693820056649218,0.16891442246323624,0.3013442082672902
all_documents,f1,"Garrett, Randall",43,147969,0.049208503154923096,0.004142489247759812,"Aycock, Roger D.",0.08418238682688672,-0.045066013907163284,0.16891442246323624,0.2913220933850879
all_documents,f1,"Gaskell, Elizabeth Cleghorn",23,305130,0.055295160979562524,0.004397348885337918,"Balzac, Honoré de",0.0795250218543212,-0.05089781209422461,0.16891442246323624,0.3273560668959299
all_documents,f1,"Gautier, Théophile",11,90506,0.07147309527945284,0.006840930077402063,"Loti, Pierre",0.0957133597006635,-0.06463216520205077,0.16891442246323624,0.4231319874121984
all_documents,f1,"Gibbon, Edward",11,868405,0.11036160792475655,0.03248695914630096,"Grote, George",0.2943683021404531,-0.0778746487784556,0.16891442246323624,0.6533581106656328
all_documents,f1,"Gibbs, George",15,232975,0.18940314492471083,0.004932729114905532,"Wodehouse, P. G. (Pelham Grenville)",0.026043543874978047,-0.1844704158098053,0.16891442246323624,1.1212964657646916
all_documents,f1,"Gissing, George",24,529003,0.05132870344394338,0.009013724305466127,"Wood, Henry, Mrs.",0.17560787046394247,-0.04231497913847725,0.16891442246323624,0.3038740132158634
all_documents,f1,"Glasgow, Ellen Anderson Gholson",12,271440,0.018668330227933662,0.002773283374952389,"Barr, Robert",0.14855551305829642,-0.015895046852981272,0.16891442246323624,0.11051945686873939
all_documents,f1,"Glyn, Elinor",17,170785,0.07495734979571665,0.0020202809754579407,"Burgess, Gelett",0.0269524066814511,-0.07293706882025872,0.16891442246323624,0.44375932322789613
all_documents,f1,"Goethe, Johann Wolfgang von",15,208138,0.195921140166567,0.011242463373641919,"Jameson, Mrs. (Anna)",0.05738259467091643,-0.18467867679292507,0.16891442246323624,1.1598840247593938
all_documents,f1,"Goldfrap, John Henry",37,352752,0.018924706922996283,0.002010065929862705,"Harben, Will N. (Will Nathaniel)",0.1062138472231864,-0.016914640993133577,0.16891442246323624,0.11203724730560052
all_documents,f1,"Goodwin, Harold L. (Harold Leland)",13,122693,0.007526567986143584,0.00616452981765032,"Raine, William MacLeod",0.8190359575571792,-0.001362038168493264,0.16891442246323624,0.04455846858063124
all_documents,f1,"Gorky, Maksim",10,143049,0.1816622776876379,0.01628131814664264,"Orczy, Emmuska Orczy, Baroness",0.08962410002718237,-0.16538095954099527,0.16891442246323624,1.0754693118474012
all_documents,f1,"Graham, Harry",10,39533,0.14645922471885583,0.03321962125431682,"Burton, Richard Francis, Sir",0.22681822410357177,-0.11323960346453901,0.16891442246323624,0.8670616906660666
all_documents,f1,"Grant, James, archaeologist",12,216902,0.0552236685928852,0.0049422350052566785,"Burney, Fanny",0.08949486934110379,-0.05028143358762852,0.16891442246323624,0.3269328207004022
all_documents,f1,"Green, Anna Katharine",35,385190,0.024414515327232877,0.0032508625291932025,"Moore, Frank Frankfort",0.13315285950268557,-0.021163652798039674,0.16891442246323624,0.14453777819088615
all_documents,f1,"Gregory, Jackson",10,150836,0.026357215397513793,0.005781401465753396,"King, Basil",0.21934796140485846,-0.020575813931760396,0.16891442246323624,0.1560388687546818
all_documents,f1,"Grey, Zane",26,469930,0.03723534695902043,0.0027180831840559715,"Douglas, Amanda M.",0.07299739108238668,-0.03451726377496446,0.16891442246323624,0.22043912187027487
all_documents,f1,"Griffiths, Arthur",18,223243,0.07574659182639905,0.002974010679698682,"Ritchie, J. Ewing (James Ewing)",0.039262633578481164,-0.07277258114670036,0.16891442246323624,0.44843176042522415
all_documents,f1,"Grinnell, George Bird",13,176703,0.0667765124116703,0.00856856393880048,"Griffiths, Arthur",0.1283170328809053,-0.05820794847286982,0.16891442246323624,0.3953274767061648
all_documents,f1,"Grote, George",13,505742,0.13251662156085453,0.02573347478186606,"Spinoza, Benedictus de",0.1941905436371896,-0.10678314677898847,0.16891442246323624,0.7845192827728871
all_documents,f1,"Guiney, Louise Imogen",13,52399,0.07782435300135278,0.011779818798706179,"Jameson, Mrs. (Anna)",0.15136417258106105,-0.0660445342026466,0.16891442246323624,0.46073243401279745
all_documents,f1,"Habberton, John",11,127760,0.03326308939728481,0.006503435086509938,"Walton, Amy",0.19551506502702656,-0.026759654310774872,0.16891442246323624,0.19692273112157982
all_documents,f1,"Haeckel, Ernst",13,415704,0.1470459975735973,0.028413809897239694,"Frazer, James George",0.19323076021173874,-0.1186321876763576,0.16891442246323624,0.8705354784349539
all_documents,f1,"Haggard, H. Rider (Henry Rider)",51,845292,0.03999611505686639,0.0025818348750022103,"Munroe, Kirk",0.06455214141001853,-0.037414280181864185,0.16891442246323624,0.23678330407559744
all_documents,f1,"Hakluyt, Richard",15,278821,0.08722494955840576,0.003808687818689181,"Holinshed, Raphael",0.043665119188620295,-0.08341626173971659,0.16891442246323624,0.5163854470590872
all_documents,f1,"Hale, Edward Everett",10,115984,0.034833302839458465,0.00595568528101107,"Church, Alfred John",0.17097676061497646,-0.028877617558447394,0.16891442246323624,0.20621864214726743
all_documents,f1,"Hall, E. Raymond (Eugene Raymond)",15,91650,0.08664487167755153,0.03371394330852048,"Duellman, William Edward",0.3891048905235472,-0.052930928369031044,0.16891442246323624,0.512951294590665
all_documents,f1,"Hancock, H. Irving (Harrie Irving)",40,463080,0.007730150176817034,0.0004914420125194217,"Chapman, Allen",0.06357470440784863,-0.007238708164297612,0.16891442246323624,0.04576370723168698
all_documents,f1,"Harben, Will N. (Will Nathaniel)",13,256159,0.023842323200772886,0.002065336471373514,"Goldfrap, John Henry",0.08662479968841975,-0.021776986729399372,0.16891442246323624,0.14115031063118427
all_documents,f1,"Hardy, Thomas",26,425860,0.05659853646094175,0.003654176668751787,"Jókai, Mór",0.06456309468838489,-0.05294435979218996,0.16891442246323624,0.33507225514304595
all_documents,f1,"Harland, Henry",12,150066,0.036361029363896284,0.006792315201097612,"Smith, Francis Hopkinson",0.1868020603355597,-0.029568714162798673,0.16891442246323624,0.21526302392449742
all_documents,f1,"Harland, Marion",13,218620,0.14491161839549832,0.009872756535343266,"Baring-Gould, S. (Sabine)",0.06812950296640924,-0.13503886186015507,0.16891442246323624,0.8578996173463989
all_documents,f1,"Harmon, Jim",13,16453,0.029620735729266406,0.005053477280885578,"Raine, William MacLeod",0.17060606890640298,-0.024567258448380827,0.16891442246323624,0.17535942341284255
all_documents,f1,"Harper, Charles G. (Charles George)",16,191152,0.014513444349605087,0.009733149022678538,"Beers, Henry A. (Henry Augustin)",0.670629851069321,-0.004780295326926549,0.16891442246323624,0.08592187770564055
all_documents,f1,"Harris, Frank",10,79843,0.032074905962820116,0.013277261302969669,"Wharton, Edith",0.41394544752087853,-0.018797644659850447,0.16891442246323624,0.1898884979451718
all_documents,f1,"Harris, Joel Chandler",14,193505,0.11702062343947188,0.008443542238031815,"Duncan, Norman",0.07215430912824677,-0.10857708120144006,0.16891442246323624,0.6927805318988738
all_documents,f1,"Harrison, Harry",10,40158,0.055174276292662236,0.00670165231846956,"Harmon, Jim",0.12146334793630686,-0.04847262397419268,0.16891442246323624,0.32664041049940995
all_documents,f1,"Harte, Bret",57,496092,0.06503698261412537,0.0032913835050419004,"Douglas, Alan, Captain",0.05060787528490052,-0.06174559910908347,0.16891442246323624,0.38502918617432147
all_documents,f1,"Hawthorne, Julian",12,150767,0.08045861495102469,0.008554257366935077,Ouida,0.1063187251252345,-0.07190435758408961,0.16891442246323624,0.47632767988498015
all_documents,f1,"Hawthorne, Nathaniel",92,431191,0.12335959113195334,0.009827892512861522,"Holmes, Oliver Wendell",0.07966865342759588,-0.11353169861909182,0.16891442246323624,0.7303082195885447
all_documents,f1,"Hay, Ian",13,145977,0.041539288977298396,0.001686023223815626,"Kipling, Rudyard",0.040588639462198144,-0.03985326575348277,0.16891442246323624,0.24591913687144926
all_documents,f1,"Hayes, Clair W. (Clair Wallace)",18,210327,0.008803142540973672,0.0032446612859626115,"Bacheller, Irving",0.3685798873368845,-0.0055584812550110605,0.16891442246323624,0.05211599111905114
all_documents,f1,"Hearn, Lafcadio",22,202739,0.09529011087340632,0.006960120157433879,"Wordsworth, William",0.07304136907428363,-0.08832999071597245,0.16891442246323624,0.5641324730228169
all_documents,f1,"Hegel, Georg Wilhelm Friedrich",10,216520,0.07225993265989027,0.015963511647349594,"Crane, Walter",0.2209178871295925,-0.056296421012540676,0.16891442246323624,0.4277901887011303
all_documents,f1,"Hendryx, James B. (James Beardsley)",10,141557,0.03253140975969725,0.007372550569938291,"Garis, Howard Roger",0.2266286836137071,-0.025158859189758957,0.16891442246323624,0.1925910723625605
all_documents,f1,"Henry, O.",13,161797,0.011325248261369677,0.0029242283944180734,"Mason, A. E. W. (Alfred Edward Woodley)",0.25820435251672064,-0.008401019866951603,0.16891442246323624,0.06704725443935722
all_documents,f1,"Henty, G. A. (George Alfred)",104,1793564,0.028735361993501695,0.004139400580146695,"Casanova, Giacomo",0.14405249466085696,-0.024595961413355,0.16891442246323624,0.17011787137214923
all_documents,f1,"Herford, Oliver",13,12606,0.16864947886935489,0.021697988688007458,"Tolstoy, Leo, graf",0.12865731239416345,-0.14695149018134743,0.16891442246323624,0.9984314921720848
all_documents,f1,"Hergesheimer, Joseph",13,130243,0.09747705408693721,0.016272526695182105,"Moore, George Augustus",0.16693699709748172,-0.08120452739175511,0.16891442246323624,0.5770795214846313
all_documents,f1,"Herrick, Robert",11,165046,0.13973064799953666,0.010700431429389994,"Walpole, Hugh",0.07657898666171988,-0.12903021657014666,0.16891442246323624,0.8272274561395055
all_documents,f1,"Hewlett, Maurice",15,177421,0.08459843866941333,0.0050799702822248065,"Williamson, A. M. (Alice Muriel)",0.060048038263163316,-0.07951846838718853,0.16891442246323624,0.5008360886876072
all_documents,f1,"Heyse, Paul",10,154512,0.02993626179596476,0.0032876653197092772,"Oliphant, Mrs. (Margaret)",0.10982217292582723,-0.026648596476255483,0.16891442246323624,0.1772273874510645
all_documents,f1,"Hichens, Robert",27,372273,0.07226148939308609,0.0028046924270566974,"Richmond, Grace S. (Grace Smith)",0.038813100181201744,-0.0694567969660294,0.16891442246323624,0.4277994048069732
all_documents,f1,"Hill, Grace Brooks",11,141255,0.006520304206009333,0.0033442530527573915,"Standish, Burt L.",0.5128983168722734,-0.0031760511532519416,0.16891442246323624,0.038601228426355716
all_documents,f1,"Hill, Grace Livingston",15,172011,0.03390732396433516,0.004579839553248563,"Burgess, Gelett",0.13506933068695684,-0.0293274844110866,0.16891442246323624,0.20073670128265692
all_documents,f1,"Hoare, Edward",32,65549,0.05147893173886139,0.0064362035808718755,"Bourrienne, Louis Antoine Fauvelet de",0.12502597399497303,-0.045042728157989514,0.16891442246323624,0.3047633883960716
all_documents,f1,"Hocking, Joseph",11,233843,0.008832421767953142,0.005418224540799812,"Meade, L. T.",0.6134472156276399,-0.00341419722715333,0.16891442246323624,0.05228932875684724
all_documents,f1,"Holinshed, Raphael",27,199055,0.02996222715592793,0.00416547704455696,"Hakluyt, Richard",0.13902427956637506,-0.02579675011137097,0.16891442246323624,0.17738110647389585
all_documents,f1,"Holley, Marietta",16,152675,0.05831326473821068,0.013742742426091654,"Ainsworth, William Harrison",0.2356709487590481,-0.044570522312119026,0.16891442246323624,0.34522371676641406
all_documents,f1,"Holmes, Mary Jane",21,392824,0.027422025279458133,0.006880528571165856,"Haggard, H. Rider (Henry Rider)",0.2509124873544649,-0.02054149670829228,0.16891442246323624,0.16234271105788176
all_documents,f1,"Holmes, Oliver Wendell",33,202495,0.2624772189383644,0.007346055808236963,"Sharp, Dallas Lore",0.027987403394280796,-0.25513116313012746,0.16891442246323624,1.5539064995796428
all_documents,f1,"Holt, Emily Sarah",22,335239,0.027316666033776988,0.006159274421216498,Duchess,0.2254767991672399,-0.02115739161256049,0.16891442246323624,0.16171896772001448
all_documents,f1,"Home, Gordon",15,65237,0.17550354820883848,0.00897868768433239,"Walsh, James J. (James Joseph)",0.05115957925618861,-0.1665248605245061,0.16891442246323624,1.0390086627862483
all_documents,f1,Homer,12,249802,0.14662683561889622,0.009156538508065361,"Jameson, Mrs. (Anna)",0.06244790368295537,-0.13747029711083086,0.16891442246323624,0.8680539736079028
all_documents,f1,"Honig, Winfried",11,21519,1.1760404605492043,0.15111193401870804,"Vasari, Giorgio",0.12849212173205302,-1.0249285265304962,0.16891442246323624,6.96234485723187
all_documents,f1,"Hope, Anthony",33,542661,0.031444459711985166,0.004301121337131761,"Farjeon, B. L. (Benjamin Leopold)",0.13678471109148596,-0.027143338374853405,0.16891442246323624,0.18615615678897382
all_documents,f1,"Hope, Laura Lee",64,637635,0.01209479150721359,0.0015414193667189254,"Young, Clarence",0.12744488946333554,-0.010553372140494665,0.16891442246323624,0.07160307172613391
all_documents,f1,"Hornung, E. W. (Ernest William)",26,301300,0.037718152972852165,0.008009269556350182,"Deland, Margaret Wade Campbell",0.21234522173222256,-0.029708883416501984,0.16891442246323624,0.2232974095569691
all_documents,f1,"Hough, Emerson",25,358538,0.07964564767224995,0.0029979632181138206,"Shaler, Robert",0.03764126861584136,-0.07664768445413613,0.16891442246323624,0.4715147854801126
all_documents,f1,"Howard, Robert E. (Robert Ervin)",12,40219,0.07135695751309198,0.00509741069681251,"Curwood, James Oliver",0.07143537048755588,-0.06625954681627948,0.16891442246323624,0.42244443353333333
all_documents,f1,"Howells, William Dean",94,775126,0.20789242704307243,0.0037054367870333355,"Jackson, Helen Hunt",0.01782381801846789,-0.2041869902560391,0.16891442246323624,1.2307559296087913
all_documents,f1,"Hubbard, Elbert",20,195399,0.10382781740201509,0.006206839608307264,"Ritchie, J. Ewing (James Ewing)",0.059780122163935634,-0.09762097779370782,0.16891442246323624,0.6146770411189307
all_documents,f1,"Hudson, W. H. (William Henry)",16,196763,0.09622121121926587,0.006132112091450858,"Warner, Charles Dudley",0.06372931720301456,-0.09008909912781501,0.16891442246323624,0.5696447338012723
all_documents,f1,"Hughes, Rupert",12,151681,0.10464422676677675,0.011328290961239594,"Leacock, Stephen",0.10825528852621029,-0.09331593580553715,0.16891442246323624,0.6195103132152749
all_documents,f1,"Hugo, Victor",15,429532,0.1010163690533811,0.004364379774490411,"Van Dyke, Henry",0.04320467876037098,-0.09665198927889068,0.16891442246323624,0.5980328238423042
all_documents,f1,"Hulbert, Archer Butler",17,94213,0.03806466539551369,0.011245355752891784,"James, William",0.2954276790836355,-0.026819309642621907,0.16891442246323624,0.22534881770559503
all_documents,f1,"Hume, David",13,335185,0.046224245745962976,0.008440115071020776,"Santayana, George",0.1825906498811373,-0.0377841306749422,0.16891442246323624,0.27365481923856183
all_documents,f1,"Hume, Fergus",63,1198814,0.03201158473618213,0.0023714564021234817,"Matthews, Stanley R.",0.07408119347003356,-0.02964012833405865,0.16891442246323624,0.18951362630476012
all_documents,f1,"Huneker, James",11,157935,0.06968903164333647,0.007826513079081157,"Hoare, Edward",0.11230623951178856,-0.06186251856425531,0.16891442246323624,0.4125700495379789
all_documents,f1,"Hurll, Estelle M. (Estelle May)",13,40183,0.07878083017011747,0.03506483937984894,"Haeckel, Ernst",0.4450935500950009,-0.043715990790268534,0.16891442246323624,0.4663949295819539
all_documents,f1,"Hutcheson, John C. (John Conroy)",17,234532,0.017012365944940294,0.02144322750879509,"Carleton, William",1.2604494623613829,0.004430861563854797,0.16891442246323624,0.10071588735202874
all_documents,f1,"Huxley, Thomas Henry",48,322044,0.07015263362455935,0.004752049039668668,"Besant, Annie",0.06773871192207172,-0.06540058458489069,0.16891442246323624,0.4153146463252887
all_documents,f1,"Ibsen, Henrik",18,119899,0.22847435842651687,0.04502259382475844,"Baker, George M. (George Melville)",0.19705753474842932,-0.18345176460175844,0.16891442246323624,1.3526042068802246
all_documents,f1,"Ingersoll, Robert Green",30,331814,0.05552896511182936,0.025480650053258558,"Hoare, Edward",0.45887132961947463,-0.0300483150585708,0.16891442246323624,0.32874022420385735
all_documents,f1,"Irving, Washington",20,303210,0.04653821807411838,0.006457769091698701,"Parkman, Francis",0.13876270641505514,-0.04008044898241968,0.16891442246323624,0.2755135848997577
all_documents,f1,"Jackson, Helen Hunt",13,185762,0.2259074855762725,0.003620684457762596,"Howells, William Dean",0.01602728855365952,-0.2222868011185099,0.16891442246323624,1.3374079150964189
all_documents,f1,"Jacobs, W. W. (William Wymark)",105,304881,0.06562063731887555,0.0072653307393043326,"Warner, Anne",0.11071716210251566,-0.05835530657957121,0.16891442246323624,0.38848451400387496
all_documents,f1,"James, G. P. R. (George Payne Rainsford)",49,1300128,0.03200653803718497,0.007094284161982904,"Cooper, James Fenimore",0.22165109371531574,-0.024912253875202066,0.16891442246323624,0.1894837490513938
all_documents,f1,"James, George Wharton",11,88716,0.03521143099147663,0.004204207246332546,"Mencken, H. L. (Henry Louis)",0.11939893176594349,-0.031007223745144086,0.16891442246323624,0.20845722039596887
all_documents,f1,"James, Henry",75,763995,0.14924534028406936,0.005111764793486848,"Williamson, A. M. (Alice Muriel)",0.034250749696823096,-0.1441335754905825,0.16891442246323624,0.8835559338726816
all_documents,f1,"James, William",11,167282,0.03142947917339456,0.0067708100963597955,"Hoare, Edward",0.2154286445220947,-0.02465866907703476,0.16891442246323624,0.18606746963975263
all_documents,f1,"Jameson, Mrs. (Anna)",10,131692,0.03312725404939965,0.008990049867566366,"Meynell, Alice",0.271379265367432,-0.024137204181833287,0.16891442246323624,0.19611856445597303
all_documents,f1,"Janifer, Laurence M.",12,78223,0.10014875225431356,0.014190531400070509,"Garrett, Randall",0.14169454017795116,-0.08595822085424305,0.16891442246323624,0.5928963956651521
all_documents,f1,"Janvier, Thomas A. (Thomas Allibone)",13,46061,0.12374807737731111,0.012823098373606392,"Martineau, Harriet",0.10362260687500163,-0.11092497900370472,0.16891442246323624,0.7326081193821359
all_documents,f1,"Jefferies, Richard",20,229394,0.09112155222511531,0.0037356141072321086,"Warner, Charles Dudley",0.040995944603789164,-0.0873859381178832,0.16891442246323624,0.5394539489068654
all_documents,f1,"Jefferson, Thomas",17,475856,0.030878890483669867,0.015660870750449085,"Lord, John",0.5071707728207155,-0.015218019733220782,0.16891442246323624,0.18280789782998294
all_documents,f1,"Jerome, Jerome K. (Jerome Klapka)",32,233845,0.18588675706356314,0.009516886853338572,"Collins, Wilkie",0.05119722891332337,-0.17636987021022457,0.16891442246323624,1.1004788954834268
all_documents,f1,"Jewett, Sarah Orne",12,123944,0.35691232707047643,0.00347423129584735,"Leslie, Madeline",0.009734130856066855,-0.3534380957746291,0.16891442246323624,2.1129772216351594
all_documents,f1,"Johnson, Owen",11,223108,0.025642102192603534,0.009175108392621839,"Miller, Alex. McVeigh, Mrs.",0.35781420429984867,-0.016466993799981695,0.16891442246323624,0.15180528588779604
all_documents,f1,"Johnson, Samuel",23,384143,0.15974742150148816,0.010069483519841113,"Burke, Edmund",0.06303377810544071,-0.14967793798164705,0.16891442246323624,0.94572990968996
all_documents,f1,"Johnston, Annie F. (Annie Fellows)",37,217867,0.04506489190941031,0.004439053763354943,"Wallace, Dillon",0.09850359282517204,-0.04062583814605537,0.16891442246323624,0.2667912618250141
all_documents,f1,"Johnston, Mary",18,384775,0.11648264618593014,0.010624081095049021,"Vaizey, George de Horne, Mrs.",0.09120741537834583,-0.10585856509088112,0.16891442246323624,0.689595621778728
all_documents,f1,"Jonson, Ben",12,200118,0.06410235355101056,0.021910331627835223,"Bridges, Robert",0.3418022960794988,-0.04219202192317534,0.16891442246323624,0.3794960348336286
all_documents,f1,"Jókai, Mór",28,411108,0.03940582857877751,0.0031065675829367472,"Hardy, Thomas",0.07883523059859797,-0.036299260995840764,0.16891442246323624,0.23328871510278573
all_documents,f1,"King, Basil",10,159680,0.03938269910207927,0.0028501370668331145,"MacKenzie, Compton",0.07237028268290116,-0.03653256203524616,0.16891442246323624,0.23315178495578615
all_documents,f1,"King, Charles",27,305070,0.025324044163487786,0.0008068608331095862,"Munroe, Kirk",0.03186145261399118,-0.0245171833303782,0.16891442246323624,0.14992233223305426
all_documents,f1,"Kingsley, Charles",45,622061,0.08878399569701344,0.006859884518138387,"Fielding, Henry",0.07726487712434803,-0.08192411117887505,0.16891442246323624,0.5256152458878225
all_documents,f1,"Kingston, William Henry Giles",131,1632827,0.038162986159393245,0.011338510505513323,"Hale, Edward Everett",0.29710752869695234,-0.026824475653879923,0.16891442246323624,0.22593089212201117
all_documents,f1,"Kipling, Rudyard",44,528141,0.17471804601505694,0.0017912269022378523,"Hay, Ian",0.010252100129848563,-0.1729268191128191,0.16891442246323624,1.0343583660127296
all_documents,f1,"Kjelgaard, Jim",11,88995,0.052292943089883116,0.004092995006804269,"Samachson, Joseph",0.07827050391424847,-0.04819994808307885,0.16891442246323624,0.3095824638731754
all_documents,f1,"Kock, Paul de",18,452746,0.025640832795812737,0.03768470945627933,"Deland, Margaret Wade Campbell",1.4697147224653877,0.012043876660466593,0.16891442246323624,0.15179777085875185
all_documents,f1,"Kyne, Peter B. (Peter Bernard)",10,155778,0.023677742633927672,0.0025058456146358024,"Nesbit, E. (Edith)",0.10583127172964511,-0.02117189701929187,0.16891442246323624,0.14017596773941
all_documents,f1,"La Fontaine, Jean de",31,72688,0.11445818943253887,0.01031683113239007,"Meynell, Alice",0.09013624261871417,-0.1041413583001488,0.16891442246323624,0.6776105187669832
all_documents,f1,"Lamb, Charles",10,219843,0.05515977084362687,0.006919839151807391,"Brandes, Georg",0.12545083211865637,-0.048239931691819476,0.16891442246323624,0.32655453595522455
all_documents,f1,"Lang, Andrew",72,859972,0.10865617569633233,0.008136550438349058,"Leland, Charles Godfrey",0.07488346047709928,-0.10051962525798327,0.16891442246323624,0.6432616831163783
all_documents,f1,"Laumer, Keith",12,42616,0.05486187936180856,0.015187620753345437,"Schmitz, James H.",0.2768337674541663,-0.03967425860846312,0.16891442246323624,0.32479097143850516
all_documents,f1,"Laut, Agnes C.",12,146612,0.14648183449473884,0.008721298438672297,"Everett-Green, Evelyn",0.059538429927197135,-0.13776053605606653,0.16891442246323624,0.867195544102341
all_documents,f1,"Lavell, Edith",11,125463,0.030587221576359843,0.008754355412245042,"Lincoln, Joseph Crosby",0.28620956599114844,-0.0218328661641148,0.16891442246323624,0.18108117193496054
all_documents,f1,"Lawrence, D. H. (David Herbert)",20,316997,0.2622053496413177,0.0071269266298541935,"Ferber, Edna",0.02718070641809342,-0.2550784230114635,0.16891442246323624,1.5522969904975756
all_documents,f1,"Le Fanu, Joseph Sheridan",31,410504,0.0779480834529903,0.0021304265490487938,"Alcott, Louisa May",0.0273313525448465,-0.0758176569039415,0.16891442246323624,0.4614649377850224
all_documents,f1,"Le Gallienne, Richard",17,91139,0.06578140644857276,0.004636961089695428,"Ebers, Georg",0.07049045224231497,-0.061144445358877336,0.16891442246323624,0.3894362925870934
all_documents,f1,"Le Queux, William",66,944150,0.04945543784006036,0.0035963559030057967,"Doyle, Arthur Conan",0.07271911967772819,-0.04585908193705456,0.16891442246323624,0.2927839856352361
all_documents,f1,"Leacock, Stephen",14,96216,0.11480417730385842,0.005593477451955631,"London, Jack",0.04872189830820417,-0.10921069985190279,0.16891442246323624,0.6796588214890013
all_documents,f1,"Lebert, Marie",15,51509,0.11317639898690478,0.06682827115716036,Xenophon,0.5904788609230518,-0.046348127829744415,0.16891442246323624,0.6700221173330377
all_documents,f1,"Leblanc, Maurice",16,292725,0.05301300532003942,0.020922025352213925,"Gorky, Maksim",0.39465835271755856,-0.03209097996782549,0.16891442246323624,0.3138453457494286
all_documents,f1,"Lee, Vernon",15,107059,0.08107591350646268,0.006695119363667011,"De Quincey, Thomas",0.08257840182255033,-0.07438079414279566,0.16891442246323624,0.47998218461249886
all_documents,f1,"Leiber, Fritz",22,34361,0.09400578942823269,0.003378017084513981,"Sharkey, Jack",0.03593413879145047,-0.09062777234371872,0.16891442246323624,0.5565290876727403
all_documents,f1,"Leinster, Murray",37,156495,0.1286989980507359,0.017742400548245635,"Del Rey, Lester",0.1378596633771088,-0.11095659750249026,0.16891442246323624,0.761918349978356
all_documents,f1,"Leland, Charles Godfrey",10,130314,0.09027129766922008,0.007937425093156624,"Lang, Andrew",0.0879285586681342,-0.08233387257606346,0.16891442246323624,0.5344203079453881
all_documents,f1,"Leslie, Madeline",20,60836,0.0233644583198783,0.0031625028278163855,"Jewett, Sarah Orne",0.13535528127890528,-0.020201955492061913,0.16891442246323624,0.13832127523014506
all_documents,f1,"Lever, Charles James",53,1279537,0.07223647745013533,0.004040745492804047,"Aimard, Gustave",0.055937742750445774,-0.06819573195733128,0.16891442246323624,0.42765133016310314
all_documents,f1,"Lewis, Alfred Henry",15,233128,0.11242961078864666,0.012575821309379592,"Baum, L. Frank (Lyman Frank)",0.1118550639921767,-0.09985378947926707,0.16891442246323624,0.6656010135139091
all_documents,f1,Library of Congress. Copyright Office,66,6234798,0.1753278107581078,0.061454902321409315,"Duellman, William Edward",0.350514285529955,-0.11387290843669848,0.16891442246323624,1.0379682693836723
all_documents,f1,"Lincoln, Abraham",19,106902,0.08515000497826167,0.009276089397049722,"Macaulay, Thomas Babington Macaulay, Baron",0.10893821320877031,-0.07587391558121194,0.16891442246323624,0.5041014481566507
all_documents,f1,"Lincoln, Joseph Crosby",18,440115,0.040610844913718865,0.005489774824751581,"Webster, Frank V.",0.13518001992854534,-0.03512107008896728,0.16891442246323624,0.2404226017026918
all_documents,f1,"Locke, William John",21,322162,0.010754979885623192,0.00396328686691775,"Rinehart, Mary Roberts",0.3685071389315852,-0.006791693018705442,0.16891442246323624,0.06367117578704083
all_documents,f1,"London, Jack",50,535210,0.19406276494388017,0.003603741485884824,"Churchill, Winston",0.01856997908345255,-0.19045902345799534,0.16891442246323624,1.1488821505820048
all_documents,f1,"Longfellow, Henry Wadsworth",14,70326,0.1474108641217238,0.014798026668489008,"Whittier, John Greenleaf",0.1003862690627036,-0.1326128374532348,0.16891442246323624,0.8726955458987368
all_documents,f1,"Lord, John",18,281005,0.04597234223664022,0.0046922027239156994,"Saint-Simon, Louis de Rouvroy, duc de",0.10206577467301604,-0.04128013951272452,0.16891442246323624,0.27216351076620454
all_documents,f1,"Loti, Pierre",11,64695,0.03226273525021699,0.007285837806716432,"Gautier, Théophile",0.22582827370991213,-0.024976897443500554,0.16891442246323624,0.1910004769263494
all_documents,f1,"Lowndes, Marie Belloc",15,198392,0.047609329958660566,0.00556015968633656,"Stephens, Robert Neilson",0.11678718627555724,-0.04204917027232401,0.16891442246323624,0.28185473605146183
all_documents,f1,"Lucas, E. V. (Edward Verrall)",11,146026,0.10035847418578947,0.006557865317222699,"Moore, Thomas",0.06534441032933996,-0.09380060886856677,0.16891442246323624,0.5941379825493126
all_documents,f1,"Luther, Martin",18,209772,0.15370838819456947,0.008821290013516166,"Roberts, B. H. (Brigham Henry)",0.05738977629737336,-0.1448870981810533,0.16891442246323624,0.9099778808291145
all_documents,f1,"Lynde, Francis",17,247465,0.01168562927191437,0.005816570293644653,"Wood, Henry, Mrs.",0.49775413529713725,-0.005869058978269718,0.16891442246323624,0.06918076681378534
all_documents,f1,"Lytton, Edward Bulwer Lytton, Baron",194,968327,0.06790075758808253,0.006603178639444163,"Grant, James, archaeologist",0.09724749581590982,-0.06129757894863837,0.16891442246323624,0.40198318531895016
all_documents,f1,"MacDonald, George",60,1064335,0.08791588022721139,0.0038515171483120988,"Sienkiewicz, Henryk",0.04380911774253034,-0.08406436307889929,0.16891442246323624,0.5204758655013372
all_documents,f1,"MacGrath, Harold",21,308529,0.019639081222480988,0.010276581148452868,"Webster, Jean",0.5232719918022029,-0.00936250007402812,0.16891442246323624,0.1162664557359238
all_documents,f1,"MacGregor, Mary Esther Miller",10,99000,0.046583405473946765,0.0021024699954523313,"Brereton, F. S. (Frederick Sadleir)",0.045133454157365194,-0.04448093547849443,0.16891442246323624,0.27578110142776896
all_documents,f1,"MacKenzie, Compton",12,242139,0.09212102688162088,0.0027654100421185854,"Merwin, Samuel",0.030019314110254602,-0.0893556168395023,0.16891442246323624,0.5453709963793694
all_documents,f1,"Macaulay, Thomas Babington Macaulay, Baron",19,431736,0.04182743307895743,0.007839921595252309,"Lincoln, Abraham",0.1874349205329653,-0.033987511483705116,0.16891442246323624,0.24762499536154797
all_documents,f1,"Machen, Arthur",10,67667,0.034954015650286864,0.008128228032972641,"Martineau, Harriet",0.232540607473978,-0.026825787617314224,0.16891442246323624,0.20693328101035607
all_documents,f1,"Mackintosh, Charles Henry",11,203375,0.015308400023587375,0.005880798840300981,"Stevenson, Robert Louis",0.38415502803949286,-0.009427601183286394,0.16891442246323624,0.09062814057170995
all_documents,f1,"Maclaren, Alexander",20,630358,0.022473728340592,0.004658311413536338,"Masefield, John",0.20727808679267987,-0.017815416927055662,0.16891442246323624,0.13304801338372008
all_documents,f1,"Maclaren, Ian",13,97457,0.09436313199966832,0.02663008740874304,"Mathews, Joanna H. (Joanna Hooe)",0.28220860037622153,-0.06773304459092529,0.16891442246323624,0.5586446120088189
all_documents,f1,"Maeterlinck, Maurice",18,90065,0.38149023542138577,0.04113494157880346,"Meynell, Alice",0.10782698417789567,-0.34035529384258234,0.16891442246323624,2.258482312275117
all_documents,f1,"Mahan, A. T. (Alfred Thayer)",15,290149,0.05338177050729899,0.008633015906105908,"Parkman, Francis",0.16172217264553823,-0.04474875460119308,0.16891442246323624,0.3160284937712609
all_documents,f1,"Mangasarian, M. M. (Mangasar Mugurditch)",12,45670,0.02986949481803484,0.020338475722861,"Tolstoy, Leo, graf",0.6809112724123099,-0.009531019095173843,0.16891442246323624,0.17683211641999283
all_documents,f1,"Mansfield, M. F. (Milburg Francisco)",16,194808,0.028683330636975046,0.011470809661155632,"James, George Wharton",0.39991205367095223,-0.017212520975819413,0.16891442246323624,0.1698098375419535
all_documents,f1,"Marks, Winston K.",12,12929,0.05106159939172424,0.0072047729833641825,"Samachson, Joseph",0.14109963395568625,-0.04385682640836006,0.16891442246323624,0.3022927151341246
all_documents,f1,"Marlowe, Christopher",10,82790,0.13425421890670222,0.013282939677537537,"Dunsany, Lord",0.09893871332839305,-0.12097127922916469,0.16891442246323624,0.79480613288615
all_documents,f1,"Marlowe, Stephen",16,41940,0.023322367370384837,0.00921659193048326,"Nourse, Alan Edward",0.39518252088708,-0.014105775439901578,0.16891442246323624,0.13807209017608243
all_documents,f1,"Marryat, Frederick",36,873873,0.0361231738254968,0.004457051246145244,"Borrow, George",0.12338481850117296,-0.03166612257935155,0.16891442246323624,0.2138548816538085
all_documents,f1,"Marsh, Richard",19,290346,0.04440357234227222,0.007385674791218969,"MacGrath, Harold",0.16633064417179344,-0.03701789755105325,0.16891442246323624,0.26287614577101337
all_documents,f1,"Martineau, Harriet",16,224425,0.09565921462827907,0.007014621417929274,"Twain, Mark",0.07332928087678016,-0.0886445932103498,0.16891442246323624,0.5663176254182738
all_documents,f1,"Masefield, John",17,95443,0.19692623036020288,0.00429394364645622,"Maclaren, Alexander",0.021804833406916163,-0.19263228671374666,0.16891442246323624,1.165834317096655
all_documents,f1,"Mason, A. E. W. (Alfred Edward Woodley)",20,315868,0.10931528440005628,0.003998046123107121,"Henry, O.",0.03657353264961238,-0.10531723827694915,0.16891442246323624,0.6471637105105602
all_documents,f1,"Maspero, G. (Gaston)",10,145377,0.039864248232442764,0.007619555016530487,"Schopenhauer, Arthur",0.1911375569433028,-0.03224469321591228,0.16891442246323624,0.23600263169427768
all_documents,f1,"Mathews, Joanna H. (Joanna Hooe)",13,133351,0.015414196691984117,0.003945312189261399,"Carter, Herbert, active 1909-1917",0.25595314943094566,-0.011468884502722718,0.16891442246323624,0.09125447352098649
all_documents,f1,"Matthews, Stanley R.",32,237240,0.005367270092532042,0.0024341976699903,"Hume, Fergus",0.453526211281451,-0.002933072422541742,0.16891442246323624,0.031775084769331725
all_documents,f1,"Maugham, W. Somerset (William Somerset)",26,281788,0.43033955887825764,0.008501788855147054,"Dawson, Coningsby",0.01975600123146521,-0.42183777002311057,0.16891442246323624,2.547678005245052
all_documents,f1,"Maupassant, Guy de",33,360083,0.04084762745637623,0.014098270637434095,"Ebers, Georg",0.34514294991772854,-0.026749356818942138,0.16891442246323624,0.2418243916694953
all_documents,f1,"May, Sophie",25,158551,0.01895309409211077,0.006459453097923731,"Tarkington, Booth",0.34081259062669245,-0.012493640994187039,0.16891442246323624,0.11220530382025762
all_documents,f1,"McCutcheon, George Barr",33,499873,0.02068803993944735,0.002338231663125042,"Tracy, Louis",0.11302335407167162,-0.01834980827632231,0.16891442246323624,0.1224764566444884
all_documents,f1,"McElroy, John",15,179807,0.11336840560745347,0.008830523138756452,"Roe, Edward Payson",0.07789227599559612,-0.10453788246869701,0.16891442246323624,0.6711588267847749
all_documents,f1,"Meade, L. T.",52,821926,0.02389362805198752,0.0020766591650653657,"Farjeon, B. L. (Benjamin Leopold)",0.08691267649044303,-0.021816968886922153,0.16891442246323624,0.14145404343544377
all_documents,f1,"Melville, Herman",16,264160,0.06672343102715086,0.006407707304277656,"Fielding, Henry",0.09603384007141741,-0.06031572372287321,0.16891442246323624,0.39501322654477916
all_documents,f1,"Mencken, H. L. (Henry Louis)",10,108230,0.14544588994959073,0.00514982579089574,"James, George Wharton",0.03540715927195048,-0.140296064158695,0.16891442246323624,0.861062589141828
all_documents,f1,"Meredith, George",94,551531,0.12430762047754146,0.009074883089864334,"Allen, James Lane",0.07300343337763339,-0.11523273738767713,0.16891442246323624,0.7359207027132136
all_documents,f1,"Merriman, Henry Seton",14,210922,0.00966512900851474,0.00237887498308392,"Westerman, Percy F. (Percy Francis)",0.2461296668661318,-0.007286254025430821,0.16891442246323624,0.05721908684628946
all_documents,f1,"Merwin, Samuel",13,182771,0.05598907411740118,0.0030827722520481537,"MacKenzie, Compton",0.05506024703291246,-0.05290630186535303,0.16891442246323624,0.3314641420248591
all_documents,f1,"Meynell, Alice",11,42061,0.08716526076525456,0.004077375303738897,"Wilcox, Ella Wheeler",0.04677752659651542,-0.08308788546151566,0.16891442246323624,0.516032079997348
all_documents,f1,"Mill, John Stuart",14,230456,0.03392884999175711,0.009617954317752213,Suetonius,0.28347422090901575,-0.0243108956740049,0.16891442246323624,0.20086413875725523
all_documents,f1,"Miller, Alex. McVeigh, Mrs.",17,262439,0.02611733142150256,0.006314914606177171,"Hough, Emerson",0.24179019304315538,-0.019802416815325387,0.16891442246323624,0.15461871781367234
all_documents,f1,"Milne, A. A. (Alan Alexander)",11,144467,0.3725346341413107,0.05908760692874998,"Sudermann, Hermann",0.15860970098779253,-0.31344702721256074,0.16891442246323624,2.2054637413947993
all_documents,f1,"Mitchell, S. Weir (Silas Weir)",12,164968,0.14023023995897588,0.0017276502584987283,"Peattie, Elia Wilkinson",0.012320097712192103,-0.13850258970047716,0.16891442246323624,0.8301851192694727
all_documents,f1,"Mitford, Bertram",27,432318,0.016426462590402528,0.002700038584057679,"Crawford, F. Marion (Francis Marion)",0.16437127404625923,-0.01372642400634485,0.16891442246323624,0.09724724716137075
all_documents,f1,"Mitford, Mary Russell",13,17798,0.04079658231140466,0.01972641513569022,"Jameson, Mrs. (Anna)",0.4835310709391388,-0.021070167175714437,0.16891442246323624,0.24152219636712147
all_documents,f1,"Mitton, G. E. (Geraldine Edith)",12,81850,0.051759087286807344,0.004513451889527059,"Burroughs, John",0.08720114913381545,-0.047245635397280286,0.16891442246323624,0.30642195338928246
all_documents,f1,"Molesworth, Mrs.",55,575883,0.04275888900196622,0.0038734461941329857,"Castlemon, Harry",0.09058809254737347,-0.03888544280783324,0.16891442246323624,0.2531393612127619
all_documents,f1,Molière,20,69345,0.10704747656314859,0.03352937538792797,"Bridges, Robert",0.31321967097607,-0.07351810117522062,0.16891442246323624,0.633737930734998
all_documents,f1,"Montaigne, Michel de",21,75259,0.08354057171954467,0.016518827971208922,"Newman, John Henry",0.19773419826075087,-0.06702174374833575,0.16891442246323624,0.4945733496364234
all_documents,f1,"Montgomery, L. M. (Lucy Maud)",12,127589,0.8075889771269313,0.0020726132780347958,"Douglas, Amanda M.",0.002566420960088261,-0.8055163638488966,0.16891442246323624,4.781054011552512
all_documents,f1,"Moodie, Susanna",14,160314,0.08055252951627508,0.0036371560661734017,"Coolidge, Susan",0.04515259903090368,-0.07691537345010167,0.16891442246323624,0.47688366891114414
all_documents,f1,"Moody, Dwight Lyman",14,99597,0.03473292405141079,0.005439464199542237,"Besant, Walter",0.15660830028277722,-0.029293459851868556,0.16891442246323624,0.20562438390345453
all_documents,f1,"Moore, Frank Frankfort",19,207448,0.03019418779547513,0.002147915965624821,"Wister, Owen",0.07113673598952396,-0.02804627182985031,0.16891442246323624,0.1787543500144093
all_documents,f1,"Moore, George Augustus",16,274175,0.08456449353356169,0.011592937021009709,"Disraeli, Benjamin, Earl of Beaconsfield",0.13708988887172535,-0.07297155651255198,0.16891442246323624,0.5006351281339929
all_documents,f1,"Moore, Thomas",12,185016,0.1290053817118793,0.006224628829220481,"Brandes, Georg",0.04825092369497088,-0.12278075288265883,0.16891442246323624,0.7637321895349521
all_documents,f1,"Morley, Christopher",12,80151,0.19808830845692887,0.013757041612296649,"Beerbohm, Max, Sir",0.06944903371360707,-0.18433126684463222,0.16891442246323624,1.1727140025597416
all_documents,f1,"Morley, John",30,267011,0.057054089194451256,0.005192862076603686,"Dewey, John",0.09101647489114091,-0.05186122711784757,0.16891442246323624,0.3377691991154214
all_documents,f1,"Morris, Charles",18,261930,0.06184921005603547,0.0067503820961772355,"Bensusan, S. L. (Samuel Levy)",0.10914257579137034,-0.05509882795985824,0.16891442246323624,0.3661570702732431
all_documents,f1,"Morris, William",28,259551,0.1597752015534427,0.015238644259509927,"La Fontaine, Jean de",0.0953755283132145,-0.14453655729393275,0.16891442246323624,0.9458943719753553
all_documents,f1,"Motley, John Lothrop",89,209675,0.051714018272696,0.00923380756651911,"Skinner, Charles M. (Charles Montgomery)",0.1785552133626093,-0.042480210706176885,0.16891442246323624,0.3061551377233724
all_documents,f1,"Mulford, Clarence Edward",10,177179,0.030919375198568893,0.004271010392751266,"Rice, Alice Caldwell Hegan",0.13813378715844654,-0.02664836480581763,0.16891442246323624,0.183047573722122
all_documents,f1,"Mundy, Talbot",13,175583,0.02357103627292684,0.015779616449681972,"Brazil, Angela",0.6694494152472237,-0.007791419823244869,0.16891442246323624,0.1395442492665599
all_documents,f1,"Munroe, Kirk",15,154687,0.030841503791476717,0.0007577595685566598,"King, Charles",0.024569475395232587,-0.030083744222920056,0.16891442246323624,0.18258656272047633
all_documents,f1,"Murfree, Mary Noailles",26,156406,0.04347068667588691,0.00103472867984743,"Ainsworth, William Harrison",0.02380290625639902,-0.04243595799603948,0.16891442246323624,0.25735331561369895
all_documents,f1,"Murray, David Christie",14,102247,0.08276412187578802,0.0017748184995202956,"Boothby, Guy",0.021444298076211506,-0.08098930337626772,0.16891442246323624,0.48997664420160103
all_documents,f1,"Mühlbach, L. (Luise)",20,709566,0.027929710189607358,0.0032469330553702995,"Bloundelle-Burton, John",0.11625373243502123,-0.02468277713423706,0.16891442246323624,0.16534828573141044
all_documents,f1,"Müller, F. Max (Friedrich Max)",10,173381,0.07145718147431968,0.010381010955702681,"Russell, Bertrand",0.14527596445199026,-0.061076170518616996,0.16891442246323624,0.423037775177973
all_documents,f1,"Nesbit, E. (Edith)",30,313987,0.09338807795706247,0.0025391607479042177,"Wister, Owen",0.02718934582925736,-0.09084891720915825,0.16891442246323624,0.5528721384190158
all_documents,f1,"Newman, John Henry",14,251769,0.11155027267586563,0.006122801286425759,Voltaire,0.05488826821801622,-0.10542747138943988,0.16891442246323624,0.6603951933124257
all_documents,f1,"Nicholson, Meredith",13,184844,0.0230986813833496,0.006276368760572026,"Seltzer, Charles Alden",0.2717197859223371,-0.016822312622777575,0.16891442246323624,0.1367478338824322
all_documents,f1,"Nietzsche, Friedrich Wilhelm",17,153249,0.16172953299645537,0.015809941804961286,"Tennyson, Alfred Tennyson, Baron",0.09775544090211274,-0.14591959119149409,0.16891442246323624,0.9574643220986968
all_documents,f1,"Norris, Frank",10,164358,0.04579278681071762,0.00257490682151969,"Roe, Edward Payson",0.05622952872824598,-0.04321787998919793,0.16891442246323624,0.2711005143488224
all_documents,f1,"Norris, Kathleen Thompson",11,212403,0.009028051626466622,0.007552251198175621,"Weyman, Stanley John",0.8365316804387176,-0.001475800428291001,0.16891442246323624,0.05344748834831764
all_documents,f1,"Norton, Andre",14,104020,0.04105109317469883,0.005447875702000223,"Nourse, Alan Edward",0.13270963769018293,-0.03560321747269861,0.16891442246323624,0.24302894078587925
all_documents,f1,"Nourse, Alan Edward",23,56041,0.05267326907288347,0.004602626714916864,"Norton, Andre",0.08738069225489414,-0.04807064235796661,0.16891442246323624,0.3118340536276449
all_documents,f1,"Nye, Bill",11,83737,0.0319409995200123,0.014402835644258599,"Morris, Charles",0.4509200044048293,-0.0175381638757537,0.16891442246323624,0.18909575070159668
all_documents,f1,"O'Donnell, Elliott",10,115771,0.10758067949966098,0.007839752119556094,"Allen, Grant",0.07287323482262259,-0.09974092738010489,0.16891442246323624,0.6368945761459511
all_documents,f1,"Oliphant, Mrs. (Margaret)",70,1241529,0.029373911023063175,0.001279953732661903,"Craik, Dinah Maria Mulock",0.0435745084015859,-0.028093957290401272,0.16891442246323624,0.17389818225531528
all_documents,f1,"Onions, Oliver",11,180780,0.033467185437678605,0.017297330548172733,"Vance, Louis Joseph",0.5168444947479436,-0.016169854889505873,0.16891442246323624,0.19813101184395696
all_documents,f1,"Oppenheim, E. Phillips (Edward Phillips)",58,1025416,0.023700469427089248,0.00396822880773363,"Chapman, Allen",0.16743249832840904,-0.019732240619355617,0.16891442246323624,0.1403105139364141
all_documents,f1,"Optic, Oliver",59,712184,0.09036571780548133,0.0026150809354740516,"Bates, Arlo",0.028938860875350986,-0.08775063687000728,0.16891442246323624,0.5349792900316087
all_documents,f1,"Orczy, Emmuska Orczy, Baroness",18,279091,0.04315971295134367,0.015076697702844968,"Gorky, Maksim",0.34932340073349794,-0.028083015248498704,0.16891442246323624,0.2555123021584333
all_documents,f1,"Otis, James",45,347659,0.16689696565383463,0.005263898612877315,"Walton, Amy",0.031539810159253015,-0.1616330670409573,0.16891442246323624,0.9880563377597866
all_documents,f1,Ouida,22,329694,0.04458123739391106,0.005630314220512495,"Hawthorne, Julian",0.12629335903721434,-0.038950923173398565,0.16891442246323624,0.26392795087473386
all_documents,f1,"Oxley, J. Macdonald (James Macdonald)",10,65335,0.031154471588494607,0.0035689955768621238,"Munroe, Kirk",0.11455805201909312,-0.027585476011632484,0.16891442246323624,0.18443938139903532
all_documents,f1,"Packard, Frank L. (Frank Lucius)",11,200478,0.02438753627169747,0.0033060025182502306,"Vaizey, George de Horne, Mrs.",0.13556115227953364,-0.02108153375344724,0.16891442246323624,0.14437805793052014
all_documents,f1,"Page, Thomas Nelson",24,156210,0.10698772978900523,0.0028146199137693076,"Bates, Arlo",0.02630787585941053,-0.10417310987523593,0.16891442246323624,0.633384220416648
all_documents,f1,"Paine, Albert Bigelow",29,222164,0.11108422207176072,0.004531098916627951,"Conwell, Russell H.",0.040789761427152536,-0.10655312315513277,0.16891442246323624,0.6576361002917788
all_documents,f1,Pansy,11,147844,0.017845238927393092,0.0048392410914435465,"Howells, William Dean",0.27117827399974653,-0.013005997835949546,0.16891442246323624,0.10564662665958592
all_documents,f1,"Parker, Gilbert",106,447000,0.05319788488087857,0.003775351265534451,"Smith, Francis Hopkinson",0.07096807089207154,-0.04942253361534412,0.16891442246323624,0.31493986188454065
all_documents,f1,"Parkman, Francis",15,335281,0.04962568672762789,0.005564337006090225,"Irving, Washington",0.112126146215976,-0.04406134972153766,0.16891442246323624,0.2937918858789503
all_documents,f1,"Parrish, Randall",15,254641,0.008893356342650802,0.005179685302435659,"Stacpoole, H. De Vere (Henry De Vere)",0.58242187795792,-0.003713671040215143,0.16891442246323624,0.05265007104166263
all_documents,f1,"Patchin, Frank Gee",15,161138,0.009026774215127105,0.004323121822608823,"Oppenheim, E. Phillips (Edward Phillips)",0.478922117644653,-0.004703652392518282,0.16891442246323624,0.053439925871882
all_documents,f1,"Pater, Walter",13,97340,0.041670011625103344,0.009447163578218412,Homer,0.22671372552550811,-0.03222284804688493,0.16891442246323624,0.24669303554687705
all_documents,f1,"Peattie, Elia Wilkinson",10,83096,0.05802239264009284,0.001659611912849417,"Mitchell, S. Weir (Silas Weir)",0.02860295546831075,-0.05636278072724342,0.16891442246323624,0.3435017081073776
all_documents,f1,"Peck, George W. (George Wilbur)",10,75925,0.1928704264746005,0.02745515665961775,"Skinner, Charles M. (Charles Montgomery)",0.1423502667643729,-0.16541526981498275,0.16891442246323624,1.1418233189447056
all_documents,f1,"Pemberton, Max",11,130938,0.0458840041459854,0.0021922100651432124,"Sedgwick, Anne Douglas",0.04777721792039849,-0.04369179408084219,0.16891442246323624,0.2716405353484362
all_documents,f1,"Penrose, Margaret",22,260508,0.013675227688710776,0.0015247551921679409,"Stratemeyer, Edward",0.11149760917155788,-0.012150472496542835,0.16891442246323624,0.08095950297960586
all_documents,f1,"Pepys, Samuel",76,263743,0.044910120866919714,0.0036718941774525403,Suetonius,0.08176095068488706,-0.041238226689467174,0.16891442246323624,0.2658749928632902
all_documents,f1,"Perkins, Lucy Fitch",13,53668,0.035118944953251,0.003219177213134627,"Brazil, Angela",0.09166497505605231,-0.03189976774011637,0.16891442246323624,0.20790968847491126
all_documents,f1,"Phelps, Elizabeth Stuart",14,99623,0.1592530231309037,0.008825063257877708,"Collins, Wilkie",0.05541535780217895,-0.15042795987302598,0.16891442246323624,0.9428029934244643
all_documents,f1,"Phillips, David Graham",14,285000,0.016263104721842572,0.006297444070149832,"Hayes, Clair W. (Clair Wallace)",0.38722274607823753,-0.00996566065169274,0.16891442246323624,0.09628014283612871
all_documents,f1,"Phillpotts, Eden",19,257922,0.14392006088970496,0.004414079763740167,"Bates, Arlo",0.030670357811500338,-0.1395059811259648,0.16891442246323624,0.8520294406537652
all_documents,f1,"Pinero, Arthur Wing",13,97578,0.10601757318442438,0.05275868390822321,"Ibsen, Henrik",0.49764093181463503,-0.05325888927620117,0.16891442246323624,0.6276407404317345
all_documents,f1,"Piper, H. Beam",33,152770,0.06008762823349657,0.00684521344774538,"MacKenzie, Compton",0.11392051324018533,-0.053242414785751195,0.16891442246323624,0.3557282282782838
all_documents,f1,Plato,27,228736,0.11030164348796442,0.02268496790685836,"Swinburne, Algernon Charles",0.2056630090859311,-0.08761667558110606,0.16891442246323624,0.6530031117501011
all_documents,f1,"Poe, Edgar Allan",16,108331,0.28997953378707975,0.009981283508271595,"Coleridge, Samuel Taylor",0.0344206481675374,-0.27999825027880815,0.16891442246323624,1.7167245375402624
all_documents,f1,"Porter, Eleanor H. (Eleanor Hodgman)",13,210388,0.026251952245662125,0.004276746442176307,"Zangwill, Israel",0.16291155804928745,-0.021975205803485817,0.16891442246323624,0.1554156943074283
all_documents,f1,"Potter, Beatrix",21,15393,0.11422849529164883,0.028734458808663866,"Sinclair, Upton",0.25155245838876616,-0.08549403648298497,0.16891442246323624,0.6762506932556949
all_documents,f1,"Pyle, Howard",16,172007,0.06037518594712294,0.0053198469741069145,"Smith, Francis Hopkinson",0.0881131360616608,-0.055055338973016024,0.16891442246323624,0.35743061525882097
all_documents,f1,"Pyle, Katharine",11,58312,0.08063444394949001,0.003987727463754041,"Garland, Hamlin",0.049454392793382214,-0.07664671648573597,0.16891442246323624,0.4773686152645721
all_documents,f1,"Quiller-Couch, Arthur",40,573345,0.062213395013270084,0.008167068013568025,"James, Henry",0.13127507366903854,-0.05404632699970206,0.16891442246323624,0.3683131026115349
all_documents,f1,"Raine, William MacLeod",22,297998,0.019994541221731218,0.003928855402162149,"Harmon, Jim",0.196496401622461,-0.01606568581956907,0.16891442246323624,0.11837083494799253
all_documents,f1,"Ralphson, G. Harvey (George Harvey)",14,145509,0.06371737623261194,0.002632750899200886,"Stratemeyer, Edward",0.041319198229216904,-0.06108462533341105,0.16891442246323624,0.3772169084406031
all_documents,f1,"Rathborne, St. George",14,133580,0.051507344357057526,0.002853981204666886,"Coolidge, Susan",0.055409208925286675,-0.04865336315239064,0.16891442246323624,0.30493159557330257
all_documents,f1,"Raymond, Evelyn",17,193042,0.028511480381970163,0.00865138056545041,"Johnson, Owen",0.3034349830155187,-0.019860099816519754,0.16891442246323624,0.16879245695065268
all_documents,f1,"Reade, Charles",15,536542,0.09367962576418173,0.007186623482952226,"Jókai, Mór",0.07671490384732109,-0.08649300228122951,0.16891442246323624,0.554598147381825
all_documents,f1,"Reed, Helen Leah",10,106300,0.07928517032359604,0.002302137782382023,"Freeman, Mary Eleanor Wilkins",0.029036171240927312,-0.07698303254121402,0.16891442246323624,0.46938070276889615
all_documents,f1,"Reed, Myrtle",13,186416,0.2422431070655341,0.004190161000811198,"Murray, David Christie",0.01729733841168753,-0.23805294606472288,0.16891442246323624,1.4341173686234971
all_documents,f1,"Reed, Talbot Baines",16,350176,0.06037237199925272,0.004665924880570845,"Ewing, Juliana Horatia Gatty",0.07728576377003372,-0.055706447118681876,0.16891442246323624,0.3574139562439827
all_documents,f1,"Reeve, Arthur B. (Arthur Benjamin)",14,212158,0.017004557848681934,0.0071262276417143125,"Kjelgaard, Jim",0.4190775029335258,-0.009878330206967621,0.16891442246323624,0.10066966219171089
all_documents,f1,"Reid, Mayne",50,887763,0.06556710397738284,0.0026785222642887138,"Everett-Green, Evelyn",0.04085161768335324,-0.06288858171309412,0.16891442246323624,0.3881675881859842
all_documents,f1,"Reynolds, Mack",24,75686,0.03973757598442802,0.008725383033953026,"Samachson, Joseph",0.21957512046965938,-0.031012192950474998,0.16891442246323624,0.23525271202390546
all_documents,f1,"Rice, Alice Caldwell Hegan",10,99270,0.018059803379029588,0.002379611098663109,"Brand, Max",0.13176284640098743,-0.01568019228036648,0.16891442246323624,0.10691688202622399
all_documents,f1,"Rice, Cale Young",11,39911,0.26354438348006365,0.11981282417677593,Molière,0.45462104938327935,-0.14373155930328774,0.16891442246323624,1.5602242818396597
all_documents,f1,"Richards, Laura Elizabeth Howe",42,358518,0.0484184994926534,0.010152351707243752,"Fleming, May Agnes",0.2096791890212166,-0.03826614778540965,0.16891442246323624,0.2866451472087385
all_documents,f1,"Richardson, Samuel",14,285685,0.06778461294907015,0.016669911044434705,"Goethe, Johann Wolfgang von",0.24592470649584758,-0.05111470190463545,0.16891442246323624,0.401295590752905
all_documents,f1,"Richmond, Grace S. (Grace Smith)",15,141915,0.038043556308893216,0.0014149772636099442,"Tracy, Louis",0.037193611767551114,-0.03662857904528327,0.16891442246323624,0.22522384858624664
all_documents,f1,"Riis, Jacob A. (Jacob August)",11,95673,0.029190258526858977,0.006973332653430944,"Conwell, Russell H.",0.238892459517429,-0.022216925873428033,0.16891442246323624,0.1728109305362137
all_documents,f1,"Riley, James Whitcomb",17,53836,0.20400312822633068,0.038625662063758365,"Sue, Eugène",0.18933857730311485,-0.16537746616257232,0.16891442246323624,1.2077306677038273
all_documents,f1,"Rinehart, Mary Roberts",29,365718,0.07047795261219476,0.0026084037898877073,"Tracy, Louis",0.03701020947984202,-0.06786954882230706,0.16891442246323624,0.41724058599871244
all_documents,f1,"Ritchie, J. Ewing (James Ewing)",20,129638,0.058212674899801496,0.002850857826644085,"Griffiths, Arthur",0.048973145995285745,-0.05536181707315741,0.16891442246323624,0.3446282090712019
all_documents,f1,"Roberts, B. H. (Brigham Henry)",14,217237,0.060448051543342284,0.009474067151018289,"Luther, Martin",0.1567307284375448,-0.05097398439232399,0.16891442246323624,0.35786199107123984
all_documents,f1,"Roberts, Charles G. D., Sir",26,208769,0.10161360353632914,0.008402538916238015,"Hale, Edward Everett",0.0826910829240882,-0.09321106462009113,0.16891442246323624,0.6015685460988097
all_documents,f1,"Robertson, Margaret M. (Margaret Murray)",11,179922,0.027036818415536554,0.0010288539210359148,"Stacpoole, H. De Vere (Henry De Vere)",0.038053808892125035,-0.02600796449450064,0.16891442246323624,0.16006222571918655
all_documents,f1,"Rockwood, Roy",16,153186,0.02273245679840868,0.0027570461471245838,"Emerson, Alice B.",0.12128236607129866,-0.0199754106512841,0.16891442246323624,0.13457972662669665
all_documents,f1,"Roe, Edward Payson",19,425462,0.0607866260488419,0.0024795537806622447,"Norris, Frank",0.04079110721937305,-0.058307072268179654,0.16891442246323624,0.3598664054993406
all_documents,f1,"Rohmer, Sax",17,250479,0.03947667611033027,0.00950876204845969,"Kipling, Rudyard",0.24087038183975765,-0.029967914061870576,0.16891442246323624,0.23370814365435408
all_documents,f1,"Rolland, Romain",12,185463,0.19046656176257482,0.023215628444153,"Dunsany, Lord",0.12188821087185021,-0.1672509333184218,0.16891442246323624,1.1275920610274077
all_documents,f1,"Romanes, George John",11,140996,0.049484847600897976,0.005027883611823488,"Dewey, John",0.10160450836130795,-0.04445696398907449,0.16891442246323624,0.2929580960540431
all_documents,f1,"Roosevelt, Theodore",17,209042,0.08040409475319046,0.0074764491983469565,"Symonds, John Addington",0.09298592591952898,-0.0729276455548435,0.16891442246323624,0.47600491172203013
all_documents,f1,"Rousseau, Jean-Jacques",18,96325,0.09069995039933915,0.013042012767319176,"Emerson, Ralph Waldo",0.14379294266311088,-0.07765793763201997,0.16891442246323624,0.5369579996585534
all_documents,f1,"Roy, Lillian Elizabeth",16,157737,0.014288875141773027,0.005305812544152045,"Cory, David",0.371324718811538,-0.008983062597620982,0.16891442246323624,0.08459239260568742
all_documents,f1,"Ruskin, John",47,607075,0.05950907015103081,0.006340932987749465,"De Quincey, Thomas",0.10655405926620126,-0.053168137163281344,0.16891442246323624,0.35230307325582455
all_documents,f1,"Russell, Bertrand",11,84536,0.06192164020052452,0.006743496513392608,"Romanes, George John",0.10890371268517345,-0.05517814368713191,0.16891442246323624,0.36658586814279637
all_documents,f1,"Russell, William Clark",18,193203,0.04421833542130768,0.003076069310336997,"Craik, Dinah Maria Mulock",0.06956547054583873,-0.04114226611097068,0.16891442246323624,0.26177951400764304
all_documents,f1,"Sabatini, Rafael",18,298220,0.06436151068727773,0.0051399181496839495,"Boothby, Guy",0.07986012284046576,-0.05922159253759378,0.16891442246323624,0.381030285920587
all_documents,f1,"Saint-Simon, Louis de Rouvroy, duc de",15,63317,0.023783146027118358,0.004299657776663866,"Lord, John",0.18078591334221508,-0.01948348825045449,0.16891442246323624,0.1407999724374909
all_documents,f1,"Saintsbury, George",12,275952,0.049763059294135006,0.017433677343544507,"Crane, Walter",0.3503337132168482,-0.0323293819505905,0.16891442246323624,0.29460515312104746
all_documents,f1,"Saltus, Edgar",13,104659,0.12617513363690155,0.00805674614487391,"Cobb, Irvin S. (Irvin Shrewsbury)",0.06385367633577532,-0.11811838749202765,0.16891442246323624,0.7469766749157446
all_documents,f1,"Samachson, Joseph",12,13801,0.05175082741456493,0.004620074593648583,"Kjelgaard, Jim",0.08927537634593052,-0.04713075282091635,0.16891442246323624,0.30637305364394424
all_documents,f1,"Santayana, George",10,101959,0.050761898600893626,0.010609613010183806,"Hume, David",0.20900741112147903,-0.040152285590709824,0.16891442246323624,0.30051843922292554
all_documents,f1,"Saunders, Marshall",13,211392,0.037497111473405856,0.004944129510079534,"Glasgow, Ellen Anderson Gholson",0.13185360993969011,-0.03255298196332632,0.16891442246323624,0.22198880904658688
all_documents,f1,"Schiller, Friedrich",32,346022,0.3867700079557013,0.031154436995748512,Euripides,0.08055029178818018,-0.35561557095995283,0.16891442246323624,2.2897393977111737
all_documents,f1,"Schmitz, James H.",10,40397,0.03945694179465547,0.0017198342372832115,"Fyfe, H. B. (Horace Bowne)",0.0435876213172752,-0.03773710755737226,0.16891442246323624,0.23359131339565256
all_documents,f1,"Schoolcraft, Henry Rowe",13,248964,0.1165989682478597,0.007571138653188965,"James, George Wharton",0.0649331530712575,-0.10902782959467074,0.16891442246323624,0.6902842667164028
all_documents,f1,"Schopenhauer, Arthur",12,153168,0.06338181688666435,0.004137974893219899,Suetonius,0.06528646694712434,-0.05924384199344445,0.16891442246323624,0.3752303442322057
all_documents,f1,"Schubin, Ossip",10,128847,0.029824475492078582,0.0037530736569431435,"Hardy, Thomas",0.12583871451284917,-0.026071401835135437,0.16891442246323624,0.17656559491579116
all_documents,f1,"Scott, Walter",56,1306161,0.0763471699852202,0.00813611567240596,"Whyte-Melville, G. J. (George John)",0.10656735114059898,-0.06821105431281424,0.16891442246323624,0.4519872777698243
all_documents,f1,"Sedgwick, Anne Douglas",14,217753,0.03756762506737019,0.0018542114312153882,"Braddon, M. E. (Mary Elizabeth)",0.0493566316180547,-0.0357134136361548,0.16891442246323624,0.22240626063500696
all_documents,f1,"Seltzer, Charles Alden",10,127571,0.022506181160019324,0.0037429916419123755,"Catherwood, Mary Hartwell",0.16630949583581695,-0.01876318951810695,0.16891442246323624,0.13324013918893002
all_documents,f1,"Senarens, Luis",15,111599,0.02746885568757871,0.02538806612065852,"Douglas, Amanda M.",0.9242491354359142,-0.002080789566920191,0.16891442246323624,0.16261995445390243
all_documents,f1,"Seton, Ernest Thompson",15,135100,0.10757200962979073,0.005874022170272246,"Baldwin, James",0.05460548883011208,-0.10169798745951848,0.16891442246323624,0.6368432491500451
all_documents,f1,Shakespeare (spurious and doubtful works),10,45948,0.03360418065907908,0.047166184564846655,"Fletcher, John",1.403580853327648,0.013562003905767575,0.16891442246323624,0.19894204514355746
all_documents,f1,"Shakespeare, William",105,1151041,0.1452700424468854,0.019500909245329427,"Bridges, Robert",0.13423902765402906,-0.12576913320155597,0.16891442246323624,0.8600215442142191
all_documents,f1,"Shaler, Robert",18,80158,0.015049202142111409,0.0022651680385494663,"Hough, Emerson",0.1505174837283209,-0.012784034103561943,0.16891442246323624,0.0890936482666945
all_documents,f1,"Sharkey, Jack",10,22570,0.09449420692561462,0.0032690785503930796,"Leiber, Fritz",0.034595544602712865,-0.09122512837522155,0.16891442246323624,0.5594205962263585
all_documents,f1,"Sharp, Dallas Lore",10,53252,0.0417581555309439,0.0025299165542646876,"Wilcox, Ella Wheeler",0.06058496890242081,-0.03922823897667921,0.16891442246323624,0.24721486135994367
all_documents,f1,"Shaw, Bernard",42,250381,0.2750474265920822,0.026250139576059865,"Baker, George M. (George Melville)",0.0954385936320392,-0.24879728701602233,0.16891442246323624,1.6283241098133319
all_documents,f1,"Sheckley, Robert",18,32746,0.02963160169152045,0.005442395252988472,"Smith, George O. (George Oliver)",0.1836686153400172,-0.024189206438531976,0.16891442246323624,0.1754237516217402
all_documents,f1,"Shoghi, Effendi",17,134366,0.2301716030285391,0.015018413838919845,"Ashton, John",0.06524876935864979,-0.21515318918961923,0.16891442246323624,1.3626521623909014
all_documents,f1,"Sienkiewicz, Henryk",18,480110,0.07627762566981466,0.0032145111134609435,"Disraeli, Benjamin, Earl of Beaconsfield",0.04214225449774352,-0.07306311455635373,0.16891442246323624,0.4515755644632197
all_documents,f1,"Sinclair, May",21,342648,0.06778792829662363,0.013704404255447378,"Mason, A. E. W. (Alfred Edward Woodley)",0.20216585164662668,-0.05408352404117625,0.16891442246323624,0.4013152181328831
all_documents,f1,"Sinclair, Upton",24,330107,0.32802397963842084,0.009315594396057308,"Fleming, May Agnes",0.02839912620512025,-0.31870838524236356,0.16891442246323624,1.9419536523579823
all_documents,f1,"Singmaster, Elsie",11,87372,0.06722960839070077,0.0061154457369989096,"White, Stewart Edward",0.09096357815234278,-0.06111416265370186,0.16891442246323624,0.39800987630486745
all_documents,f1,"Skinner, Charles M. (Charles Montgomery)",10,31910,0.019242508437136277,0.005574317669448091,"Ballou, Maturin Murray",0.2896876822301488,-0.013668190767688186,0.16891442246323624,0.11391868235126196
all_documents,f1,"Smiles, Samuel",14,290544,0.03170067693075559,0.006580065397312588,"Ritchie, J. Ewing (James Ewing)",0.2075686084459822,-0.025120611533443,0.16891442246323624,0.18767300310105345
all_documents,f1,"Smith, E. E. (Edward Elmer)",10,99465,0.030532016897229914,0.010729141068925191,"Harben, Will N. (Will Nathaniel)",0.35140623382461894,-0.01980287582830472,0.16891442246323624,0.18075435153487338
all_documents,f1,"Smith, Evelyn E.",15,26462,0.04562661480617951,0.00404376224436888,"Webster, Frank V.",0.08862726857003661,-0.04158285256181063,0.16891442246323624,0.2701167498951134
all_documents,f1,"Smith, Francis Hopkinson",26,214418,0.04516255326017595,0.0035410113383667887,"Stephens, Robert Neilson",0.0784059155815982,-0.04162154192180916,0.16891442246323624,0.26736943241187977
all_documents,f1,"Smith, George O. (George Oliver)",10,46470,0.04580276865947464,0.006410384897718571,"Garrett, Randall",0.13995627525002324,-0.03939238376175607,0.16891442246323624,0.2711596084664913
all_documents,f1,"Snell, Roy J. (Roy Judson)",40,370891,0.02663516646265931,0.004329811567972654,"Dell, Ethel M. (Ethel May)",0.16255995899416495,-0.022305354894686654,0.16891442246323624,0.15768438286231232
all_documents,f1,"Southworth, Emma Dorothy Eliza Nevitte",13,325308,0.022625893885037565,0.007659831829693486,"Norris, Kathleen Thompson",0.33854272757634163,-0.014966062055344079,0.16891442246323624,0.1339488573864202
all_documents,f1,"Speed, Nell",16,152106,0.032020649824191165,0.001180011684651927,"Butler, Ellis Parker",0.036851584559675125,-0.030840638139539238,0.16891442246323624,0.18956729305432976
all_documents,f1,"Spence, Lewis",10,143036,0.06119646869396029,0.006141577870147985,"Huxley, Thomas Henry",0.10035837036384619,-0.055054890823812305,0.16891442246323624,0.3622927385450436
all_documents,f1,"Spencer, Herbert",10,182576,0.0391065556431154,0.010154143312044771,"Ruskin, John",0.2596532255285024,-0.028952412331070633,0.16891442246323624,0.23151697216160946
all_documents,f1,"Spinoza, Benedictus de",12,77424,0.1392565529967912,0.024899835209387905,"Grote, George",0.17880548292733955,-0.1143567177874033,0.16891442246323624,0.8244207390111997
all_documents,f1,"Spyri, Johanna",15,108932,0.04205497927909919,0.0026586479614664708,"Parker, Gilbert",0.06321838714560457,-0.03939633131763272,0.16891442246323624,0.2489721047251151
all_documents,f1,"Stables, Gordon",26,326350,0.05860853674127237,0.0054672479381367815,"Brady, Cyrus Townsend",0.09328415691850438,-0.053141288803135595,0.16891442246323624,0.3469717735560938
all_documents,f1,"Stacpoole, H. De Vere (Henry De Vere)",20,239190,0.0458839355324331,0.0012122157908603854,"Robertson, Margaret M. (Margaret Murray)",0.02641917648941708,-0.04467171974157271,0.16891442246323624,0.2716401291453938
all_documents,f1,"Standish, Burt L.",25,364415,0.017071704125618117,0.0024284552839993587,"Hill, Grace Brooks",0.14225031468037064,-0.014643248841618758,0.16891442246323624,0.10106717873267292
all_documents,f1,"Steel, Flora Annie Webster",20,361928,0.0302612759730357,0.005787923831137706,"Fleming, May Agnes",0.1912650291512834,-0.024473352141897997,0.16891442246323624,0.1791515225979119
all_documents,f1,"Stephen, Leslie",11,146905,0.05938415038909573,0.004782731660262718,"Masefield, John",0.08053885807787754,-0.054601418728833014,0.16891442246323624,0.3515635285792161
all_documents,f1,"Stephens, Ann S. (Ann Sophia)",13,297975,0.022896866116020417,0.002111912108158892,"Coolidge, Susan",0.09223585871785463,-0.020784954007861525,0.16891442246323624,0.1355530556960218
all_documents,f1,"Stephens, Robert Neilson",10,162034,0.03229729532583635,0.003026737991587103,"Verne, Jules",0.09371490587838333,-0.029270557334249245,0.16891442246323624,0.19120507802029615
all_documents,f1,"Stevenson, Burton Egbert",17,303284,0.18928191766470998,0.003865605725331057,"Sienkiewicz, Henryk",0.020422477609184572,-0.1854163119393789,0.16891442246323624,1.1205787812814307
all_documents,f1,"Stevenson, Robert Louis",70,944178,0.13589636712710454,0.006124595750795701,"Mackintosh, Charles Henry",0.04506813449300919,-0.12977177137630883,0.16891442246323624,0.8045279091350652
all_documents,f1,"Stockton, Frank Richard",33,364891,0.10875047856344439,0.0034434999387360906,"Leslie, Madeline",0.03166422791167005,-0.1053069786247083,0.16891442246323624,0.6438199709507555
all_documents,f1,"Stoddard, William Osborn",12,159194,0.03989412548551639,0.004579329366002661,"Barbour, Ralph Henry",0.11478705975558214,-0.03531479611951373,0.16891442246323624,0.23617950974079335
all_documents,f1,"Stowe, Harriet Beecher",31,561204,0.07884522130385202,0.004617330815622953,"Ebers, Georg",0.05856196151481119,-0.07422789048822907,0.16891442246323624,0.46677613524098255
all_documents,f1,"Strang, Herbert",32,480633,0.04040588814054783,0.004022893709238824,"Parker, Gilbert",0.09956206618316597,-0.036382994431309004,0.16891442246323624,0.2392092253066316
all_documents,f1,"Stratemeyer, Edward",75,988231,0.020560400247563566,0.0012650675791821705,"Penrose, Margaret",0.06152932646980365,-0.019295332668381397,0.16891442246323624,0.12172080955395316
all_documents,f1,"Strindberg, August",22,223555,0.217319668845169,0.025621841296640004,"Andreyev, Leonid",0.11789932053915687,-0.19169782754852902,0.16891442246323624,1.286566686704731
all_documents,f1,"Stringer, Arthur",10,94410,0.22177320344963317,0.006726260025870937,"Thorne, Guy",0.030329453339021345,-0.21504694342376224,0.16891442246323624,1.3129323133902406
all_documents,f1,"Sudermann, Hermann",14,135236,0.3652454350275441,0.022661027852689943,"Bennett, Arnold",0.06204328837396973,-0.34258440717485417,0.16891442246323624,2.1623105339453104
all_documents,f1,"Sue, Eugène",44,736661,0.039546704689631035,0.007479739467193185,"Cable, George Washington",0.18913685794797305,-0.03206696522243785,0.16891442246323624,0.23412272387953295
all_documents,f1,Suetonius,14,38596,0.011237770362045247,0.003775950170789539,"Schopenhauer, Arthur",0.33600527944070974,-0.007461820191255708,0.16891442246323624,0.06652937148982123
all_documents,f1,"Swift, Jonathan",16,252512,0.07004786071685531,0.008642865013497624,"Ruskin, John",0.12338513874725555,-0.06140499570335769,0.16891442246323624,0.41469437420064614
all_documents,f1,"Swinburne, Algernon Charles",25,94206,0.21113942095783164,0.015952095375770275,"La Fontaine, Jean de",0.07555242551771607,-0.19518732558206137,0.16891442246323624,1.2499786452739734
all_documents,f1,"Symonds, John Addington",15,304903,0.04236614706047128,0.008727966904461933,"Froude, James Anthony",0.20601276042412064,-0.03363818015600935,0.16891442246323624,0.25081426702738874
all_documents,f1,"Tagore, Rabindranath",19,74860,0.15420382853370102,0.01768539962450381,"Conrad, Joseph",0.11468846002509395,-0.13651842890919721,0.16891442246323624,0.9129109657126114
all_documents,f1,"Tapper, Thomas",13,9838,0.16114097788201356,0.10945168854194193,"Rolland, Romain",0.6792293926755352,-0.05168928934007164,0.16891442246323624,0.9539799830715193
all_documents,f1,"Tarkington, Booth",19,243253,0.023368343813243913,0.004425061918096495,"Cable, George Washington",0.18936138365050112,-0.018943281895147417,0.16891442246323624,0.13834427796317966
all_documents,f1,"Tennyson, Alfred Tennyson, Baron",12,96020,0.19741995148043268,0.011141434479259058,"Nietzsche, Friedrich Wilhelm",0.056435200169539824,-0.18627851700117362,0.16891442246323624,1.168757223933324
all_documents,f1,"Thackeray, William Makepeace",35,674922,0.06052644471352188,0.009220488341379196,"Mackintosh, Charles Henry",0.15233817854362258,-0.051305956372142685,0.16891442246323624,0.35832609099258705
all_documents,f1,"Thoreau, Henry David",11,141497,0.05279977687527684,0.009005321567883948,"Willis, Nathaniel Parker",0.1705560534688667,-0.043794455307392885,0.16891442246323624,0.31258299975402376
all_documents,f1,"Thorne, Guy",15,180564,0.028860081794191705,0.006401318241803035,"Stringer, Arthur",0.2218052702501815,-0.02245876355238867,0.16891442246323624,0.17085623224667523
all_documents,f1,"Tolstoy, Leo, graf",38,547902,0.28003440652906675,0.01437767329971241,"Beerbohm, Max, Sir",0.05134252422021595,-0.26565673322935435,0.16891442246323624,1.657847816932361
all_documents,f1,"Tracy, Louis",27,405319,0.02152505408950157,0.001600434767553485,"Richmond, Grace S. (Grace Smith)",0.07435218331618809,-0.019924619321948087,0.16891442246323624,0.12743171231684755
all_documents,f1,"Trollope, Anthony",78,1749594,0.07089617109647339,0.003856036415439702,"Pemberton, Max",0.054389910707484085,-0.06704013468103369,0.16891442246323624,0.41971650533218235
all_documents,f1,"Turgenev, Ivan Sergeevich",22,321262,0.05052120664286476,0.011894116096790187,"Fanny, Aunt",0.2354281872337272,-0.03862709054607458,0.16891442246323624,0.2990935049010428
all_documents,f1,"Twain, Mark",142,685208,0.1468371123916927,0.005592352966818401,"Allen, Grant",0.03808541911325946,-0.1412447594248743,0.16891442246323624,0.8692988452401179
all_documents,f1,United States. Central Intelligence Agency,21,5949970,0.032029446761265186,0.24780895098749844,"Grote, George",7.736910126314958,0.21577950422623327,0.16891442246323624,0.18961937230810655
all_documents,f1,United States. Warren Commission,12,893387,0.008583919392666811,0.12360198822093485,"Pinero, Arthur Wing",14.399248474598592,0.11501806882826804,0.16891442246323624,0.05081815553396619
all_documents,f1,United States. Work Projects Administration,34,422882,0.10381950244015596,0.028711698117869812,"Wade, Mary Hazelton Blanchard",0.27655399460635943,-0.07510780432228614,0.16891442246323624,0.6146278152343799
all_documents,f1,"Vaizey, George de Horne, Mrs.",22,294301,0.020296360610047297,0.005567522037389663,"Packard, Frank L. (Frank Lucius)",0.27431134794843837,-0.014728838572657634,0.16891442246323624,0.12015765329017268
all_documents,f1,"Van Dyke, Henry",29,121104,0.13473093490624424,0.0043345351775287665,"Hugo, Victor",0.03217178876213586,-0.13039639972871547,0.16891442246323624,0.7976283667285312
all_documents,f1,"Vance, Louis Joseph",12,199916,0.015268529696328687,0.01576024749434536,"Wharton, Edith",1.0322046593743017,0.0004917177980166745,0.16891442246323624,0.09039210195122231
all_documents,f1,"Vandercook, Margaret",24,144505,0.029648309714690454,0.005440073332338219,"Cholmondeley, Mary",0.18348679518963318,-0.024208236382352234,0.16891442246323624,0.17552266575190362
all_documents,f1,"Vasari, Giorgio",11,165609,0.03869455144289446,0.03750148381274171,"Mill, John Stuart",0.9691670381057788,-0.0011930676301527485,0.16891442246323624,0.22907784236906248
all_documents,f1,"Verne, Jules",46,713378,0.15163225618191012,0.0012889502736700574,"Coolidge, Susan",0.008500501846544644,-0.15034330590824005,0.16891442246323624,0.8976868521390615
all_documents,f1,Voltaire,19,188047,0.10568657784134568,0.005998866075015305,"Newman, John Henry",0.05676090755839089,-0.09968771176633037,0.16891442246323624,0.6256811958395564
all_documents,f1,"Von Arnim, Elizabeth",12,168080,0.03619955985228396,0.0063923391378650565,"Norris, Frank",0.1765861011556399,-0.0298072207144189,0.16891442246323624,0.21430709896996922
all_documents,f1,"Wade, Mary Hazelton Blanchard",21,66075,0.07515401385373899,0.014171312826487701,"Vandercook, Margaret",0.18856361889156323,-0.060982701027251285,0.16891442246323624,0.44492360544343723
all_documents,f1,"Wagner, Richard",11,96417,0.3688956331680887,0.012131936910633256,"Sharp, Dallas Lore",0.032887179515907396,-0.35676369625745546,0.16891442246323624,2.1839202821676036
all_documents,f1,"Wairy, Louis Constant",12,42419,0.013920298325808494,0.009739986988549873,"Gautier, Théophile",0.6996967134311881,-0.004180311337258621,0.16891442246323624,0.08241035977160689
all_documents,f1,"Wallace, Alfred Russel",13,251796,0.06894090709102106,0.009101682666141869,"Frazer, James George",0.13202151016268368,-0.05983922442487919,0.16891442246323624,0.40814103429223675
all_documents,f1,"Wallace, Dillon",11,110319,0.15272967028164255,0.004467575821961887,"Johnston, Annie F. (Annie Fellows)",0.02925152535013932,-0.14826209445968067,0.16891442246323624,0.9041837165496259
all_documents,f1,"Wallace, Edgar",16,197298,0.12183536725300056,0.005465234067133852,"Bangs, John Kendrick",0.04485753349259308,-0.11637013318586671,0.16891442246323624,0.7212845740245638
all_documents,f1,"Wallace, F. L. (Floyd L.)",13,43745,0.03337833442749509,0.008222633635500989,"Raine, William MacLeod",0.24634643329379766,-0.025155700791994102,0.16891442246323624,0.19760499986174831
all_documents,f1,"Walpole, Horace",12,311867,0.15311305900208078,0.020956349580497836,"Byron, George Gordon Byron, Baron",0.1368684664592394,-0.13215670942158295,0.16891442246323624,0.9064534381923807
all_documents,f1,"Walpole, Hugh",12,231847,0.04388238988662937,0.009850531279130492,"Herrick, Robert",0.22447572487686854,-0.034031858607498876,0.16891442246323624,0.2597906635011007
all_documents,f1,"Walsh, James J. (James Joseph)",12,207837,0.02795437603696089,0.007039182857959335,"Home, Gordon",0.2518096933607899,-0.020915193179001555,0.16891442246323624,0.16549431143480411
all_documents,f1,"Walton, Amy",10,72283,0.01070796410235083,0.004928349784809406,"Otis, James",0.46025086913836727,-0.0057796143175414235,0.16891442246323624,0.06339283494090854
all_documents,f1,"Ward, Humphry, Mrs.",33,606764,0.04015122528297291,0.004096438664342926,"Glyn, Elinor",0.10202524668855173,-0.03605478661862998,0.16891442246323624,0.2377015810577792
all_documents,f1,"Warner, Anne",10,128342,0.14337048930949475,0.009622889599321886,"Jacobs, W. W. (William Wymark)",0.06711903994795537,-0.13374759971017286,0.16891442246323624,0.8487758902926062
all_documents,f1,"Warner, Charles Dudley",41,220303,0.10236337673717756,0.00399232465999536,"Jefferies, Richard",0.03900149435521092,-0.0983710520771822,0.16891442246323624,0.6060073216036758
all_documents,f1,"Warner, Susan",25,784168,0.019068723337459476,0.017801013370581126,"Marsh, Richard",0.9335188861653888,-0.0012677099668783505,0.16891442246323624,0.11288984717459359
all_documents,f1,"Webster, Frank V.",19,172921,0.04797644790752623,0.001105125738219346,"Chapman, Allen",0.023034755310552726,-0.04687132216930689,0.16891442246323624,0.284028132162416
all_documents,f1,"Webster, Jean",10,96219,0.1440746325614654,0.005978814137535175,"Moore, Frank Frankfort",0.04149803495063214,-0.13809581842393023,0.16891442246323624,0.8529445293093482
all_documents,f1,"Webster, Noah",11,1764534,0.17029744275812583,0.13618110570623979,"Baker, George M. (George Melville)",0.7996661811279127,-0.03411633705188605,0.16891442246323624,1.0081876980942264
all_documents,f1,"Wells, Carolyn",58,698214,0.11001106214148286,0.006451697719354088,"Connor, Ralph",0.058645899728308214,-0.10355936442212878,0.16891442246323624,0.6512828243865705
all_documents,f1,"Wells, H. G. (Herbert George)",51,666974,0.15600204609211685,0.00815502101126531,"Beerbohm, Max, Sir",0.052275090074458984,-0.14784702508085154,0.16891442246323624,0.9235566970373431
all_documents,f1,"Werner, E.",18,246498,0.021984569812219315,0.00406504517632804,"Russell, William Clark",0.184904467590202,-0.017919524635891276,0.16891442246323624,0.13015211780985841
all_documents,f1,"Westerman, Percy F. (Percy Francis)",34,375264,0.02664686372016891,0.0026966032585717175,"Merriman, Henry Seton",0.10119777272440016,-0.023950260461597192,0.16891442246323624,0.1577536324701257
all_documents,f1,"Weyman, Stanley John",28,604665,0.016989995149947274,0.00298726627786799,"Fleming, May Agnes",0.17582502240309708,-0.014002728872079285,0.16891442246323624,0.10058344872028378
all_documents,f1,"Weymouth, Richard Francis",25,40673,0.1254654244230947,0.10420547951355012,"Eddy, Mary Baker",0.8305513649891961,-0.021259944909544568,0.16891442246323624,0.7427750845277993
all_documents,f1,"Wharton, Edith",33,276818,0.1033155057825466,0.014852945677915348,"Harris, Frank",0.14376298664381607,-0.08846256010463124,0.16891442246323624,0.6116440755971145
all_documents,f1,"White, Stewart Edward",23,315407,0.0876001286629356,0.003101129816535602,"Burroughs, Edgar Rice",0.03540097330756225,-0.0844989988464,0.16891442246323624,0.5186065664819209
all_documents,f1,"Whittier, John Greenleaf",37,114549,0.0788884504630949,0.007835103517888837,"Melville, Herman",0.09931876557208089,-0.07105334694520606,0.16891442246323624,0.4670320586761308
all_documents,f1,"Whyte-Melville, G. J. (George John)",10,208559,0.035834350672922836,0.00708751446507434,"Cooper, James Fenimore",0.19778548604844148,-0.028746836207848497,0.16891442246323624,0.2121450030752826
all_documents,f1,"Wiggin, Kate Douglas Smith",33,219786,0.051747400523263355,0.006886819997010584,"Balzac, Honoré de",0.13308533235238693,-0.044860580526252775,0.16891442246323624,0.3063527659073993
all_documents,f1,"Wilcox, Ella Wheeler",23,74389,0.19455524473519376,0.0023379258689140117,"Sharp, Dallas Lore",0.01201677123685937,-0.19221731886627974,0.16891442246323624,1.1517977085558706
all_documents,f1,"Wilde, Oscar",25,142990,0.28118542484539966,0.012614605609261306,"Huneker, James",0.04486223144815213,-0.26857081923613835,0.16891442246323624,1.6646620267526233
all_documents,f1,"Williamson, A. M. (Alice Muriel)",15,246124,0.03613726877042116,0.002468925911143732,"Williamson, C. N. (Charles Norris)",0.06832076676377329,-0.033668342859277424,0.16891442246323624,0.2139383259489659
all_documents,f1,"Williamson, C. N. (Charles Norris)",19,305601,0.02964099397027221,0.00243985429847767,"Williamson, A. M. (Alice Muriel)",0.08231351151464991,-0.02720113967179454,0.16891442246323624,0.17547935539206838
all_documents,f1,"Willis, Nathaniel Parker",10,105762,0.08165150947344502,0.00926368079471065,"Thoreau, Henry David",0.11345388290370083,-0.07238782867873436,0.16891442246323624,0.4833898034445001
all_documents,f1,"Wilson, Ann",12,70690,0.31770302006618895,0.013993699527725004,"Hughes, Rupert",0.04404647939704701,-0.30370932053846394,0.16891442246323624,1.8808519452229495
all_documents,f1,"Wilson, Harry Leon",13,192721,0.14100544747408092,0.006813317498002359,"Dowling, Richard",0.04831953389073679,-0.13419212997607857,0.16891442246323624,0.8347744699229006
all_documents,f1,"Wirt, Mildred A. (Mildred Augustine)",30,291644,0.007503090732172155,0.01950965833013569,"Stratemeyer, Edward",2.6002162344220534,0.012006567597963534,0.16891442246323624,0.044419479537368585
all_documents,f1,"Wister, Owen",13,128203,0.1072604110046779,0.0021370409849284927,"Moore, Frank Frankfort",0.0199238560146417,-0.1051233700197494,0.16891442246323624,0.6349985361849302
all_documents,f1,"Wodehouse, P. G. (Pelham Grenville)",37,490164,0.029195862819111965,0.005042730569068232,"Gibbs, George",0.1727207241762761,-0.024153132250043733,0.16891442246323624,0.172844108829525
all_documents,f1,"Wood, Henry, Mrs.",24,739657,0.023284921642066133,0.004546953602638494,"Green, Anna Katharine",0.19527459325540727,-0.01873796803942764,0.16891442246323624,0.13785040556340908
all_documents,f1,"Wood, William Charles Henry",12,64271,0.043744826172635205,0.00921182848228742,"Drake, Samuel Adams",0.21058098267287037,-0.03453299769034779,0.16891442246323624,0.25897626463575746
all_documents,f1,"Woolson, Constance Fenimore",14,260357,0.0743448904486211,0.007248105612244204,"James, Henry",0.09749298934340736,-0.06709678483637689,0.16891442246323624,0.4401334673763696
all_documents,f1,"Wordsworth, William",14,288887,0.08172928248122276,0.006681275457939415,"Hearn, Lafcadio",0.08174885738749063,-0.07504800702328335,0.16891442246323624,0.4838502319066977
all_documents,f1,"Wright, Harold Bell",10,149522,0.07306535797857254,0.0016018304108581496,"Stacpoole, H. De Vere (Henry De Vere)",0.021923254127187188,-0.07146352756771439,0.16891442246323624,0.4325584335137221
all_documents,f1,Xenophon,16,153191,0.21973316398058837,0.04782823012338644,"Burton, Richard Francis, Sir",0.21766504999496422,-0.17190493385720193,0.16891442246323624,1.3008549582461657
all_documents,f1,"Yeats, W. B. (William Butler)",35,133529,0.2075951384968524,0.004874327765958843,"Ritchie, J. Ewing (James Ewing)",0.023479970683575272,-0.20272081073089357,0.16891442246323624,1.2289959345658297
all_documents,f1,"Yonge, Charlotte M. (Charlotte Mary)",59,1289077,0.10475247153829703,0.004888291211970673,"Bloundelle-Burton, John",0.0466651635057941,-0.09986418032632635,0.16891442246323624,0.6201511393208364
all_documents,f1,"Young, Clarence",23,280301,0.007526873703261683,0.0010407764271453855,"Chadwick, Lester",0.13827472974528285,-0.006486097276116298,0.16891442246323624,0.04456027847414798
all_documents,f1,"Young, Filson",11,31108,0.12143630076673714,0.010536320816836921,"Roosevelt, Theodore",0.08676417801194208,-0.11089997994990022,0.16891442246323624,0.718922037537484
all_documents,f1,"Zangwill, Israel",15,294468,0.08568894263714144,0.002314445115817657,"Hay, Ian",0.027009845664899973,-0.08337449752132378,0.16891442246323624,0.5072920440277466
all_documents,f1,"Zola, Émile",37,607708,0.10055383338183915,0.005555272413919576,"Ebers, Georg",0.055246749199746606,-0.09499856096791957,0.16891442246323624,0.595294539776344
all_documents,f1,`Abdu'l-Bahá,15,137290,0.16678119883952208,0.021626547642845204,"Wordsworth, William",0.12967017741402856,-0.14515465119667686,0.16891442246323624,0.9873709799755054
all_documents,f3,"Abbott, Eleanor Hallowell",10,79604,0.14531031322463867,0.09146337501119028,"Hill, Grace Brooks",0.6294348486455664,-0.05384693821344838,0.34730487222017553,0.41839411090241924
all_documents,f3,"Abbott, Jacob",51,414731,0.3587809871002585,0.028209541815142805,"Griffiths, Arthur",0.07862607782853295,-0.33057144528511573,0.34730487222017553,1.0330433454812222
all_documents,f3,"Abbott, John S. C. (John Stevens Cabot)",23,272735,0.055603125944455406,0.03029826625194249,"Nye, Bill",0.5449022107535619,-0.025304859692512918,0.34730487222017553,0.16009889406102412
all_documents,f3,"Adams, Andy",10,102879,0.300650937600657,0.022360738270545966,"Buchan, John",0.0743744172195028,-0.278290199330111,0.34730487222017553,0.8656686434564556
all_documents,f3,"Adams, Samuel Hopkins",13,223823,0.11390093449720098,0.03498430822783441,"Bassett, Sara Ware",0.30714680597018384,-0.07891662626936657,0.34730487222017553,0.3279566271819906
all_documents,f3,Aesop,22,44566,0.7144845765819652,0.0952565829658659,Dante Alighieri,0.1333220983181547,-0.6192279936160993,0.34730487222017553,2.0572258949739535
all_documents,f3,"Aimard, Gustave",29,560205,0.05595923220583592,0.013000633992367762,"Dumas, Alexandre",0.2323233089501171,-0.04295859821346816,0.34730487222017553,0.1611242360296066
all_documents,f3,"Ainsworth, William Harrison",20,560529,0.05818362656683425,0.01667406970496406,"Stockton, Frank Richard",0.28657666578776975,-0.04150955686187019,0.34730487222017553,0.1675289672583357
all_documents,f3,"Alcott, Louisa May",37,420281,0.09354321605564801,0.015112492184485793,"Le Fanu, Joseph Sheridan",0.16155626053625854,-0.07843072387116222,0.34730487222017553,0.2693403506195152
all_documents,f3,"Aldrich, Thomas Bailey",19,57740,0.20305852007331932,0.01562588302949696,"Williamson, A. M. (Alice Muriel)",0.0769526096410771,-0.18743263704382235,0.34730487222017553,0.5846693677956508
all_documents,f3,"Alger, Horatio, Jr.",95,1280977,0.104216947457863,0.02765854520877205,"Blanchard, Amy Ella",0.2653939295233624,-0.07655840224909095,0.34730487222017553,0.30007338161324204
all_documents,f3,"Allen, Grant",29,357781,0.26296066152101866,0.02624196306585536,"Hewlett, Maurice",0.09979425406852278,-0.2367186984551633,0.34730487222017553,0.757146480094047
all_documents,f3,"Allen, James Lane",13,82217,0.14635197085855814,0.026535688396207405,"Meredith, George",0.18131418552506423,-0.11981628246235074,0.34730487222017553,0.421393370968253
all_documents,f3,"Altsheler, Joseph A. (Joseph Alexander)",33,548187,0.04949747880065225,0.02325512006813095,"Johnston, Annie F. (Annie Fellows)",0.4698243351300654,-0.0262423587325213,0.34730487222017553,0.14251881490816834
all_documents,f3,"Andersen, H. C. (Hans Christian)",14,199903,0.13934181344401053,0.03280560704690799,"Sienkiewicz, Henryk",0.23543261161940984,-0.10653620639710254,0.34730487222017553,0.4012089221589559
all_documents,f3,"Andreyev, Leonid",11,92463,0.4033961074304142,0.08894963131241763,"Strindberg, August",0.2205019574408299,-0.3144464761179966,0.34730487222017553,1.161504314211519
all_documents,f3,"Anstey, F.",18,223113,0.49276453538403187,0.0730264699825584,"Kipling, Rudyard",0.14819749543389085,-0.41973806540147346,0.34730487222017553,1.4188241363675471
all_documents,f3,"Appleton, Victor",31,309418,0.038175383436150276,0.004603437487594018,"Chadwick, Lester",0.1205865422489714,-0.03357194594855626,0.34730487222017553,0.10991894007161758
all_documents,f3,"Arthur, T. S. (Timothy Shay)",32,380215,0.07402208256822973,0.008106855951691664,"Stacpoole, H. De Vere (Henry De Vere)",0.10951942542577323,-0.06591522661653806,0.34730487222017553,0.21313286535555162
all_documents,f3,"Ashton, John",17,331324,0.07506353796612605,0.020596740811269512,"Moore, Thomas",0.27439075441080607,-0.05446679715485654,0.34730487222017553,0.21613154312024502
all_documents,f3,"Atherton, Gertrude Franklin Horn",25,311725,0.13470198984728432,0.024131790220419717,"Dowling, Richard",0.1791494709749919,-0.1105701996268646,0.34730487222017553,0.38784941019165825
all_documents,f3,"Atkinson, William Walker",19,122836,0.13491636109499514,0.03529921927867021,"Beers, Henry A. (Henry Augustin)",0.2616377953880322,-0.09961714181632492,0.34730487222017553,0.38846665246165707
all_documents,f3,"Auerbach, Berthold",10,246077,0.1009227062348397,0.02563833912239225,"Howells, William Dean",0.2540393542631895,-0.07528436711244746,0.34730487222017553,0.29058822466175854
all_documents,f3,"Aycock, Roger D.",12,9732,0.06638481047019865,0.0298642045417761,"Garrett, Randall",0.44986502680734003,-0.036520605928422545,0.34730487222017553,0.19114275606278766
all_documents,f3,"Bacheller, Irving",18,178554,0.14650182501804257,0.030451765841344878,"Phillips, David Graham",0.20785929347702367,-0.1160500591766977,0.34730487222017553,0.42182484824217226
all_documents,f3,"Bacon, Josephine Daskam",13,83980,0.08593436376134855,0.024509725694436834,"Caine, Hall, Sir",0.28521448954348094,-0.061424638066911716,0.34730487222017553,0.2474320708834458
all_documents,f3,Bahá'u'lláh,11,78751,0.5077794773605021,0.09528851438790893,`Abdu'l-Bahá,0.18765727768918491,-0.4124909629725932,0.34730487222017553,1.462056878483965
all_documents,f3,"Bailey, Arthur Scott",40,109082,0.0786682539248491,0.08234457360549947,"Snell, Roy J. (Roy Judson)",1.0467319343856587,0.0036763196806503806,0.34730487222017553,0.22651065452078367
all_documents,f3,"Baker, George M. (George Melville)",19,103804,0.3647349551597609,0.0809362871870828,"Shaw, Bernard",0.22190438849391653,-0.2837986679726781,0.34730487222017553,1.0501866928274346
all_documents,f3,"Baldwin, James",11,105298,0.28273630209868605,0.031377314894608904,"Allen, Grant",0.1109773122931239,-0.2513589872040771,0.34730487222017553,0.8140867713466573
all_documents,f3,"Ballantyne, R. M. (Robert Michael)",91,1109394,0.09753368449842709,0.018393518059430538,"Yonge, Charlotte M. (Charlotte Mary)",0.18858631409261656,-0.07914016643899655,0.34730487222017553,0.28083016479133976
all_documents,f3,"Ballou, Maturin Murray",19,227897,0.24932073928358972,0.01855233171164143,"Ritchie, J. Ewing (James Ewing)",0.0744115060983318,-0.23076840757194828,0.34730487222017553,0.7178728524301602
all_documents,f3,"Balzac, Honoré de",119,1150655,0.2357879931718375,0.01745827721924952,"Gaskell, Elizabeth Cleghorn",0.07404226561496828,-0.21832971595258796,0.34730487222017553,0.678907818553028
all_documents,f3,"Bangs, John Kendrick",37,241446,0.21581293734088883,0.02376209229831795,"Nesbit, E. (Edith)",0.11010504092618123,-0.1920508450425709,0.34730487222017553,0.621393348044001
all_documents,f3,"Barbour, Ralph Henry",32,420072,0.05618219359385762,0.012250735565491912,"Butler, Ellis Parker",0.21805370673229252,-0.043931458028365705,0.34730487222017553,0.16176621201628483
all_documents,f3,"Baring-Gould, S. (Sabine)",57,974321,0.20836506267628624,0.02176695777554309,"Paine, Albert Bigelow",0.10446548714051937,-0.18659810490074313,0.34730487222017553,0.599948573552381
all_documents,f3,"Barr, Amelia E.",26,396291,0.07477615976097554,0.018389580061156555,"De Mille, James",0.24592838305603623,-0.05638657969981899,0.34730487222017553,0.21530409084952556
all_documents,f3,"Barr, Robert",20,302898,0.04847303405608911,0.014892826260233185,"Castlemon, Harry",0.30723940744044204,-0.033580207795855924,0.34730487222017553,0.13956911616649997
all_documents,f3,"Barrie, J. M. (James Matthew)",25,216213,0.5498267491157491,0.035770695177093546,"Jerome, Jerome K. (Jerome Klapka)",0.0650581210074287,-0.5140560539386556,0.34730487222017553,1.583124203242343
all_documents,f3,"Bassett, Sara Ware",16,146619,0.05537998767521948,0.02036850181606756,"Phillips, David Graham",0.3677953475815185,-0.035011485859151925,0.34730487222017553,0.15945640877767786
all_documents,f3,"Bates, Arlo",14,155662,0.18391246796706212,0.015805497420322036,"Page, Thomas Nelson",0.08594032582474358,-0.1681069705467401,0.34730487222017553,0.5295418598402788
all_documents,f3,"Baum, L. Frank (Lyman Frank)",54,454218,0.13237338005010515,0.021540601208838633,"Harben, Will N. (Will Nathaniel)",0.16272607982575665,-0.11083277884126652,0.34730487222017553,0.381144609932758
all_documents,f3,"Beach, Rex",16,301372,0.05164176090554015,0.025990205452546558,"Brand, Max",0.5032788386144733,-0.025651555452993594,0.34730487222017553,0.1486928777457565
all_documents,f3,"Beaumont, Francis",10,150259,0.20150312287212288,0.03274861782306438,"Fletcher, John",0.16252163915021398,-0.1687545050490585,0.34730487222017553,0.5801908898772346
all_documents,f3,"Becke, Louis",39,156598,0.18482625988046741,0.019003074500542273,"Boldrewood, Rolf",0.10281587969605684,-0.16582318537992513,0.34730487222017553,0.5321729542662331
all_documents,f3,"Beerbohm, Max, Sir",10,60881,0.11474128525065168,0.029687195281735988,"Morley, Christopher",0.258731590960346,-0.0850540899689157,0.34730487222017553,0.3303762614015703
all_documents,f3,"Beers, Henry A. (Henry Augustin)",10,159308,0.18818600292144366,0.030281285971803754,"Lang, Andrew",0.16091146791849534,-0.15790471694963992,0.34730487222017553,0.5418467115605055
all_documents,f3,"Bellamy, Edward",20,70214,0.11890584555322772,0.01711322877188226,"King, Charles",0.14392251863026861,-0.10179261678134546,0.34730487222017553,0.34236734081244563
all_documents,f3,"Belloc, Hilaire",27,182245,0.2307561845503978,0.033855707594755015,"Franklin, Benjamin",0.1467163606501772,-0.1969004769556428,0.34730487222017553,0.6644196583689412
all_documents,f3,"Bennett, Arnold",44,593304,0.3500161128246181,0.03563371620063564,"Zangwill, Israel",0.10180593091293075,-0.31438239662398243,0.34730487222017553,1.007806514740524
all_documents,f3,"Benson, Arthur Christopher",16,170828,0.1632788187830483,0.03365772757144699,"Wairy, Louis Constant",0.20613652047647807,-0.1296210912116013,0.34730487222017553,0.4701310918538941
all_documents,f3,"Benson, E. F. (Edward Frederic)",28,395249,0.15033326143577044,0.022375215477642568,"Churchill, Winston",0.14883742469195568,-0.12795804595812788,0.34730487222017553,0.4328567591774698
all_documents,f3,"Benson, Robert Hugh",11,197957,0.1652004342043918,0.052222699895846485,"Moore, George Augustus",0.31611720724192965,-0.1129777343085453,0.34730487222017553,0.47566402725171736
all_documents,f3,"Bensusan, S. L. (Samuel Levy)",11,31013,0.10360191845080916,0.027267699653533647,"Morris, Charles",0.26319686026355316,-0.0763342187972755,0.34730487222017553,0.2983025195947445
all_documents,f3,"Besant, Annie",17,123182,0.21407798973884976,0.030482243453060033,"Huxley, Thomas Henry",0.14238849818351165,-0.18359574628578973,0.34730487222017553,0.6163978880294372
all_documents,f3,"Besant, Walter",19,411745,0.2828244117707962,0.04370016293945752,"Strang, Herbert",0.15451340521083654,-0.23912424883133868,0.34730487222017553,0.8143404668146963
all_documents,f3,"Bierce, Ambrose",17,105396,0.20154963314919594,0.03501152287458545,"Allen, Grant",0.173711667580503,-0.1665381102746105,0.34730487222017553,0.5803248075985027
all_documents,f3,"Bindloss, Harold",43,762951,0.07811999457995543,0.02157292872338039,"Freeman, Mary Eleanor Wilkins",0.2761511804932424,-0.05654706585657504,0.34730487222017553,0.22493204336745065
all_documents,f3,"Birmingham, George A.",15,200093,0.1331650890082041,0.03520315078158919,"Chase, Josephine",0.264357205358984,-0.09796193822661489,0.34730487222017553,0.3834241891193034
all_documents,f3,"Bjørnson, Bjørnstjerne",16,162661,0.3719889171996892,0.0710360867208879,"Phelps, Elizabeth Stuart",0.190962911625549,-0.3009528304788013,0.34730487222017553,1.071073131861695
all_documents,f3,"Black, William",20,317590,0.09552374732701345,0.03778506272194645,"Woolson, Constance Fenimore",0.3955567466652462,-0.057738684605067,0.34730487222017553,0.2750429232863043
all_documents,f3,"Blackmore, R. D. (Richard Doddridge)",23,473815,0.06763506595546044,0.03414028039225561,"Gaskell, Elizabeth Cleghorn",0.504771894725998,-0.03349478556320483,0.34730487222017553,0.19474263497398583
all_documents,f3,"Blackwood, Algernon",22,290955,0.06253095516674287,0.033313023239896974,"Coolidge, Susan",0.5327445127147926,-0.029217931926845894,0.34730487222017553,0.1800462941018031
all_documents,f3,"Blanchard, Amy Ella",12,118845,0.03348795320889396,0.02647741914312112,"Saunders, Marshall",0.7906550447546931,-0.007010534065772837,0.34730487222017553,0.09642235363650216
all_documents,f3,"Blasco Ibáñez, Vicente",14,200886,0.15217663575088944,0.047312930530039876,"Daudet, Alphonse",0.31090798069350367,-0.10486370522084956,0.34730487222017553,0.4381644138133955
all_documents,f3,"Bloundelle-Burton, John",14,230147,0.031217520646466945,0.01971522197644238,"Steel, Flora Annie Webster",0.6315434912244915,-0.011502298670024565,0.34730487222017553,0.08988506394081466
all_documents,f3,"Boldrewood, Rolf",15,282371,0.03999987510623515,0.019267439962501225,"Becke, Louis",0.48168750305667407,-0.020732435143733925,0.34730487222017553,0.11517222563142461
all_documents,f3,"Bone, Jesse F. (Jesse Franklin)",12,30232,0.264262598878274,0.027355847984504335,"Raine, William MacLeod",0.1035176680340797,-0.2369067508937697,0.34730487222017553,0.7608951673754335
all_documents,f3,"Boothby, Guy",16,207040,0.06616445559598359,0.010028267115880129,"Murray, David Christie",0.15156577690467507,-0.05613618848010346,0.34730487222017553,0.1905082850494488
all_documents,f3,"Borrow, George",39,607603,0.2727965462312911,0.022408641444786714,"Marryat, Frederick",0.08214415378187193,-0.2503879047865044,0.34730487222017553,0.7854670868491315
all_documents,f3,"Boswell, James",12,449450,0.25786514471067923,0.07716019580006413,"Chesterton, G. K. (Gilbert Keith)",0.2992269307534242,-0.18070494891061512,0.34730487222017553,0.7424748839895469
all_documents,f3,"Bourrienne, Louis Antoine Fauvelet de",16,67958,0.04380933657276,0.02421029605699415,"Warner, Charles Dudley",0.5526286849102334,-0.019599040515765852,0.34730487222017553,0.12614086376820788
all_documents,f3,"Bowen, Robert Sidney",15,145321,0.030682910965361382,0.04855836104595462,"Fyfe, H. B. (Horace Bowne)",1.5825865121067957,0.01787545008059324,0.34730487222017553,0.08834575446413492
all_documents,f3,"Bower, B. M.",29,296092,0.05214729787201005,0.019031254739925382,"Hough, Emerson",0.36495188660849803,-0.03311604313208467,0.34730487222017553,0.150148477729823
all_documents,f3,"Braddon, M. E. (Mary Elizabeth)",30,538823,0.05040056087431976,0.014536496949503055,"Trollope, Anthony",0.2884193488590666,-0.035864063924816704,0.34730487222017553,0.14511907233587004
all_documents,f3,"Brady, Cyrus Townsend",13,172126,0.24179106131056313,0.01176267689207346,"Verne, Jules",0.04864810480717131,-0.23002838441848966,0.34730487222017553,0.696192540475731
all_documents,f3,"Brame, Charlotte M.",11,153903,0.026127833264560765,0.014033376121194964,"Carey, Rosa Nouchette",0.5371044731914122,-0.012094457143365801,0.34730487222017553,0.07523025259489279
all_documents,f3,"Brand, Max",14,195218,0.07122878680987671,0.01357647017377047,"Rice, Alice Caldwell Hegan",0.19060369805270827,-0.05765231663610624,0.34730487222017553,0.20509008800982467
all_documents,f3,"Brandes, Georg",11,205509,0.07092801908833744,0.03283082560756282,"Ashton, John",0.4628752646633709,-0.03809719348077462,0.34730487222017553,0.2042240831086651
all_documents,f3,"Brazil, Angela",27,329223,0.04834300053555289,0.02279317560149428,"Hough, Emerson",0.47148864052680173,-0.02554982493405861,0.34730487222017553,0.13919470874830003
all_documents,f3,"Brereton, F. S. (Frederick Sadleir)",18,321255,0.08397360502792178,0.014028042053197779,"Frederic, Harold",0.1670529930033772,-0.069945562974724,0.34730487222017553,0.24178642957443547
all_documents,f3,"Bridges, Robert",11,76571,0.52259019917182,0.05255874409285752,"Shakespeare, William",0.10057353577650424,-0.4700314550789625,0.34730487222017553,1.504701606490915
all_documents,f3,"Brinton, Daniel G. (Daniel Garrison)",18,110333,0.19332125465012673,0.034671478376696145,"Walsh, James J. (James Joseph)",0.17934643782156634,-0.15864977627343058,0.34730487222017553,0.5566327169967539
all_documents,f3,"Browning, Robert",10,96085,0.20522320137049543,0.10600979367650437,"Nietzsche, Friedrich Wilhelm",0.5165585224699901,-0.09921340769399106,0.34730487222017553,0.590902166326055
all_documents,f3,"Buchan, John",11,141896,0.14120698199641565,0.03234449499785436,"Adams, Andy",0.22905733513003898,-0.1088624869985613,0.34730487222017553,0.40657932926117096
all_documents,f3,"Buchanan, Robert Williams",10,83453,0.09800740490107379,0.008721880693879185,"Fleming, May Agnes",0.08899205833153966,-0.0892855242071946,0.34730487222017553,0.28219415487768207
all_documents,f3,"Buck, Charles Neville",11,154394,0.06845151184530988,0.031394252908249244,"Garrett, Randall",0.4586349090316008,-0.03705725893706064,0.34730487222017553,0.1970934395700465
all_documents,f3,"Buffon, Georges Louis Leclerc, comte de",10,107973,0.03586176868411902,0.05236487997509721,"Hume, David",1.4601867642486468,0.016503111290978187,0.34730487222017553,0.10325731526560412
all_documents,f3,"Bunyan, John",14,581370,0.20460352292514083,0.14430373703330188,"Moore, Thomas",0.7052847134313465,-0.06029978589183896,0.34730487222017553,0.5891179171118321
all_documents,f3,"Burgess, Gelett",11,73049,0.5151255029908349,0.013423175775998011,"Glyn, Elinor",0.026058068758123273,-0.5017023272148369,0.34730487222017553,1.483208397561059
all_documents,f3,"Burgess, Thornton W. (Thornton Waldo)",37,125332,0.08096128377259931,0.029775601687752014,"Curwood, James Oliver",0.36777580962506085,-0.0511856820848473,0.34730487222017553,0.23311300891072306
all_documents,f3,"Burke, Edmund",15,273372,0.0837421685989419,0.03720186996750193,"Schopenhauer, Arthur",0.44424297328230383,-0.04654029863143997,0.34730487222017553,0.24112005127832806
all_documents,f3,"Burnett, Frances Hodgson",41,358626,0.24234674783323196,0.016688675480451234,"Butler, Ellis Parker",0.06886279939657101,-0.22565807235278074,0.34730487222017553,0.6977925368106991
all_documents,f3,"Burney, Fanny",14,369826,0.15771278922918303,0.029805720918825204,"Lytton, Edward Bulwer Lytton, Baron",0.1889873425262457,-0.1279070683103578,0.34730487222017553,0.45410474152288965
all_documents,f3,"Burroughs, Edgar Rice",19,166014,0.33510813109388143,0.011876537173158522,"White, Stewart Edward",0.035440910175442084,-0.3232315939207229,0.34730487222017553,0.9648817448245819
all_documents,f3,"Burroughs, John",23,180001,0.09716077137170982,0.014900613149946982,"Mitton, G. E. (Geraldine Edith)",0.1533603834096934,-0.08226015822176284,0.34730487222017553,0.279756430569492
all_documents,f3,"Burton, Richard Francis, Sir",20,466765,0.20037489750888576,0.08295483656041198,"Lang, Andrew",0.4139981484294124,-0.11742006094847378,0.34730487222017553,0.5769423740818044
all_documents,f3,"Butler, Ellis Parker",22,117977,0.23581166857629407,0.012606786851762145,"Speed, Nell",0.05346125120896369,-0.22320488172453193,0.34730487222017553,0.6789759874914746
all_documents,f3,"Butler, Samuel",18,205129,0.12980438388159485,0.016906392833647647,"Huxley, Thomas Henry",0.1302451606647534,-0.1128979910479472,0.34730487222017553,0.3737476616777917
all_documents,f3,"Byron, George Gordon Byron, Baron",12,413087,0.2728006351283099,0.042794625557902435,"Lamb, Charles",0.15687142934170326,-0.23000600957040745,0.34730487222017553,0.7854788600701422
all_documents,f3,"Cabell, James Branch",13,153424,0.20036172089532078,0.02966845747993152,"Bacon, Josephine Daskam",0.14807447923364483,-0.17069326341538926,0.34730487222017553,0.5769044344655797
all_documents,f3,"Cable, George Washington",14,239305,0.10687494565374932,0.023572056139935967,"Tarkington, Booth",0.22055736258621458,-0.08330288951381334,0.34730487222017553,0.30772659470782043
all_documents,f3,"Caine, Hall, Sir",17,361429,0.18045280470257208,0.020441235966091154,"Bacon, Josephine Daskam",0.11327746332224115,-0.16001156873648092,0.34730487222017553,0.5195804007845107
all_documents,f3,"Cannon, Richard",26,132228,0.04779515125746624,0.04811434290101308,"Maspero, G. (Gaston)",1.0066783268835662,0.0003191916435468442,0.34730487222017553,0.13761727830632414
all_documents,f3,"Carey, Rosa Nouchette",11,288341,0.05604304166758501,0.017341287554526102,"Brame, Charlotte M.",0.30942802243648043,-0.03870175411305891,0.34730487222017553,0.1613655498390367
all_documents,f3,"Carleton, William",21,426368,0.29010540319531186,0.016053542371974594,"Lever, Charles James",0.05533692994048317,-0.27405186082333727,0.34730487222017553,0.8353047319514659
all_documents,f3,"Carlyle, Thomas",35,559546,0.14444427250847106,0.07560139768316593,"Jameson, Mrs. (Anna)",0.5233949146632465,-0.06884287482530513,0.34730487222017553,0.41590050719731897
all_documents,f3,"Carroll, Lewis",19,129994,0.37260208758662383,0.14753346238198234,"Quiller-Couch, Arthur",0.3959544707265851,-0.2250686252046415,0.34730487222017553,1.0728386423280898
all_documents,f3,"Carter, Herbert, active 1909-1917",12,126057,0.06142192937224445,0.017674939075785764,"Douglas, Alan, Captain",0.2877626811210651,-0.04374699029645869,0.34730487222017553,0.17685305990555103
all_documents,f3,"Casanova, Giacomo",32,197400,0.07798848869974837,0.025648360307710852,"Henty, G. A. (George Alfred)",0.32887366758004133,-0.05234012839203751,0.34730487222017553,0.22455339656250833
all_documents,f3,"Castlemon, Harry",38,456572,0.08311846475779246,0.013261078341914728,"Stacpoole, H. De Vere (Henry De Vere)",0.15954431281373596,-0.06985738641587773,0.34730487222017553,0.23932421168309762
all_documents,f3,"Catherwood, Mary Hartwell",20,88407,0.09232874074713467,0.014332596233195364,"Rinehart, Mary Roberts",0.15523439524046756,-0.0779961445139393,0.34730487222017553,0.26584349409472846
all_documents,f3,"Cawein, Madison Julius",19,85789,0.09343237728153177,0.10173212051514599,"Goethe, Johann Wolfgang von",1.0888315536337614,0.008299743233614224,0.34730487222017553,0.26902121091552056
all_documents,f3,"Cervantes Saavedra, Miguel de",47,172891,0.1158821631375108,0.02871336780725263,"James, G. P. R. (George Payne Rainsford)",0.2477807371716051,-0.08716879533025818,0.34730487222017553,0.3336612077933844
all_documents,f3,"Chadwick, Lester",16,208345,0.03665661209190718,0.004708418739828199,"Appleton, Victor",0.1284466422598747,-0.031948193352078984,0.34730487222017553,0.10554591951899987
all_documents,f3,"Chambers, Robert W. (Robert William)",43,848955,0.0671426101846221,0.03529703997947938,"Rohmer, Sax",0.5257025290262484,-0.03184557020514272,0.34730487222017553,0.19332469986789225
all_documents,f3,"Chapman, Allen",25,260481,0.08719134268411644,0.005708252612430295,"Webster, Frank V.",0.06546811227704792,-0.08148309007168614,0.34730487222017553,0.25105130868662584
all_documents,f3,"Chase, Josephine",32,335447,0.06813664359154409,0.021584888733002475,"Hayes, Clair W. (Clair Wallace)",0.3167882595215067,-0.046551754858541614,0.34730487222017553,0.19618683480014223
all_documents,f3,"Chekhov, Anton Pavlovich",23,268031,0.3055234916366926,0.05101462878453573,"Walpole, Hugh",0.16697448864324577,-0.2545088628521569,0.34730487222017553,0.8796982595827351
all_documents,f3,"Chesterfield, Philip Dormer Stanhope, Earl of",12,52888,0.16578469603685927,0.05578412889990748,"Lee, Vernon",0.33648539481294987,-0.1100005671369518,0.34730487222017553,0.47734630089427393
all_documents,f3,"Chesterton, G. K. (Gilbert Keith)",37,223598,0.3053053690347927,0.034805965862991665,"Seton, Ernest Thompson",0.11400377914423498,-0.27049940317180104,0.34730487222017553,0.8790702159837337
all_documents,f3,"Cholmondeley, Mary",11,133454,0.035774049541564754,0.01980869844426585,"Churchill, Winston",0.5537169735634971,-0.015965351097298904,0.34730487222017553,0.10300474425502913
all_documents,f3,"Church, Alfred John",12,139674,0.12461616528337922,0.01710934263998985,"Hale, Edward Everett",0.13729633391529036,-0.10750682264338937,0.34730487222017553,0.35880914795914015
all_documents,f3,"Churchill, Winston",62,460412,0.18917638379323234,0.02207638250933704,"London, Jack",0.11669734914409971,-0.1671000012838953,0.34730487222017553,0.544698329694906
all_documents,f3,"Cicero, Marcus Tullius",14,271880,0.23485341180338112,0.049773309933944875,"Swift, Jonathan",0.2119335186648896,-0.18508010186943624,0.34730487222017553,0.6762168647449746
all_documents,f3,"Cobb, Irvin S. (Irvin Shrewsbury)",24,177113,0.18309195195124164,0.022549677105112242,"Aldrich, Thomas Bailey",0.12316039489882843,-0.1605422748461294,0.34730487222017553,0.5271793360709597
all_documents,f3,"Cody, H. A. (Hiram Alfred)",12,194353,0.048052778892471386,0.021947193535548686,"Samachson, Joseph",0.45673099540528833,-0.0261055853569227,0.34730487222017553,0.13835906932514355
all_documents,f3,"Coleridge, Samuel Taylor",18,310884,0.2168015057259017,0.024615422753910366,"Lamb, Charles",0.11353898429576041,-0.19218608297199133,0.34730487222017553,0.6242397474587094
all_documents,f3,"Collingwood, Harry",33,465840,0.039395579734576185,0.027772541397515484,"Cooper, James Fenimore",0.7049659272596122,-0.011623038337060701,0.34730487222017553,0.11343226912636335
all_documents,f3,"Collins, Wilkie",35,760057,0.14880875346650171,0.027539173144483762,"Williamson, A. M. (Alice Muriel)",0.18506420155372846,-0.12126958032201796,0.34730487222017553,0.4284672210764833
all_documents,f3,"Comstock, Harriet T. (Harriet Theresa)",10,150795,0.05058286664283474,0.025571109263485003,"Porter, Eleanor H. (Eleanor Hodgman)",0.5055290646938304,-0.025011757379349738,0.34730487222017553,0.14564398800247033
all_documents,f3,"Connor, Ralph",14,264332,0.08410526030942748,0.017289076720242522,"Goldfrap, John Henry",0.20556474894239837,-0.06681618358918497,0.34730487222017553,0.24216550655272284
all_documents,f3,"Conrad, Joseph",31,340352,0.29468765269417724,0.03198398122191333,"Atherton, Gertrude Franklin Horn",0.10853519287116471,-0.2627036714722639,0.34730487222017553,0.8484984699764264
all_documents,f3,"Conwell, Russell H.",11,23729,0.17270104143366657,0.02419367716581523,"Paine, Albert Bigelow",0.14008993208710832,-0.14850736426785136,0.34730487222017553,0.49726063538832804
all_documents,f3,"Coolidge, Susan",14,127438,0.1524157765222905,0.011126367748468115,"Craik, Dinah Maria Mulock",0.07300010538502821,-0.14128940877382237,0.34730487222017553,0.4388529753353584
all_documents,f3,"Cooper, James Fenimore",38,960046,0.13203569730553233,0.02111697132197941,"Marryat, Frederick",0.1599338039099719,-0.11091872598355292,0.34730487222017553,0.3801723150656743
all_documents,f3,"Corelli, Marie",14,386930,0.15276062633954976,0.07609997366161493,"Southworth, Emma Dorothy Eliza Nevitte",0.49816484447021825,-0.07666065267793483,0.34730487222017553,0.4398459064596896
all_documents,f3,"Cory, David",15,56490,0.07748805820025825,0.028396552675123116,"Connor, Ralph",0.36646359883913665,-0.04909150552513514,0.34730487222017553,0.22311249970352948
all_documents,f3,"Couperus, Louis",13,211087,0.11544128262303016,0.07022285495971617,"Turgenev, Ivan Sergeevich",0.6082993307431162,-0.04521842766331399,0.34730487222017553,0.3323917740775189
all_documents,f3,"Craik, Dinah Maria Mulock",15,225261,0.06265111069706686,0.008792753505873689,"Moodie, Susanna",0.14034473464307376,-0.05385835719119317,0.34730487222017553,0.18039225967826014
all_documents,f3,"Crane, Stephen",13,123569,0.09917599673201265,0.0146406706750712,"McCutcheon, George Barr",0.14762312613436426,-0.08453532605694145,0.34730487222017553,0.28555889843416754
all_documents,f3,"Crane, Walter",17,45540,0.37000121592660856,0.058224802156582336,"Belloc, Hilaire",0.15736381301009425,-0.31177641377002624,0.34730487222017553,1.065349914504063
all_documents,f3,"Crawford, F. Marion (Francis Marion)",47,806099,0.10902772166614287,0.011446479552775491,"Mitford, Bertram",0.10498687285996956,-0.09758124211336738,0.34730487222017553,0.31392511417756397
all_documents,f3,"Crockett, S. R. (Samuel Rutherford)",19,336060,0.06798461979728906,0.042480472438844334,"Caine, Hall, Sir",0.6248541591540719,-0.02550414735844473,0.34730487222017553,0.19574911046508411
all_documents,f3,"Cullum, Ridgwell",17,341771,0.051742530853811766,0.024593188290560168,"Montgomery, L. M. (Lucy Maud)",0.4752992921827371,-0.027149342563251598,0.34730487222017553,0.14898302613217976
all_documents,f3,"Curwood, James Oliver",27,252028,0.11634088579877927,0.024116669315953233,"Thorne, Guy",0.2072931553715769,-0.09222421648282604,0.34730487222017553,0.33498201466354444
all_documents,f3,Dante Alighieri,32,163358,0.1315675583892325,0.04298935694331096,"Morris, William",0.32674739479568554,-0.08857820144592154,0.34730487222017553,0.3788243958346333
all_documents,f3,"Darwin, Charles",30,864101,0.2346517825035696,0.04814646402397632,"Romanes, George John",0.20518260509375802,-0.18650531847959329,0.34730487222017553,0.6756363105519897
all_documents,f3,"Daudet, Alphonse",17,146948,0.19474213106368884,0.0315922484025858,"Tolstoy, Leo, graf",0.16222605878875698,-0.16314988266110303,0.34730487222017553,0.5607238672431614
all_documents,f3,"Daviess, Maria Thompson",11,82311,0.06662697523033045,0.01769357500797751,"Richmond, Grace S. (Grace Smith)",0.2655617330189545,-0.048933400222352944,0.34730487222017553,0.19184002459974697
all_documents,f3,"Davis, Richard Harding",49,279602,0.21021009278047736,0.015809102564738046,"Murray, David Christie",0.0752062013561238,-0.1944009902157393,0.34730487222017553,0.6052609957260079
all_documents,f3,"Dawson, Coningsby",15,169664,0.20083546862724555,0.04459577661682762,"Singmaster, Elsie",0.2220512986159742,-0.15623969201041793,0.34730487222017553,0.5782685032415121
all_documents,f3,"Day, Holman",11,196089,0.06690569498374621,0.016005320841030016,"Emerson, Alice B.",0.2392220997766824,-0.0509003741427162,0.34730487222017553,0.19264254646370477
all_documents,f3,"De Mille, James",17,340133,0.06361919639001966,0.016916646445889177,"Arthur, T. S. (Timothy Shay)",0.26590474897200994,-0.04670254994413048,0.34730487222017553,0.18317968297803774
all_documents,f3,"De Quincey, Thomas",20,272048,0.05584547482268757,0.025145435996956757,"Lee, Vernon",0.45026810277457374,-0.030700038825730813,0.34730487222017553,0.16079669273192365
all_documents,f3,"De la Mare, Walter",10,36957,0.145827963333838,0.030719807541588616,"Le Gallienne, Richard",0.21065786588038,-0.11510815579224937,0.34730487222017553,0.4198845884355739
all_documents,f3,"Defoe, Daniel",44,372885,0.23046807386978688,0.04460038398069692,"Lee, Vernon",0.19352087788912523,-0.18586768988908997,0.34730487222017553,0.6635900970709118
all_documents,f3,"Del Rey, Lester",12,33824,0.08931061373497738,0.05639920390409777,"Douglas, Amanda M.",0.6314949763021249,-0.03291140983087961,0.34730487222017553,0.25715335683041757
all_documents,f3,"Deland, Margaret Wade Campbell",11,183108,0.061096721040831074,0.036171047233676194,"May, Sophie",0.5920292712517747,-0.02492567380715488,0.34730487222017553,0.17591668279879047
all_documents,f3,"Dell, Ethel M. (Ethel May)",16,417128,0.020498888184155593,0.021122733137307677,"Snell, Roy J. (Roy Judson)",1.0304331116667234,0.0006238449531520834,0.34730487222017553,0.059022748667805124
all_documents,f3,"Dewey, John",15,109936,0.12262799591343632,0.02601978372725766,"Russell, Bertrand",0.21218469349874355,-0.09660821218617865,0.34730487222017553,0.35308458280336397
all_documents,f3,"Dick, Philip K.",12,27781,0.08137636843236053,0.021324253809642608,"Raine, William MacLeod",0.2620447953187685,-0.06005211462271792,0.34730487222017553,0.23430816824467582
all_documents,f3,"Dickens, Charles",79,1515764,0.21815098042934586,0.019468484878686392,"Ewing, Juliana Horatia Gatty",0.08924316929665045,-0.19868249555065948,0.34730487222017553,0.628125309716496
all_documents,f3,"Disraeli, Benjamin, Earl of Beaconsfield",17,334296,0.279296943738182,0.024296018256535396,Ouida,0.08698991808270887,-0.2550009254816466,0.34730487222017553,0.804183776498017
all_documents,f3,"Dixon, Thomas",13,200454,0.21250110140529754,0.0608987543361233,"Crane, Stephen",0.28658088797371817,-0.15160234706917425,0.34730487222017553,0.6118575303791923
all_documents,f3,"Doctorow, Cory",13,116896,0.1279682314054768,0.03611068777684321,"Leiber, Fritz",0.28218478430340904,-0.0918575436286336,0.34730487222017553,0.36846080098856415
all_documents,f3,"Dostoyevsky, Fyodor",11,280594,0.15504261494821517,0.03239698791033809,"Fleming, May Agnes",0.20895537605037692,-0.12264562703787707,0.34730487222017553,0.4464164696483877
all_documents,f3,"Douglas, Alan, Captain",10,76384,0.04607975786221627,0.019699881276735595,"Carter, Herbert, active 1909-1917",0.4275170311363286,-0.026379876585480674,0.34730487222017553,0.13267812100546575
all_documents,f3,"Douglas, Amanda M.",19,312497,0.05939441782088395,0.01404127370899399,"Montgomery, L. M. (Lucy Maud)",0.23640729590680276,-0.04535314411188996,0.34730487222017553,0.17101521623120386
all_documents,f3,"Dowling, Richard",16,142583,0.05814134667607818,0.020492196797268585,"Atherton, Gertrude Franklin Horn",0.3524548014244731,-0.0376491498788096,0.34730487222017553,0.1674072301502848
all_documents,f3,"Doyle, Arthur Conan",61,592078,0.16827697541900727,0.014230758220444912,"Le Queux, William",0.0845674708914308,-0.15404621719856235,0.34730487222017553,0.48452235738382415
all_documents,f3,"Drake, Samuel Adams",10,91695,0.23478711105971625,0.02736549881361023,"Hubbard, Elbert",0.11655451907089581,-0.20742161224610603,0.34730487222017553,0.6760259640436944
all_documents,f3,"Dryden, John",20,442550,0.20575168368933983,0.05130926811079792,"Emerson, Ralph Waldo",0.24937471806193678,-0.1544424155785419,0.34730487222017553,0.5924238331989267
all_documents,f3,Duchess,16,285087,0.24373412847082512,0.022329696463050837,"Holt, Emily Sarah",0.09161497654491867,-0.2214044320077743,0.34730487222017553,0.7017872421792826
all_documents,f3,"Duellman, William Edward",12,61749,0.19522059565803973,0.10379398508628151,"Hall, E. Raymond (Eugene Raymond)",0.5316753836162521,-0.09142661057175822,0.34730487222017553,0.5621015173500898
all_documents,f3,"Dumas, Alexandre",58,1411844,0.24306818339104477,0.020441693676537306,"Aimard, Gustave",0.08409859896657469,-0.22262648971450746,0.34730487222017553,0.6998697767676307
all_documents,f3,"Duncan, Norman",10,124485,0.13608406392779937,0.05260817238742744,"Tarkington, Booth",0.38658584164079035,-0.08347589154037194,0.34730487222017553,0.39182883631280657
all_documents,f3,"Duncan, Sara Jeannette",10,135569,0.04542936125072583,0.016009325895719326,"Stacpoole, H. De Vere (Henry De Vere)",0.3524004180328101,-0.029420035355006504,0.34730487222017553,0.13080542452605062
all_documents,f3,"Dunsany, Lord",16,67405,0.5753410133626976,0.09165702842888089,"Luther, Martin",0.1593090468089051,-0.4836839849338167,0.34730487222017553,1.6565877975876984
all_documents,f3,"Ebers, Georg",144,778693,0.13624859903597697,0.02234702519440534,"Heyse, Paul",0.16401655028030432,-0.11390157384157162,0.34730487222017553,0.392302584657095
all_documents,f3,"Eddy, Mary Baker",10,76791,0.24380987371570823,0.11948060118537954,"Dunsany, Lord",0.49005644998897196,-0.12432927253032869,0.34730487222017553,0.702005336571103
all_documents,f3,"Edgeworth, Maria",18,466337,0.129606872453866,0.01983566533351566,"Lytton, Edward Bulwer Lytton, Baron",0.15304485756012845,-0.10977120712035035,0.34730487222017553,0.37317896413414303
all_documents,f3,"Eggleston, Edward",12,128453,0.2796435597988036,0.02959516663894277,"Cobb, Irvin S. (Irvin Shrewsbury)",0.1058317476012526,-0.2500483931598608,0.34730487222017553,0.8051817931927033
all_documents,f3,"Eggleston, George Cary",17,179362,0.22078315827208417,0.014973200727658474,"McElroy, John",0.06781858201886085,-0.2058099575444257,0.34730487222017553,0.635704177890478
all_documents,f3,"Eliot, George",15,330794,0.18151502975312261,0.02474257668835602,"Hewlett, Maurice",0.13631144882056453,-0.1567724530647666,0.34730487222017553,0.5226388809139721
all_documents,f3,"Ellis, Edward Sylvester",52,426287,0.17268657713310936,0.027671168607606652,"Munroe, Kirk",0.16023925580664736,-0.1450154085255027,0.34730487222017553,0.49721898811610654
all_documents,f3,"Ellis, Havelock",12,218867,0.07571547988916162,0.044376284773428386,"Müller, F. Max (Friedrich Max)",0.5860926304421492,-0.031339195115733236,0.34730487222017553,0.21800868903780146
all_documents,f3,"Emerson, Alice B.",23,211642,0.04165243176878686,0.009252972240030974,"Hill, Grace Brooks",0.22214722759512176,-0.032399459528755885,0.34730487222017553,0.11993045620846086
all_documents,f3,"Emerson, Ralph Waldo",12,120299,0.1472804826427524,0.03330002160675452,"Meynell, Alice",0.22609935144989965,-0.11398046103599788,0.34730487222017553,0.42406684853353643
all_documents,f3,Erckmann-Chatrian,10,101101,0.12876250566707786,0.040238744804770354,"Fanny, Aunt",0.31250358632201297,-0.08852376086230751,0.34730487222017553,0.3707477664910162
all_documents,f3,Euripides,10,69943,0.1438116843611679,0.08501870857407187,"Shakespeare, William",0.5911808136573683,-0.058792975787096025,0.34730487222017553,0.4140790868893939
all_documents,f3,"Everett-Green, Evelyn",19,220311,0.05821763202503731,0.018828635691057506,"Reid, Mayne",0.32341809579201,-0.039388996333979805,0.34730487222017553,0.16762687967167353
all_documents,f3,"Ewing, Juliana Horatia Gatty",20,177468,0.06979097476185428,0.012939892929410824,"Reed, Talbot Baines",0.18540925919956336,-0.05685108183244346,0.34730487222017553,0.20095017474333032
all_documents,f3,"Fanny, Aunt",13,53330,0.13500984218280251,0.025951046819510513,"Lytton, Edward Bulwer Lytton, Baron",0.19221596292493218,-0.109058795363292,0.34730487222017553,0.3887358139255023
all_documents,f3,"Farjeon, B. L. (Benjamin Leopold)",29,565516,0.06189936477516356,0.011943370805540619,"Meade, L. T.",0.19294819662402685,-0.04995599396962294,0.34730487222017553,0.17822774664653182
all_documents,f3,"Farnol, Jeffery",14,363055,0.10959232982461017,0.09282159508460751,"Tarkington, Booth",0.8469716378249985,-0.016770734740002666,0.34730487222017553,0.315550798709019
all_documents,f3,"Fenn, George Manville",128,2889343,0.08227671457532067,0.016124093450351998,"Finley, Martha",0.1959739585322298,-0.06615262112496867,0.34730487222017553,0.23690054806706243
all_documents,f3,"Ferber, Edna",10,121651,0.03622709931756185,0.026217056216415617,"Lawrence, D. H. (David Herbert)",0.7236863207457062,-0.010010043101146233,0.34730487222017553,0.10430921710362737
all_documents,f3,"Field, Eugene",14,64323,0.22704675711430047,0.03494683127466235,"Lytton, Edward Bulwer Lytton, Baron",0.1539190945461041,-0.1920999258396381,0.34730487222017553,0.6537390496795655
all_documents,f3,"Fielding, Henry",14,207808,0.3081825150387313,0.020535710293737682,"Kingsley, Charles",0.06663489747676576,-0.2876468047449936,0.34730487222017553,0.8873544245683878
all_documents,f3,"Finley, Martha",35,501020,0.03970494469851239,0.017851171865320672,"Fenn, George Manville",0.4495956864029959,-0.02185377283319172,0.34730487222017553,0.11432302819334264
all_documents,f3,"Fiske, John",18,195938,0.11257601157205346,0.027221380997367327,"Froude, James Anthony",0.2418044538728793,-0.08535463057468613,0.34730487222017553,0.32414175721867033
all_documents,f3,"Fitzhugh, Percy Keese",22,168584,0.05950826538345482,0.03339863065732894,"Nesbit, E. (Edith)",0.5612435590605337,-0.02610963472612588,0.34730487222017553,0.1713430191838175
all_documents,f3,"Flaubert, Gustave",14,170072,0.19116902198953833,0.0467391189151851,"Hugo, Victor",0.24449107093168515,-0.14442990307435324,0.34730487222017553,0.5504357620078126
all_documents,f3,"Fleming, May Agnes",11,276319,0.05242620031425138,0.008920179992479071,"Buchanan, Robert Williams",0.1701473679002107,-0.04350602032177231,0.34730487222017553,0.1509515256123892
all_documents,f3,"Fletcher, J. S. (Joseph Smith)",17,250732,0.09039217581780322,0.02128506727243493,"Barbour, Ralph Henry",0.2354746644813336,-0.06910710854536829,0.34730487222017553,0.2602675143598293
all_documents,f3,"Fletcher, John",15,233845,0.24419493971076578,0.03593186633435247,"Beaumont, Francis",0.1471441888882366,-0.2082630733764133,0.34730487222017553,0.7031140627245714
all_documents,f3,"Follen, Eliza Lee Cabot",10,22515,0.12742604723699932,0.03155975655244443,"Stowe, Harriet Beecher",0.2476711570103602,-0.09586629068455489,0.34730487222017553,0.36689968217957214
all_documents,f3,"Foote, G. W. (George William)",10,67325,0.1274475242074129,0.027363097168583726,"Maclaren, Alexander",0.21470089229863729,-0.10008442703882917,0.34730487222017553,0.3669615211347135
all_documents,f3,"Ford, Sewell",12,213599,0.10288992360450336,0.0303321750706067,"Ralphson, G. Harvey (George Harvey)",0.2948021925567753,-0.07255774853389665,0.34730487222017553,0.296252462416582
all_documents,f3,"Fox, John",13,95254,0.09526259309457047,0.019104324354741898,"Stockton, Frank Richard",0.20054382034064908,-0.07615826873982857,0.34730487222017553,0.2742909780838845
all_documents,f3,"France, Anatole",31,265701,0.19427181800006504,0.020521465379713263,"Paine, Albert Bigelow",0.10563274483644557,-0.17375035262035177,0.34730487222017553,0.5593696879579205
all_documents,f3,"Franklin, Benjamin",10,141176,0.19764824948808257,0.02237310737385553,"Ruskin, John",0.11319658753266389,-0.17527514211422704,0.34730487222017553,0.5690914965419275
all_documents,f3,"Frazer, James George",17,741314,0.16802198570122914,0.10234492521140538,"Morley, John",0.6091162700183271,-0.06567706048982376,0.34730487222017553,0.48378816175867184
all_documents,f3,"Frederic, Harold",14,186449,0.08902766014001645,0.011449380283814198,"MacGregor, Mary Esther Miller",0.12860475346434375,-0.07757827985620225,0.34730487222017553,0.25633864440455345
all_documents,f3,"Freeman, Mary Eleanor Wilkins",23,297947,0.20960651504167896,0.012598058285718482,"Reed, Helen Leah",0.060103371706807095,-0.1970084567559605,0.34730487222017553,0.6035231055117417
all_documents,f3,"Frey, Hildegard G.",10,96737,0.048797224919245805,0.018518552700362602,"Burnett, Frances Hodgson",0.37950011975084297,-0.030278672218883203,0.34730487222017553,0.14050256366202252
all_documents,f3,"Froude, James Anthony",12,250641,0.15025671423796427,0.025200948071632652,"Fiske, John",0.16771928096152466,-0.12505576616633163,0.34730487222017553,0.4326363557108647
all_documents,f3,"Fyfe, H. B. (Horace Bowne)",16,24487,0.060892016406122317,0.01730754320619146,"Schmitz, James H.",0.2842333729065227,-0.043584473199930855,0.34730487222017553,0.1753272737490407
all_documents,f3,"Gaboriau, Emile",14,355607,0.0719474918211162,0.01471284567359698,"Schubin, Ossip",0.2044942123928056,-0.057234646147519226,0.34730487222017553,0.2071594658640572
all_documents,f3,"Gale, Zona",10,139794,0.09127381515201623,0.027268587874715478,"Wallace, Edgar",0.2987558680361913,-0.06400522727730075,0.34730487222017553,0.26280603139409103
all_documents,f3,"Galsworthy, John",47,487954,0.4369695996308449,0.0626061146618994,"Chekhov, Anton Pavlovich",0.14327338724430602,-0.3743634849689455,0.34730487222017553,1.2581729615178736
all_documents,f3,"Garis, Howard Roger",34,364008,0.07173749178609178,0.00811757114216657,"Appleton, Victor",0.11315660667885769,-0.0636199206439252,0.34730487222017553,0.20655480969070156
all_documents,f3,"Garland, Hamlin",23,321563,0.10105768055980811,0.0218069329054959,"Mitchell, S. Weir (Silas Weir)",0.2157869919900852,-0.07925074765431221,0.34730487222017553,0.290976858210449
all_documents,f3,"Garrett, Randall",43,147969,0.10167059528764365,0.02804516503209819,"Nourse, Alan Edward",0.27584342309350685,-0.07362543025554547,0.34730487222017553,0.2927416325538592
all_documents,f3,"Gaskell, Elizabeth Cleghorn",23,305130,0.11702491503197886,0.015712078110808707,"Balzac, Honoré de",0.13426267480318307,-0.10131283692117016,0.34730487222017553,0.3369515500427255
all_documents,f3,"Gautier, Théophile",11,90506,0.16691742054096614,0.018711742101853317,"Loti, Pierre",0.11210179285786974,-0.14820567843911284,0.34730487222017553,0.4806077711318374
all_documents,f3,"Gibbon, Edward",11,868405,0.2434411838324359,0.0991087877878808,"Grote, George",0.40711594573948023,-0.1443323960445551,0.34730487222017553,0.7009437623958965
all_documents,f3,"Gibbs, George",15,232975,0.36445096735427696,0.015409114970924061,"Wodehouse, P. G. (Pelham Grenville)",0.04228035140854793,-0.3490418523833529,0.34730487222017553,1.04936900258408
all_documents,f3,"Gissing, George",24,529003,0.10313400419906103,0.028745872399739556,"Wood, Henry, Mrs.",0.27872351726261463,-0.07438813179932148,0.34730487222017553,0.29695524724363426
all_documents,f3,"Glasgow, Ellen Anderson Gholson",12,271440,0.05129950817702176,0.017654684628013024,"Castlemon, Harry",0.34414919860617627,-0.03364482354900873,0.34730487222017553,0.14770742445703497
all_documents,f3,"Glyn, Elinor",17,170785,0.17452440233114624,0.012914644836872827,"Burgess, Gelett",0.07399907786172108,-0.16160975749427342,0.34730487222017553,0.5025106650980286
all_documents,f3,"Goethe, Johann Wolfgang von",15,208138,0.37094825188040914,0.04204782301833751,"Jameson, Mrs. (Anna)",0.11335226087517297,-0.3289004288620716,0.34730487222017553,1.068076728981921
all_documents,f3,"Goldfrap, John Henry",37,352752,0.05619477869863478,0.013788182445138623,"Harben, Will N. (Will Nathaniel)",0.24536412037642918,-0.04240659625349616,0.34730487222017553,0.16180244849260234
all_documents,f3,"Goodwin, Harold L. (Harold Leland)",13,122693,0.021262859449302184,0.02514627789029828,"Harmon, Jim",1.1826385792680176,0.003883418440996097,0.34730487222017553,0.06122246230920278
all_documents,f3,"Gorky, Maksim",10,143049,0.3930411134716657,0.05115712073261788,"Leblanc, Maurice",0.13015717434941013,-0.3418839927390478,0.34730487222017553,1.1316890286022117
all_documents,f3,"Graham, Harry",10,39533,0.31892636882445674,0.10155603052757693,"Field, Eugene",0.318430962299876,-0.2173703382968798,0.34730487222017553,0.9182893599669166
all_documents,f3,"Grant, James, archaeologist",12,216902,0.11993014595861065,0.022769614772709338,"Lytton, Edward Bulwer Lytton, Baron",0.1898573089418853,-0.09716053118590132,0.34730487222017553,0.3453166239562006
all_documents,f3,"Green, Anna Katharine",35,385190,0.06625199839901871,0.018565518337094095,"Mitchell, S. Weir (Silas Weir)",0.28022578617596955,-0.04768648006192462,0.34730487222017553,0.1907603483230663
all_documents,f3,"Gregory, Jackson",10,150836,0.05569402507110767,0.028197169060054417,"Moore, Frank Frankfort",0.5062871470333401,-0.027496856011053252,0.34730487222017553,0.16036062124633882
all_documents,f3,"Grey, Zane",26,469930,0.08210779173806128,0.020129380646474845,"Douglas, Amanda M.",0.2451579834309905,-0.06197841109158643,0.34730487222017553,0.236414166070232
all_documents,f3,"Griffiths, Arthur",18,223243,0.14399258914525548,0.016179849660906423,"Ritchie, J. Ewing (James Ewing)",0.11236584991596107,-0.12781273948434907,0.34730487222017553,0.41459996868103455
all_documents,f3,"Grinnell, George Bird",13,176703,0.1456562342070568,0.02435309546184274,"Church, Alfred John",0.16719569604706197,-0.12130313874521408,0.34730487222017553,0.41939012624826455
all_documents,f3,"Grote, George",13,505742,0.2601079458356208,0.21972884943146684,"Maspero, G. (Gaston)",0.8447602349308,-0.040379096404153964,0.34730487222017553,0.748932614083007
all_documents,f3,"Guiney, Louise Imogen",13,52399,0.19920290539578728,0.04097012128540408,"Jameson, Mrs. (Anna)",0.20567029985833987,-0.1582327841103832,0.34730487222017553,0.5735678400431471
all_documents,f3,"Habberton, John",11,127760,0.08483002986701907,0.02745963434010628,"Walton, Amy",0.3237018115300967,-0.05737039552691279,0.34730487222017553,0.2442523461439973
all_documents,f3,"Haeckel, Ernst",13,415704,0.3365223151541329,0.11676563927569766,"Wallace, Alfred Russel",0.34697740392703835,-0.21975667587843523,0.34730487222017553,0.9689536256801863
all_documents,f3,"Haggard, H. Rider (Henry Rider)",51,845292,0.09055761947219848,0.014319867859535674,"Munroe, Kirk",0.15812990605315022,-0.0762377516126628,0.34730487222017553,0.26074387869453514
all_documents,f3,"Hakluyt, Richard",15,278821,0.194752599857255,0.04950704828575866,"Holinshed, Raphael",0.2542048132966909,-0.14524555157149632,0.34730487222017553,0.5607540101936453
all_documents,f3,"Hale, Edward Everett",10,115984,0.06630788218622465,0.017935847362044354,"Church, Alfred John",0.2704934431727409,-0.04837203482418029,0.34730487222017553,0.19092125532920384
all_documents,f3,"Hall, E. Raymond (Eugene Raymond)",15,91650,0.25159092272078226,0.09260753657225834,"Duellman, William Edward",0.3680877496325055,-0.15898338614852392,0.34730487222017553,0.7244094248159152
all_documents,f3,"Hancock, H. Irving (Harrie Irving)",40,463080,0.023981255530886432,0.006122529354192847,"Chapman, Allen",0.25530478778758653,-0.017858726176693585,0.34730487222017553,0.06904957991975248
all_documents,f3,"Harben, Will N. (Will Nathaniel)",13,256159,0.06346877664894136,0.014725088116330057,"Goldfrap, John Henry",0.23200522987511635,-0.04874368853261131,0.34730487222017553,0.18274657721676027
all_documents,f3,"Hardy, Thomas",26,425860,0.1307980183192076,0.01466351486115955,"Jókai, Mór",0.11210808122011298,-0.11613450345804804,0.34730487222017553,0.3766086478518723
all_documents,f3,"Harland, Henry",12,150066,0.09509666179503284,0.024974543717008163,"Moore, Frank Frankfort",0.26262271719734176,-0.07012211807802468,0.34730487222017553,0.2738132096653855
all_documents,f3,"Harland, Marion",13,218620,0.26620535906395687,0.0381030500459541,"Baring-Gould, S. (Sabine)",0.14313404576051264,-0.22810230901800277,0.34730487222017553,0.7664889852025881
all_documents,f3,"Harmon, Jim",13,16453,0.07653469485129123,0.02023547095717826,"Raine, William MacLeod",0.264396049353777,-0.056299223894112974,0.34730487222017553,0.22036746666419268
all_documents,f3,"Harper, Charles G. (Charles George)",16,191152,0.04034032418077736,0.03128403777419263,"Beers, Henry A. (Henry Augustin)",0.7755028847561874,-0.009056286406584735,0.34730487222017553,0.1161524856328633
all_documents,f3,"Harris, Frank",10,79843,0.081480633927194,0.05132513035251925,"Wharton, Edith",0.6299058792102695,-0.030155503574674745,0.34730487222017553,0.23460838140945794
all_documents,f3,"Harris, Joel Chandler",14,193505,0.2579655279892772,0.03224445089795328,"Lewis, Alfred Henry",0.12499519276580855,-0.2257210770913239,0.34730487222017553,0.7427639190323214
all_documents,f3,"Harrison, Harry",10,40158,0.12217668315782056,0.029501636694374236,"Harmon, Jim",0.24146699625382514,-0.09267504646344632,0.34730487222017553,0.3517851113829641
all_documents,f3,"Harte, Bret",57,496092,0.1279197817897208,0.018861427183479287,"Reed, Talbot Baines",0.14744730580047727,-0.10905835460624151,0.34730487222017553,0.36832129930105173
all_documents,f3,"Hawthorne, Julian",12,150767,0.15995032839712486,0.02398180732162819,"Martineau, Harriet",0.14993284203884927,-0.13596852107549667,0.34730487222017553,0.46054732078657284
all_documents,f3,"Hawthorne, Nathaniel",92,431191,0.2146744712359536,0.03399255521819389,"Gautier, Théophile",0.15834465561967961,-0.1806819160177597,0.34730487222017553,0.6181153459311671
all_documents,f3,"Hay, Ian",13,145977,0.10164053368880271,0.01694186192181857,"Zangwill, Israel",0.16668411023588495,-0.08469867176698415,0.34730487222017553,0.29265507575248534
all_documents,f3,"Hayes, Clair W. (Clair Wallace)",18,210327,0.02805011504148769,0.022474916269256774,"Chase, Josephine",0.8012415006503579,-0.005575198772230915,0.34730487222017553,0.08076510664009685
all_documents,f3,"Hearn, Lafcadio",22,202739,0.2071873565829677,0.06527605565357064,"Meynell, Alice",0.31505810359345454,-0.14191130092939705,0.34730487222017553,0.5965575871668748
all_documents,f3,"Hegel, Georg Wilhelm Friedrich",10,216520,0.1924595364702085,0.047859843274028736,"Romanes, George John",0.24867483395106862,-0.14459969319617977,0.34730487222017553,0.5541515592335194
all_documents,f3,"Hendryx, James B. (James Beardsley)",10,141557,0.07703444603173702,0.03413904212174613,"Mulford, Clarence Edward",0.4431659326489005,-0.042895403909990894,0.34730487222017553,0.22180640754990813
all_documents,f3,"Henry, O.",13,161797,0.028497338222805063,0.019588169622682092,"Locke, William John",0.6873683945333046,-0.00890916860012297,0.34730487222017553,0.08205280288938488
all_documents,f3,"Henty, G. A. (George Alfred)",104,1793564,0.07227653572757216,0.02191080833210794,"Casanova, Giacomo",0.3031524423734849,-0.050365727395464216,0.34730487222017553,0.20810688679815614
all_documents,f3,"Herford, Oliver",13,12606,0.2959193385547382,0.09254064145018834,"Tolstoy, Leo, graf",0.31272252061036043,-0.20337869710454984,0.34730487222017553,0.8520448810955313
all_documents,f3,"Hergesheimer, Joseph",13,130243,0.1874460273213976,0.04002299012710794,"Benson, Robert Hugh",0.21351740924593698,-0.14742303719428965,0.34730487222017553,0.5397160889887123
all_documents,f3,"Herrick, Robert",11,165046,0.2974657770536446,0.039476758056706085,"Beerbohm, Max, Sir",0.13271025140343085,-0.2579890189969385,0.34730487222017553,0.8564975640913692
all_documents,f3,"Hewlett, Maurice",15,177421,0.1888192674896072,0.023155952206852758,"Allen, Grant",0.12263553669451283,-0.16566331528275444,0.34730487222017553,0.5436700794969106
all_documents,f3,"Heyse, Paul",10,154512,0.06828976717760737,0.01654950107001185,"Craik, Dinah Maria Mulock",0.24234232673498604,-0.05174026610759552,0.34730487222017553,0.19662772578184495
all_documents,f3,"Hichens, Robert",27,372273,0.14960788376489195,0.016531215738319657,"Tracy, Louis",0.11049695592445102,-0.1330766680265723,0.34730487222017553,0.430768168636711
all_documents,f3,"Hill, Grace Brooks",11,141255,0.020083096483866324,0.009156056435185292,"Emerson, Alice B.",0.45590860167110053,-0.010927040048681032,0.34730487222017553,0.05782555354171522
all_documents,f3,"Hill, Grace Livingston",15,172011,0.08454271144282631,0.026213151165016338,"Burgess, Gelett",0.3100580844599892,-0.05832956027780997,0.34730487222017553,0.24342506600146419
all_documents,f3,"Hoare, Edward",32,65549,0.11831979233225301,0.034102764520646665,"Roberts, B. H. (Brigham Henry)",0.28822535814534667,-0.08421702781160634,0.34730487222017553,0.3406799091987504
all_documents,f3,"Hocking, Joseph",11,233843,0.028079791598252496,0.015815059384156876,"Meade, L. T.",0.5632185455799859,-0.01226473221409562,0.34730487222017553,0.08085055478418737
all_documents,f3,"Holinshed, Raphael",27,199055,0.09166587078300749,0.05832346299434586,"Hakluyt, Richard",0.6362614841941537,-0.03334240778866163,0.34730487222017553,0.2639348829085688
all_documents,f3,"Holley, Marietta",16,152675,0.1332287361276802,0.0436915456182231,"Habberton, John",0.3279438572197455,-0.08953719050945708,0.34730487222017553,0.38360744920163176
all_documents,f3,"Holmes, Mary Jane",21,392824,0.06382880119526071,0.025425220706222756,"Haggard, H. Rider (Henry Rider)",0.3983346111803613,-0.038403580489037956,0.34730487222017553,0.18378320116049554
all_documents,f3,"Holmes, Oliver Wendell",33,202495,0.4617615586364382,0.027866622683648784,"Wilcox, Ella Wheeler",0.06034851139609306,-0.4338949359527894,0.34730487222017553,1.3295568118137493
all_documents,f3,"Holt, Emily Sarah",22,335239,0.06123408870827292,0.025408279640610112,Duchess,0.4149368460704695,-0.035825809067662806,0.34730487222017553,0.17631220753348167
all_documents,f3,"Home, Gordon",15,65237,0.3508899690702067,0.034311537673231175,"Walsh, James J. (James Joseph)",0.09778432186064019,-0.3165784313969755,0.34730487222017553,1.010322621813835
all_documents,f3,Homer,12,249802,0.3407645801357966,0.044713898971038994,"Loti, Pierre",0.13121639271669683,-0.2960506811647576,0.34730487222017553,0.9811684413104556
all_documents,f3,"Honig, Winfried",11,21519,1.0811765827739368,0.8273341359834714,United States. Central Intelligence Agency,0.7652164772759037,-0.2538424467904654,0.34730487222017553,3.1130475534720397
all_documents,f3,"Hope, Anthony",33,542661,0.07843091944349224,0.017026806360149506,"Farjeon, B. L. (Benjamin Leopold)",0.2170930352590976,-0.06140411308334274,0.34730487222017553,0.22582729387617287
all_documents,f3,"Hope, Laura Lee",64,637635,0.03665475849366597,0.00855501508178386,"Young, Clarence",0.23339439225229616,-0.02809974341188211,0.34730487222017553,0.10554058242646397
all_documents,f3,"Hornung, E. W. (Ernest William)",26,301300,0.08626737202742325,0.03063225336393755,"Hope, Anthony",0.3550850413549165,-0.05563511866348571,0.34730487222017553,0.24839090645619752
all_documents,f3,"Hough, Emerson",25,358538,0.1731640054323534,0.013110106938657478,"Peattie, Elia Wilkinson",0.07570919202246651,-0.16005389849369595,0.34730487222017553,0.49859365440337183
all_documents,f3,"Howard, Robert E. (Robert Ervin)",12,40219,0.1485245274269978,0.02916848362697418,"Curwood, James Oliver",0.19638832812520451,-0.11935604380002361,0.34730487222017553,0.4276488448824293
all_documents,f3,"Howells, William Dean",94,775126,0.40034723437604713,0.016007665313344743,"Sienkiewicz, Henryk",0.03998445334159272,-0.3843395690627024,0.34730487222017553,1.1527256494180282
all_documents,f3,"Hubbard, Elbert",20,195399,0.20622189528671167,0.021523448300886067,"Drake, Samuel Adams",0.104370335026559,-0.1846984469858256,0.34730487222017553,0.5937777203309038
all_documents,f3,"Hudson, W. H. (William Henry)",16,196763,0.18521382303540773,0.0387982599398496,"Brandes, Georg",0.20947820904508005,-0.14641556309555814,0.34730487222017553,0.533288870528688
all_documents,f3,"Hughes, Rupert",12,151681,0.2214655508184429,0.03245905194530994,"Bennett, Arnold",0.14656478998812694,-0.18900649887313298,0.34730487222017553,0.6376690007332918
all_documents,f3,"Hugo, Victor",15,429532,0.22376989093631405,0.025942255125594477,"Twain, Mark",0.11593273347475404,-0.19782763581071958,0.34730487222017553,0.6443039209494709
all_documents,f3,"Hulbert, Archer Butler",17,94213,0.08683804844770732,0.03129102967434203,"James, William",0.36033778088858204,-0.055547018773365285,0.34730487222017553,0.25003406342268625
all_documents,f3,"Hume, David",13,335185,0.11504810738297963,0.05861437493617344,"Santayana, George",0.5094770897973496,-0.05643373244680619,0.34730487222017553,0.33125969885629575
all_documents,f3,"Hume, Fergus",63,1198814,0.08611691876909892,0.015240396286941701,"Harben, Will N. (Will Nathaniel)",0.17697331145584794,-0.07087652248215723,0.34730487222017553,0.24795770418822316
all_documents,f3,"Huneker, James",11,157935,0.12484689146404127,0.03372100355965225,"James, William",0.2700988640102798,-0.09112588790438902,0.34730487222017553,0.35947348122687434
all_documents,f3,"Hurll, Estelle M. (Estelle May)",13,40183,0.15202363338230837,0.13787132527217769,"Darwin, Charles",0.906907184131427,-0.014152308110130685,0.34730487222017553,0.43772387185496286
all_documents,f3,"Hutcheson, John C. (John Conroy)",17,234532,0.049598130034723686,0.0637269538746582,"Carleton, William",1.284866059063979,0.01412882383993451,0.34730487222017553,0.1428086214790581
all_documents,f3,"Huxley, Thomas Henry",48,322044,0.13312702880439573,0.01827846379028952,"Butler, Samuel",0.13730092194235152,-0.1148485650141062,0.34730487222017553,0.3833146018176193
all_documents,f3,"Ibsen, Henrik",18,119899,0.41463589492306313,0.11513922497157753,"Baker, George M. (George Melville)",0.2776875479942274,-0.2994966699514856,0.34730487222017553,1.193867198788397
all_documents,f3,"Ingersoll, Robert Green",30,331814,0.11466811544588805,0.06781869484381446,"Tagore, Rabindranath",0.5914346335954055,-0.04684942060207359,0.34730487222017553,0.3301655825121672
all_documents,f3,"Irving, Washington",20,303210,0.10717828878662805,0.021861684479724558,"Parkman, Francis",0.2039749349165957,-0.08531660430690349,0.34730487222017553,0.30860001502853057
all_documents,f3,"Jackson, Helen Hunt",13,185762,0.36915985633778664,0.023885584408161985,"Howells, William Dean",0.06470255093583721,-0.3452742719296247,0.34730487222017553,1.0629273755300388
all_documents,f3,"Jacobs, W. W. (William Wymark)",105,304881,0.16834592143177893,0.039234141071539136,"Warner, Anne",0.23305667721471063,-0.1291117803602398,0.34730487222017553,0.48472087464714647
all_documents,f3,"James, G. P. R. (George Payne Rainsford)",49,1300128,0.07085674290723135,0.024263847165328884,"Marryat, Frederick",0.3424352597902523,-0.046592895741902465,0.34730487222017553,0.20401885655756474
all_documents,f3,"James, George Wharton",11,88716,0.07803884462944392,0.02987519893804611,"Schoolcraft, Henry Rowe",0.3828247212001169,-0.04816364569139781,0.34730487222017553,0.2246983871276382
all_documents,f3,"James, Henry",75,763995,0.2689822739469884,0.028835503502232827,"Williamson, A. M. (Alice Muriel)",0.10720224451636462,-0.2401467704447556,0.34730487222017553,0.7744845968543335
all_documents,f3,"James, William",11,167282,0.07441702040896764,0.02973271736464544,"Huneker, James",0.39954189513696914,-0.04468430304432219,0.34730487222017553,0.21427001565872253
all_documents,f3,"Jameson, Mrs. (Anna)",10,131692,0.09059902693793945,0.03377843390499596,"Coleridge, Samuel Taylor",0.3728344006181685,-0.05682059303294349,0.34730487222017553,0.2608631038164756
all_documents,f3,"Janifer, Laurence M.",12,78223,0.1960881043846852,0.04515926009079544,"Garrett, Randall",0.23030086517743117,-0.15092884429388978,0.34730487222017553,0.5645993479192375
all_documents,f3,"Janvier, Thomas A. (Thomas Allibone)",13,46061,0.25720534455070826,0.04002876826340097,"Martineau, Harriet",0.1556296131144711,-0.2171765762873073,0.34730487222017553,0.7405751117354085
all_documents,f3,"Jefferies, Richard",20,229394,0.18662589307323205,0.018086691153807382,"Warner, Charles Dudley",0.09691415727993415,-0.16853920191942467,0.34730487222017553,0.5373546644485877
all_documents,f3,"Jefferson, Thomas",17,475856,0.07707906756181888,0.036038784376092516,"Saint-Simon, Louis de Rouvroy, duc de",0.46755605011942736,-0.04104028318572637,0.34730487222017553,0.2219348869743303
all_documents,f3,"Jerome, Jerome K. (Jerome Klapka)",32,233845,0.37920645873786174,0.03386074424661047,"Barrie, J. M. (James Matthew)",0.08929369072275682,-0.3453457144912513,0.34730487222017553,1.091854704812382
all_documents,f3,"Jewett, Sarah Orne",12,123944,0.3385030785003991,0.015515577597112017,"Leslie, Madeline",0.045835853741264344,-0.3229875009032871,0.34730487222017553,0.9746568665636327
all_documents,f3,"Johnson, Owen",11,223108,0.062451797921376256,0.033764956240140594,"Miller, Alex. McVeigh, Mrs.",0.5406562719403053,-0.028686841681235663,0.34730487222017553,0.1798183754870696
all_documents,f3,"Johnson, Samuel",23,384143,0.3373919847563201,0.04715935263096222,"Burke, Edmund",0.13977614988400766,-0.2902326321253579,0.34730487222017553,0.971457678089897
all_documents,f3,"Johnston, Annie F. (Annie Fellows)",37,217867,0.11652350221067267,0.024038245456459252,"Thorne, Guy",0.20629525375059943,-0.09248525675421343,0.34730487222017553,0.33550782477016927
all_documents,f3,"Johnston, Mary",18,384775,0.2358507071643393,0.03553784370850739,"Packard, Frank L. (Frank Lucius)",0.15067940281283465,-0.20031286345583194,0.34730487222017553,0.6790883918692067
all_documents,f3,"Jonson, Ben",12,200118,0.1992650571090378,0.08902688829949634,"Byron, George Gordon Byron, Baron",0.4467762165183876,-0.11023816880954146,0.34730487222017553,0.5737467943804508
all_documents,f3,"Jókai, Mór",28,411108,0.09939536865708254,0.014088843769748128,"Hardy, Thomas",0.14174547526811965,-0.08530652488733441,0.34730487222017553,0.2861905392276512
all_documents,f3,"King, Basil",10,159680,0.0824597079447549,0.017354098058953445,"Merwin, Samuel",0.21045548779508264,-0.06510560988580147,0.34730487222017553,0.23742744355304982
all_documents,f3,"King, Charles",27,305070,0.05528430556857563,0.011704530203555639,"Brady, Cyrus Townsend",0.2117152432897458,-0.04357977536501999,0.34730487222017553,0.1591809098880936
all_documents,f3,"Kingsley, Charles",45,622061,0.18302192675741666,0.02356103880196399,"Fielding, Henry",0.12873342128668863,-0.15946088795545266,0.34730487222017553,0.526977711505841
all_documents,f3,"Kingston, William Henry Giles",131,1632827,0.08625209311241808,0.03144827052537938,"Grinnell, George Bird",0.36460878096477917,-0.0548038225870387,0.34730487222017553,0.24834691365267736
all_documents,f3,"Kipling, Rudyard",44,528141,0.3731483029043677,0.01878395938514945,"Zangwill, Israel",0.05033912586214682,-0.35436434351921825,0.34730487222017553,1.0744113680841443
all_documents,f3,"Kjelgaard, Jim",11,88995,0.10891219788758373,0.024130547663798494,"Samachson, Joseph",0.22155964282995558,-0.08478165022378524,0.34730487222017553,0.31359248487173064
all_documents,f3,"Kock, Paul de",18,452746,0.0623128503324192,0.11319209988118424,"Sue, Eugène",1.8165129548293886,0.05087924954876504,0.34730487222017553,0.17941830166124384
all_documents,f3,"Kyne, Peter B. (Peter Bernard)",10,155778,0.05355061994819933,0.01763420343157427,"Harben, Will N. (Will Nathaniel)",0.3292997064951296,-0.03591641651662506,0.34730487222017553,0.1541890835157955
all_documents,f3,"La Fontaine, Jean de",31,72688,0.24165488894567216,0.03610902103098589,"Jameson, Mrs. (Anna)",0.1494239209830502,-0.20554586791468626,0.34730487222017553,0.695800457393163
all_documents,f3,"Lamb, Charles",10,219843,0.13326720639932074,0.024448194504423936,"Coleridge, Samuel Taylor",0.18345244238982222,-0.1088190118948968,0.34730487222017553,0.38371821721762484
all_documents,f3,"Lang, Andrew",72,859972,0.2416573362369447,0.021668205969320738,"Leland, Charles Godfrey",0.08966500378898115,-0.21998913026762396,0.34730487222017553,0.6958075039147302
all_documents,f3,"Laumer, Keith",12,42616,0.11758230694328221,0.03873864877628805,"Schmitz, James H.",0.3294598463268311,-0.07884365816699417,0.34730487222017553,0.3385564567281405
all_documents,f3,"Laut, Agnes C.",12,146612,0.28809516670215435,0.03185723289545886,"Hugo, Victor",0.11057885232900935,-0.25623793380669546,0.34730487222017553,0.829516628604954
all_documents,f3,"Lavell, Edith",11,125463,0.07073533830356304,0.03485957121964207,"Day, Holman",0.49281691521769594,-0.03587576708392098,0.34730487222017553,0.20366929450595225
all_documents,f3,"Lawrence, D. H. (David Herbert)",20,316997,0.47347765490183247,0.024388926340213186,"Rinehart, Mary Roberts",0.05151019501705907,-0.4490887285616193,0.34730487222017553,1.3632911392088651
all_documents,f3,"Le Fanu, Joseph Sheridan",31,410504,0.17203700680421344,0.01591341720338117,"Craik, Dinah Maria Mulock",0.09249996555387306,-0.15612358960083228,0.34730487222017553,0.49534867076425515
all_documents,f3,"Le Gallienne, Richard",17,91139,0.16427852855819794,0.02330353083969747,"Stowe, Harriet Beecher",0.14185378359681297,-0.14097499771850047,0.34730487222017553,0.4730095708362329
all_documents,f3,"Le Queux, William",66,944150,0.10574563772171569,0.01414802968973688,"Doyle, Arthur Conan",0.13379303387407226,-0.0915976080319788,0.34730487222017553,0.30447496185621536
all_documents,f3,"Leacock, Stephen",14,96216,0.1987459765227893,0.027643143389217417,"Churchill, Winston",0.13908781386599645,-0.17110283313357189,0.34730487222017553,0.5722521980537991
all_documents,f3,"Lebert, Marie",15,51509,0.24680027778073935,0.24759234637241123,"Saintsbury, George",1.0032093504869373,0.000792068591671885,0.34730487222017553,0.7106156507481391
all_documents,f3,"Leblanc, Maurice",16,292725,0.10317615721693942,0.05569787094553314,"Gorky, Maksim",0.5398327719108799,-0.047478286271406274,0.34730487222017553,0.2970766190447522
all_documents,f3,"Lee, Vernon",15,107059,0.17246258403227172,0.025084652506700438,"De Quincey, Thomas",0.14544982407318285,-0.14737793152557127,0.34730487222017553,0.4965740415036224
all_documents,f3,"Leiber, Fritz",22,34361,0.19112296969349415,0.027219341844559913,"Sharkey, Jack",0.14241795158484533,-0.16390362784893425,0.34730487222017553,0.5503031629580217
all_documents,f3,"Leinster, Murray",37,156495,0.2361510302987463,0.07146514660355541,"Burgess, Thornton W. (Thornton Waldo)",0.30262475041140996,-0.16468588369519088,0.34730487222017553,0.6799531166641315
all_documents,f3,"Leland, Charles Godfrey",10,130314,0.21243980317361044,0.020689224435417746,"Lang, Andrew",0.09738864434227544,-0.1917505787381927,0.34730487222017553,0.6116810334838414
all_documents,f3,"Leslie, Madeline",20,60836,0.06475131400616568,0.014258756309839169,"Jewett, Sarah Orne",0.2202079838639481,-0.05049255769632652,0.34730487222017553,0.1864394057942161
all_documents,f3,"Lever, Charles James",53,1279537,0.16039625799388604,0.015817447728123248,"Carleton, William",0.09861481761454918,-0.1445788102657628,0.34730487222017553,0.46183129239892173
all_documents,f3,"Lewis, Alfred Henry",15,233128,0.27772616863947636,0.033531447134215686,"Harris, Joel Chandler",0.12073564150789023,-0.24419472150526067,0.34730487222017553,0.7996610207743086
all_documents,f3,Library of Congress. Copyright Office,66,6234798,0.42530514693271665,0.2614432338707867,"Duellman, William Edward",0.6147191863449212,-0.16386191306192993,0.34730487222017553,1.2245873322015837
all_documents,f3,"Lincoln, Abraham",19,106902,0.19637209891706775,0.03241864369952105,"Macaulay, Thomas Babington Macaulay, Baron",0.16508783008533282,-0.1639534552175467,0.34730487222017553,0.5654170575314497
all_documents,f3,"Lincoln, Joseph Crosby",18,440115,0.09307715865389099,0.019174700306939876,"Barbour, Ralph Henry",0.20600865544511654,-0.07390245834695111,0.34730487222017553,0.2679984247237519
all_documents,f3,"Locke, William John",21,322162,0.028116745737771936,0.017866007147986005,"Rinehart, Mary Roberts",0.6354222965421235,-0.01025073858978593,0.34730487222017553,0.08095695737878159
all_documents,f3,"London, Jack",50,535210,0.30566747064962607,0.023568161903735618,"Churchill, Winston",0.0771039255621375,-0.28209930874589045,0.34730487222017553,0.8801128204612308
all_documents,f3,"Longfellow, Henry Wadsworth",14,70326,0.32708594066925256,0.07577755780223028,"Whittier, John Greenleaf",0.2316747630521243,-0.2513083828670223,0.34730487222017553,0.9417833345623061
all_documents,f3,"Lord, John",18,281005,0.09703438954733414,0.026720563758000377,"Saint-Simon, Louis de Rouvroy, duc de",0.27537210140293483,-0.07031382578933376,0.34730487222017553,0.27939253753347504
all_documents,f3,"Loti, Pierre",11,64695,0.07883159096909706,0.02216175038867546,"Gautier, Théophile",0.2811277828626234,-0.0566698405804216,0.34730487222017553,0.2269809532620706
all_documents,f3,"Lowndes, Marie Belloc",15,198392,0.09797419680928623,0.021261075648408616,"Frederic, Harold",0.21700688896480383,-0.07671312116087761,0.34730487222017553,0.28209853833313064
all_documents,f3,"Lucas, E. V. (Edward Verrall)",11,146026,0.22366157620109092,0.02832813459226161,"Lang, Andrew",0.12665624142249712,-0.19533344160882932,0.34730487222017553,0.6439920487475904
all_documents,f3,"Luther, Martin",18,209772,0.3401686432846857,0.02689334407242603,"Roberts, B. H. (Brigham Henry)",0.07905885684448317,-0.31327529921225966,0.34730487222017553,0.979452551615902
all_documents,f3,"Lynde, Francis",17,247465,0.03098065915205915,0.026851661595524347,"Wood, Henry, Mrs.",0.8667233793745681,-0.004128997556534803,0.34730487222017553,0.08920306517444655
all_documents,f3,"Lytton, Edward Bulwer Lytton, Baron",194,968327,0.14522414695226327,0.02329666315160208,"Edgeworth, Maria",0.1604186606739714,-0.12192748380066118,0.34730487222017553,0.41814601109367033
all_documents,f3,"MacDonald, George",60,1064335,0.1823309216885726,0.018733729139674984,"Stevenson, Burton Egbert",0.10274576010575337,-0.1635971925488976,0.34730487222017553,0.5249880905010255
all_documents,f3,"MacGrath, Harold",21,308529,0.04752815729439477,0.029254073605773468,"Webster, Jean",0.6155103684026805,-0.0182740836886213,0.34730487222017553,0.13684851868206466
all_documents,f3,"MacGregor, Mary Esther Miller",10,99000,0.10754071283081752,0.010776076641520823,"Frederic, Harold",0.10020462351289869,-0.0967646361892967,0.34730487222017553,0.3096435478815903
all_documents,f3,"MacKenzie, Compton",12,242139,0.1875906278500024,0.01988044270628685,"Merwin, Samuel",0.1059778035509496,-0.16771018514371555,0.34730487222017553,0.540132439406374
all_documents,f3,"Macaulay, Thomas Babington Macaulay, Baron",19,431736,0.08992786398424502,0.03040393037295539,"Lincoln, Abraham",0.33809243348960266,-0.059523933611289624,0.34730487222017553,0.25893061450412025
all_documents,f3,"Machen, Arthur",10,67667,0.08705879806250902,0.026074886942676137,"Martineau, Harriet",0.2995089241176306,-0.06098391111983288,0.34730487222017553,0.2506696710183717
all_documents,f3,"Mackintosh, Charles Henry",11,203375,0.039792956989221404,0.046291396385923105,"Hoare, Edward",1.1633062704654473,0.006498439396701701,0.34730487222017553,0.11457644326968863
all_documents,f3,"Maclaren, Alexander",20,630358,0.05575545509945217,0.03168597385664072,"Foote, G. W. (George William)",0.568302667427282,-0.024069481242811448,0.34730487222017553,0.1605374976257337
all_documents,f3,"Maclaren, Ian",13,97457,0.21773957543766287,0.07087725483586019,"Mathews, Joanna H. (Joanna Hooe)",0.32551388369980444,-0.14686232060180268,0.34730487222017553,0.6269407453046781
all_documents,f3,"Maeterlinck, Maurice",18,90065,0.6103128304363972,0.14212970895808952,"Meynell, Alice",0.23288009340465823,-0.46818312147830765,0.34730487222017553,1.7572826621605426
all_documents,f3,"Mahan, A. T. (Alfred Thayer)",15,290149,0.11407074045425586,0.024935432511598524,"Parkman, Francis",0.21859621855964037,-0.08913530794265734,0.34730487222017553,0.32844555195856906
all_documents,f3,"Mangasarian, M. M. (Mangasar Mugurditch)",12,45670,0.06855186656922872,0.05704918390452499,"Van Dyke, Henry",0.8322046759574742,-0.01150268266470373,0.34730487222017553,0.19738239239491565
all_documents,f3,"Mansfield, M. F. (Milburg Francisco)",16,194808,0.06790906480167652,0.03055440381097983,"James, George Wharton",0.449931152788096,-0.03735466099069669,0.34730487222017553,0.19553156386077203
all_documents,f3,"Marks, Winston K.",12,12929,0.12464821460936144,0.022386985974403167,"Samachson, Joseph",0.1796013368066472,-0.10226122863495828,0.34730487222017553,0.3589014280523543
all_documents,f3,"Marlowe, Christopher",10,82790,0.30508872053300096,0.08840873703708543,"Tennyson, Alfred Tennyson, Baron",0.28978041824237943,-0.21667998349591552,0.34730487222017553,0.8784464167827412
all_documents,f3,"Marlowe, Stephen",16,41940,0.06319896085037074,0.03171869443656349,"Nourse, Alan Edward",0.5018863286638584,-0.03148026641380725,0.34730487222017553,0.1819696926402618
all_documents,f3,"Marryat, Frederick",36,873873,0.07703068430324375,0.019810857048686504,"Alcott, Louisa May",0.257181371655714,-0.05721982725455725,0.34730487222017553,0.22179557635001962
all_documents,f3,"Marsh, Richard",19,290346,0.10266452346474683,0.03867602942287031,"MacGrath, Harold",0.3767224365109041,-0.06398849404187652,0.34730487222017553,0.29560346449635233
all_documents,f3,"Martineau, Harriet",16,224425,0.18156106967176372,0.021665345301691702,"Hawthorne, Julian",0.11932814309179565,-0.15989572437007202,0.34730487222017553,0.5227714443253253
all_documents,f3,"Masefield, John",17,95443,0.32692370427476874,0.02500074493461926,"Lucas, E. V. (Edward Verrall)",0.07647272011088846,-0.3019229593401495,0.34730487222017553,0.9413162049379887
all_documents,f3,"Mason, A. E. W. (Alfred Edward Woodley)",20,315868,0.17260570892887944,0.02496871804800802,"Henry, O.",0.14465754466033418,-0.14763699088087143,0.34730487222017553,0.4969861431124849
all_documents,f3,"Maspero, G. (Gaston)",10,145377,0.0906923064541759,0.033734356664573424,"Schopenhauer, Arthur",0.37196492165097134,-0.05695794978960248,0.34730487222017553,0.26113168489234756
all_documents,f3,"Mathews, Joanna H. (Joanna Hooe)",13,133351,0.044024952049544645,0.025386211371935613,"Lever, Charles James",0.576632345751713,-0.018638740677609032,0.34730487222017553,0.12676168856518322
all_documents,f3,"Matthews, Stanley R.",32,237240,0.01826998442824599,0.02070265828597688,"Harben, Will N. (Will Nathaniel)",1.1331513919612266,0.0024326738577308896,0.34730487222017553,0.052605033472331045
all_documents,f3,"Maugham, W. Somerset (William Somerset)",26,281788,0.8527369195960062,0.055125502258862806,"Dawson, Coningsby",0.06464538006045187,-0.7976114173371434,0.34730487222017553,2.4552978889838597
all_documents,f3,"Maupassant, Guy de",33,360083,0.09825098949524576,0.044489073919171694,"Ebers, Georg",0.45281044137804294,-0.053761915576074064,0.34730487222017553,0.2828955115635668
all_documents,f3,"May, Sophie",25,158551,0.052080581561567835,0.02497258835147184,"Deland, Margaret Wade Campbell",0.4794990302086033,-0.027107993210095993,0.34730487222017553,0.14995638048104062
all_documents,f3,"McCutcheon, George Barr",33,499873,0.042985692148351996,0.013193828788473213,"Tracy, Louis",0.3069353575356828,-0.02979186335987878,0.34730487222017553,0.12376933232627102
all_documents,f3,"McElroy, John",15,179807,0.23778368783000134,0.0258272413341004,"Roe, Edward Payson",0.10861653955238959,-0.21195644649590095,0.34730487222017553,0.6846540513812811
all_documents,f3,"Meade, L. T.",52,821926,0.059252237656965405,0.008939391443611385,"Farjeon, B. L. (Benjamin Leopold)",0.15087010714034213,-0.05031284621335402,0.34730487222017553,0.1706058348049957
all_documents,f3,"Melville, Herman",16,264160,0.142208193304841,0.02515687839926802,"Kingsley, Charles",0.1769017509795734,-0.11705131490557298,0.34730487222017553,0.4094621316302394
all_documents,f3,"Mencken, H. L. (Henry Louis)",10,108230,0.27457309547504044,0.02941185037976552,"James, William",0.10711847178209473,-0.24516124509527493,0.34730487222017553,0.7905823310793451
all_documents,f3,"Meredith, George",94,551531,0.25190479088732687,0.02654165369308823,"Allen, James Lane",0.10536383051547402,-0.22536313719423864,0.34730487222017553,0.7253131500200511
all_documents,f3,"Merriman, Henry Seton",14,210922,0.025685581483086077,0.014331744164407878,"Pyle, Katharine",0.5579684529955187,-0.011353837318678199,0.34730487222017553,0.07395687056990834
all_documents,f3,"Merwin, Samuel",13,182771,0.11936701683317275,0.02103309643596078,"MacKenzie, Compton",0.1762052616708736,-0.09833392039721196,0.34730487222017553,0.34369519802618687
all_documents,f3,"Meynell, Alice",11,42061,0.1835653172098857,0.024427717851875995,"Wilcox, Ella Wheeler",0.13307371034554272,-0.1591375993580097,0.34730487222017553,0.5285423035859791
all_documents,f3,"Mill, John Stuart",14,230456,0.07523793814931251,0.03179141623130833,"Schopenhauer, Arthur",0.42254502201026656,-0.04344652191800418,0.34730487222017553,0.2166336961193423
all_documents,f3,"Miller, Alex. McVeigh, Mrs.",17,262439,0.06925227210386309,0.030387508096361402,"Johnson, Owen",0.4387943842591455,-0.03886476400750169,0.34730487222017553,0.19939908029841946
all_documents,f3,"Milne, A. A. (Alan Alexander)",11,144467,0.7328759497554347,0.11591073574715646,"Sudermann, Hermann",0.15815873857756774,-0.6169652140082782,0.34730487222017553,2.110180444836445
all_documents,f3,"Mitchell, S. Weir (Silas Weir)",12,164968,0.2735130958990563,0.012958575199744008,"Peattie, Elia Wilkinson",0.04737826229909863,-0.2605545206993123,0.34730487222017553,0.7875302587913636
all_documents,f3,"Mitford, Bertram",27,432318,0.037945395599192,0.013396681129659685,"Crawford, F. Marion (Francis Marion)",0.35305156048880276,-0.024548714469532315,0.34730487222017553,0.10925673272771233
all_documents,f3,"Mitford, Mary Russell",13,17798,0.08892606719061728,0.056314941060270296,"Jameson, Mrs. (Anna)",0.6332782145819686,-0.03261112613034699,0.34730487222017553,0.2560461263389423
all_documents,f3,"Mitton, G. E. (Geraldine Edith)",12,81850,0.10534817202833395,0.015048997654023276,"Burroughs, John",0.1428501070713953,-0.09029917437431068,0.34730487222017553,0.30333053306994207
all_documents,f3,"Molesworth, Mrs.",55,575883,0.08902988319414372,0.020805272312663825,"Nesbit, E. (Edith)",0.23368863988392127,-0.0682246108814799,0.34730487222017553,0.2563450452768276
all_documents,f3,Molière,20,69345,0.2441121912028857,0.09887010939925621,"Bridges, Robert",0.4050191385856826,-0.14524208180362946,0.34730487222017553,0.7028758037351391
all_documents,f3,"Montaigne, Michel de",21,75259,0.18419177620282962,0.05220854949891741,"Morris, William",0.2834466911347118,-0.13198322670391222,0.34730487222017553,0.530346076130082
all_documents,f3,"Montgomery, L. M. (Lucy Maud)",12,127589,0.4161331962801667,0.01656419698722622,"Douglas, Amanda M.",0.03980503630879324,-0.3995689992929405,0.34730487222017553,1.1981784004929166
all_documents,f3,"Moodie, Susanna",14,160314,0.17021324219666434,0.012180881598376145,"Craik, Dinah Maria Mulock",0.07156247916541274,-0.15803236059828818,0.34730487222017553,0.49009747864624503
all_documents,f3,"Moody, Dwight Lyman",14,99597,0.10047016374356131,0.05208598399099367,"Harris, Frank",0.5184224057197442,-0.04838417975256764,0.34730487222017553,0.28928521244547295
all_documents,f3,"Moore, Frank Frankfort",19,207448,0.06185481836653399,0.012742112539202405,"Wister, Owen",0.20600032262153425,-0.049112705827331585,0.34730487222017553,0.17809948352040636
all_documents,f3,"Moore, George Augustus",16,274175,0.17252183693799683,0.037627288618394046,"Disraeli, Benjamin, Earl of Beaconsfield",0.21810159969440296,-0.1348945483196028,0.34730487222017553,0.4967446492620058
all_documents,f3,"Moore, Thomas",12,185016,0.25489053809748924,0.02013682043700357,"Ashton, John",0.07900183579706571,-0.23475371766048567,0.34730487222017553,0.7339100556467293
all_documents,f3,"Morley, Christopher",12,80151,0.4283116876272337,0.033839378503820745,"Beerbohm, Max, Sir",0.07900643265488398,-0.39447230912341297,0.34730487222017553,1.2332441088119936
all_documents,f3,"Morley, John",30,267011,0.1369200300636948,0.03452170978737713,"Dewey, John",0.25213045725536093,-0.10239832027631766,0.34730487222017553,0.3942358458389081
all_documents,f3,"Morris, Charles",18,261930,0.126611115121126,0.026041471063182525,"Ballou, Maturin Murray",0.20568076537568789,-0.10056964405794347,0.34730487222017553,0.36455323621506897
all_documents,f3,"Morris, William",28,259551,0.29848403187433503,0.05052531195481365,Dante Alighieri,0.16927308183804401,-0.2479587199195214,0.34730487222017553,0.8594294400946662
all_documents,f3,"Motley, John Lothrop",89,209675,0.10399127730641865,0.031923945897471745,"Skinner, Charles M. (Charles Montgomery)",0.30698676585542145,-0.0720673314089469,0.34730487222017553,0.29942360624440906
all_documents,f3,"Mulford, Clarence Edward",10,177179,0.08834583978506058,0.014855629914881903,"Rice, Alice Caldwell Hegan",0.16815313489604763,-0.07349020987017868,0.34730487222017553,0.25437546908081765
all_documents,f3,"Mundy, Talbot",13,175583,0.05599177622230776,0.03776571128739091,"Brazil, Angela",0.6744867520802924,-0.018226064934916852,0.34730487222017553,0.16121794049238536
all_documents,f3,"Munroe, Kirk",15,154687,0.0672168445848879,0.013340418258408147,"Haggard, H. Rider (Henry Rider)",0.19846838007339934,-0.05387642632647975,0.34730487222017553,0.19353844406270082
all_documents,f3,"Murfree, Mary Noailles",26,156406,0.09922993606053414,0.01891867363249023,"Ainsworth, William Harrison",0.19065490096606633,-0.0803112624280439,0.34730487222017553,0.2857142067319656
all_documents,f3,"Murray, David Christie",14,102247,0.16081414893435134,0.010734962965269264,"Boothby, Guy",0.066753846203244,-0.15007918596908207,0.34730487222017553,0.46303453189796445
all_documents,f3,"Mühlbach, L. (Luise)",20,709566,0.06415617920886561,0.01805080915333879,"Stephens, Ann S. (Ann Sophia)",0.28135729677063415,-0.046105370055526826,0.34730487222017553,0.18472582546493477
all_documents,f3,"Müller, F. Max (Friedrich Max)",10,173381,0.12235873490830987,0.031675853059465395,"Romanes, George John",0.25887692515946537,-0.09068288184884447,0.34730487222017553,0.3523092956517465
all_documents,f3,"Nesbit, E. (Edith)",30,313987,0.2235724995660298,0.024800396012588436,"Molesworth, Mrs.",0.11092775748684557,-0.19877210355344135,0.34730487222017553,0.6437355690889789
all_documents,f3,"Newman, John Henry",14,251769,0.23561354441985863,0.02409008160990377,Voltaire,0.10224404403074437,-0.21152346280995485,0.34730487222017553,0.6784055257090961
all_documents,f3,"Nicholson, Meredith",13,184844,0.05636593456305045,0.026401038094733018,"Farjeon, B. L. (Benjamin Leopold)",0.4683864163593534,-0.029964896468317435,0.34730487222017553,0.16229526007719525
all_documents,f3,"Nietzsche, Friedrich Wilhelm",17,153249,0.35131792953226143,0.06760161443568213,"Tennyson, Alfred Tennyson, Baron",0.19242289889868627,-0.2837163150965793,0.34730487222017553,1.0115548546337174
all_documents,f3,"Norris, Frank",10,164358,0.09237409349444027,0.01368588928537283,"Wright, Harold Bell",0.14815722425678302,-0.07868820420906744,0.34730487222017553,0.2659740789236014
all_documents,f3,"Norris, Kathleen Thompson",11,212403,0.027373632373341412,0.030321836560652675,"Weyman, Stanley John",1.1077023373113777,0.002948204187311263,0.34730487222017553,0.07881730019608758
all_documents,f3,"Norton, Andre",14,104020,0.10613534848040605,0.02491938788604668,"Nourse, Alan Edward",0.23478876964960566,-0.08121596059435937,0.34730487222017553,0.30559706174556933
all_documents,f3,"Nourse, Alan Edward",23,56041,0.11712296562894572,0.022113716825177765,"Norton, Andre",0.1888076920391144,-0.09500924880376796,0.34730487222017553,0.3372338685611502
all_documents,f3,"Nye, Bill",11,83737,0.07436132921631174,0.03953050161196102,"Morris, Charles",0.531600255516811,-0.03483082760435072,0.34730487222017553,0.21410966319289074
all_documents,f3,"O'Donnell, Elliott",10,115771,0.23661831010676423,0.02623530131004263,"Baring-Gould, S. (Sabine)",0.11087604039689504,-0.21038300879672162,0.34730487222017553,0.6812985622521269
all_documents,f3,"Oliphant, Mrs. (Margaret)",70,1241529,0.06615868136993813,0.013702463505456583,"Craik, Dinah Maria Mulock",0.20711512414881428,-0.05245621786448155,0.34730487222017553,0.19049165923591344
all_documents,f3,"Onions, Oliver",11,180780,0.08434080518138812,0.046833414501803255,"Dostoyevsky, Fyodor",0.5552877329197967,-0.03750739067958486,0.34730487222017553,0.24284371434881533
all_documents,f3,"Oppenheim, E. Phillips (Edward Phillips)",58,1025416,0.05961513924960306,0.02284889312706298,"Chapman, Allen",0.38327333316117546,-0.03676624612254008,0.34730487222017553,0.1716507426702893
all_documents,f3,"Optic, Oliver",59,712184,0.1597148295724575,0.021817964891924377,"Bates, Arlo",0.13660575508441603,-0.13789686468053314,0.34730487222017553,0.45986924557512554
all_documents,f3,"Orczy, Emmuska Orczy, Baroness",18,279091,0.08675200725978643,0.043119103984337485,"Coolidge, Susan",0.49703868932062373,-0.04363290327544895,0.34730487222017553,0.24978632377143734
all_documents,f3,"Otis, James",45,347659,0.3300025702429653,0.022153191985453236,"Fox, John",0.06713036195185658,-0.3078493782575121,0.34730487222017553,0.950181228767095
all_documents,f3,Ouida,22,329694,0.10036865002854788,0.02188824256741471,"Gaskell, Elizabeth Cleghorn",0.21807847929795843,-0.07848040746113316,0.34730487222017553,0.28899292252058795
all_documents,f3,"Oxley, J. Macdonald (James Macdonald)",10,65335,0.07690892494165444,0.0177097222340011,"King, Charles",0.2302687529104881,-0.05919920270765334,0.34730487222017553,0.2214449928387347
all_documents,f3,"Packard, Frank L. (Frank Lucius)",11,200478,0.056745480346477736,0.028574998305973667,"Vaizey, George de Horne, Mrs.",0.5035643038264871,-0.02817048204050407,0.34730487222017553,0.16338809180455055
all_documents,f3,"Page, Thomas Nelson",24,156210,0.25043524258531047,0.013599972816713202,"Moore, Frank Frankfort",0.054305347267888576,-0.23683526976859726,0.34730487222017553,0.7210818580930989
all_documents,f3,"Paine, Albert Bigelow",29,222164,0.20793334526435195,0.02193823928648908,"France, Anatole",0.10550611427233249,-0.18599510597786287,0.34730487222017553,0.5987055232917425
all_documents,f3,Pansy,11,147844,0.04546487235659457,0.023871592887063097,"Gaboriau, Emile",0.5250557551296101,-0.021593279469531473,0.34730487222017553,0.13090767217274138
all_documents,f3,"Parker, Gilbert",106,447000,0.12388028410700695,0.013129674452127376,"Smith, Francis Hopkinson",0.10598679642021205,-0.11075060965487958,0.34730487222017553,0.35669031452133637
all_documents,f3,"Parkman, Francis",15,335281,0.10676060000186473,0.01962658763125697,"Irving, Washington",0.18383736725827848,-0.08713401237060775,0.34730487222017553,0.30739735759935827
all_documents,f3,"Parrish, Randall",15,254641,0.029623042007798046,0.021198313151991846,"Werner, E.",0.7156021703109204,-0.0084247288558062,0.34730487222017553,0.08529405826768356
all_documents,f3,"Patchin, Frank Gee",15,161138,0.02646871656911992,0.020164270336336033,"Rockwood, Roy",0.7618151897799589,-0.006304446232783888,0.34730487222017553,0.07621176288117247
all_documents,f3,"Pater, Walter",13,97340,0.09135641104055536,0.04513330176481417,Homer,0.49403540759474873,-0.04622310927574119,0.34730487222017553,0.26304385094442195
all_documents,f3,"Peattie, Elia Wilkinson",10,83096,0.13481956785006385,0.01259943866063342,"Hough, Emerson",0.09345407986061463,-0.12222012918943043,0.34730487222017553,0.38818795425534475
all_documents,f3,"Peck, George W. (George Wilbur)",10,75925,0.3950397916112914,0.0669529712866016,"Oxley, J. Macdonald (James Macdonald)",0.16948411959593565,-0.3280868203246898,0.34730487222017553,1.1374438518122891
all_documents,f3,"Pemberton, Max",11,130938,0.11544482170597882,0.0165776797716296,"Braddon, M. E. (Mary Elizabeth)",0.14359829680235064,-0.09886714193434923,0.34730487222017553,0.3324019642108333
all_documents,f3,"Penrose, Margaret",22,260508,0.03894827697547671,0.010017384623840516,"Hope, Laura Lee",0.25719711889046687,-0.028930892351636192,0.34730487222017553,0.11214434374760303
all_documents,f3,"Pepys, Samuel",76,263743,0.09506777260185666,0.020974599415949622,"Schopenhauer, Arthur",0.22062786201787998,-0.07409317318590704,0.34730487222017553,0.27373002858879564
all_documents,f3,"Perkins, Lucy Fitch",13,53668,0.09076415031634202,0.027795035409760603,"Cory, David",0.30623363203297815,-0.06296911490658141,0.34730487222017553,0.2613385459758298
all_documents,f3,"Phelps, Elizabeth Stuart",14,99623,0.3097955452257309,0.04556160252320922,"Bierce, Ambrose",0.14706990860701694,-0.26423394270252165,0.34730487222017553,0.8919988459860551
all_documents,f3,"Phillips, David Graham",14,285000,0.03991693736625135,0.018802833844013267,"Bassett, Sara Ware",0.47104901038601565,-0.02111410352223808,0.34730487222017553,0.11493342178322745
all_documents,f3,"Phillpotts, Eden",19,257922,0.26793183976026047,0.020767245462536364,"Page, Thomas Nelson",0.07750943479176808,-0.2471645942977241,0.34730487222017553,0.7714600663315885
all_documents,f3,"Pinero, Arthur Wing",13,97578,0.17734199751049987,0.11445495960776796,"Ibsen, Henrik",0.6453911719416121,-0.06288703790273191,0.34730487222017553,0.5106234081221673
all_documents,f3,"Piper, H. Beam",33,152770,0.13051912255547998,0.03499904997567913,"MacKenzie, Compton",0.2681526606248983,-0.09552007257980086,0.34730487222017553,0.37580561919884836
all_documents,f3,Plato,27,228736,0.2749059845404327,0.11269624235302565,"Swinburne, Algernon Charles",0.40994466723386475,-0.16220974218740702,0.34730487222017553,0.7915408234358278
all_documents,f3,"Poe, Edgar Allan",16,108331,0.5410236683377003,0.03672694364536055,"Holmes, Oliver Wendell",0.06788417179271358,-0.5042967246923398,0.34730487222017553,1.557777363960261
all_documents,f3,"Porter, Eleanor H. (Eleanor Hodgman)",13,210388,0.061677641060629985,0.019010002731674764,"Zangwill, Israel",0.3082154635743553,-0.04266763832895522,0.34730487222017553,0.17758933431123639
all_documents,f3,"Potter, Beatrix",21,15393,0.2572726122793147,0.09648821086518272,"Hornung, E. W. (Ernest William)",0.3750426833635435,-0.16078440141413197,0.34730487222017553,0.7407687966905789
all_documents,f3,"Pyle, Howard",16,172007,0.1489029759984965,0.030411263741951387,"Cabell, James Branch",0.20423543275762637,-0.11849171225654512,0.34730487222017553,0.4287385173914254
all_documents,f3,"Pyle, Katharine",11,58312,0.1791834634981007,0.01767201176792043,"Merriman, Henry Seton",0.09862523819396844,-0.16151145173018025,0.34730487222017553,0.5159255680827493
all_documents,f3,"Quiller-Couch, Arthur",40,573345,0.14328798102246673,0.02782875118714418,"Holt, Emily Sarah",0.1942155300714356,-0.11545922983532256,0.34730487222017553,0.41257118020396977
all_documents,f3,"Raine, William MacLeod",22,297998,0.04596561574795115,0.015437113231414196,"Harmon, Jim",0.3358404533524014,-0.03052850251653695,0.34730487222017553,0.13234946994584929
all_documents,f3,"Ralphson, G. Harvey (George Harvey)",14,145509,0.1422068940974113,0.011510383284512789,"Penrose, Margaret",0.08094110596795828,-0.13069651081289851,0.34730487222017553,0.4094583908032784
all_documents,f3,"Rathborne, St. George",14,133580,0.11583674879114252,0.016859141703170794,"Coolidge, Susan",0.145542255623631,-0.09897760708797172,0.34730487222017553,0.333530445601429
all_documents,f3,"Raymond, Evelyn",17,193042,0.07407562987526232,0.035780110470890636,"Glyn, Elinor",0.48302134630703236,-0.03829551940437169,0.34730487222017553,0.21328704490014103
all_documents,f3,"Reade, Charles",15,536542,0.20120277168901934,0.02478630547500719,"Jókai, Mór",0.12319067608729123,-0.17641646621401216,0.34730487222017553,0.5793260843212874
all_documents,f3,"Reed, Helen Leah",10,106300,0.17769105601101565,0.012904320980735538,"Freeman, Mary Eleanor Wilkins",0.0726222313628186,-0.1647867350302801,0.34730487222017553,0.5116284573697762
all_documents,f3,"Reed, Myrtle",13,186416,0.45058813914343776,0.015462468538233048,"Murray, David Christie",0.03431619076264857,-0.4351256706052047,0.34730487222017553,1.2973850215892893
all_documents,f3,"Reed, Talbot Baines",16,350176,0.12951475410394903,0.014010689983765033,"Ewing, Juliana Horatia Gatty",0.10817833134686725,-0.11550406412018399,0.34730487222017553,0.37291372642144377
all_documents,f3,"Reeve, Arthur B. (Arthur Benjamin)",14,212158,0.04377684777457533,0.030003507272283216,"Reynolds, Mack",0.6853738630698901,-0.013773340502292113,0.34730487222017553,0.12604731829625124
all_documents,f3,"Reid, Mayne",50,887763,0.12924672100614226,0.020986373489201265,"Everett-Green, Evelyn",0.16237451384320936,-0.108260347516941,0.34730487222017553,0.37214197480133737
all_documents,f3,"Reynolds, Mack",24,75686,0.09034152422747126,0.03195502915259425,"Garrett, Randall",0.35371363750886653,-0.058386495074877004,0.34730487222017553,0.26012167249470325
all_documents,f3,"Rice, Alice Caldwell Hegan",10,99270,0.0487241485205928,0.014547032046918913,"Mulford, Clarence Edward",0.29855897924559416,-0.034177116473673885,0.34730487222017553,0.14029215371820036
all_documents,f3,"Rice, Cale Young",11,39911,0.5444060117587224,0.24616189094152222,"Baker, George M. (George Melville)",0.4521660040936869,-0.2982441208172002,0.34730487222017553,1.5675161948594654
all_documents,f3,"Richards, Laura Elizabeth Howe",42,358518,0.11133380855559477,0.03377928602469679,"Fleming, May Agnes",0.3034054656257361,-0.07755452253089798,0.34730487222017553,0.3205650638987126
all_documents,f3,"Richardson, Samuel",14,285685,0.1405398456594977,0.07188801014054091,"Dryden, John",0.5115133704836449,-0.06865183551895679,0.34730487222017553,0.40465843384541356
all_documents,f3,"Richmond, Grace S. (Grace Smith)",15,141915,0.08580676579494957,0.006583461425683331,"Tracy, Louis",0.07672426952223879,-0.07922330436926624,0.34730487222017553,0.24706467619190778
all_documents,f3,"Riis, Jacob A. (Jacob August)",11,95673,0.06917036674396008,0.021007344408987178,"Paine, Albert Bigelow",0.30370439536265037,-0.04816302233497291,0.34730487222017553,0.19916324899729368
all_documents,f3,"Riley, James Whitcomb",17,53836,0.37715713252861915,0.13906440284596705,"Field, Eugene",0.36871741471153185,-0.2380927296826521,0.34730487222017553,1.0859540498744247
all_documents,f3,"Rinehart, Mary Roberts",29,365718,0.15182332356075628,0.01016062595985518,"Tracy, Louis",0.06692401221073997,-0.1416626976009011,0.34730487222017553,0.4371471168550356
all_documents,f3,"Ritchie, J. Ewing (James Ewing)",20,129638,0.12201039756633358,0.014230117282090504,"Warner, Charles Dudley",0.11663036565677933,-0.10778028028424308,0.34730487222017553,0.3513063228464717
all_documents,f3,"Roberts, B. H. (Brigham Henry)",14,217237,0.13262025715125625,0.02916129865334116,"Luther, Martin",0.21988570433913482,-0.10345895849791509,0.34730487222017553,0.3818554467821604
all_documents,f3,"Roberts, Charles G. D., Sir",26,208769,0.20794598508489281,0.03371829688406415,"Oxley, J. Macdonald (James Macdonald)",0.16214930463936988,-0.17422768820082868,0.34730487222017553,0.598741917311959
all_documents,f3,"Robertson, Margaret M. (Margaret Murray)",11,179922,0.06352115623702895,0.0112992721299523,"Stacpoole, H. De Vere (Henry De Vere)",0.17788202859200342,-0.05222188410707665,0.34730487222017553,0.18289739453110643
all_documents,f3,"Rockwood, Roy",16,153186,0.06377793138834202,0.009764739678782537,"Webster, Frank V.",0.1531053056475807,-0.05401319170955948,0.34730487222017553,0.18363673098115857
all_documents,f3,"Roe, Edward Payson",19,425462,0.11883012051232021,0.014224385585925828,"Murray, David Christie",0.11970353580892863,-0.10460573492639438,0.34730487222017553,0.3421493045942278
all_documents,f3,"Rohmer, Sax",17,250479,0.08465062407614816,0.0320249583198464,"Caine, Hall, Sir",0.37831922291604236,-0.052625665756301766,0.34730487222017553,0.24373578042545718
all_documents,f3,"Rolland, Romain",12,185463,0.3653618940054229,0.09704176492529312,"Nietzsche, Friedrich Wilhelm",0.26560450478684233,-0.2683201290801298,0.34730487222017553,1.0519918470184895
all_documents,f3,"Romanes, George John",11,140996,0.10947326630089825,0.02927315068951466,"Huxley, Thomas Henry",0.26739999342903015,-0.0802001156113836,0.34730487222017553,0.31520797736317724
all_documents,f3,"Roosevelt, Theodore",17,209042,0.16910078967979592,0.028145837894948976,"Symonds, John Addington",0.16644415409440178,-0.14095495178484693,0.34730487222017553,0.48689437783813666
all_documents,f3,"Rousseau, Jean-Jacques",18,96325,0.20309196199843232,0.039979340831035784,"Emerson, Ralph Waldo",0.1968533881776394,-0.16311262116739655,0.34730487222017553,0.5847656576199174
all_documents,f3,"Roy, Lillian Elizabeth",16,157737,0.04119851713152896,0.027258240853248416,"Cory, David",0.6616316011138144,-0.013940276278280542,0.34730487222017553,0.11862349315218063
all_documents,f3,"Ruskin, John",47,607075,0.13252495201911635,0.019827254816392588,"Swift, Jonathan",0.149611484586937,-0.11269769720272377,0.34730487222017553,0.3815810333207809
all_documents,f3,"Russell, Bertrand",11,84536,0.12189826790493423,0.023865787781445564,"Dewey, John",0.19578447004725255,-0.09803248012348867,0.34730487222017553,0.3509834662718358
all_documents,f3,"Russell, William Clark",18,193203,0.0853866268565851,0.013122428420992234,"Coolidge, Susan",0.15368247820624875,-0.07226419843559287,0.34730487222017553,0.24585496399962353
all_documents,f3,"Sabatini, Rafael",18,298220,0.12393087162274344,0.017262276337830156,"Murray, David Christie",0.13928955805602705,-0.10666859528491328,0.34730487222017553,0.3568359718955422
all_documents,f3,"Saint-Simon, Louis de Rouvroy, duc de",15,63317,0.05827544764852483,0.02320812196747391,"Lord, John",0.398248712003869,-0.03506732568105092,0.34730487222017553,0.16779334904228133
all_documents,f3,"Saintsbury, George",12,275952,0.11636694852763266,0.0616452000373793,"Crane, Walter",0.5297483591119599,-0.05472174849025336,0.34730487222017553,0.3350570574600557
all_documents,f3,"Saltus, Edgar",13,104659,0.24929596989266736,0.019863010919272634,"Baring-Gould, S. (Sabine)",0.07967642207703765,-0.22943295897339472,0.34730487222017553,0.7178015335604766
all_documents,f3,"Samachson, Joseph",12,13801,0.11599484218365601,0.019466689154060305,"Wodehouse, P. G. (Pelham Grenville)",0.1678237479149156,-0.0965281530295957,0.34730487222017553,0.33398564621955706
all_documents,f3,"Santayana, George",10,101959,0.10645294638445925,0.04083402681343791,"Spencer, Herbert",0.38358756803183375,-0.06561891957102134,0.34730487222017553,0.3065115260374836
all_documents,f3,"Saunders, Marshall",13,211392,0.08901127829787907,0.013869262814467896,"Goldfrap, John Henry",0.15581466842947664,-0.07514201548341118,0.34730487222017553,0.2562914759268046
all_documents,f3,"Schiller, Friedrich",32,346022,0.6827553558776548,0.07262208373974832,Euripides,0.10636618682601988,-0.6101332721379065,0.34730487222017553,1.9658674855699083
all_documents,f3,"Schmitz, James H.",10,40397,0.09099811356049751,0.01807481103904619,"Fyfe, H. B. (Horace Bowne)",0.19862841472015422,-0.07292330252145132,0.34730487222017553,0.2620121997678421
all_documents,f3,"Schoolcraft, Henry Rowe",13,248964,0.2474447057694114,0.024457122155776143,"James, George Wharton",0.09883873683911923,-0.22298758361363527,0.34730487222017553,0.7124711616845464
all_documents,f3,"Schopenhauer, Arthur",12,153168,0.13381195070705904,0.02715605479981449,"Ruskin, John",0.2029419245166263,-0.10665589590724454,0.34730487222017553,0.3852867074730479
all_documents,f3,"Schubin, Ossip",10,128847,0.07049135198247619,0.01731013419790799,"Hardy, Thomas",0.24556394098117462,-0.053181217784568205,0.34730487222017553,0.20296678112188382
all_documents,f3,"Scott, Walter",56,1306161,0.1677243730855505,0.021031470047754085,"Whyte-Melville, G. J. (George John)",0.12539304610801347,-0.14669290303779642,0.34730487222017553,0.4829312413999791
all_documents,f3,"Sedgwick, Anne Douglas",14,217753,0.07986765560050506,0.020194057529563672,"Braddon, M. E. (Mary Elizabeth)",0.2528440002117199,-0.059673598070941386,0.34730487222017553,0.22996410931394187
all_documents,f3,"Seltzer, Charles Alden",10,127571,0.05906640473322554,0.01840393093953756,"Page, Thomas Nelson",0.3115803479602194,-0.04066247379368798,0.34730487222017553,0.1700707633487506
all_documents,f3,"Senarens, Luis",15,111599,0.07968642244151534,0.11078155252018868,"Singmaster, Elsie",1.3902186737206723,0.03109513007867333,0.34730487222017553,0.22944228202764103
all_documents,f3,"Seton, Ernest Thompson",15,135100,0.20118038632849222,0.03645547844374226,"Chesterton, G. K. (Gilbert Keith)",0.18120791548842574,-0.16472490788474997,0.34730487222017553,0.5792616298252015
all_documents,f3,Shakespeare (spurious and doubtful works),10,45948,0.06903391341384156,0.0928333665067742,"Shakespeare, William",1.3447501657665082,0.023799453092932646,0.34730487222017553,0.1987703569274352
all_documents,f3,"Shakespeare, William",105,1151041,0.3069160693184716,0.05002703558643368,"Bridges, Robert",0.16299907560240223,-0.2568890337320379,0.34730487222017553,0.8837079288766808
all_documents,f3,"Shaler, Robert",18,80158,0.043801326541645286,0.015082776575287051,"Hough, Emerson",0.3443452006173077,-0.028718549966358232,0.34730487222017553,0.12611780036842452
all_documents,f3,"Sharkey, Jack",10,22570,0.18946569820170114,0.023454106178848605,"Leiber, Fritz",0.12379077796910691,-0.16601159202285254,0.34730487222017553,0.5455313569041683
all_documents,f3,"Sharp, Dallas Lore",10,53252,0.09428491001163215,0.02927260009526016,"Wilcox, Ella Wheeler",0.31046961906893406,-0.065012309916372,0.34730487222017553,0.2714759208787022
all_documents,f3,"Shaw, Bernard",42,250381,0.4814136141404991,0.07987578934686876,"Baker, George M. (George Melville)",0.16591925737180596,-0.4015378247936303,0.34730487222017553,1.3861412627557517
all_documents,f3,"Sheckley, Robert",18,32746,0.078298548821837,0.024931658287266453,"Smith, George O. (George Oliver)",0.3184178846532231,-0.05336689053457054,0.34730487222017553,0.2254461572085268
all_documents,f3,"Shoghi, Effendi",17,134366,0.44470615006165476,0.06600530421440219,"Hulbert, Archer Butler",0.14842453652878673,-0.37870084584725255,0.34730487222017553,1.2804489243667485
all_documents,f3,"Sienkiewicz, Henryk",18,480110,0.16685099845161608,0.017821737012171147,"Howells, William Dean",0.10681228867407194,-0.14902926143944492,0.34730487222017553,0.48041652103815036
all_documents,f3,"Sinclair, May",21,342648,0.1332436071931343,0.03783080686741233,"Merwin, Samuel",0.28392211577233295,-0.09541280032572197,0.34730487222017553,0.3836502676779723
all_documents,f3,"Sinclair, Upton",24,330107,0.6531321463675178,0.03809952958995747,"Fleming, May Agnes",0.05833356970997849,-0.6150326167775604,0.34730487222017553,1.8805729450102897
all_documents,f3,"Singmaster, Elsie",11,87372,0.14483939005206206,0.02052235160645227,"White, Stewart Edward",0.1416904034121904,-0.12431703844560979,0.34730487222017553,0.41703817492154405
all_documents,f3,"Skinner, Charles M. (Charles Montgomery)",10,31910,0.04957624162966977,0.023466344973807014,"Ballou, Maturin Murray",0.4733385226959837,-0.026109896655862753,0.34730487222017553,0.14274559787413715
all_documents,f3,"Smiles, Samuel",14,290544,0.07213878692004035,0.022056823412241564,"Ritchie, J. Ewing (James Ewing)",0.3057553967006634,-0.05008196350779878,0.34730487222017553,0.20771026464122747
all_documents,f3,"Smith, E. E. (Edward Elmer)",10,99465,0.0717042298678777,0.039188287851110455,"Vance, Louis Joseph",0.5465268635242139,-0.03251594201676724,0.34730487222017553,0.20645903816293273
all_documents,f3,"Smith, Evelyn E.",15,26462,0.10136458205102468,0.026158703526001085,"Chapman, Allen",0.25806551950101636,-0.0752058785250236,0.34730487222017553,0.2918605241643835
all_documents,f3,"Smith, Francis Hopkinson",26,214418,0.1044634032926258,0.014393323129332851,"Parker, Gilbert",0.1377834023750296,-0.09007008016329295,0.34730487222017553,0.3007830055041691
all_documents,f3,"Smith, George O. (George Oliver)",10,46470,0.09612140684387466,0.030145392871152844,"Garrett, Randall",0.3136178907588873,-0.06597601397272182,0.34730487222017553,0.2767637730775572
all_documents,f3,"Snell, Roy J. (Roy Judson)",40,370891,0.06195190707146868,0.02410736355534387,"Dell, Ethel M. (Ethel May)",0.3891302898477886,-0.037844543516124804,0.34730487222017553,0.17837903244902933
all_documents,f3,"Southworth, Emma Dorothy Eliza Nevitte",13,325308,0.0492699641754145,0.030005127033589915,"Fleming, May Agnes",0.608994293699169,-0.019264837141824587,0.34730487222017553,0.14186372871895556
all_documents,f3,"Speed, Nell",16,152106,0.07462653534184586,0.012576071359476446,"Butler, Ellis Parker",0.16852010215761118,-0.06205046398236942,0.34730487222017553,0.2148732750703711
all_documents,f3,"Spence, Lewis",10,143036,0.13941741864417925,0.03072111823166159,"Drake, Samuel Adams",0.22035351486508256,-0.10869630041251765,0.34730487222017553,0.40142661331798113
all_documents,f3,"Spencer, Herbert",10,182576,0.09759946983463726,0.032757670315188746,"Schopenhauer, Arthur",0.33563369115313896,-0.06484179951944852,0.34730487222017553,0.2810195814723947
all_documents,f3,"Spinoza, Benedictus de",12,77424,0.5253540532039753,0.18733933301890848,"Grote, George",0.35659634084172875,-0.33801472018506684,0.34730487222017553,1.5126596118436388
all_documents,f3,"Spyri, Johanna",15,108932,0.11280337642448905,0.015099793899402707,"Parker, Gilbert",0.13385941430140222,-0.09770358252508635,0.34730487222017553,0.32479641216486255
all_documents,f3,"Stables, Gordon",26,326350,0.11752472513924453,0.01682842335277746,"Verne, Jules",0.1431904931735766,-0.10069630178646707,0.34730487222017553,0.33839066059729556
all_documents,f3,"Stacpoole, H. De Vere (Henry De Vere)",20,239190,0.09903672382751956,0.007924189108038514,"Arthur, T. S. (Timothy Shay)",0.08001263371594489,-0.09111253471948105,0.34730487222017553,0.2851578879225592
all_documents,f3,"Standish, Burt L.",25,364415,0.0493893414373037,0.018994067089367538,"Hill, Grace Brooks",0.3845782619612203,-0.030395274347936166,0.34730487222017553,0.14220745341572144
all_documents,f3,"Steel, Flora Annie Webster",20,361928,0.0714755555643566,0.020367240201920142,"Bloundelle-Burton, John",0.2849539264312745,-0.05110831536243646,0.34730487222017553,0.20580061289507146
all_documents,f3,"Stephen, Leslie",11,146905,0.1303491894032809,0.026176169538962808,"Masefield, John",0.20081574468390173,-0.10417301986431811,0.34730487222017553,0.3753163281874302
all_documents,f3,"Stephens, Ann S. (Ann Sophia)",13,297975,0.06008525658683922,0.011344347099841303,"Coolidge, Susan",0.18880417167638613,-0.04874090948699791,0.34730487222017553,0.1730043583976786
all_documents,f3,"Stephens, Robert Neilson",10,162034,0.07645134421048971,0.015638223877097124,"Smith, Francis Hopkinson",0.20455132658022562,-0.06081312033339259,0.34730487222017553,0.22012747394462992
all_documents,f3,"Stevenson, Burton Egbert",17,303284,0.3821064542321481,0.02131911414802196,"MacDonald, George",0.055793650988867016,-0.36078734008412616,0.34730487222017553,1.1002047042689052
all_documents,f3,"Stevenson, Robert Louis",70,944178,0.2899190774904383,0.027820935722971004,"Gaskell, Elizabeth Cleghorn",0.09596103838281754,-0.2620981417674673,0.34730487222017553,0.8347682416232928
all_documents,f3,"Stockton, Frank Richard",33,364891,0.18548580699347023,0.012586755688988737,"Murray, David Christie",0.06785832238599171,-0.1728990513044815,0.34730487222017553,0.5340719979185338
all_documents,f3,"Stoddard, William Osborn",12,159194,0.1022501659182832,0.02121539337451465,"Goldfrap, John Henry",0.20748517309467912,-0.08103477254376855,0.34730487222017553,0.2944103987503557
all_documents,f3,"Stowe, Harriet Beecher",31,561204,0.17077998795388225,0.019781173777891747,"Heyse, Paul",0.1158284059794728,-0.1509988141759905,0.34730487222017553,0.4917293179970579
all_documents,f3,"Strang, Herbert",32,480633,0.09207285212114973,0.02228037818933505,"Aldrich, Thomas Bailey",0.24198640181167044,-0.06979247393181467,0.34730487222017553,0.2651067102300244
all_documents,f3,"Stratemeyer, Edward",75,988231,0.05181637527101199,0.012379911096892963,"Hope, Laura Lee",0.2389188945028107,-0.03943646417411903,0.34730487222017553,0.14919564744304178
all_documents,f3,"Strindberg, August",22,223555,0.5045461548617253,0.07490244647704539,"Sudermann, Hermann",0.14845509326609174,-0.4296437083846799,0.34730487222017553,1.4527471257065059
all_documents,f3,"Stringer, Arthur",10,94410,0.401818215792692,0.02860540064075844,"MacGregor, Mary Esther Miller",0.07118990507766496,-0.37321281515193355,0.34730487222017553,1.156961067732898
all_documents,f3,"Sudermann, Hermann",14,135236,0.7153287498103775,0.07233364136008284,"Anstey, F.",0.10111943827122474,-0.6429951084502947,0.34730487222017553,2.0596565353016167
all_documents,f3,"Sue, Eugène",44,736661,0.08626550414752572,0.027728691548389143,"Cable, George Washington",0.32143429546263724,-0.05853681259913658,0.34730487222017553,0.2483855282422796
all_documents,f3,Suetonius,14,38596,0.031303430757852045,0.022641350978241728,"Pepys, Samuel",0.7232865673217767,-0.008662079779610317,0.34730487222017553,0.09013242618147635
all_documents,f3,"Swift, Jonathan",16,252512,0.15441703357036965,0.022882896776874134,"Ruskin, John",0.14818894164578114,-0.13153413679349552,0.34730487222017553,0.44461522403427806
all_documents,f3,"Swinburne, Algernon Charles",25,94206,0.4064628415727391,0.05032928859027489,"Swift, Jonathan",0.12382260674932606,-0.3561335529824642,0.34730487222017553,1.1703344066968921
all_documents,f3,"Symonds, John Addington",15,304903,0.10614259402822461,0.02964926536880984,"Schopenhauer, Arthur",0.27933428271901606,-0.07649332865941477,0.34730487222017553,0.3056179239574129
all_documents,f3,"Tagore, Rabindranath",19,74860,0.32223447114254616,0.056675392797923545,"Huneker, James",0.1758824640857625,-0.2655590783446226,0.34730487222017553,0.9278144273722256
all_documents,f3,"Tapper, Thomas",13,9838,0.15754424367879738,0.2887054289803249,"Hoare, Edward",1.8325355610512826,0.13116118530152754,0.34730487222017553,0.45361944585367486
all_documents,f3,"Tarkington, Booth",19,243253,0.0564637653442496,0.022931506468555827,"Cable, George Washington",0.4061278295690428,-0.03353225887569378,0.34730487222017553,0.1625769456768638
all_documents,f3,"Tennyson, Alfred Tennyson, Baron",12,96020,0.4400960437105669,0.0544291736558594,"Nietzsche, Friedrich Wilhelm",0.12367567133063172,-0.38566687005470746,0.34730487222017553,1.2671749776996102
all_documents,f3,"Thackeray, William Makepeace",35,674922,0.14804831209627195,0.02402982975428057,"Lytton, Edward Bulwer Lytton, Baron",0.16231073096365056,-0.12401848234199138,0.34730487222017553,0.4262776711131655
all_documents,f3,"Thoreau, Henry David",11,141497,0.09597277208293754,0.03424119064363359,"Willis, Nathaniel Parker",0.3567802606977228,-0.061731581439303955,0.34730487222017553,0.27633580683571624
all_documents,f3,"Thorne, Guy",15,180564,0.058757821069250496,0.022664200885387772,"Cholmondeley, Mary",0.38572228297363703,-0.036093620183862724,0.34730487222017553,0.16918225389018068
all_documents,f3,"Tolstoy, Leo, graf",38,547902,0.5209790996630123,0.04131241384033957,"Daudet, Alphonse",0.07929764143525508,-0.4796666858226727,0.34730487222017553,1.500062744103213
all_documents,f3,"Tracy, Louis",27,405319,0.04942558469975354,0.006770956190064182,"Richmond, Grace S. (Grace Smith)",0.1369929406236836,-0.04265462850968936,0.34730487222017553,0.14231180917156833
all_documents,f3,"Trollope, Anthony",78,1749594,0.14807226715797517,0.013558476372093415,"Braddon, M. E. (Mary Elizabeth)",0.09156661562849013,-0.13451379078588174,0.34730487222017553,0.426346645272814
all_documents,f3,"Turgenev, Ivan Sergeevich",22,321262,0.09733145820840183,0.04142602739319749,"Fanny, Aunt",0.4256180700025875,-0.05590543081520434,0.34730487222017553,0.28024789167569786
all_documents,f3,"Twain, Mark",142,685208,0.20987536155101513,0.03454138996661698,"Hugo, Victor",0.16458049058903412,-0.17533397158439815,0.34730487222017553,0.6042971991995657
all_documents,f3,United States. Central Intelligence Agency,21,5949970,0.08423859331319121,0.8055673395134483,"Grote, George",9.562924875993884,0.7213287462002571,0.34730487222017553,0.24254941422125448
all_documents,f3,United States. Warren Commission,12,893387,0.025199842179229,0.2422325367762297,"Pinero, Arthur Wing",9.612462453272432,0.2170326945970007,0.34730487222017553,0.07255827428546249
all_documents,f3,United States. Work Projects Administration,34,422882,0.23949650236648481,0.08194591786405202,"Wade, Mary Hazelton Blanchard",0.3421591424272906,-0.1575505845024328,0.34730487222017553,0.6895857833363619
all_documents,f3,"Vaizey, George de Horne, Mrs.",22,294301,0.04397288111634096,0.031190793793026497,"Packard, Frank L. (Frank Lucius)",0.7093188574681667,-0.012782087323314466,0.34730487222017553,0.1266117599653602
all_documents,f3,"Van Dyke, Henry",29,121104,0.2957886038935909,0.030649162290358765,"Allen, Grant",0.10361846902453589,-0.26513944160323216,0.34730487222017553,0.8516684548729117
all_documents,f3,"Vance, Louis Joseph",12,199916,0.044845298297832126,0.046929311646225255,"Wharton, Edith",1.0464711670452613,0.0020840133483931295,0.34730487222017553,0.12912372352036064
all_documents,f3,"Vandercook, Margaret",24,144505,0.07932510054328668,0.02190464849655287,"Cholmondeley, Mary",0.27613767075655693,-0.05742045204673381,0.34730487222017553,0.2284019225995717
all_documents,f3,"Vasari, Giorgio",11,165609,0.08817971030632214,0.11013898566895158,"Mill, John Stuart",1.249028663014955,0.02195927536262944,0.34730487222017553,0.25389713004204617
all_documents,f3,"Verne, Jules",46,713378,0.21203942162858216,0.013021914076053675,"Brady, Cyrus Townsend",0.061412703241869086,-0.19901750755252848,0.34730487222017553,0.6105282090432604
all_documents,f3,Voltaire,19,188047,0.21769650491441567,0.025313539063216595,"Newman, John Henry",0.11627903292782885,-0.19238296585119907,0.34730487222017553,0.6268167317169279
all_documents,f3,"Von Arnim, Elizabeth",12,168080,0.08201402682714624,0.019624181716678207,"Norris, Frank",0.23927835854272061,-0.06238984511046804,0.34730487222017553,0.23614418739036022
all_documents,f3,"Wade, Mary Hazelton Blanchard",21,66075,0.16414978135891803,0.04279562985842551,"Vandercook, Margaret",0.26071085507480324,-0.12135415150049252,0.34730487222017553,0.47263886714164643
all_documents,f3,"Wagner, Richard",11,96417,0.7021750270678756,0.04145120750733538,"Sharp, Dallas Lore",0.05903258576487157,-0.6607238195605403,0.34730487222017553,2.0217828289570567
all_documents,f3,"Wairy, Louis Constant",12,42419,0.03323104064934898,0.030629438427349293,"Irving, Washington",0.9217116836799797,-0.0026016022219996875,0.34730487222017553,0.09568262154491748
all_documents,f3,"Wallace, Alfred Russel",13,251796,0.18046030733866253,0.07154457502063653,"Darwin, Charles",0.39645601892039195,-0.108915732318026,0.34730487222017553,0.519602003234377
all_documents,f3,"Wallace, Dillon",11,110319,0.27172934613405614,0.027562151694579404,"Johnston, Annie F. (Annie Fellows)",0.10143237043297404,-0.24416719443947674,0.34730487222017553,0.7823942819949616
all_documents,f3,"Wallace, Edgar",16,197298,0.25748043525140285,0.02581086566241028,"Gale, Zona",0.10024398800323861,-0.23166956958899257,0.34730487222017553,0.7413671844147696
all_documents,f3,"Wallace, F. L. (Floyd L.)",13,43745,0.0918669354916401,0.027335739135545798,"Dick, Philip K.",0.2975579732713883,-0.0645311963560943,0.34730487222017553,0.2645138114659118
all_documents,f3,"Walpole, Horace",12,311867,0.28731740710312986,0.06238720259880001,"Lamb, Charles",0.2171368704312674,-0.22493020450432985,0.34730487222017553,0.8272772140120846
all_documents,f3,"Walpole, Hugh",12,231847,0.09368274648633583,0.03238012369004609,"Wells, H. G. (Herbert George)",0.34563593515876395,-0.06130262279628974,0.34730487222017553,0.26974210263006393
all_documents,f3,"Walsh, James J. (James Joseph)",12,207837,0.06252668591508198,0.0220297708447969,"Schoolcraft, Henry Rowe",0.35232589929227526,-0.04049691507028508,0.34730487222017553,0.1800340015830325
all_documents,f3,"Walton, Amy",10,72283,0.03605580528360833,0.023448945731217717,"Habberton, John",0.6503514634265586,-0.01260685955239061,0.34730487222017553,0.10381600768546254
all_documents,f3,"Ward, Humphry, Mrs.",33,606764,0.08313269357736014,0.017387647425099698,"Glyn, Elinor",0.20915534763611876,-0.06574504615226044,0.34730487222017553,0.23936518093146064
all_documents,f3,"Warner, Anne",10,128342,0.35000751074806485,0.03966463640612476,"Mulford, Clarence Edward",0.11332510071383965,-0.3103428743419401,0.34730487222017553,1.0077817466556471
all_documents,f3,"Warner, Charles Dudley",41,220303,0.20018748167349557,0.01447914812199509,"Ritchie, J. Ewing (James Ewing)",0.07232793979401012,-0.1857083335515005,0.34730487222017553,0.5764027449248849
all_documents,f3,"Warner, Susan",25,784168,0.04780513355945511,0.049719275120953046,"Hope, Anthony",1.0400405023263313,0.0019141415614979396,0.34730487222017553,0.1376460204944917
all_documents,f3,"Webster, Frank V.",19,172921,0.11125140770662101,0.005889101520730952,"Chapman, Allen",0.05293507419035084,-0.10536230618589006,0.34730487222017553,0.32032780592865584
all_documents,f3,"Webster, Jean",10,96219,0.32510572347982053,0.020294292479178702,"Moore, Frank Frankfort",0.06242367025088188,-0.30481143100064184,0.34730487222017553,0.9360816662362232
all_documents,f3,"Webster, Noah",11,1764534,0.3884638149049999,0.708853932833206,"Ibsen, Henrik",1.8247618069820954,0.32039011792820604,0.34730487222017553,1.1185095458687706
all_documents,f3,"Wells, Carolyn",58,698214,0.21898335265724322,0.028195347357391466,Duchess,0.1287556657401412,-0.19078800529985177,0.34730487222017553,0.6305219712507163
all_documents,f3,"Wells, H. G. (Herbert George)",51,666974,0.29269678135812344,0.033753375123772564,"Walpole, Hugh",0.11531857291752819,-0.25894340623435086,0.34730487222017553,0.8427661250100947
all_documents,f3,"Werner, E.",18,246498,0.05305776380876395,0.01546267742893384,"Stephens, Ann S. (Ann Sophia)",0.2914310049829079,-0.03759508637983011,0.34730487222017553,0.15276999562254265
all_documents,f3,"Westerman, Percy F. (Percy Francis)",34,375264,0.06971816408227749,0.010898281176285532,"Rinehart, Mary Roberts",0.1563191073623796,-0.05881988290599196,0.34730487222017553,0.20074052988833205
all_documents,f3,"Weyman, Stanley John",28,604665,0.04097306260058778,0.02158278723369799,"Fleming, May Agnes",0.5267555282379203,-0.019390275366889788,0.34730487222017553,0.11797433862261718
all_documents,f3,"Weymouth, Richard Francis",25,40673,0.2751358545673853,0.3586768978162374,"Eddy, Mary Baker",1.3036356107792977,0.08354104324885209,0.34730487222017553,0.7922026915676601
all_documents,f3,"Wharton, Edith",33,276818,0.20373167607766102,0.043805195401440664,"Vance, Louis Joseph",0.2150141610023492,-0.15992648067622034,0.34730487222017553,0.5866075957278951
all_documents,f3,"White, Stewart Edward",23,315407,0.1701015135405012,0.014807276173345813,"Burroughs, Edgar Rice",0.08704964385763797,-0.1552942373671554,0.34730487222017553,0.48977577669185296
all_documents,f3,"Whittier, John Greenleaf",37,114549,0.16535621612232007,0.030504297298770532,"Melville, Herman",0.1844762659312752,-0.13485191882354955,0.34730487222017553,0.47611257240725297
all_documents,f3,"Whyte-Melville, G. J. (George John)",10,208559,0.08015805951993754,0.01895208565125723,"Stowe, Harriet Beecher",0.23643393770707882,-0.06120597386868031,0.34730487222017553,0.2308002735680626
all_documents,f3,"Wiggin, Kate Douglas Smith",33,219786,0.1202076155372291,0.02488340458937088,"Balzac, Honoré de",0.20700356194707417,-0.09532421094785822,0.34730487222017553,0.3461155461735732
all_documents,f3,"Wilcox, Ella Wheeler",23,74389,0.30629520336067684,0.025128519129863986,"Meynell, Alice",0.08204019799903293,-0.28116668423081287,0.34730487222017553,0.8819202604405145
all_documents,f3,"Wilde, Oscar",25,142990,0.5357176816853999,0.0560305444831901,"Yeats, W. B. (William Butler)",0.10458968669265246,-0.4796871372022098,0.34730487222017553,1.542499758960419
all_documents,f3,"Williamson, A. M. (Alice Muriel)",15,246124,0.08018827406158834,0.00530575946691363,"Williamson, C. N. (Charles Norris)",0.06616627591758066,-0.07488251459467471,0.34730487222017553,0.2308872707399066
all_documents,f3,"Williamson, C. N. (Charles Norris)",19,305601,0.06628101486446687,0.005364802621318171,"Williamson, A. M. (Alice Muriel)",0.08094026068080365,-0.0609162122431487,0.34730487222017553,0.190843895856571
all_documents,f3,"Willis, Nathaniel Parker",10,105762,0.15893327295392617,0.03611484873228674,"Mitton, G. E. (Geraldine Edith)",0.22723277549790488,-0.12281842422163944,0.34730487222017553,0.457618898168436
all_documents,f3,"Wilson, Ann",12,70690,0.42636992424060083,0.08391446082547149,"Aycock, Roger D.",0.19681139793086933,-0.34245546341512934,0.34730487222017553,1.2276531610829278
all_documents,f3,"Wilson, Harry Leon",13,192721,0.30609531761181175,0.027867228126920586,"Peattie, Elia Wilkinson",0.09104101410091361,-0.27822808948489114,0.34730487222017553,0.8813447264792795
all_documents,f3,"Wirt, Mildred A. (Mildred Augustine)",30,291644,0.024296799198008732,0.04786044091057384,"Patchin, Frank Gee",1.9698249353970991,0.02356364171256511,0.34730487222017553,0.06995812941721608
all_documents,f3,"Wister, Owen",13,128203,0.2372869981859123,0.012584305286616337,"Moore, Frank Frankfort",0.05303411220515607,-0.22470269289929598,0.34730487222017553,0.6832239256219911
all_documents,f3,"Wodehouse, P. G. (Pelham Grenville)",37,490164,0.0610848648881033,0.016757968907690466,"Gibbs, George",0.2743391335707807,-0.04432689598041284,0.34730487222017553,0.17588254520477406
all_documents,f3,"Wood, Henry, Mrs.",24,739657,0.054675947244045016,0.02177456636967775,"Moore, Frank Frankfort",0.3982476293000906,-0.03290138087436727,0.34730487222017553,0.15742925486338397
all_documents,f3,"Wood, William Charles Henry",12,64271,0.08836791187856027,0.04058626564661006,"Warner, Charles Dudley",0.4592873678217699,-0.04778164623195021,0.34730487222017553,0.25443902158256804
all_documents,f3,"Woolson, Constance Fenimore",14,260357,0.1684603239872631,0.025065452415509223,"Gaskell, Elizabeth Cleghorn",0.1487914294727604,-0.14339487157175387,0.34730487222017553,0.48505027559897546
all_documents,f3,"Wordsworth, William",14,288887,0.185336060817507,0.0733988886566908,"Hearn, Lafcadio",0.3960313407597658,-0.11193717216081621,0.34730487222017553,0.533640831563147
all_documents,f3,"Wright, Harold Bell",10,149522,0.1672317576070106,0.011623263896927027,"Norris, Frank",0.06950392714427683,-0.15560849371008356,0.34730487222017553,0.48151284644516373
all_documents,f3,Xenophon,16,153191,0.4047444148810046,0.1482741470171683,"Burton, Richard Francis, Sir",0.36634019288632086,-0.2564702678638363,0.34730487222017553,1.1653865155810859
all_documents,f3,"Yeats, W. B. (William Butler)",35,133529,0.4135792124376903,0.033248267730275484,"Hoare, Edward",0.0803915349959342,-0.3803309447074148,0.34730487222017553,1.190824677447945
all_documents,f3,"Yonge, Charlotte M. (Charlotte Mary)",59,1289077,0.2037686418736573,0.01769760852906002,"Craik, Dinah Maria Mulock",0.08685148198628655,-0.1860710333445973,0.34730487222017553,0.5867140318851537
all_documents,f3,"Young, Clarence",23,280301,0.022884698018852897,0.005007786195039869,"Chadwick, Lester",0.2188268418885995,-0.017876911823813027,0.34730487222017553,0.06589224583162495
all_documents,f3,"Young, Filson",11,31108,0.25953587821652285,0.033814456981311115,"Roosevelt, Theodore",0.13028817908983184,-0.22572142123521174,0.34730487222017553,0.7472854514174189
all_documents,f3,"Zangwill, Israel",15,294468,0.18568366898174504,0.015110177592790418,"Kipling, Rudyard",0.08137591030838545,-0.1705734913889546,0.34730487222017553,0.5346417048362916
all_documents,f3,"Zola, Émile",37,607708,0.19930550760293358,0.020040432927976377,"Ebers, Georg",0.10055132529454194,-0.1792650746749572,0.34730487222017553,0.5738632640793561
all_documents,f3,`Abdu'l-Bahá,15,137290,0.3137455103992786,0.10315348324939722,"Meynell, Alice",0.3287807469121139,-0.2105920271498814,0.34730487222017553,0.9033720385021785
deduplicated_within_author,f1,"Abbott, Eleanor Hallowell",10,79604,0.07097040394563188,0.03146421015362436,"Standish, Burt L.",0.4433426950440929,-0.03950619379200752,0.16891592525789165,0.42015223749494385
deduplicated_within_author,f1,"Abbott, Jacob",51,414731,0.17982849930165115,0.007477114533134175,"Grinnell, George Bird",0.041579141026983596,-0.17235138476851697,0.16891592525789165,1.0646035832743348
deduplicated_within_author,f1,"Abbott, John S. C. (John Stevens Cabot)",23,272735,0.025095420702380418,0.011806681514618405,"Nye, Bill",0.47047155154878456,-0.013288739187762013,0.16891592525789165,0.14856752354205854
deduplicated_within_author,f1,"Adams, Andy",10,102879,0.14855627953588363,0.007882412048195241,"Eggleston, George Cary",0.0530601067341031,-0.1406738674876884,0.16891592525789165,0.8794687612140536
deduplicated_within_author,f1,"Adams, Samuel Hopkins",13,223823,0.08211932671634102,0.010073595028751176,"Smith, George O. (George Oliver)",0.1226702097004239,-0.07204573168758985,0.16891592525789165,0.4861550300302692
deduplicated_within_author,f1,Aesop,22,44566,0.6671540433991615,0.01573543710024702,Dante Alighieri,0.023585912812691193,-0.6514186062989145,0.16891592525789165,3.949621933992233
deduplicated_within_author,f1,"Aimard, Gustave",29,560205,0.02360511045921664,0.003974539464696449,"Lever, Charles James",0.16837622817158163,-0.01963057099452019,0.16891592525789165,0.13974473054081574
deduplicated_within_author,f1,"Ainsworth, William Harrison",20,560529,0.02615020182148788,0.0010717368480766658,"Murfree, Mary Noailles",0.0409838843842501,-0.025078464973411214,0.16891592525789165,0.1548119384336508
deduplicated_within_author,f1,"Alcott, Louisa May",37,420281,0.03405419155928777,0.0019772433491851205,"Le Fanu, Joseph Sheridan",0.05806167342844634,-0.03207694821010265,0.16891592525789165,0.20160438695934493
deduplicated_within_author,f1,"Aldrich, Thomas Bailey",19,57740,0.10162523652447027,0.004152283074173903,"Williamson, A. M. (Alice Muriel)",0.04085877894290635,-0.09747295345029636,0.16891592525789165,0.6016320626330193
deduplicated_within_author,f1,"Alger, Horatio, Jr.",95,1280977,0.04764932694694716,0.00723701397948614,"Blanchard, Amy Ella",0.1518807178020341,-0.04041231296746102,0.16891592525789165,0.28208901484095567
deduplicated_within_author,f1,"Allen, Grant",29,357781,0.14041324868829036,0.005466867489616508,"Twain, Mark",0.03893412865727971,-0.13494638119867386,0.16891592525789165,0.8312611642384521
deduplicated_within_author,f1,"Allen, James Lane",13,82217,0.06417890558675386,0.008912094645893803,"Meredith, George",0.13886330040089068,-0.055266810940860056,0.16891592525789165,0.37994585465384034
deduplicated_within_author,f1,"Altsheler, Joseph A. (Joseph Alexander)",33,548187,0.020765936330872654,0.009075839636278355,"Doyle, Arthur Conan",0.4370541973965957,-0.0116900966945943,0.16891592525789165,0.12293652181798935
deduplicated_within_author,f1,"Andersen, H. C. (Hans Christian)",14,199903,0.06306581041673075,0.0060719268676191354,"Disraeli, Benjamin, Earl of Beaconsfield",0.09627921733656676,-0.05699388354911161,0.16891592525789165,0.3733562144625813
deduplicated_within_author,f1,"Andreyev, Leonid",11,92463,0.19681554983113142,0.029832987539321964,"Strindberg, August",0.15157840711731768,-0.16698256229180947,0.16891592525789165,1.1651687046715349
deduplicated_within_author,f1,"Anstey, F.",18,223113,0.22644535153876086,0.02494287180719562,"Kipling, Rudyard",0.11014963052984608,-0.20150247973156524,0.16891592525789165,1.3405802395069406
deduplicated_within_author,f1,"Appleton, Victor",31,309418,0.01443456650594772,0.0011519051579416523,"Young, Clarence",0.07980185324353269,-0.013282661348006068,0.16891592525789165,0.08545414817406831
deduplicated_within_author,f1,"Arthur, T. S. (Timothy Shay)",32,380215,0.032856502795971826,0.0022736884730614835,"Peattie, Elia Wilkinson",0.06920056243296335,-0.030582814322910344,0.16891592525789165,0.19451394382032544
deduplicated_within_author,f1,"Ashton, John",17,331324,0.027207232447747795,0.0056988120318495535,"Brandes, Georg",0.20945945320951964,-0.02150842041589824,0.16891592525789165,0.1610696706436014
deduplicated_within_author,f1,"Atherton, Gertrude Franklin Horn",25,311725,0.06955412889749445,0.005606681130228662,"Conrad, Joseph",0.08060889007022891,-0.06394744776726578,0.16891592525789165,0.41176774061594834
deduplicated_within_author,f1,"Atkinson, William Walker",19,122836,0.06642278723938232,0.00830721467051582,"Masefield, John",0.12506573445310712,-0.0581155725688665,0.16891592525789165,0.3932298694629983
deduplicated_within_author,f1,"Auerbach, Berthold",10,246077,0.03823173765792898,0.005825497249419117,"Disraeli, Benjamin, Earl of Beaconsfield",0.15237333185170965,-0.03240624040850986,0.16891592525789165,0.22633589816684743
deduplicated_within_author,f1,"Aycock, Roger D.",12,9732,0.02429925335683048,0.0038444679367962255,"Garrett, Randall",0.1582134183442123,-0.020454785420034257,0.16891592525789165,0.1438541293233998
deduplicated_within_author,f1,"Bacheller, Irving",18,178554,0.05681670566612261,0.0034546260398397796,"Hayes, Clair W. (Clair Wallace)",0.060802997979863986,-0.05336207962628283,0.16891592525789165,0.3363608586897769
deduplicated_within_author,f1,"Bacon, Josephine Daskam",13,83980,0.03349065604126203,0.0051127104638305524,"Caine, Hall, Sir",0.15266080358448214,-0.028377945577431476,0.16891592525789165,0.19826819756710515
deduplicated_within_author,f1,Bahá'u'lláh,11,78751,0.22436750934944705,0.032509148460309896,`Abdu'l-Bahá,0.14489240690227423,-0.19185836088913716,0.16891592525789165,1.3282791957412834
deduplicated_within_author,f1,"Bailey, Arthur Scott",40,109082,0.032062461424863374,0.0327235291762997,"Snell, Roy J. (Roy Judson)",1.0206181223168251,0.0006610677514363242,0.16891592525789165,0.1898131355934152
deduplicated_within_author,f1,"Baker, George M. (George Melville)",19,103804,0.1733192636355095,0.024065789091040443,"Shaw, Bernard",0.13885236174122462,-0.14925347454446908,0.16891592525789165,1.0260682251889222
deduplicated_within_author,f1,"Baldwin, James",11,105298,0.11168629723220826,0.006785763455995052,"Seton, Ernest Thompson",0.06075735004345872,-0.10490053377621321,0.16891592525789165,0.661194597618263
deduplicated_within_author,f1,"Ballantyne, R. M. (Robert Michael)",91,1109394,0.04675585975495801,0.005201538639097581,"Yonge, Charlotte M. (Charlotte Mary)",0.11124891438973075,-0.04155432111586043,0.16891592525789165,0.27679959532278386
deduplicated_within_author,f1,"Ballou, Maturin Murray",19,227897,0.12181172111704386,0.0058267234479421025,"Skinner, Charles M. (Charles Montgomery)",0.047833848783266464,-0.11598499766910175,0.16891592525789165,0.7211381693648384
deduplicated_within_author,f1,"Balzac, Honoré de",119,1150655,0.1307843642567235,0.005493074259483701,"Gaskell, Elizabeth Cleghorn",0.04200100134830382,-0.1252912899972398,0.16891592525789165,0.7742571581516013
deduplicated_within_author,f1,"Bangs, John Kendrick",37,241446,0.10230948206633136,0.004634879993507668,"Nesbit, E. (Edith)",0.04530254576504149,-0.09767460207282369,0.16891592525789165,0.6056828680311274
deduplicated_within_author,f1,"Barbour, Ralph Henry",32,420072,0.022489391511137945,0.0022836390929154376,"Fletcher, J. S. (Joseph Smith)",0.10154294711728673,-0.02020575241822251,0.16891592525789165,0.13313955730818375
deduplicated_within_author,f1,"Baring-Gould, S. (Sabine)",57,974321,0.10545502895912591,0.002925199676077477,"Conwell, Russell H.",0.027738835264189028,-0.10252982928304843,0.16891592525789165,0.6243048356637949
deduplicated_within_author,f1,"Barr, Amelia E.",26,396291,0.03367577272420525,0.0034921502346264583,"Meade, L. T.",0.10369918645152257,-0.030183622489578794,0.16891592525789165,0.199364107752368
deduplicated_within_author,f1,"Barr, Robert",20,302898,0.017005694347028016,0.0030374392674635403,"Glasgow, Ellen Anderson Gholson",0.17861306956833406,-0.013968255079564475,0.16891592525789165,0.10067549475317171
deduplicated_within_author,f1,"Barrie, J. M. (James Matthew)",25,216213,0.26676458335951636,0.010124840163836153,"Jerome, Jerome K. (Jerome Klapka)",0.037954214297596586,-0.2566397431956802,0.16891592525789165,1.579274322135315
deduplicated_within_author,f1,"Bassett, Sara Ware",16,146619,0.01879626856841406,0.006378106486192742,"Brand, Max",0.33932833333264595,-0.012418162082221318,0.16891592525789165,0.111275882008857
deduplicated_within_author,f1,"Bates, Arlo",14,155662,0.07543520194601899,0.00292190717921837,"Page, Thomas Nelson",0.0387340008887266,-0.07251329476680063,0.16891592525789165,0.44658431009893607
deduplicated_within_author,f1,"Baum, L. Frank (Lyman Frank)",54,454218,0.08860306470779462,0.003171496114807346,"Kyne, Peter B. (Peter Bernard)",0.03579442906706073,-0.08543156859298728,0.16891592525789165,0.5245394392063406
deduplicated_within_author,f1,"Beach, Rex",16,301372,0.01965790610780031,0.003904872856579543,"Rice, Alice Caldwell Hegan",0.19864134232638742,-0.015753033251220766,0.16891592525789165,0.11637686664408751
deduplicated_within_author,f1,"Beaumont, Francis",10,150259,0.0801055048595956,0.014817657957521125,"Fletcher, John",0.18497677511043314,-0.06528784690207447,0.16891592525789165,0.4742329933503598
deduplicated_within_author,f1,"Becke, Louis",39,156598,0.08591413604805628,0.006071462073689624,"Boldrewood, Rolf",0.07066895336401378,-0.07984267397436666,0.16891592525789165,0.5086206994212491
deduplicated_within_author,f1,"Beerbohm, Max, Sir",10,60881,0.055264437058505804,0.008150305221156074,"Wells, H. G. (Herbert George)",0.1474782998789572,-0.04711413183734973,0.16891592525789165,0.32717126567036864
deduplicated_within_author,f1,"Beers, Henry A. (Henry Augustin)",10,159308,0.08681008564506999,0.00790028466221133,"Atkinson, William Walker",0.09100652998445685,-0.07890980098285866,0.16891592525789165,0.5139248150376176
deduplicated_within_author,f1,"Bellamy, Edward",20,70214,0.051163574457061566,0.005722805963661441,"Munroe, Kirk",0.11185313036453774,-0.045440768493400126,0.16891592525789165,0.3028937288118205
deduplicated_within_author,f1,"Belloc, Hilaire",27,182245,0.13485809168736201,0.008896427368139996,"Franklin, Benjamin",0.06596880659385534,-0.125961664319222,0.16891592525789165,0.7983740519519874
deduplicated_within_author,f1,"Bennett, Arnold",44,593304,0.17187727031407563,0.010032606435037516,"Hay, Ian",0.05837075732413415,-0.16184466387903812,0.16891592525789165,1.0175314734336787
deduplicated_within_author,f1,"Benson, Arthur Christopher",16,170828,0.07831333522025506,0.010552084895369566,"Wairy, Louis Constant",0.13474186568215984,-0.0677612503248855,0.16891592525789165,0.4636231610529944
deduplicated_within_author,f1,"Benson, E. F. (Edward Frederic)",28,395249,0.07680933928459024,0.004201270515399793,"Churchill, Winston",0.05469739167828861,-0.07260806876919045,0.16891592525789165,0.4547193473162576
deduplicated_within_author,f1,"Benson, Robert Hugh",11,197957,0.07316868728533976,0.016234059156760995,"Moore, George Augustus",0.22187167433320465,-0.05693462812857877,0.16891592525789165,0.4331663055074872
deduplicated_within_author,f1,"Bensusan, S. L. (Samuel Levy)",11,31013,0.04479298911585036,0.0067945011062166445,"Morris, Charles",0.1516867090214427,-0.03799848800963372,0.16891592525789165,0.2651791951970358
deduplicated_within_author,f1,"Besant, Annie",17,123182,0.09419698959438956,0.005668822603748128,"Huxley, Thomas Henry",0.06018050712828478,-0.08852816699064144,0.16891592525789165,0.5576560614434354
deduplicated_within_author,f1,"Besant, Walter",19,411745,0.15684142247642457,0.005805997794245561,"Moody, Dwight Lyman",0.03701826789487504,-0.151035424682179,0.16891592525789165,0.92851767669015
deduplicated_within_author,f1,"Bierce, Ambrose",17,105396,0.09083399966545294,0.007398079110887326,"Allen, Grant",0.08144614503528298,-0.08343592055456561,0.16891592525789165,0.5377468082229223
deduplicated_within_author,f1,"Bindloss, Harold",43,762951,0.03045143555699289,0.0024536372764305857,"Freeman, Mary Eleanor Wilkins",0.08057542219441048,-0.027997798280562307,0.16891592525789165,0.180275693428558
deduplicated_within_author,f1,"Birmingham, George A.",15,200093,0.05864484879908908,0.007546145838215756,"Chase, Josephine",0.12867533965460526,-0.05109870296087332,0.16891592525789165,0.34718365784370725
deduplicated_within_author,f1,"Bjørnson, Bjørnstjerne",16,162661,0.1826665562113296,0.02198785785628309,"Phelps, Elizabeth Stuart",0.12037155740126297,-0.1606786983550465,0.16891592525789165,1.0814051779454439
deduplicated_within_author,f1,"Black, William",20,317590,0.04049359309029597,0.009059293516835723,Pansy,0.22372165138901254,-0.03143429957346025,0.16891592525789165,0.2397263196378468
deduplicated_within_author,f1,"Blackmore, R. D. (Richard Doddridge)",23,473815,0.02617320497662098,0.009908779339642695,"Mackintosh, Charles Henry",0.37858486755800974,-0.016264425636978285,0.16891592525789165,0.1549481195255045
deduplicated_within_author,f1,"Blackwood, Algernon",22,290955,0.028158836751254898,0.011034891301843684,"Coolidge, Susan",0.3918802257110963,-0.017123945449411215,0.16891592525789165,0.16670326796164137
deduplicated_within_author,f1,"Blanchard, Amy Ella",12,118845,0.011491452677212417,0.0071105383336010726,"Alger, Horatio, Jr.",0.6187675773752512,-0.004380914343611345,0.16891592525789165,0.06803060551968615
deduplicated_within_author,f1,"Blasco Ibáñez, Vicente",14,200886,0.07795229483596063,0.018007490632629748,"Daudet, Alphonse",0.23100654920453487,-0.05994480420333088,0.16891592525789165,0.4614857640980109
deduplicated_within_author,f1,"Bloundelle-Burton, John",14,230147,0.01222296805162885,0.004766482981694752,"Mühlbach, L. (Luise)",0.3899611748604353,-0.007456485069934097,0.16891592525789165,0.07236125328602076
deduplicated_within_author,f1,"Boldrewood, Rolf",15,282371,0.01776136705793563,0.0051990818936455754,"Brady, Cyrus Townsend",0.29271856590130374,-0.012562285164290053,0.16891592525789165,0.10514915648609531
deduplicated_within_author,f1,"Bone, Jesse F. (Jesse Franklin)",12,30232,0.1278554050517566,0.007495475542254925,"Goodwin, Harold L. (Harold Leland)",0.058624627869433545,-0.12035992950950168,0.16891592525789165,0.7569174123550159
deduplicated_within_author,f1,"Boothby, Guy",16,207040,0.024707951411224817,0.0017980579300614567,"Murray, David Christie",0.0727724407473377,-0.02290989348116336,0.16891592525789165,0.14627366468556507
deduplicated_within_author,f1,"Borrow, George",39,607603,0.0981981335615756,0.004723669156912238,"Marryat, Frederick",0.048103451517744374,-0.09347446440466337,0.16891592525789165,0.5813432535248055
deduplicated_within_author,f1,"Boswell, James",12,449450,0.10296605751717652,0.012658174451111198,"Wood, William Charles Henry",0.12293540955474182,-0.09030788306606533,0.16891592525789165,0.6095698635873056
deduplicated_within_author,f1,"Bourrienne, Louis Antoine Fauvelet de",16,67958,0.014890187686393623,0.0048165947523262104,"Jefferies, Richard",0.3234744150825933,-0.010073592934067413,0.16891592525789165,0.0881514733655817
deduplicated_within_author,f1,"Bowen, Robert Sidney",15,145321,0.01792457089355585,0.014333532303665436,"Fyfe, H. B. (Horace Bowne)",0.7996583231355654,-0.0035910385898904155,0.16891592525789165,0.10611534031613415
deduplicated_within_author,f1,"Bower, B. M.",29,296092,0.020893902755813463,0.0021780397790486677,"Peattie, Elia Wilkinson",0.10424284081836534,-0.018715862976764794,0.16891592525789165,0.12369409647973563
deduplicated_within_author,f1,"Braddon, M. E. (Mary Elizabeth)",30,538823,0.021513743961538594,0.0016237607359622646,"Sedgwick, Anne Douglas",0.07547550713930401,-0.01988998322557633,0.16891592525789165,0.12736362145068666
deduplicated_within_author,f1,"Brady, Cyrus Townsend",13,172126,0.12201497621566156,0.0032226517587790513,"Ellis, Edward Sylvester",0.02641193613055345,-0.11879232445688251,0.16891592525789165,0.7223414608739568
deduplicated_within_author,f1,"Brame, Charlotte M.",11,153903,0.00919880445304822,0.0030138458579756357,"Carey, Rosa Nouchette",0.3276345174374191,-0.006184958595072584,0.16891592525789165,0.054457887490501476
deduplicated_within_author,f1,"Brand, Max",14,195218,0.031047189792530915,0.002431850935010093,"Rice, Alice Caldwell Hegan",0.07832757010411062,-0.028615338857520822,0.16891592525789165,0.18380262100882291
deduplicated_within_author,f1,"Brandes, Georg",11,205509,0.028198274504517694,0.004916263693626004,"Coleridge, Samuel Taylor",0.17434625983367746,-0.02328201081089169,0.16891592525789165,0.16693674359872288
deduplicated_within_author,f1,"Brazil, Angela",27,329223,0.01897791342874251,0.0035520200189642645,"Perkins, Lucy Fitch",0.1871659933691469,-0.015425893409778246,0.16891592525789165,0.11235123863998059
deduplicated_within_author,f1,"Brereton, F. S. (Frederick Sadleir)",18,321255,0.033753970901659255,0.0019459036267682078,"Frederic, Harold",0.05764962091238137,-0.03180806727489105,0.16891592525789165,0.19982704916736257
deduplicated_within_author,f1,"Bridges, Robert",11,76571,0.2935423568017378,0.02057171167057125,"Jonson, Ben",0.07008089699458822,-0.27297064513116653,0.16891592525789165,1.7378015504078332
deduplicated_within_author,f1,"Brinton, Daniel G. (Daniel Garrison)",18,110333,0.0857164368989507,0.008631321923163742,"Walsh, James J. (James Joseph)",0.10069622858144496,-0.07708511497578696,0.16891592525789165,0.5074502997161665
deduplicated_within_author,f1,"Browning, Robert",10,96085,0.09198163214214086,0.03543296700298887,"Nietzsche, Friedrich Wilhelm",0.38521785467161174,-0.05654866513915199,0.16891592525789165,0.5445409128932533
deduplicated_within_author,f1,"Buchan, John",11,141896,0.0683903694699929,0.01316128853181957,"Adams, Andy",0.1924435945267739,-0.05522908093817333,0.16891592525789165,0.4048781627047787
deduplicated_within_author,f1,"Buchanan, Robert Williams",10,83453,0.043673428776957395,0.0015030136159034794,"Fleming, May Agnes",0.03441482974875759,-0.042170415161053916,0.16891592525789165,0.25855128052774884
deduplicated_within_author,f1,"Buck, Charles Neville",11,154394,0.028346369567342766,0.0038813076521590556,"Aycock, Roger D.",0.1369243296901987,-0.02446506191518371,0.16891592525789165,0.16781348190861856
deduplicated_within_author,f1,"Buffon, Georges Louis Leclerc, comte de",10,107973,0.016602335211610728,0.018880102255926096,"Hume, David",1.1371955821445183,0.0022777670443153673,0.16891592525789165,0.09828756635150407
deduplicated_within_author,f1,"Bunyan, John",14,581370,0.10549066004194435,0.030769330587601784,"Carlyle, Thomas",0.29167824502536555,-0.07472132945434257,0.16891592525789165,0.6245157754124542
deduplicated_within_author,f1,"Burgess, Gelett",11,73049,0.237875111026962,0.0021156392418760837,"Glyn, Elinor",0.008893907533000737,-0.2357594717850859,0.16891592525789165,1.4082456148748983
deduplicated_within_author,f1,"Burgess, Thornton W. (Thornton Waldo)",37,125332,0.03366176032883732,0.010212708422575087,"Curwood, James Oliver",0.30339198909410797,-0.02344905190626223,0.16891592525789165,0.1992811529016247
deduplicated_within_author,f1,"Burke, Edmund",15,273372,0.03830070576417358,0.009572198741219238,"Johnson, Samuel",0.24992225470093182,-0.028728507022954347,0.16891592525789165,0.22674419659187342
deduplicated_within_author,f1,"Burnett, Frances Hodgson",41,358626,0.1760635216486766,0.0029295358982822195,"Frey, Hildegard G.",0.016639084978249608,-0.1731339857503944,0.16891592525789165,1.0423145205514068
deduplicated_within_author,f1,"Burney, Fanny",14,369826,0.0788962120641117,0.005898461052887095,"Grant, James, archaeologist",0.07476228450732157,-0.0729977510112246,0.16891592525789165,0.4670738531234237
deduplicated_within_author,f1,"Burroughs, Edgar Rice",19,166014,0.3020288148997315,0.00282927651629448,"White, Stewart Edward",0.00936757149225564,-0.299199538383437,0.16891592525789165,1.7880422727378151
deduplicated_within_author,f1,"Burroughs, John",23,180001,0.0423880311795194,0.0042358592801665955,"Mitton, G. E. (Geraldine Edith)",0.09993055025903712,-0.038152171899352806,0.16891592525789165,0.2509415918884123
deduplicated_within_author,f1,"Burton, Richard Francis, Sir",20,466765,0.08316470318922443,0.023270166854462045,"Byron, George Gordon Byron, Baron",0.2798082114417639,-0.05989453633476239,0.16891592525789165,0.4923437684294899
deduplicated_within_author,f1,"Butler, Ellis Parker",22,117977,0.12032099413502166,0.0010662798649684231,"Speed, Nell",0.008861960230912541,-0.11925471427005324,0.16891592525789165,0.71231290922583
deduplicated_within_author,f1,"Butler, Samuel",18,205129,0.05593545574099674,0.004453825334866477,"Huxley, Thomas Henry",0.0796243684057827,-0.05148163040613026,0.16891592525789165,0.3311437666732579
deduplicated_within_author,f1,"Byron, George Gordon Byron, Baron",12,413087,0.12393661997444959,0.01272871802060198,"Lamb, Charles",0.10270344651343642,-0.11120790195384761,0.16891592525789165,0.7337177935427337
deduplicated_within_author,f1,"Cabell, James Branch",13,153424,0.09849388276221638,0.00976835077005102,"Hardy, Thomas",0.09917723310425015,-0.08872553199216536,0.16891592525789165,0.5830941198222801
deduplicated_within_author,f1,"Cable, George Washington",14,239305,0.05283452825702231,0.0044157518844285155,"Tarkington, Booth",0.08357700977185524,-0.0484187763725938,0.16891592525789165,0.3127859506222248
deduplicated_within_author,f1,"Caine, Hall, Sir",17,361429,0.08992627378437568,0.004840709474213774,"Bacon, Josephine Daskam",0.05382975709435908,-0.0850855643101619,0.16891592525789165,0.5323729757693428
deduplicated_within_author,f1,"Cannon, Richard",26,132228,0.017646893127468494,0.011459149615084862,"Maspero, G. (Gaston)",0.6493579086308386,-0.006187743512383633,0.16891592525789165,0.10447145880725087
deduplicated_within_author,f1,"Carey, Rosa Nouchette",11,288341,0.02235243242337173,0.003333205937671025,"Brame, Charlotte M.",0.1491205017215854,-0.019019226485700702,0.16891592525789165,0.13232874513901072
deduplicated_within_author,f1,"Carleton, William",21,426368,0.1303905802409206,0.004889201334343827,"Lever, Charles James",0.03749658391971358,-0.12550137890657675,0.16891592525789165,0.771925915462662
deduplicated_within_author,f1,"Carlyle, Thomas",35,559546,0.06637628875425639,0.02908832343626732,"Jameson, Mrs. (Anna)",0.4382336521398544,-0.037287965317989065,0.16891592525789165,0.39295459355248286
deduplicated_within_author,f1,"Carroll, Lewis",19,129994,0.16011892453826956,0.060320896324729555,"Anstey, F.",0.3767255900492414,-0.09979802821354,0.16891592525789165,0.9479208327681875
deduplicated_within_author,f1,"Carter, Herbert, active 1909-1917",12,126057,0.023034265730839273,0.004336207537036426,"Mathews, Joanna H. (Joanna Hooe)",0.18825030446839566,-0.018698058193802845,0.16891592525789165,0.13636526985642003
deduplicated_within_author,f1,"Casanova, Giacomo",32,197400,0.029157512442576854,0.0052816977396047,"Henty, G. A. (George Alfred)",0.18114363322339438,-0.023875814702972155,0.16891592525789165,0.1726155328342236
deduplicated_within_author,f1,"Castlemon, Harry",38,456572,0.03273158808810835,0.0026447872996784305,"Stacpoole, H. De Vere (Henry De Vere)",0.08080229081946998,-0.030086800788429922,0.16891592525789165,0.19377443564385977
deduplicated_within_author,f1,"Catherwood, Mary Hartwell",20,88407,0.03812133650498241,0.0033323476077026415,"Crane, Stephen",0.08741423867096339,-0.034788988897279764,0.16891592525789165,0.22568231175823608
deduplicated_within_author,f1,"Cawein, Madison Julius",19,85789,0.03922288627353742,0.040259260141368866,"Goethe, Johann Wolfgang von",1.0264226824258635,0.0010363738678314457,0.16891592525789165,0.23220360196147316
deduplicated_within_author,f1,"Cervantes Saavedra, Miguel de",47,172891,0.048531089335284605,0.009992094188611913,"Collingwood, Harry",0.20589058118147668,-0.038538995146672694,0.16891592525789165,0.2873091406934543
deduplicated_within_author,f1,"Chadwick, Lester",16,208345,0.014528222263023641,0.0010058070116654091,"Young, Clarence",0.06923125166011046,-0.013522415251358232,0.16891592525789165,0.08600860008221689
deduplicated_within_author,f1,"Chambers, Robert W. (Robert William)",43,848955,0.029902963653828454,0.011768338658936854,"Deland, Margaret Wade Campbell",0.39355091338681286,-0.0181346249948916,0.16891592525789165,0.17702868221675508
deduplicated_within_author,f1,"Chapman, Allen",25,260481,0.035162602846769364,0.0004724761029332635,"Hancock, H. Irving (Harrie Irving)",0.013436892171839698,-0.0346901267438361,0.16891592525789165,0.20816629807453035
deduplicated_within_author,f1,"Chase, Josephine",32,335447,0.0253445669594136,0.0069942219649184525,"Sheckley, Robert",0.27596533711224547,-0.018350344994495147,0.16891592525789165,0.15004249552384652
deduplicated_within_author,f1,"Chekhov, Anton Pavlovich",23,268031,0.13031996221758896,0.015898254417033644,"Herrick, Robert",0.12199400726106024,-0.11442170780055531,0.16891592525789165,0.7715078493553733
deduplicated_within_author,f1,"Chesterfield, Philip Dormer Stanhope, Earl of",12,52888,0.06899502970367624,0.014338566969412476,"Defoe, Daniel",0.20782028837431574,-0.054656462734263764,0.16891592525789165,0.4084578147284715
deduplicated_within_author,f1,"Chesterton, G. K. (Gilbert Keith)",37,223598,0.1438243764886648,0.010015402224802128,"Seton, Ernest Thompson",0.06963633334848122,-0.13380897426386268,0.16891592525789165,0.8514553987084497
deduplicated_within_author,f1,"Cholmondeley, Mary",11,133454,0.014450511180319025,0.00551413313351094,"Merriman, Henry Seton",0.38158740993335605,-0.008936378046808083,0.16891592525789165,0.08554854231924415
deduplicated_within_author,f1,"Church, Alfred John",12,139674,0.04886775175351807,0.005546667978366508,"Hale, Edward Everett",0.11350364564228586,-0.04332108377515156,0.16891592525789165,0.2893022175316474
deduplicated_within_author,f1,"Churchill, Winston",62,460412,0.0881525923173964,0.0038572765910350696,"London, Jack",0.04375681406108642,-0.08429531572636133,0.16891592525789165,0.5218725953921148
deduplicated_within_author,f1,"Cicero, Marcus Tullius",14,271880,0.10946925080244542,0.019571157649301375,"Belloc, Hilaire",0.17878223798773069,-0.08989809315314404,0.16891592525789165,0.6480694501439915
deduplicated_within_author,f1,"Cobb, Irvin S. (Irvin Shrewsbury)",24,177113,0.08923670119113837,0.004408107767579105,"Strang, Herbert",0.04939792382214204,-0.08482859342355926,0.16891592525789165,0.5282906336681792
deduplicated_within_author,f1,"Cody, H. A. (Hiram Alfred)",12,194353,0.018746062684868794,0.007201320898619418,"Oppenheim, E. Phillips (Edward Phillips)",0.38415111587309947,-0.011544741786249375,0.16891592525789165,0.1109786579107229
deduplicated_within_author,f1,"Coleridge, Samuel Taylor",18,310884,0.0962853668744386,0.005272624686079986,"Brandes, Georg",0.05476039461900559,-0.09101274218835861,0.16891592525789165,0.5700194740515753
deduplicated_within_author,f1,"Collingwood, Harry",33,465840,0.016383681060511652,0.009249172542988304,"Cervantes Saavedra, Miguel de",0.5645356808904737,-0.007134508517523348,0.16891592525789165,0.09699311083604426
deduplicated_within_author,f1,"Collins, Wilkie",35,760057,0.06913389632012575,0.006720560041492646,"Phelps, Elizabeth Stuart",0.09721078080675465,-0.0624133362786331,0.16891592525789165,0.40927991966758537
deduplicated_within_author,f1,"Comstock, Harriet T. (Harriet Theresa)",10,150795,0.016986040289028347,0.009161783949891462,"Porter, Eleanor H. (Eleanor Hodgman)",0.5393713775546181,-0.007824256339136885,0.16891592525789165,0.1005591406677315
deduplicated_within_author,f1,"Connor, Ralph",14,264332,0.0354365779872342,0.004720313074318723,"Matthews, Stanley R.",0.13320454012289748,-0.03071626491291548,0.16891592525789165,0.2097882596512529
deduplicated_within_author,f1,"Conrad, Joseph",31,340352,0.1521952175889127,0.006505770616651121,"Atherton, Gertrude Franklin Horn",0.04274622238277914,-0.14568944697226158,0.16891592525789165,0.9010116562813678
deduplicated_within_author,f1,"Conwell, Russell H.",11,23729,0.10736282590992294,0.003204852943227323,"Baring-Gould, S. (Sabine)",0.0298506761168543,-0.10415797296669561,0.16891592525789165,0.6355991937764732
deduplicated_within_author,f1,"Coolidge, Susan",14,127438,0.0729432637395287,0.0012325205901615852,"Verne, Jules",0.016896976183609805,-0.07171074314936711,0.16891592525789165,0.4318317744650949
deduplicated_within_author,f1,"Cooper, James Fenimore",38,960046,0.06632036179712579,0.005564908448953304,"Alcott, Louisa May",0.08390950076503469,-0.060755453348172485,0.16891592525789165,0.39262350009847485
deduplicated_within_author,f1,"Corelli, Marie",14,386930,0.07298286253871382,0.033790156658427814,"Norris, Kathleen Thompson",0.46298754917298285,-0.039192705880286005,0.16891592525789165,0.43206620351093333
deduplicated_within_author,f1,"Cory, David",15,56490,0.02938079250491676,0.005213347219705341,"Roy, Lillian Elizabeth",0.17744066021476132,-0.02416744528521142,0.16891592525789165,0.17393737422957464
deduplicated_within_author,f1,"Couperus, Louis",13,211087,0.054356128616001996,0.0186352107347282,"Disraeli, Benjamin, Earl of Beaconsfield",0.3428355037272126,-0.035720917881273795,0.16891592525789165,0.32179398439202234
deduplicated_within_author,f1,"Craik, Dinah Maria Mulock",15,225261,0.024425193617210524,0.0012845861331531139,"Oliphant, Mrs. (Margaret)",0.05259266940868655,-0.02314060748405741,0.16891592525789165,0.1445997088783634
deduplicated_within_author,f1,"Crane, Stephen",13,123569,0.04085617253952425,0.0024267657588696234,"McCutcheon, George Barr",0.05939777536728314,-0.038429406780654624,0.16891592525789165,0.24187282801871562
deduplicated_within_author,f1,"Crane, Walter",17,45540,0.1948249533480718,0.012384121389264577,"Belloc, Hilaire",0.06356537587430734,-0.18244083195880723,0.16891592525789165,1.153384164640626
deduplicated_within_author,f1,"Crawford, F. Marion (Francis Marion)",47,806099,0.05249216825990521,0.0023942146907362056,"Mitford, Bertram",0.0456108933980722,-0.050097953569169004,0.16891592525789165,0.3107591435192568
deduplicated_within_author,f1,"Crockett, S. R. (Samuel Rutherford)",19,336060,0.02559085579723485,0.011436814205226156,"Wallace, Dillon",0.4469101891645972,-0.014154041592008695,0.16891592525789165,0.15150055128410256
deduplicated_within_author,f1,"Cullum, Ridgwell",17,341771,0.02245443424577091,0.009787144467689923,"Montgomery, L. M. (Lucy Maud)",0.4358668920608963,-0.012667289778080987,0.16891592525789165,0.13293260662953302
deduplicated_within_author,f1,"Curwood, James Oliver",27,252028,0.05198490114568268,0.004805868690853719,"Howard, Robert E. (Robert Ervin)",0.09244739501159645,-0.04717903245482896,0.16891592525789165,0.3077560689811512
deduplicated_within_author,f1,Dante Alighieri,32,163358,0.05146270321079533,0.009339295521943486,"Guiney, Louise Imogen",0.18147697146201178,-0.042123407688851845,0.16891592525789165,0.3046646024181845
deduplicated_within_author,f1,"Darwin, Charles",30,864101,0.09658675880993443,0.009426968185751672,"Morley, John",0.09760104078347084,-0.08715979062418276,0.16891592525789165,0.5718037459314214
deduplicated_within_author,f1,"Daudet, Alphonse",17,146948,0.09123723451956148,0.01414070426911768,"Tolstoy, Leo, graf",0.15498830432092808,-0.0770965302504438,0.16891592525789165,0.5401340008662027
deduplicated_within_author,f1,"Daviess, Maria Thompson",11,82311,0.02469078996100662,0.0030984355407065074,"Goldfrap, John Henry",0.12548952648334738,-0.021592354420300112,0.16891592525789165,0.14617206709971287
deduplicated_within_author,f1,"Davis, Richard Harding",49,279602,0.10399008031440095,0.002305344238215279,"Murray, David Christie",0.022168886024949305,-0.10168473607618567,0.16891592525789165,0.6156321859862209
deduplicated_within_author,f1,"Dawson, Coningsby",15,169664,0.09006786425566815,0.006945305387500079,"Maugham, W. Somerset (William Somerset)",0.07711191383183039,-0.08312255886816808,0.16891592525789165,0.5332112062149109
deduplicated_within_author,f1,"Day, Holman",11,196089,0.02766561408396206,0.005728725521469085,"Emerson, Alice B.",0.2070702462661064,-0.021936888562492977,0.16891592525789165,0.16378333802288747
deduplicated_within_author,f1,"De Mille, James",17,340133,0.029428875914783714,0.0033699816545735366,"Arthur, T. S. (Timothy Shay)",0.11451275489868823,-0.02605889426021018,0.16891592525789165,0.17422203306084555
deduplicated_within_author,f1,"De Quincey, Thomas",20,272048,0.024203521188262595,0.006909199117264009,"Lee, Vernon",0.2854625599111008,-0.017294322070998586,0.16891592525789165,0.143287384841364
deduplicated_within_author,f1,"De la Mare, Walter",10,36957,0.06028524099849254,0.006310491036774541,"Le Gallienne, Richard",0.10467721339842263,-0.053974749961718,0.16891592525789165,0.35689495177232294
deduplicated_within_author,f1,"Defoe, Daniel",44,372885,0.12304368914556205,0.01361634372282396,"Chesterfield, Philip Dormer Stanhope, Earl of",0.11066267451324281,-0.10942734542273809,0.16891592525789165,0.728431549350398
deduplicated_within_author,f1,"Del Rey, Lester",12,33824,0.037840746813543324,0.01021011133783537,"Grey, Zane",0.26981791316499965,-0.027630635475707953,0.16891592525789165,0.22402119134575457
deduplicated_within_author,f1,"Deland, Margaret Wade Campbell",11,183108,0.02680002047412592,0.008994601580312258,"Hornung, E. W. (Ernest William)",0.3356192055523277,-0.017805418893813662,0.16891592525789165,0.15865893303552703
deduplicated_within_author,f1,"Dell, Ethel M. (Ethel May)",16,417128,0.008710655669512775,0.002894301018056338,"Snell, Roy J. (Roy Judson)",0.33227131548620026,-0.005816354651456437,0.16891592525789165,0.05156799547593763
deduplicated_within_author,f1,"Dewey, John",15,109936,0.05621487523613296,0.004094160756955613,"Morley, John",0.07283055845553188,-0.05212071447917734,0.16891592525789165,0.3327979594008507
deduplicated_within_author,f1,"Dick, Philip K.",12,27781,0.025887223690499138,0.005045885105732295,"Raine, William MacLeod",0.1949179705811475,-0.020841338584766844,0.16891592525789165,0.1532550803068209
deduplicated_within_author,f1,"Dickens, Charles",79,1515764,0.09956884667238615,0.004281356826087877,"Wiggin, Kate Douglas Smith",0.04299895970649265,-0.09528748984629827,0.16891592525789165,0.5894580189545174
deduplicated_within_author,f1,"Disraeli, Benjamin, Earl of Beaconsfield",17,334296,0.14745913675934788,0.0027558133231067915,"Sienkiewicz, Henryk",0.018688657642179585,-0.1447033234362411,0.16891592525789165,0.8729735608659474
deduplicated_within_author,f1,"Dixon, Thomas",13,200454,0.09490454877317045,0.013174025005278398,"Snell, Roy J. (Roy Judson)",0.1388134201740465,-0.08173052376789205,0.16891592525789165,0.5618448860181499
deduplicated_within_author,f1,"Doctorow, Cory",13,116896,0.05141925025325378,0.01459290702607849,"Lawrence, D. H. (David Herbert)",0.2838024077403785,-0.03682634322717529,0.16891592525789165,0.304407356350502
deduplicated_within_author,f1,"Dostoyevsky, Fyodor",11,280594,0.07915446625091299,0.010717690584460959,"Fleming, May Agnes",0.13540222165716817,-0.06843677566645204,0.16891592525789165,0.46860274500503285
deduplicated_within_author,f1,"Douglas, Alan, Captain",10,76384,0.014911042889157228,0.0032896276982941597,"Harte, Bret",0.22061687587836382,-0.011621415190863068,0.16891592525789165,0.08827493835404719
deduplicated_within_author,f1,"Douglas, Amanda M.",19,312497,0.025405201787500522,0.0022253663601137187,"Montgomery, L. M. (Lucy Maud)",0.0875949098427791,-0.023179835427386802,0.16891592525789165,0.15040146006786062
deduplicated_within_author,f1,"Dowling, Richard",16,142583,0.025457057016459995,0.0042671872012311875,"Peattie, Elia Wilkinson",0.1676229580847509,-0.021189869815228808,0.16891592525789165,0.15070844846389436
deduplicated_within_author,f1,"Doyle, Arthur Conan",61,592078,0.08069715420523683,0.0038813822102763025,"Le Queux, William",0.048098129958892906,-0.07681577199496054,0.16891592525789165,0.47773561955175514
deduplicated_within_author,f1,"Drake, Samuel Adams",10,91695,0.11498863907870899,0.004727797296870917,"Bourrienne, Louis Antoine Fauvelet de",0.04111534265254475,-0.11026084178183806,0.16891592525789165,0.6807448078276254
deduplicated_within_author,f1,"Dryden, John",20,442550,0.08390668841325657,0.011179244396940293,"Emerson, Ralph Waldo",0.1332342463795063,-0.07272744401631628,0.16891592525789165,0.49673639880403464
deduplicated_within_author,f1,Duchess,16,285087,0.115588715914198,0.005648492525705517,"Holt, Emily Sarah",0.048867162170902714,-0.10994022338849249,0.16891592525789165,0.6842973256531226
deduplicated_within_author,f1,"Duellman, William Edward",12,61749,0.050691958313997136,0.03768553095568414,"Hall, E. Raymond (Eugene Raymond)",0.7434222746387439,-0.013006427358312998,0.16891592525789165,0.3001017117634315
deduplicated_within_author,f1,"Dumas, Alexandre",58,1411844,0.12631028487139256,0.008191157951353412,"Cable, George Washington",0.06484949313267355,-0.11811912692003915,0.16891592525789165,0.7477701387749491
deduplicated_within_author,f1,"Duncan, Norman",10,124485,0.053754973503161295,0.012795313518507366,"Tarkington, Booth",0.23803031951554923,-0.04095965998465393,0.16891592525789165,0.31823508305147147
deduplicated_within_author,f1,"Duncan, Sara Jeannette",10,135569,0.01773603596182218,0.003408476472513164,"Arthur, T. S. (Timothy Shay)",0.19217803120438537,-0.014327559489309017,0.16891592525789165,0.10499919373939294
deduplicated_within_author,f1,"Dunsany, Lord",16,67405,0.2641604374375451,0.015102902968663848,"Marlowe, Christopher",0.05717322061989164,-0.24905753446888124,0.16891592525789165,1.5638575050531163
deduplicated_within_author,f1,"Ebers, Georg",144,778693,0.06043548579616709,0.004330278221374218,"Le Gallienne, Richard",0.07165125198098186,-0.05610520757479287,0.16891592525789165,0.3577844167380753
deduplicated_within_author,f1,"Eddy, Mary Baker",10,76791,0.13805063839325155,0.033910362846419614,"Dunsany, Lord",0.2456371317155552,-0.10414027554683193,0.16891592525789165,0.8172742634093461
deduplicated_within_author,f1,"Edgeworth, Maria",18,466337,0.05904326872328002,0.006502375417446842,Ouida,0.11012898774154482,-0.05254089330583318,0.16891592525789165,0.3495423455966983
deduplicated_within_author,f1,"Eggleston, Edward",12,128453,0.13326184024893617,0.007770117066806767,"Cobb, Irvin S. (Irvin Shrewsbury)",0.05830714218182797,-0.1254917231821294,0.16891592525789165,0.7889240759595594
deduplicated_within_author,f1,"Eggleston, George Cary",17,179362,0.11120627286451745,0.0065621928402230575,"Reed, Myrtle",0.059009196794301104,-0.1046440800242944,0.16891592525789165,0.6583528029979042
deduplicated_within_author,f1,"Eliot, George",15,330794,0.0774171278798397,0.0069080260793806,"Hewlett, Maurice",0.08923123691830381,-0.0705091018004591,0.16891592525789165,0.458317519568646
deduplicated_within_author,f1,"Ellis, Edward Sylvester",52,426287,0.08891463858790011,0.002342627430456728,"Benson, E. F. (Edward Frederic)",0.026346926306637687,-0.08657201115744338,0.16891592525789165,0.5263839892665542
deduplicated_within_author,f1,"Ellis, Havelock",12,218867,0.030669472128657803,0.008866540205492905,"Romanes, George John",0.2890998634830737,-0.021802931923164896,0.16891592525789165,0.1815664928089718
deduplicated_within_author,f1,"Emerson, Alice B.",23,211642,0.014924856960120338,0.003075148411676151,"Rockwood, Roy",0.20604206927363117,-0.011849708548444186,0.16891592525789165,0.08835671910350595
deduplicated_within_author,f1,"Emerson, Ralph Waldo",12,120299,0.07228785800580229,0.010690623840635634,"Dryden, John",0.1478896198553502,-0.06159723416516665,0.16891592525789165,0.4279517037569851
deduplicated_within_author,f1,Erckmann-Chatrian,10,101101,0.06587087656573777,0.01051467008181007,"Andersen, H. C. (Hans Christian)",0.15962547684205547,-0.0553562064839277,0.16891592525789165,0.3899625003691612
deduplicated_within_author,f1,Euripides,10,69943,0.06272135459748505,0.036802274935449124,"Bridges, Robert",0.586758292636186,-0.02591907966203593,0.16891592525789165,0.3713169998727207
deduplicated_within_author,f1,"Everett-Green, Evelyn",19,220311,0.025004238476623048,0.002517116887067223,"Reid, Mayne",0.10066760839049446,-0.022487121589555827,0.16891592525789165,0.14802771519883598
deduplicated_within_author,f1,"Ewing, Juliana Horatia Gatty",20,177468,0.028589875306684977,0.003911507229436845,"Williamson, A. M. (Alice Muriel)",0.13681442075132955,-0.02467836807724813,0.16891592525789165,0.16925506143387908
deduplicated_within_author,f1,"Fanny, Aunt",13,53330,0.05472358616117956,0.0042962645596720875,"Field, Eugene",0.07850846154376886,-0.05042732160150747,0.16891592525789165,0.3239693716127154
deduplicated_within_author,f1,"Farjeon, B. L. (Benjamin Leopold)",29,565516,0.02495316781860935,0.0032125460114722513,"Meade, L. T.",0.12874301310458977,-0.0217406218071371,0.16891592525789165,0.14772537154511756
deduplicated_within_author,f1,"Farnol, Jeffery",14,363055,0.049368872925415405,0.03569382082254964,"Riley, James Whitcomb",0.7230025460875822,-0.013675052102865765,0.16891592525789165,0.2922689074463624
deduplicated_within_author,f1,"Fenn, George Manville",128,2889343,0.03795745391863523,0.002884589885016045,"Finley, Martha",0.07599534708517039,-0.035072864033619186,0.16891592525789165,0.2247121096526799
deduplicated_within_author,f1,"Ferber, Edna",10,121651,0.01589841584994347,0.007606702868781883,"Lawrence, D. H. (David Herbert)",0.47845665508925095,-0.008291712981161586,0.16891592525789165,0.0941202898759879
deduplicated_within_author,f1,"Field, Eugene",14,64323,0.09717445111679733,0.004393002253053824,"Fanny, Aunt",0.045207379126574354,-0.09278144886374351,0.16891592525789165,0.5752829460480808
deduplicated_within_author,f1,"Fielding, Henry",14,207808,0.15120216830018782,0.005177350026662792,"Kingsley, Charles",0.034241241940287444,-0.14602481827352504,0.16891592525789165,0.8951327003024764
deduplicated_within_author,f1,"Finley, Martha",35,501020,0.014101039582892405,0.0038125329395804824,"Fenn, George Manville",0.2703724726938505,-0.010288506643311924,0.16891592525789165,0.08347963379630254
deduplicated_within_author,f1,"Fiske, John",18,195938,0.04983554162426091,0.009166491313847405,"Froude, James Anthony",0.18393481870747802,-0.040669050310413506,0.16891592525789165,0.2950316351058949
deduplicated_within_author,f1,"Fitzhugh, Percy Keese",22,168584,0.018439797257419857,0.007675800055326042,"Gibbs, George",0.4162627141812762,-0.010763997202093815,0.16891592525789165,0.10916553444719305
deduplicated_within_author,f1,"Flaubert, Gustave",14,170072,0.09006000382719387,0.015263950331749692,"Hugo, Victor",0.1694864499566088,-0.07479605349544417,0.16891592525789165,0.5331646716536357
deduplicated_within_author,f1,"Fleming, May Agnes",11,276319,0.021052026708785986,0.0015710683897220568,"Buchanan, Robert Williams",0.07462789267060815,-0.019480958319063928,0.16891592525789165,0.12463020687152437
deduplicated_within_author,f1,"Fletcher, J. S. (Joseph Smith)",17,250732,0.04409848860170309,0.0025205210226687405,"Barbour, Ralph Henry",0.05715663059190191,-0.04157796757903435,0.16891592525789165,0.2610676792870531
deduplicated_within_author,f1,"Fletcher, John",15,233845,0.09906573896902691,0.01597223235143455,"Beaumont, Francis",0.16122861967878016,-0.08309350661759236,0.16891592525789165,0.5864795685651234
deduplicated_within_author,f1,"Follen, Eliza Lee Cabot",10,22515,0.05704207955169035,0.014499259606043825,"Benson, Arthur Christopher",0.25418532634149316,-0.04254281994564652,0.16891592525789165,0.33769509573831835
deduplicated_within_author,f1,"Foote, G. W. (George William)",10,67325,0.05365562527330159,0.0057845007038188,"Allen, Grant",0.1078079078261548,-0.04787112456948279,0.16891592525789165,0.3176469311071949
deduplicated_within_author,f1,"Ford, Sewell",12,213599,0.04195684452158269,0.005270168951168358,"Ralphson, G. Harvey (George Harvey)",0.1256092780870919,-0.03668667557041433,0.16891592525789165,0.24838892163379656
deduplicated_within_author,f1,"Fox, John",13,95254,0.035188303595599026,0.004258783843390691,"Roe, Edward Payson",0.1210283931937922,-0.030929519752208333,0.16891592525789165,0.20831844920409628
deduplicated_within_author,f1,"France, Anatole",31,265701,0.09707975215097692,0.007906908116354838,"Paine, Albert Bigelow",0.08144755153534114,-0.08917284403462208,0.16891592525789165,0.5747223182347125
deduplicated_within_author,f1,"Franklin, Benjamin",10,141176,0.08293568590936654,0.0060674700168344255,"Ruskin, John",0.07315873680076698,-0.07686821589253211,0.16891592525789165,0.4909879621044898
deduplicated_within_author,f1,"Frazer, James George",17,741314,0.06646182547242004,0.009002491494265267,"Wallace, Alfred Russel",0.13545356947803175,-0.05745933397815477,0.16891592525789165,0.39346097989843015
deduplicated_within_author,f1,"Frederic, Harold",14,186449,0.03901889933230786,0.0027614368117348884,"Brereton, F. S. (Frederick Sadleir)",0.07077177621585046,-0.03625746252057297,0.16891592525789165,0.23099597786730838
deduplicated_within_author,f1,"Freeman, Mary Eleanor Wilkins",23,297947,0.09728505518285957,0.0023783510716949706,"Reed, Helen Leah",0.024447239786466266,-0.0949067041111646,0.16891592525789165,0.5759377337236263
deduplicated_within_author,f1,"Frey, Hildegard G.",10,96737,0.017649540006583052,0.002986707803455366,"Burnett, Frances Hodgson",0.16922298271464084,-0.014662832203127685,0.16891592525789165,0.1044871286093167
deduplicated_within_author,f1,"Froude, James Anthony",12,250641,0.06343644145497411,0.008009319477963475,"Symonds, John Addington",0.1262573891955829,-0.055427121977010635,0.16891592525789165,0.3755503890951833
deduplicated_within_author,f1,"Fyfe, H. B. (Horace Bowne)",16,24487,0.022179785717218015,0.0017336924590321975,"Schmitz, James H.",0.07816542869872471,-0.02044609325818582,0.16891592525789165,0.13130665852467802
deduplicated_within_author,f1,"Gaboriau, Emile",14,355607,0.026277639287245164,0.002733197933950219,"Spyri, Johanna",0.10401230887117317,-0.023544441353294945,0.16891592525789165,0.1555663816015328
deduplicated_within_author,f1,"Gale, Zona",10,139794,0.03256117215732749,0.00679065170729238,"Wallace, Edgar",0.20855059131414677,-0.02577052045003511,0.16891592525789165,0.19276555545378485
deduplicated_within_author,f1,"Galsworthy, John",47,487954,0.19415500961138774,0.01971686458761382,"Chekhov, Anton Pavlovich",0.10155218053388497,-0.17443814502377392,0.16891592525789165,1.1494180274296957
deduplicated_within_author,f1,"Garis, Howard Roger",34,364008,0.029559375025224186,0.0025271053432222136,"Appleton, Victor",0.08549251603140237,-0.027032269682001973,0.16891592525789165,0.17499460148647641
deduplicated_within_author,f1,"Garland, Hamlin",23,321563,0.0509013829021105,0.003963182335618322,"Nesbit, E. (Edith)",0.07786001302243595,-0.04693820056649218,0.16891592525789165,0.3013415272976603
deduplicated_within_author,f1,"Garrett, Randall",43,147969,0.049208503154923096,0.004142489247759812,"Aycock, Roger D.",0.08418238682688672,-0.045066013907163284,0.16891592525789165,0.2913195015792278
deduplicated_within_author,f1,"Gaskell, Elizabeth Cleghorn",23,305130,0.055295160979562524,0.004397348885337918,"Balzac, Honoré de",0.0795250218543212,-0.05089781209422461,0.16891592525789165,0.3273531545065445
deduplicated_within_author,f1,"Gautier, Théophile",11,90506,0.07147309527945284,0.006840930077402063,"Loti, Pierre",0.0957133597006635,-0.06463216520205077,0.16891592525789165,0.42312822293298635
deduplicated_within_author,f1,"Gibbon, Edward",11,868405,0.11036160792475655,0.03248695914630096,"Grote, George",0.2943683021404531,-0.0778746487784556,0.16891592525789165,0.6533522979332023
deduplicated_within_author,f1,"Gibbs, George",15,232975,0.18940314492471083,0.004932729114905532,"Wodehouse, P. G. (Pelham Grenville)",0.026043543874978047,-0.1844704158098053,0.16891592525789165,1.1212864899241466
deduplicated_within_author,f1,"Gissing, George",24,529003,0.05132870344394338,0.009013724305466127,"Wood, Henry, Mrs.",0.17560787046394247,-0.04231497913847725,0.16891592525789165,0.30387130973931264
deduplicated_within_author,f1,"Glasgow, Ellen Anderson Gholson",12,271440,0.018668330227933662,0.002773283374952389,"Barr, Robert",0.14855551305829642,-0.015895046852981272,0.16891592525789165,0.11051847361006294
deduplicated_within_author,f1,"Glyn, Elinor",17,170785,0.07495734979571665,0.0020202809754579407,"Burgess, Gelett",0.0269524066814511,-0.07293706882025872,0.16891592525789165,0.4437553752334237
deduplicated_within_author,f1,"Goethe, Johann Wolfgang von",15,208138,0.195921140166567,0.011242463373641919,"Jameson, Mrs. (Anna)",0.05738259467091643,-0.18467867679292507,0.16891592525789165,1.1598737056168342
deduplicated_within_author,f1,"Goldfrap, John Henry",37,352752,0.018924706922996283,0.002010065929862705,"Harben, Will N. (Will Nathaniel)",0.1062138472231864,-0.016914640993133577,0.16891592525789165,0.11203625054359481
deduplicated_within_author,f1,"Goodwin, Harold L. (Harold Leland)",13,122693,0.007526567986143584,0.00616452981765032,"Raine, William MacLeod",0.8190359575571792,-0.001362038168493264,0.16891592525789165,0.044558072157213295
deduplicated_within_author,f1,"Gorky, Maksim",10,143049,0.1816622776876379,0.01628131814664264,"Orczy, Emmuska Orczy, Baroness",0.08962410002718237,-0.16538095954099527,0.16891592525789165,1.0754597437173896
deduplicated_within_author,f1,"Graham, Harry",10,39533,0.14645922471885583,0.03321962125431682,"Burton, Richard Francis, Sir",0.22681822410357177,-0.11323960346453901,0.16891592525789165,0.8670539766765618
deduplicated_within_author,f1,"Grant, James, archaeologist",12,216902,0.0552236685928852,0.0049422350052566785,"Burney, Fanny",0.08949486934110379,-0.05028143358762852,0.16891592525789165,0.32692991207651206
deduplicated_within_author,f1,"Green, Anna Katharine",35,385190,0.024414515327232877,0.0032508625291932025,"Moore, Frank Frankfort",0.13315285950268557,-0.021163652798039674,0.16891592525789165,0.14453649228134127
deduplicated_within_author,f1,"Gregory, Jackson",10,150836,0.026357215397513793,0.005781401465753396,"King, Basil",0.21934796140485846,-0.020575813931760396,0.16891592525789165,0.15603748052336114
deduplicated_within_author,f1,"Grey, Zane",26,469930,0.03723534695902043,0.0027180831840559715,"Douglas, Amanda M.",0.07299739108238668,-0.03451726377496446,0.16891592525789165,0.22043716068909147
deduplicated_within_author,f1,"Griffiths, Arthur",18,223243,0.07574659182639905,0.002974010679698682,"Ritchie, J. Ewing (James Ewing)",0.039262633578481164,-0.07277258114670036,0.16891592525789165,0.4484277708614701
deduplicated_within_author,f1,"Grinnell, George Bird",13,176703,0.0667765124116703,0.00856856393880048,"Griffiths, Arthur",0.1283170328809053,-0.05820794847286982,0.16891592525789165,0.3953239595953997
deduplicated_within_author,f1,"Grote, George",13,505742,0.13251662156085453,0.02573347478186606,"Spinoza, Benedictus de",0.1941905436371896,-0.10678314677898847,0.16891592525789165,0.7845123031385902
deduplicated_within_author,f1,"Guiney, Louise Imogen",13,52399,0.07782435300135278,0.011779818798706179,"Jameson, Mrs. (Anna)",0.15136417258106105,-0.0660445342026466,0.16891592525789165,0.4607283350136157
deduplicated_within_author,f1,"Habberton, John",11,127760,0.03326308939728481,0.006503435086509938,"Walton, Amy",0.19551506502702656,-0.026759654310774872,0.16891592525789165,0.19692097915871778
deduplicated_within_author,f1,"Haeckel, Ernst",13,415704,0.1470459975735973,0.028413809897239694,"Frazer, James George",0.19323076021173874,-0.1186321876763576,0.16891592525789165,0.8705277335401944
deduplicated_within_author,f1,"Haggard, H. Rider (Henry Rider)",51,845292,0.03999611505686639,0.0025818348750022103,"Munroe, Kirk",0.06455214141001853,-0.037414280181864185,0.16891592525789165,0.23678119748509502
deduplicated_within_author,f1,"Hakluyt, Richard",15,278821,0.08722494955840576,0.003808687818689181,"Holinshed, Raphael",0.043665119188620295,-0.08341626173971659,0.16891592525789165,0.5163808529316313
deduplicated_within_author,f1,"Hale, Edward Everett",10,115984,0.034833302839458465,0.00595568528101107,"Church, Alfred John",0.17097676061497646,-0.028877617558447394,0.16891592525789165,0.20621680748145488
deduplicated_within_author,f1,"Hall, E. Raymond (Eugene Raymond)",15,91650,0.08664487167755153,0.03371394330852048,"Duellman, William Edward",0.3891048905235472,-0.052930928369031044,0.16891592525789165,0.5129467310158403
deduplicated_within_author,f1,"Hancock, H. Irving (Harrie Irving)",40,463080,0.007730150176817034,0.0004914420125194217,"Chapman, Allen",0.06357470440784863,-0.007238708164297612,0.16891592525789165,0.04576330008561988
deduplicated_within_author,f1,"Harben, Will N. (Will Nathaniel)",13,256159,0.023842323200772886,0.002065336471373514,"Goldfrap, John Henry",0.08662479968841975,-0.021776986729399372,0.16891592525789165,0.14114905485892892
deduplicated_within_author,f1,"Hardy, Thomas",26,425860,0.05659853646094175,0.003654176668751787,"Jókai, Mór",0.06456309468838489,-0.05294435979218996,0.16891592525789165,0.3350692741050329
deduplicated_within_author,f1,"Harland, Henry",12,150066,0.036361029363896284,0.006792315201097612,"Smith, Francis Hopkinson",0.1868020603355597,-0.029568714162798673,0.16891592525789165,0.21526110879351512
deduplicated_within_author,f1,"Harland, Marion",13,218620,0.14491161839549832,0.009872756535343266,"Baring-Gould, S. (Sabine)",0.06812950296640924,-0.13503886186015507,0.16891592525789165,0.8578919848691303
deduplicated_within_author,f1,"Harmon, Jim",13,16453,0.029620735729266406,0.005053477280885578,"Raine, William MacLeod",0.17060606890640298,-0.024567258448380827,0.16891592525789165,0.17535786329230402
deduplicated_within_author,f1,"Harper, Charles G. (Charles George)",16,191152,0.014513444349605087,0.009733149022678538,"Beers, Henry A. (Henry Augustin)",0.670629851069321,-0.004780295326926549,0.16891592525789165,0.08592111328429661
deduplicated_within_author,f1,"Harris, Frank",10,79843,0.032074905962820116,0.013277261302969669,"Wharton, Edith",0.41394544752087853,-0.018797644659850447,0.16891592525789165,0.18988680856378637
deduplicated_within_author,f1,"Harris, Joel Chandler",14,193505,0.11702062343947188,0.008443542238031815,"Duncan, Norman",0.07215430912824677,-0.10857708120144006,0.16891592525789165,0.6927743684369082
deduplicated_within_author,f1,"Harrison, Harry",10,40158,0.055174276292662236,0.00670165231846956,"Harmon, Jim",0.12146334793630686,-0.04847262397419268,0.16891592525789165,0.32663750447700624
deduplicated_within_author,f1,"Harte, Bret",57,496092,0.06503698261412537,0.0032913835050419004,"Douglas, Alan, Captain",0.05060787528490052,-0.06174559910908347,0.16891592525789165,0.3850257606843786
deduplicated_within_author,f1,"Hawthorne, Julian",12,150767,0.08045861495102469,0.008554257366935077,Ouida,0.1063187251252345,-0.07190435758408961,0.16891592525789165,0.4763234421395428
deduplicated_within_author,f1,"Hawthorne, Nathaniel",92,431191,0.12335959113195334,0.009827892512861522,"Holmes, Oliver Wendell",0.07966865342759588,-0.11353169861909182,0.16891592525789165,0.7303017222539239
deduplicated_within_author,f1,"Hay, Ian",13,145977,0.041539288977298396,0.001686023223815626,"Kipling, Rudyard",0.040588639462198144,-0.03985326575348277,0.16891592525789165,0.24591694900216465
deduplicated_within_author,f1,"Hayes, Clair W. (Clair Wallace)",18,210327,0.008803142540973672,0.0032446612859626115,"Bacheller, Irving",0.3685798873368845,-0.0055584812550110605,0.16891592525789165,0.05211552745860707
deduplicated_within_author,f1,"Hearn, Lafcadio",22,202739,0.09529011087340632,0.006960120157433879,"Wordsworth, William",0.07304136907428363,-0.08832999071597245,0.16891592525789165,0.5641274541042981
deduplicated_within_author,f1,"Hegel, Georg Wilhelm Friedrich",10,216520,0.07225993265989027,0.015963511647349594,"Crane, Walter",0.2209178871295925,-0.056296421012540676,0.16891592525789165,0.4277863827792894
deduplicated_within_author,f1,"Hendryx, James B. (James Beardsley)",10,141557,0.03253140975969725,0.007372550569938291,"Garis, Howard Roger",0.2266286836137071,-0.025158859189758957,0.16891592525789165,0.19258935893717577
deduplicated_within_author,f1,"Henry, O.",13,161797,0.011325248261369677,0.0029242283944180734,"Mason, A. E. W. (Alfred Edward Woodley)",0.25820435251672064,-0.008401019866951603,0.16891592525789165,0.06704665793991244
deduplicated_within_author,f1,"Henty, G. A. (George Alfred)",104,1793564,0.028735361993501695,0.004139400580146695,"Casanova, Giacomo",0.14405249466085696,-0.024595961413355,0.16891592525789165,0.17011635788413737
deduplicated_within_author,f1,"Herford, Oliver",13,12606,0.16864947886935489,0.021697988688007458,"Tolstoy, Leo, graf",0.12865731239416345,-0.14695149018134743,0.16891592525789165,0.9984226094246
deduplicated_within_author,f1,"Hergesheimer, Joseph",13,130243,0.09747705408693721,0.016272526695182105,"Moore, George Augustus",0.16693699709748172,-0.08120452739175511,0.16891592525789165,0.5770743873800801
deduplicated_within_author,f1,"Herrick, Robert",11,165046,0.13973064799953666,0.010700431429389994,"Walpole, Hugh",0.07657898666171988,-0.12903021657014666,0.16891592525789165,0.8272200965433159
deduplicated_within_author,f1,"Hewlett, Maurice",15,177421,0.08459843866941333,0.0050799702822248065,"Williamson, A. M. (Alice Muriel)",0.060048038263163316,-0.07951846838718853,0.16891592525789165,0.5008316328981595
deduplicated_within_author,f1,"Heyse, Paul",10,154512,0.02993626179596476,0.0032876653197092772,"Oliphant, Mrs. (Margaret)",0.10982217292582723,-0.026648596476255483,0.16891592525789165,0.17722581071180651
deduplicated_within_author,f1,"Hichens, Robert",27,372273,0.07226148939308609,0.0028046924270566974,"Richmond, Grace S. (Grace Smith)",0.038813100181201744,-0.0694567969660294,0.16891592525789165,0.4277955988031394
deduplicated_within_author,f1,"Hill, Grace Brooks",11,141255,0.006520304206009333,0.0033442530527573915,"Standish, Burt L.",0.5128983168722734,-0.0031760511532519416,0.16891592525789165,0.038600885002728354
deduplicated_within_author,f1,"Hill, Grace Livingston",15,172011,0.03390732396433516,0.004579839553248563,"Burgess, Gelett",0.13506933068695684,-0.0293274844110866,0.16891592525789165,0.20073491538803878
deduplicated_within_author,f1,"Hoare, Edward",32,65549,0.05147893173886139,0.0064362035808718755,"Bourrienne, Louis Antoine Fauvelet de",0.12502597399497303,-0.045042728157989514,0.16891592525789165,0.3047606770070149
deduplicated_within_author,f1,"Hocking, Joseph",11,233843,0.008832421767953142,0.005418224540799812,"Meade, L. T.",0.6134472156276399,-0.00341419722715333,0.16891592525789165,0.05228886355426986
deduplicated_within_author,f1,"Holinshed, Raphael",27,199055,0.02996222715592793,0.00416547704455696,"Hakluyt, Richard",0.13902427956637506,-0.02579675011137097,0.16891592525789165,0.1773795283670455
deduplicated_within_author,f1,"Holley, Marietta",16,152675,0.05831326473821068,0.013742742426091654,"Ainsworth, William Harrison",0.2356709487590481,-0.044570522312119026,0.16891592525789165,0.34522064541387176
deduplicated_within_author,f1,"Holmes, Mary Jane",21,392824,0.027422025279458133,0.006880528571165856,"Haggard, H. Rider (Henry Rider)",0.2509124873544649,-0.02054149670829228,0.16891592525789165,0.16234126674315447
deduplicated_within_author,f1,"Holmes, Oliver Wendell",33,202495,0.2624772189383644,0.007346055808236963,"Sharp, Dallas Lore",0.027987403394280796,-0.25513116313012746,0.16891592525789165,1.553892674936531
deduplicated_within_author,f1,"Holt, Emily Sarah",22,335239,0.027316666033776988,0.006159274421216498,Duchess,0.2254767991672399,-0.02115739161256049,0.16891592525789165,0.1617175289545458
deduplicated_within_author,f1,"Home, Gordon",15,65237,0.17550354820883848,0.00897868768433239,"Walsh, James J. (James Joseph)",0.05115957925618861,-0.1665248605245061,0.16891592525789165,1.0389994190357672
deduplicated_within_author,f1,Homer,12,249802,0.14662683561889622,0.009156538508065361,"Jameson, Mrs. (Anna)",0.06244790368295537,-0.13747029711083086,0.16891592525789165,0.8680462507903524
deduplicated_within_author,f1,"Honig, Winfried",11,21519,1.1760404605492043,0.15111193401870804,"Vasari, Giorgio",0.12849212173205302,-1.0249285265304962,0.16891592525789165,6.962282915324234
deduplicated_within_author,f1,"Hope, Anthony",33,542661,0.031444459711985166,0.004301121337131761,"Farjeon, B. L. (Benjamin Leopold)",0.13678471109148596,-0.027143338374853405,0.16891592525789165,0.18615450061311553
deduplicated_within_author,f1,"Hope, Laura Lee",64,637635,0.01209479150721359,0.0015414193667189254,"Young, Clarence",0.12744488946333554,-0.010553372140494665,0.16891592525789165,0.07160243469494022
deduplicated_within_author,f1,"Hornung, E. W. (Ernest William)",26,301300,0.037718152972852165,0.008009269556350182,"Deland, Margaret Wade Campbell",0.21234522173222256,-0.029708883416501984,0.16891592525789165,0.22329542294645185
deduplicated_within_author,f1,"Hough, Emerson",25,358538,0.07964564767224995,0.0029979632181138206,"Shaler, Robert",0.03764126861584136,-0.07664768445413613,0.16891592525789165,0.4715105905535627
deduplicated_within_author,f1,"Howard, Robert E. (Robert Ervin)",12,40219,0.07135695751309198,0.00509741069681251,"Curwood, James Oliver",0.07143537048755588,-0.06625954681627948,0.16891592525789165,0.42244067517108325
deduplicated_within_author,f1,"Howells, William Dean",94,775126,0.20789242704307243,0.0037054367870333355,"Jackson, Helen Hunt",0.01782381801846789,-0.2041869902560391,0.16891592525789165,1.230744979940012
deduplicated_within_author,f1,"Hubbard, Elbert",20,195399,0.10382781740201509,0.006206839608307264,"Ritchie, J. Ewing (James Ewing)",0.059780122163935634,-0.09762097779370782,0.16891592525789165,0.6146715725204502
deduplicated_within_author,f1,"Hudson, W. H. (William Henry)",16,196763,0.09622121121926587,0.006132112091450858,"Warner, Charles Dudley",0.06372931720301456,-0.09008909912781501,0.16891592525789165,0.5696396658418119
deduplicated_within_author,f1,"Hughes, Rupert",12,151681,0.10464422676677675,0.011328290961239594,"Leacock, Stephen",0.10825528852621029,-0.09331593580553715,0.16891592525789165,0.6195048016166127
deduplicated_within_author,f1,"Hugo, Victor",15,429532,0.1010163690533811,0.004364379774490411,"Van Dyke, Henry",0.04320467876037098,-0.09665198927889068,0.16891592525789165,0.5980275033224653
deduplicated_within_author,f1,"Hulbert, Archer Butler",17,94213,0.03806466539551369,0.011245355752891784,"James, William",0.2954276790836355,-0.026819309642621907,0.16891592525789165,0.22534681284431074
deduplicated_within_author,f1,"Hume, David",13,335185,0.046224245745962976,0.008440115071020776,"Santayana, George",0.1825906498811373,-0.0377841306749422,0.16891592525789165,0.27365238461317554
deduplicated_within_author,f1,"Hume, Fergus",63,1198814,0.03201158473618213,0.0023714564021234817,"Matthews, Stanley R.",0.07408119347003356,-0.02964012833405865,0.16891592525789165,0.18951194025849596
deduplicated_within_author,f1,"Huneker, James",11,157935,0.06968903164333647,0.007826513079081157,"Hoare, Edward",0.11230623951178856,-0.06186251856425531,0.16891592525789165,0.41256637902518095
deduplicated_within_author,f1,"Hurll, Estelle M. (Estelle May)",13,40183,0.07878083017011747,0.03506483937984894,"Haeckel, Ernst",0.4450935500950009,-0.043715990790268534,0.16891592525789165,0.46639078020523633
deduplicated_within_author,f1,"Hutcheson, John C. (John Conroy)",17,234532,0.017012365944940294,0.02144322750879509,"Carleton, William",1.2604494623613829,0.004430861563854797,0.16891592525789165,0.10071499131278912
deduplicated_within_author,f1,"Huxley, Thomas Henry",48,322044,0.07015263362455935,0.004752049039668668,"Besant, Annie",0.06773871192207172,-0.06540058458489069,0.16891592525789165,0.415310951394631
deduplicated_within_author,f1,"Ibsen, Henrik",18,119899,0.22847435842651687,0.04502259382475844,"Baker, George M. (George Melville)",0.19705753474842932,-0.18345176460175844,0.16891592525789165,1.3525921731636295
deduplicated_within_author,f1,"Ingersoll, Robert Green",30,331814,0.05552896511182936,0.025480650053258558,"Hoare, Edward",0.45887132961947463,-0.0300483150585708,0.16891592525789165,0.32873729950003683
deduplicated_within_author,f1,"Irving, Washington",20,303210,0.04653821807411838,0.006457769091698701,"Parkman, Francis",0.13876270641505514,-0.04008044898241968,0.16891592525789165,0.2755111337374872
deduplicated_within_author,f1,"Jackson, Helen Hunt",13,185762,0.2259074855762725,0.003620684457762596,"Howells, William Dean",0.01602728855365952,-0.2222868011185099,0.16891592525789165,1.3373960165767036
deduplicated_within_author,f1,"Jacobs, W. W. (William Wymark)",105,304881,0.06562063731887555,0.0072653307393043326,"Warner, Anne",0.11071716210251566,-0.05835530657957121,0.16891592525789165,0.38848105777291
deduplicated_within_author,f1,"James, G. P. R. (George Payne Rainsford)",49,1300128,0.03200653803718497,0.007094284161982904,"Cooper, James Fenimore",0.22165109371531574,-0.024912253875202066,0.16891592525789165,0.18948206327093867
deduplicated_within_author,f1,"James, George Wharton",11,88716,0.03521143099147663,0.004204207246332546,"Mencken, H. L. (Henry Louis)",0.11939893176594349,-0.031007223745144086,0.16891592525789165,0.2084553658141927
deduplicated_within_author,f1,"James, Henry",75,763995,0.14924534028406936,0.005111764793486848,"Williamson, A. M. (Alice Muriel)",0.034250749696823096,-0.1441335754905825,0.16891592525789165,0.8835480731388097
deduplicated_within_author,f1,"James, William",11,167282,0.03142947917339456,0.0067708100963597955,"Hoare, Edward",0.2154286445220947,-0.02465866907703476,0.16891592525789165,0.1860658142529175
deduplicated_within_author,f1,"Jameson, Mrs. (Anna)",10,131692,0.03312725404939965,0.008990049867566366,"Meynell, Alice",0.271379265367432,-0.024137204181833287,0.16891592525789165,0.19611681964754218
deduplicated_within_author,f1,"Janifer, Laurence M.",12,78223,0.10014875225431356,0.014190531400070509,"Garrett, Randall",0.14169454017795116,-0.08595822085424305,0.16891592525789165,0.5928911208425842
deduplicated_within_author,f1,"Janvier, Thomas A. (Thomas Allibone)",13,46061,0.12374807737731111,0.012823098373606392,"Martineau, Harriet",0.10362260687500163,-0.11092497900370472,0.16891592525789165,0.7326016015859919
deduplicated_within_author,f1,"Jefferies, Richard",20,229394,0.09112155222511531,0.0037356141072321086,"Warner, Charles Dudley",0.040995944603789164,-0.0873859381178832,0.16891592525789165,0.5394491495458221
deduplicated_within_author,f1,"Jefferson, Thomas",17,475856,0.030878890483669867,0.015660870750449085,"Lord, John",0.5071707728207155,-0.015218019733220782,0.16891592525789165,0.18280627144258693
deduplicated_within_author,f1,"Jerome, Jerome K. (Jerome Klapka)",32,233845,0.18588675706356314,0.009516886853338572,"Collins, Wilkie",0.05119722891332337,-0.17636987021022457,0.16891592525789165,1.1004691048506017
deduplicated_within_author,f1,"Jewett, Sarah Orne",12,123944,0.35691232707047643,0.00347423129584735,"Leslie, Madeline",0.009734130856066855,-0.3534380957746291,0.16891592525789165,2.1129584231064187
deduplicated_within_author,f1,"Johnson, Owen",11,223108,0.025642102192603534,0.009175108392621839,"Miller, Alex. McVeigh, Mrs.",0.35781420429984867,-0.016466993799981695,0.16891592525789165,0.15180393532140068
deduplicated_within_author,f1,"Johnson, Samuel",23,384143,0.15974742150148816,0.010069483519841113,"Burke, Edmund",0.06303377810544071,-0.14967793798164705,0.16891592525789165,0.9457214958127511
deduplicated_within_author,f1,"Johnston, Annie F. (Annie Fellows)",37,217867,0.04506489190941031,0.004439053763354943,"Wallace, Dillon",0.09850359282517204,-0.04062583814605537,0.16891592525789165,0.266788888262653
deduplicated_within_author,f1,"Johnston, Mary",18,384775,0.11648264618593014,0.010624081095049021,"Vaizey, George de Horne, Mrs.",0.09120741537834583,-0.10585856509088112,0.16891592525789165,0.6895894866519588
deduplicated_within_author,f1,"Jonson, Ben",12,200118,0.06410235355101056,0.021910331627835223,"Bridges, Robert",0.3418022960794988,-0.04219202192317534,0.16891592525789165,0.37949265857048453
deduplicated_within_author,f1,"Jókai, Mór",28,411108,0.03940582857877751,0.0031065675829367472,"Hardy, Thomas",0.07883523059859797,-0.036299260995840764,0.16891592525789165,0.23328663960260013
deduplicated_within_author,f1,"King, Basil",10,159680,0.03938269910207927,0.0028501370668331145,"MacKenzie, Compton",0.07237028268290116,-0.03653256203524616,0.16891592525789165,0.23314971067382725
deduplicated_within_author,f1,"King, Charles",27,305070,0.025324044163487786,0.0008068608331095862,"Munroe, Kirk",0.03186145261399118,-0.0245171833303782,0.16891592525789165,0.1499209984187365
deduplicated_within_author,f1,"Kingsley, Charles",45,622061,0.08878399569701344,0.006859884518138387,"Fielding, Henry",0.07726487712434803,-0.08192411117887505,0.16891592525789165,0.5256105696455965
deduplicated_within_author,f1,"Kingston, William Henry Giles",131,1632827,0.038162986159393245,0.011338510505513323,"Hale, Edward Everett",0.29710752869695234,-0.026824475653879923,0.16891592525789165,0.22592888208218423
deduplicated_within_author,f1,"Kipling, Rudyard",44,528141,0.17471804601505694,0.0017912269022378523,"Hay, Ian",0.010252100129848563,-0.1729268191128191,0.16891592525789165,1.0343491636345532
deduplicated_within_author,f1,"Kjelgaard, Jim",11,88995,0.052292943089883116,0.004092995006804269,"Samachson, Joseph",0.07827050391424847,-0.04819994808307885,0.16891592525789165,0.3095797096102401
deduplicated_within_author,f1,"Kock, Paul de",18,452746,0.025640832795812737,0.03768470945627933,"Deland, Margaret Wade Campbell",1.4697147224653877,0.012043876660466593,0.16891592525789165,0.15179642035921545
deduplicated_within_author,f1,"Kyne, Peter B. (Peter Bernard)",10,155778,0.023677742633927672,0.0025058456146358024,"Nesbit, E. (Edith)",0.10583127172964511,-0.02117189701929187,0.16891592525789165,0.14017472063559303
deduplicated_within_author,f1,"La Fontaine, Jean de",31,72688,0.11445818943253887,0.01031683113239007,"Meynell, Alice",0.09013624261871417,-0.1041413583001488,0.16891592525789165,0.6776044902681042
deduplicated_within_author,f1,"Lamb, Charles",10,219843,0.05515977084362687,0.006919839151807391,"Brandes, Georg",0.12545083211865637,-0.048239931691819476,0.16891592525789165,0.3265516306968211
deduplicated_within_author,f1,"Lang, Andrew",72,859972,0.10865617569633233,0.008136550438349058,"Leland, Charles Godfrey",0.07488346047709928,-0.10051962525798327,0.16891592525789165,0.6432559602088553
deduplicated_within_author,f1,"Laumer, Keith",12,42616,0.05486187936180856,0.015187620753345437,"Schmitz, James H.",0.2768337674541663,-0.03967425860846312,0.16891592525789165,0.32478808187000974
deduplicated_within_author,f1,"Laut, Agnes C.",12,146612,0.14648183449473884,0.008721298438672297,"Everett-Green, Evelyn",0.059538429927197135,-0.13776053605606653,0.16891592525789165,0.867187828921982
deduplicated_within_author,f1,"Lavell, Edith",11,125463,0.030587221576359843,0.008754355412245042,"Lincoln, Joseph Crosby",0.28620956599114844,-0.0218328661641148,0.16891592525789165,0.18107956090973032
deduplicated_within_author,f1,"Lawrence, D. H. (David Herbert)",20,316997,0.2622053496413177,0.0071269266298541935,"Ferber, Edna",0.02718070641809342,-0.2550784230114635,0.16891592525789165,1.5522831801737866
deduplicated_within_author,f1,"Le Fanu, Joseph Sheridan",31,410504,0.0779480834529903,0.0021304265490487938,"Alcott, Louisa May",0.0273313525448465,-0.0758176569039415,0.16891592525789165,0.4614608322689729
deduplicated_within_author,f1,"Le Gallienne, Richard",17,91139,0.06578140644857276,0.004636961089695428,"Ebers, Georg",0.07049045224231497,-0.061144445358877336,0.16891592525789165,0.3894328278884379
deduplicated_within_author,f1,"Le Queux, William",66,944150,0.04945543784006036,0.0035963559030057967,"Doyle, Arthur Conan",0.07271911967772819,-0.04585908193705456,0.16891592525789165,0.29278138082335625
deduplicated_within_author,f1,"Leacock, Stephen",14,96216,0.11480417730385842,0.005593477451955631,"London, Jack",0.04872189830820417,-0.10921069985190279,0.16891592525789165,0.6796527747669833
deduplicated_within_author,f1,"Lebert, Marie",15,51509,0.11317639898690478,0.06682827115716036,Xenophon,0.5904788609230518,-0.046348127829744415,0.16891592525789165,0.6700161563459053
deduplicated_within_author,f1,"Leblanc, Maurice",16,292725,0.05301300532003942,0.020922025352213925,"Gorky, Maksim",0.39465835271755856,-0.03209097996782549,0.16891592525789165,0.31384255356090346
deduplicated_within_author,f1,"Lee, Vernon",15,107059,0.08107591350646268,0.006695119363667011,"De Quincey, Thomas",0.08257840182255033,-0.07438079414279566,0.16891592525789165,0.4799779143540219
deduplicated_within_author,f1,"Leiber, Fritz",22,34361,0.09400578942823269,0.003378017084513981,"Sharkey, Jack",0.03593413879145047,-0.09062777234371872,0.16891592525789165,0.5565241363992753
deduplicated_within_author,f1,"Leinster, Murray",37,156495,0.1286989980507359,0.017742400548245635,"Del Rey, Lester",0.1378596633771088,-0.11095659750249026,0.16891592525789165,0.7619115714178238
deduplicated_within_author,f1,"Leland, Charles Godfrey",10,130314,0.09027129766922008,0.007937425093156624,"Lang, Andrew",0.0879285586681342,-0.08233387257606346,0.16891592525789165,0.5344155533671486
deduplicated_within_author,f1,"Leslie, Madeline",20,60836,0.0233644583198783,0.0031625028278163855,"Jewett, Sarah Orne",0.13535528127890528,-0.020201955492061913,0.16891592525789165,0.13832004462697473
deduplicated_within_author,f1,"Lever, Charles James",53,1279537,0.07223647745013533,0.004040745492804047,"Aimard, Gustave",0.055937742750445774,-0.06819573195733128,0.16891592525789165,0.42764752547664525
deduplicated_within_author,f1,"Lewis, Alfred Henry",15,233128,0.11242961078864666,0.012575821309379592,"Baum, L. Frank (Lyman Frank)",0.1118550639921767,-0.09985378947926707,0.16891592525789165,0.66559509186002
deduplicated_within_author,f1,Library of Congress. Copyright Office,66,6234798,0.1753278107581078,0.061454902321409315,"Duellman, William Edward",0.350514285529955,-0.11387290843669848,0.16891592525789165,1.0379590348892613
deduplicated_within_author,f1,"Lincoln, Abraham",19,106902,0.08515000497826167,0.009276089397049722,"Macaulay, Thomas Babington Macaulay, Baron",0.10893821320877031,-0.07587391558121194,0.16891592525789165,0.5040969633162727
deduplicated_within_author,f1,"Lincoln, Joseph Crosby",18,440115,0.040610844913718865,0.005489774824751581,"Webster, Frank V.",0.13518001992854534,-0.03512107008896728,0.16891592525789165,0.2404204627344428
deduplicated_within_author,f1,"Locke, William John",21,322162,0.010754979885623192,0.00396328686691775,"Rinehart, Mary Roberts",0.3685071389315852,-0.006791693018705442,0.16891592525789165,0.06367060932356185
deduplicated_within_author,f1,"London, Jack",50,535210,0.19406276494388017,0.003603741485884824,"Churchill, Winston",0.01856997908345255,-0.19045902345799534,0.16891592525789165,1.1488719293198417
deduplicated_within_author,f1,"Longfellow, Henry Wadsworth",14,70326,0.1474108641217238,0.014798026668489008,"Whittier, John Greenleaf",0.1003862690627036,-0.1326128374532348,0.16891592525789165,0.8726877817865006
deduplicated_within_author,f1,"Lord, John",18,281005,0.04597234223664022,0.0046922027239156994,"Saint-Simon, Louis de Rouvroy, duc de",0.10206577467301604,-0.04128013951272452,0.16891592525789165,0.2721610894085454
deduplicated_within_author,f1,"Loti, Pierre",11,64695,0.03226273525021699,0.007285837806716432,"Gautier, Théophile",0.22582827370991213,-0.024976897443500554,0.16891592525789165,0.19099877765201828
deduplicated_within_author,f1,"Lowndes, Marie Belloc",15,198392,0.047609329958660566,0.00556015968633656,"Stephens, Robert Neilson",0.11678718627555724,-0.04204917027232401,0.16891592525789165,0.281852228473859
deduplicated_within_author,f1,"Lucas, E. V. (Edward Verrall)",11,146026,0.10035847418578947,0.006557865317222699,"Moore, Thomas",0.06534441032933996,-0.09380060886856677,0.16891592525789165,0.5941326966807162
deduplicated_within_author,f1,"Luther, Martin",18,209772,0.15370838819456947,0.008821290013516166,"Roberts, B. H. (Brigham Henry)",0.05738977629737336,-0.1448870981810533,0.16891592525789165,0.9099697850270534
deduplicated_within_author,f1,"Lynde, Francis",17,247465,0.01168562927191437,0.005816570293644653,"Wood, Henry, Mrs.",0.49775413529713725,-0.005869058978269718,0.16891592525789165,0.06918015133311668
deduplicated_within_author,f1,"Lytton, Edward Bulwer Lytton, Baron",194,968327,0.06790075758808253,0.006603178639444163,"Grant, James, archaeologist",0.09724749581590982,-0.06129757894863837,0.16891592525789165,0.40197960899432866
deduplicated_within_author,f1,"MacDonald, George",60,1064335,0.08791588022721139,0.0038515171483120988,"Sienkiewicz, Henryk",0.04380911774253034,-0.08406436307889929,0.16891592525789165,0.5204712349826471
deduplicated_within_author,f1,"MacGrath, Harold",21,308529,0.019639081222480988,0.010276581148452868,"Webster, Jean",0.5232719918022029,-0.00936250007402812,0.16891592525789165,0.11626542134791085
deduplicated_within_author,f1,"MacGregor, Mary Esther Miller",10,99000,0.046583405473946765,0.0021024699954523313,"Brereton, F. S. (Frederick Sadleir)",0.045133454157365194,-0.04448093547849443,0.16891592525789165,0.2757786478854836
deduplicated_within_author,f1,"MacKenzie, Compton",12,242139,0.09212102688162088,0.0027654100421185854,"Merwin, Samuel",0.030019314110254602,-0.0893556168395023,0.16891592525789165,0.545366144376118
deduplicated_within_author,f1,"Macaulay, Thomas Babington Macaulay, Baron",19,431736,0.04182743307895743,0.007839921595252309,"Lincoln, Abraham",0.1874349205329653,-0.033987511483705116,0.16891592525789165,0.24762279231574866
deduplicated_within_author,f1,"Machen, Arthur",10,67667,0.034954015650286864,0.008128228032972641,"Martineau, Harriet",0.232540607473978,-0.026825787617314224,0.16891592525789165,0.20693143998661448
deduplicated_within_author,f1,"Mackintosh, Charles Henry",11,203375,0.015308400023587375,0.005880798840300981,"Stevenson, Robert Louis",0.38415502803949286,-0.009427601183286394,0.16891592525789165,0.0906273342801476
deduplicated_within_author,f1,"Maclaren, Alexander",20,630358,0.022473728340592,0.004658311413536338,"Masefield, John",0.20727808679267987,-0.017815416927055662,0.16891592525789165,0.1330468296951891
deduplicated_within_author,f1,"Maclaren, Ian",13,97457,0.09436313199966832,0.02663008740874304,"Mathews, Joanna H. (Joanna Hooe)",0.28220860037622153,-0.06773304459092529,0.16891592525789165,0.5586396419141643
deduplicated_within_author,f1,"Maeterlinck, Maurice",18,90065,0.38149023542138577,0.04113494157880346,"Meynell, Alice",0.10782698417789567,-0.34035529384258234,0.16891592525789165,2.258462219230941
deduplicated_within_author,f1,"Mahan, A. T. (Alfred Thayer)",15,290149,0.05338177050729899,0.008633015906105908,"Parkman, Francis",0.16172217264553823,-0.04474875460119308,0.16891592525789165,0.31602568215991833
deduplicated_within_author,f1,"Mangasarian, M. M. (Mangasar Mugurditch)",12,45670,0.02986949481803484,0.020338475722861,"Tolstoy, Leo, graf",0.6809112724123099,-0.009531019095173843,0.16891592525789165,0.17683054319734343
deduplicated_within_author,f1,"Mansfield, M. F. (Milburg Francisco)",16,194808,0.028683330636975046,0.011470809661155632,"James, George Wharton",0.39991205367095223,-0.017212520975819413,0.16891592525789165,0.16980832679442684
deduplicated_within_author,f1,"Marks, Winston K.",12,12929,0.05106159939172424,0.0072047729833641825,"Samachson, Joseph",0.14109963395568625,-0.04385682640836006,0.16891592525789165,0.3022900257259117
deduplicated_within_author,f1,"Marlowe, Christopher",10,82790,0.13425421890670222,0.013282939677537537,"Dunsany, Lord",0.09893871332839305,-0.12097127922916469,0.16891592525789165,0.7947990617328128
deduplicated_within_author,f1,"Marlowe, Stephen",16,41940,0.023322367370384837,0.00921659193048326,"Nourse, Alan Edward",0.39518252088708,-0.014105775439901578,0.16891592525789165,0.13807086178983727
deduplicated_within_author,f1,"Marryat, Frederick",36,873873,0.0361231738254968,0.004457051246145244,"Borrow, George",0.12338481850117296,-0.03166612257935155,0.16891592525789165,0.21385297905064843
deduplicated_within_author,f1,"Marsh, Richard",19,290346,0.04440357234227222,0.007385674791218969,"MacGrath, Harold",0.16633064417179344,-0.03701789755105325,0.16891592525789165,0.2628738070402732
deduplicated_within_author,f1,"Martineau, Harriet",16,224425,0.09565921462827907,0.007014621417929274,"Twain, Mark",0.07332928087678016,-0.0886445932103498,0.16891592525789165,0.5663125870591053
deduplicated_within_author,f1,"Masefield, John",17,95443,0.19692623036020288,0.00429394364645622,"Maclaren, Alexander",0.021804833406916163,-0.19263228671374666,0.16891592525789165,1.1658239450161174
deduplicated_within_author,f1,"Mason, A. E. W. (Alfred Edward Woodley)",20,315868,0.10931528440005628,0.003998046123107121,"Henry, O.",0.03657353264961238,-0.10531723827694915,0.16891592525789165,0.6471579528878622
deduplicated_within_author,f1,"Maspero, G. (Gaston)",10,145377,0.039864248232442764,0.007619555016530487,"Schopenhauer, Arthur",0.1911375569433028,-0.03224469321591228,0.16891592525789165,0.2360005320491848
deduplicated_within_author,f1,"Mathews, Joanna H. (Joanna Hooe)",13,133351,0.015414196691984117,0.003945312189261399,"Carter, Herbert, active 1909-1917",0.25595314943094566,-0.011468884502722718,0.16891592525789165,0.09125366165712653
deduplicated_within_author,f1,"Matthews, Stanley R.",32,237240,0.005367270092532042,0.0024341976699903,"Hume, Fergus",0.453526211281451,-0.002933072422541742,0.16891592525789165,0.0317748020758705
deduplicated_within_author,f1,"Maugham, W. Somerset (William Somerset)",26,281788,0.43033955887825764,0.008501788855147054,"Dawson, Coningsby",0.01975600123146521,-0.42183777002311057,0.16891592525789165,2.5476553393129664
deduplicated_within_author,f1,"Maupassant, Guy de",33,360083,0.04084762745637623,0.014098270637434095,"Ebers, Georg",0.34514294991772854,-0.026749356818942138,0.16891592525789165,0.24182224022993865
deduplicated_within_author,f1,"May, Sophie",25,158551,0.01895309409211077,0.006459453097923731,"Tarkington, Booth",0.34081259062669245,-0.012493640994187039,0.16891592525789165,0.11220430556310317
deduplicated_within_author,f1,"McCutcheon, George Barr",33,499873,0.02068803993944735,0.002338231663125042,"Tracy, Louis",0.11302335407167162,-0.01834980827632231,0.16891592525789165,0.12247536700794776
deduplicated_within_author,f1,"McElroy, John",15,179807,0.11336840560745347,0.008830523138756452,"Roe, Edward Payson",0.07789227599559612,-0.10453788246869701,0.16891592525789165,0.6711528556846772
deduplicated_within_author,f1,"Meade, L. T.",52,821926,0.02389362805198752,0.0020766591650653657,"Farjeon, B. L. (Benjamin Leopold)",0.08691267649044303,-0.021816968886922153,0.16891592525789165,0.14145278496096816
deduplicated_within_author,f1,"Melville, Herman",16,264160,0.06672343102715086,0.006407707304277656,"Fielding, Henry",0.09603384007141741,-0.06031572372287321,0.16891592525789165,0.395009712229804
deduplicated_within_author,f1,"Mencken, H. L. (Henry Louis)",10,108230,0.14544588994959073,0.00514982579089574,"James, George Wharton",0.03540715927195048,-0.140296064158695,0.16891592525789165,0.8610549285245418
deduplicated_within_author,f1,"Meredith, George",94,551531,0.12430762047754146,0.009074883089864334,"Allen, James Lane",0.07300343337763339,-0.11523273738767713,0.16891592525789165,0.7359141554460028
deduplicated_within_author,f1,"Merriman, Henry Seton",14,210922,0.00966512900851474,0.00237887498308392,"Westerman, Percy F. (Percy Francis)",0.2461296668661318,-0.007286254025430821,0.16891592525789165,0.057218577785123265
deduplicated_within_author,f1,"Merwin, Samuel",13,182771,0.05598907411740118,0.0030827722520481537,"MacKenzie, Compton",0.05506024703291246,-0.05290630186535303,0.16891592525789165,0.3314611930871533
deduplicated_within_author,f1,"Meynell, Alice",11,42061,0.08716526076525456,0.004077375303738897,"Wilcox, Ella Wheeler",0.04677752659651542,-0.08308788546151566,0.16891592525789165,0.5160274890136936
deduplicated_within_author,f1,"Mill, John Stuart",14,230456,0.03392884999175711,0.009617954317752213,Suetonius,0.28347422090901575,-0.0243108956740049,0.16891592525789165,0.20086235172886385
deduplicated_within_author,f1,"Miller, Alex. McVeigh, Mrs.",17,262439,0.02611733142150256,0.006314914606177171,"Hough, Emerson",0.24179019304315538,-0.019802416815325387,0.16891592525789165,0.15461734221701143
deduplicated_within_author,f1,"Milne, A. A. (Alan Alexander)",11,144467,0.3725346341413107,0.05908760692874998,"Sudermann, Hermann",0.15860970098779253,-0.31344702721256074,0.16891592525789165,2.2054441200410504
deduplicated_within_author,f1,"Mitchell, S. Weir (Silas Weir)",12,164968,0.14023023995897588,0.0017276502584987283,"Peattie, Elia Wilkinson",0.012320097712192103,-0.13850258970047716,0.16891592525789165,0.8301777333598355
deduplicated_within_author,f1,"Mitford, Bertram",27,432318,0.016426462590402528,0.002700038584057679,"Crawford, F. Marion (Francis Marion)",0.16437127404625923,-0.01372642400634485,0.16891592525789165,0.09724638198158936
deduplicated_within_author,f1,"Mitford, Mary Russell",13,17798,0.04079658231140466,0.01972641513569022,"Jameson, Mrs. (Anna)",0.4835310709391388,-0.021070167175714437,0.16891592525789165,0.24152004761610638
deduplicated_within_author,f1,"Mitton, G. E. (Geraldine Edith)",12,81850,0.051759087286807344,0.004513451889527059,"Burroughs, John",0.08720114913381545,-0.047245635397280286,0.16891592525789165,0.30641922724446724
deduplicated_within_author,f1,"Molesworth, Mrs.",55,575883,0.04275888900196622,0.0038734461941329857,"Castlemon, Harry",0.09058809254737347,-0.03888544280783324,0.16891592525789165,0.2531371091072927
deduplicated_within_author,f1,Molière,20,69345,0.10704747656314859,0.03352937538792797,"Bridges, Robert",0.31321967097607,-0.07351810117522062,0.16891592525789165,0.6337322925574621
deduplicated_within_author,f1,"Montaigne, Michel de",21,75259,0.08354057171954467,0.016518827971208922,"Newman, John Henry",0.19773419826075087,-0.06702174374833575,0.16891592525789165,0.49456894956469893
deduplicated_within_author,f1,"Montgomery, L. M. (Lucy Maud)",12,127589,0.8075889771269313,0.0020726132780347958,"Douglas, Amanda M.",0.002566420960088261,-0.8055163638488966,0.16891592525789165,4.781011475939574
deduplicated_within_author,f1,"Moodie, Susanna",14,160314,0.08055252951627508,0.0036371560661734017,"Coolidge, Susan",0.04515259903090368,-0.07691537345010167,0.16891592525789165,0.47687942621923807
deduplicated_within_author,f1,"Moody, Dwight Lyman",14,99597,0.03473292405141079,0.005439464199542237,"Besant, Walter",0.15660830028277722,-0.029293459851868556,0.16891592525789165,0.2056225545245805
deduplicated_within_author,f1,"Moore, Frank Frankfort",19,207448,0.03019418779547513,0.002147915965624821,"Wister, Owen",0.07113673598952396,-0.02804627182985031,0.16891592525789165,0.17875275969022036
deduplicated_within_author,f1,"Moore, George Augustus",16,274175,0.08456449353356169,0.011592937021009709,"Disraeli, Benjamin, Earl of Beaconsfield",0.13708988887172535,-0.07297155651255198,0.16891592525789165,0.5006306741324313
deduplicated_within_author,f1,"Moore, Thomas",12,185016,0.1290053817118793,0.006224628829220481,"Brandes, Georg",0.04825092369497088,-0.12278075288265883,0.16891592525789165,0.7637253948372299
deduplicated_within_author,f1,"Morley, Christopher",12,80151,0.19808830845692887,0.013757041612296649,"Beerbohm, Max, Sir",0.06944903371360707,-0.18433126684463222,0.16891592525789165,1.1727035692726924
deduplicated_within_author,f1,"Morley, John",30,267011,0.057054089194451256,0.005192862076603686,"Dewey, John",0.09101647489114091,-0.05186122711784757,0.16891592525789165,0.33776619408350145
deduplicated_within_author,f1,"Morris, Charles",18,261930,0.06184921005603547,0.0067503820961772355,"Bensusan, S. L. (Samuel Levy)",0.10914257579137034,-0.05509882795985824,0.16891592525789165,0.36615381268289215
deduplicated_within_author,f1,"Morris, William",28,259551,0.1597752015534427,0.015238644259509927,"La Fontaine, Jean de",0.0953755283132145,-0.14453655729393275,0.16891592525789165,0.9458859566349744
deduplicated_within_author,f1,"Motley, John Lothrop",89,209675,0.051714018272696,0.00923380756651911,"Skinner, Charles M. (Charles Montgomery)",0.1785552133626093,-0.042480210706176885,0.16891592525789165,0.3061524139523366
deduplicated_within_author,f1,"Mulford, Clarence Edward",10,177179,0.030919375198568893,0.004271010392751266,"Rice, Alice Caldwell Hegan",0.13813378715844654,-0.02664836480581763,0.16891592525789165,0.18304594520240097
deduplicated_within_author,f1,"Mundy, Talbot",13,175583,0.02357103627292684,0.015779616449681972,"Brazil, Angela",0.6694494152472237,-0.007791419823244869,0.16891592525789165,0.13954300778295395
deduplicated_within_author,f1,"Munroe, Kirk",15,154687,0.030841503791476717,0.0007577595685566598,"King, Charles",0.024569475395232587,-0.030083744222920056,0.16891592525789165,0.18258493830223282
deduplicated_within_author,f1,"Murfree, Mary Noailles",26,156406,0.04347068667588691,0.00103472867984743,"Ainsworth, William Harrison",0.02380290625639902,-0.04243595799603948,0.16891592525789165,0.2573510260179331
deduplicated_within_author,f1,"Murray, David Christie",14,102247,0.08276412187578802,0.0017748184995202956,"Boothby, Guy",0.021444298076211506,-0.08098930337626772,0.16891592525789165,0.4899722850253951
deduplicated_within_author,f1,"Mühlbach, L. (Luise)",20,709566,0.027929710189607358,0.0032469330553702995,"Bloundelle-Burton, John",0.11625373243502123,-0.02468277713423706,0.16891592525789165,0.16534681467698084
deduplicated_within_author,f1,"Müller, F. Max (Friedrich Max)",10,173381,0.07145718147431968,0.010381010955702681,"Russell, Bertrand",0.14527596445199026,-0.061076170518616996,0.16891592525789165,0.4230340115369391
deduplicated_within_author,f1,"Nesbit, E. (Edith)",30,313987,0.09338807795706247,0.0025391607479042177,"Wister, Owen",0.02718934582925736,-0.09084891720915825,0.16891592525789165,0.5528672196803388
deduplicated_within_author,f1,"Newman, John Henry",14,251769,0.11155027267586563,0.006122801286425759,Voltaire,0.05488826821801622,-0.10542747138943988,0.16891592525789165,0.6603893179731677
deduplicated_within_author,f1,"Nicholson, Meredith",13,184844,0.0230986813833496,0.006276368760572026,"Seltzer, Charles Alden",0.2717197859223371,-0.016822312622777575,0.16891592525789165,0.13674661727770068
deduplicated_within_author,f1,"Nietzsche, Friedrich Wilhelm",17,153249,0.16172953299645537,0.015809941804961286,"Tennyson, Alfred Tennyson, Baron",0.09775544090211274,-0.14591959119149409,0.16891592525789165,0.9574558038239173
deduplicated_within_author,f1,"Norris, Frank",10,164358,0.04579278681071762,0.00257490682151969,"Roe, Edward Payson",0.05622952872824598,-0.04321787998919793,0.16891592525789165,0.2710981024483256
deduplicated_within_author,f1,"Norris, Kathleen Thompson",11,212403,0.009028051626466622,0.007552251198175621,"Weyman, Stanley John",0.8365316804387176,-0.001475800428291001,0.16891592525789165,0.053447012841939465
deduplicated_within_author,f1,"Norton, Andre",14,104020,0.04105109317469883,0.005447875702000223,"Nourse, Alan Edward",0.13270963769018293,-0.03560321747269861,0.16891592525789165,0.243026778629808
deduplicated_within_author,f1,"Nourse, Alan Edward",23,56041,0.05267326907288347,0.004602626714916864,"Norton, Andre",0.08738069225489414,-0.04807064235796661,0.16891592525789165,0.31183127933298643
deduplicated_within_author,f1,"Nye, Bill",11,83737,0.0319409995200123,0.014402835644258599,"Morris, Charles",0.4509200044048293,-0.0175381638757537,0.16891592525789165,0.18909406837304724
deduplicated_within_author,f1,"O'Donnell, Elliott",10,115771,0.10758067949966098,0.007839752119556094,"Allen, Grant",0.07287323482262259,-0.09974092738010489,0.16891592525789165,0.6368889098846817
deduplicated_within_author,f1,"Oliphant, Mrs. (Margaret)",70,1241529,0.029373911023063175,0.001279953732661903,"Craik, Dinah Maria Mulock",0.0435745084015859,-0.028093957290401272,0.16891592525789165,0.17389663513500392
deduplicated_within_author,f1,"Onions, Oliver",11,180780,0.033467185437678605,0.017297330548172733,"Vance, Louis Joseph",0.5168444947479436,-0.016169854889505873,0.16891592525789165,0.19812924913138136
deduplicated_within_author,f1,"Oppenheim, E. Phillips (Edward Phillips)",58,1025416,0.023700469427089248,0.00396822880773363,"Chapman, Allen",0.16743249832840904,-0.019732240619355617,0.16891592525789165,0.14030926563557972
deduplicated_within_author,f1,"Optic, Oliver",59,712184,0.09036571780548133,0.0026150809354740516,"Bates, Arlo",0.028938860875350986,-0.08775063687000728,0.16891592525789165,0.5349745304802722
deduplicated_within_author,f1,"Orczy, Emmuska Orczy, Baroness",18,279091,0.04315971295134367,0.015076697702844968,"Gorky, Maksim",0.34932340073349794,-0.028083015248498704,0.16891592525789165,0.2555100289416156
deduplicated_within_author,f1,"Otis, James",45,347659,0.16689696565383463,0.005263898612877315,"Walton, Amy",0.031539810159253015,-0.1616330670409573,0.16891592525789165,0.9880475473169592
deduplicated_within_author,f1,Ouida,22,329694,0.04458123739391106,0.005630314220512495,"Hawthorne, Julian",0.12629335903721434,-0.038950923173398565,0.16891592525789165,0.26392560278639715
deduplicated_within_author,f1,"Oxley, J. Macdonald (James Macdonald)",10,65335,0.031154471588494607,0.0035689955768621238,"Munroe, Kirk",0.11455805201909312,-0.027585476011632484,0.16891592525789165,0.1844377404968161
deduplicated_within_author,f1,"Packard, Frank L. (Frank Lucius)",11,200478,0.02438753627169747,0.0033060025182502306,"Vaizey, George de Horne, Mrs.",0.13556115227953364,-0.02108153375344724,0.16891592525789165,0.14437677344195882
deduplicated_within_author,f1,"Page, Thomas Nelson",24,156210,0.10698772978900523,0.0028146199137693076,"Bates, Arlo",0.02630787585941053,-0.10417310987523593,0.16891592525789165,0.6333785853859675
deduplicated_within_author,f1,"Paine, Albert Bigelow",29,222164,0.11108422207176072,0.004531098916627951,"Conwell, Russell H.",0.040789761427152536,-0.10655312315513277,0.16891592525789165,0.6576302494993492
deduplicated_within_author,f1,Pansy,11,147844,0.017845238927393092,0.0048392410914435465,"Howells, William Dean",0.27117827399974653,-0.013005997835949546,0.16891592525789165,0.10564568675302789
deduplicated_within_author,f1,"Parker, Gilbert",106,447000,0.05319788488087857,0.003775351265534451,"Smith, Francis Hopkinson",0.07096807089207154,-0.04942253361534412,0.16891592525789165,0.3149370599584316
deduplicated_within_author,f1,"Parkman, Francis",15,335281,0.04962568672762789,0.005564337006090225,"Irving, Washington",0.112126146215976,-0.04406134972153766,0.16891592525789165,0.29378927210008227
deduplicated_within_author,f1,"Parrish, Randall",15,254641,0.008893356342650802,0.005179685302435659,"Stacpoole, H. De Vere (Henry De Vere)",0.58242187795792,-0.003713671040215143,0.16891592525789165,0.052649602629668626
deduplicated_within_author,f1,"Patchin, Frank Gee",15,161138,0.009026774215127105,0.004323121822608823,"Oppenheim, E. Phillips (Edward Phillips)",0.478922117644653,-0.004703652392518282,0.16891592525789165,0.05343945043278493
deduplicated_within_author,f1,"Pater, Walter",13,97340,0.041670011625103344,0.009447163578218412,Homer,0.22671372552550811,-0.03222284804688493,0.16891592525789165,0.24669084079244652
deduplicated_within_author,f1,"Peattie, Elia Wilkinson",10,83096,0.05802239264009284,0.001659611912849417,"Mitchell, S. Weir (Silas Weir)",0.02860295546831075,-0.05636278072724342,0.16891592525789165,0.3434986520750332
deduplicated_within_author,f1,"Peck, George W. (George Wilbur)",10,75925,0.1928704264746005,0.02745515665961775,"Skinner, Charles M. (Charles Montgomery)",0.1423502667643729,-0.16541526981498275,0.16891592525789165,1.141813160482864
deduplicated_within_author,f1,"Pemberton, Max",11,130938,0.0458840041459854,0.0021922100651432124,"Sedgwick, Anne Douglas",0.04777721792039849,-0.04369179408084219,0.16891592525789165,0.2716381186435335
deduplicated_within_author,f1,"Penrose, Margaret",22,260508,0.013675227688710776,0.0015247551921679409,"Stratemeyer, Edward",0.11149760917155788,-0.012150472496542835,0.16891592525789165,0.08095878270703122
deduplicated_within_author,f1,"Pepys, Samuel",76,263743,0.044910120866919714,0.0036718941774525403,Suetonius,0.08176095068488706,-0.041238226689467174,0.16891592525789165,0.265872627452701
deduplicated_within_author,f1,"Perkins, Lucy Fitch",13,53668,0.035118944953251,0.003219177213134627,"Brazil, Angela",0.09166497505605231,-0.03189976774011637,0.16891592525789165,0.20790783876436342
deduplicated_within_author,f1,"Phelps, Elizabeth Stuart",14,99623,0.1592530231309037,0.008825063257877708,"Collins, Wilkie",0.05541535780217895,-0.15042795987302598,0.16891592525789165,0.9427946055871573
deduplicated_within_author,f1,"Phillips, David Graham",14,285000,0.016263104721842572,0.006297444070149832,"Hayes, Clair W. (Clair Wallace)",0.38722274607823753,-0.00996566065169274,0.16891592525789165,0.09627928626038633
deduplicated_within_author,f1,"Phillpotts, Eden",19,257922,0.14392006088970496,0.004414079763740167,"Bates, Arlo",0.030670357811500338,-0.1395059811259648,0.16891592525789165,0.8520218604017096
deduplicated_within_author,f1,"Pinero, Arthur Wing",13,97578,0.10601757318442438,0.05275868390822321,"Ibsen, Henrik",0.49764093181463503,-0.05325888927620117,0.16891592525789165,0.6276351564990839
deduplicated_within_author,f1,"Piper, H. Beam",33,152770,0.06008762823349657,0.00684521344774538,"MacKenzie, Compton",0.11392051324018533,-0.053242414785751195,0.16891592525789165,0.3557250634702326
deduplicated_within_author,f1,Plato,27,228736,0.11030164348796442,0.02268496790685836,"Swinburne, Algernon Charles",0.2056630090859311,-0.08761667558110606,0.16891592525789165,0.6529973021759901
deduplicated_within_author,f1,"Poe, Edgar Allan",16,108331,0.28997953378707975,0.009981283508271595,"Coleridge, Samuel Taylor",0.0344206481675374,-0.27999825027880815,0.16891592525789165,1.7167092643535817
deduplicated_within_author,f1,"Porter, Eleanor H. (Eleanor Hodgman)",13,210388,0.026251952245662125,0.004276746442176307,"Zangwill, Israel",0.16291155804928745,-0.021975205803485817,0.16891592525789165,0.15541431162030503
deduplicated_within_author,f1,"Potter, Beatrix",21,15393,0.11422849529164883,0.028734458808663866,"Sinclair, Upton",0.25155245838876616,-0.08549403648298497,0.16891592525789165,0.6762446768547784
deduplicated_within_author,f1,"Pyle, Howard",16,172007,0.06037518594712294,0.0053198469741069145,"Smith, Francis Hopkinson",0.0881131360616608,-0.055055338973016024,0.16891592525789165,0.35742743530514004
deduplicated_within_author,f1,"Pyle, Katharine",11,58312,0.08063444394949001,0.003987727463754041,"Garland, Hamlin",0.049454392793382214,-0.07664671648573597,0.16891592525789165,0.47736436825824285
deduplicated_within_author,f1,"Quiller-Couch, Arthur",40,573345,0.062213395013270084,0.008167068013568025,"James, Henry",0.13127507366903854,-0.05404632699970206,0.16891592525789165,0.36830982583960664
deduplicated_within_author,f1,"Raine, William MacLeod",22,297998,0.019994541221731218,0.003928855402162149,"Harmon, Jim",0.196496401622461,-0.01606568581956907,0.16891592525789165,0.11836978183794476
deduplicated_within_author,f1,"Ralphson, G. Harvey (George Harvey)",14,145509,0.06371737623261194,0.002632750899200886,"Stratemeyer, Edward",0.041319198229216904,-0.06108462533341105,0.16891592525789165,0.37721355245416743
deduplicated_within_author,f1,"Rathborne, St. George",14,133580,0.051507344357057526,0.002853981204666886,"Coolidge, Susan",0.055409208925286675,-0.04865336315239064,0.16891592525789165,0.30492888268775675
deduplicated_within_author,f1,"Raymond, Evelyn",17,193042,0.028511480381970163,0.00865138056545041,"Johnson, Owen",0.3034349830155187,-0.019860099816519754,0.16891592525789165,0.168790955254458
deduplicated_within_author,f1,"Reade, Charles",15,536542,0.09367962576418173,0.007186623482952226,"Jókai, Mór",0.07671490384732109,-0.08649300228122951,0.16891592525789165,0.5545932132873604
deduplicated_within_author,f1,"Reed, Helen Leah",10,106300,0.07928517032359604,0.002302137782382023,"Freeman, Mary Eleanor Wilkins",0.029036171240927312,-0.07698303254121402,0.16891592525789165,0.4693765268286442
deduplicated_within_author,f1,"Reed, Myrtle",13,186416,0.2422431070655341,0.004190161000811198,"Murray, David Christie",0.01729733841168753,-0.23805294606472288,0.16891592525789165,1.43410460970859
deduplicated_within_author,f1,"Reed, Talbot Baines",16,350176,0.06037237199925272,0.004665924880570845,"Ewing, Juliana Horatia Gatty",0.07728576377003372,-0.055706447118681876,0.16891592525789165,0.35741077643851205
deduplicated_within_author,f1,"Reeve, Arthur B. (Arthur Benjamin)",14,212158,0.017004557848681934,0.0071262276417143125,"Kjelgaard, Jim",0.4190775029335258,-0.009878330206967621,0.16891592525789165,0.10066876656372276
deduplicated_within_author,f1,"Reid, Mayne",50,887763,0.06556710397738284,0.0026785222642887138,"Everett-Green, Evelyn",0.04085161768335324,-0.06288858171309412,0.16891592525789165,0.3881641347746138
deduplicated_within_author,f1,"Reynolds, Mack",24,75686,0.03973757598442802,0.008725383033953026,"Samachson, Joseph",0.21957512046965938,-0.031012192950474998,0.16891592525789165,0.23525061905062447
deduplicated_within_author,f1,"Rice, Alice Caldwell Hegan",10,99270,0.018059803379029588,0.002379611098663109,"Brand, Max",0.13176284640098743,-0.01568019228036648,0.16891592525789165,0.10691593081858246
deduplicated_within_author,f1,"Rice, Cale Young",11,39911,0.26354438348006365,0.11981282417677593,Molière,0.45462104938327935,-0.14373155930328774,0.16891592525789165,1.5602104009891218
deduplicated_within_author,f1,"Richards, Laura Elizabeth Howe",42,358518,0.0484184994926534,0.010152351707243752,"Fleming, May Agnes",0.2096791890212166,-0.03826614778540965,0.16891592525789165,0.286642597012275
deduplicated_within_author,f1,"Richardson, Samuel",14,285685,0.06778461294907015,0.016669911044434705,"Goethe, Johann Wolfgang von",0.24592470649584758,-0.05111470190463545,0.16891592525789165,0.4012920205456075
deduplicated_within_author,f1,"Richmond, Grace S. (Grace Smith)",15,141915,0.038043556308893216,0.0014149772636099442,"Tracy, Louis",0.037193611767551114,-0.03662857904528327,0.16891592525789165,0.22522184483677535
deduplicated_within_author,f1,"Riis, Jacob A. (Jacob August)",11,95673,0.029190258526858977,0.006973332653430944,"Conwell, Russell H.",0.238892459517429,-0.022216925873428033,0.16891592525789165,0.17280939308885696
deduplicated_within_author,f1,"Riley, James Whitcomb",17,53836,0.20400312822633068,0.038625662063758365,"Sue, Eugène",0.18933857730311485,-0.16537746616257232,0.16891592525789165,1.2077199228839424
deduplicated_within_author,f1,"Rinehart, Mary Roberts",29,365718,0.07047795261219476,0.0026084037898877073,"Tracy, Louis",0.03701020947984202,-0.06786954882230706,0.16891592525789165,0.4172368739335433
deduplicated_within_author,f1,"Ritchie, J. Ewing (James Ewing)",20,129638,0.058212674899801496,0.002850857826644085,"Griffiths, Arthur",0.048973145995285745,-0.05536181707315741,0.16891592525789165,0.3446251430167141
deduplicated_within_author,f1,"Roberts, B. H. (Brigham Henry)",14,217237,0.060448051543342284,0.009474067151018289,"Luther, Martin",0.1567307284375448,-0.05097398439232399,0.16891592525789165,0.35785880727973685
deduplicated_within_author,f1,"Roberts, Charles G. D., Sir",26,208769,0.10161360353632914,0.008402538916238015,"Hale, Edward Everett",0.0826910829240882,-0.09321106462009113,0.16891592525789165,0.6015631941227034
deduplicated_within_author,f1,"Robertson, Margaret M. (Margaret Murray)",11,179922,0.027036818415536554,0.0010288539210359148,"Stacpoole, H. De Vere (Henry De Vere)",0.038053808892125035,-0.02600796449450064,0.16891592525789165,0.16006080169325781
deduplicated_within_author,f1,"Rockwood, Roy",16,153186,0.02273245679840868,0.0027570461471245838,"Emerson, Alice B.",0.12128236607129866,-0.0199754106512841,0.16891592525789165,0.13457852931096936
deduplicated_within_author,f1,"Roe, Edward Payson",19,425462,0.0607866260488419,0.0024795537806622447,"Norris, Frank",0.04079110721937305,-0.058307072268179654,0.16891592525789165,0.3598632038751597
deduplicated_within_author,f1,"Rohmer, Sax",17,250479,0.03947667611033027,0.00950876204845969,"Kipling, Rudyard",0.24087038183975765,-0.029967914061870576,0.16891592525789165,0.23370606442263764
deduplicated_within_author,f1,"Rolland, Romain",12,185463,0.19046656176257482,0.023215628444153,"Dunsany, Lord",0.12188821087185021,-0.1672509333184218,0.16891592525789165,1.1275820291768277
deduplicated_within_author,f1,"Romanes, George John",11,140996,0.049484847600897976,0.005027883611823488,"Dewey, John",0.10160450836130795,-0.04445696398907449,0.16891592525789165,0.29295548969315477
deduplicated_within_author,f1,"Roosevelt, Theodore",17,209042,0.08040409475319046,0.0074764491983469565,"Symonds, John Addington",0.09298592591952898,-0.0729276455548435,0.16891592525789165,0.47600067684816494
deduplicated_within_author,f1,"Rousseau, Jean-Jacques",18,96325,0.09069995039933915,0.013042012767319176,"Emerson, Ralph Waldo",0.14379294266311088,-0.07765793763201997,0.16891592525789165,0.536953222503227
deduplicated_within_author,f1,"Roy, Lillian Elizabeth",16,157737,0.014288875141773027,0.005305812544152045,"Cory, David",0.371324718811538,-0.008983062597620982,0.16891592525789165,0.08459164001237628
deduplicated_within_author,f1,"Ruskin, John",47,607075,0.05950907015103081,0.006340932987749465,"De Quincey, Thomas",0.10655405926620126,-0.053168137163281344,0.16891592525789165,0.352299938920357
deduplicated_within_author,f1,"Russell, Bertrand",11,84536,0.06192164020052452,0.006743496513392608,"Romanes, George John",0.10890371268517345,-0.05517814368713191,0.16891592525789165,0.3665826067375585
deduplicated_within_author,f1,"Russell, William Clark",18,193203,0.04421833542130768,0.003076069310336997,"Craik, Dinah Maria Mulock",0.06956547054583873,-0.04114226611097068,0.16891592525789165,0.26177718503330893
deduplicated_within_author,f1,"Sabatini, Rafael",18,298220,0.06436151068727773,0.0051399181496839495,"Boothby, Guy",0.07986012284046576,-0.05922159253759378,0.16891592525789165,0.3810268960076682
deduplicated_within_author,f1,"Saint-Simon, Louis de Rouvroy, duc de",15,63317,0.023783146027118358,0.004299657776663866,"Lord, John",0.18078591334221508,-0.01948348825045449,0.16891592525789165,0.14079871978209008
deduplicated_within_author,f1,"Saintsbury, George",12,275952,0.049763059294135006,0.017433677343544507,"Crane, Walter",0.3503337132168482,-0.0323293819505905,0.16891592525789165,0.29460253210678317
deduplicated_within_author,f1,"Saltus, Edgar",13,104659,0.12617513363690155,0.00805674614487391,"Cobb, Irvin S. (Irvin Shrewsbury)",0.06385367633577532,-0.11811838749202765,0.16891592525789165,0.7469700292868433
deduplicated_within_author,f1,"Samachson, Joseph",12,13801,0.05175082741456493,0.004620074593648583,"Kjelgaard, Jim",0.08927537634593052,-0.04713075282091635,0.16891592525789165,0.30637032793417546
deduplicated_within_author,f1,"Santayana, George",10,101959,0.050761898600893626,0.010609613010183806,"Hume, David",0.20900741112147903,-0.040152285590709824,0.16891592525789165,0.3005157655999168
deduplicated_within_author,f1,"Saunders, Marshall",13,211392,0.037497111473405856,0.004944129510079534,"Glasgow, Ellen Anderson Gholson",0.13185360993969011,-0.03255298196332632,0.16891592525789165,0.22198683407829845
deduplicated_within_author,f1,"Schiller, Friedrich",32,346022,0.3867700079557013,0.031154436995748512,Euripides,0.08055029178818018,-0.35561557095995283,0.16891592525789165,2.2897190265820226
deduplicated_within_author,f1,"Schmitz, James H.",10,40397,0.03945694179465547,0.0017198342372832115,"Fyfe, H. B. (Horace Bowne)",0.0435876213172752,-0.03773710755737226,0.16891592525789165,0.2335892352033401
deduplicated_within_author,f1,"Schoolcraft, Henry Rowe",13,248964,0.1165989682478597,0.007571138653188965,"James, George Wharton",0.0649331530712575,-0.10902782959467074,0.16891592525789165,0.6902781254629647
deduplicated_within_author,f1,"Schopenhauer, Arthur",12,153168,0.06338181688666435,0.004137974893219899,Suetonius,0.06528646694712434,-0.05924384199344445,0.16891592525789165,0.3752270059196398
deduplicated_within_author,f1,"Schubin, Ossip",10,128847,0.029824475492078582,0.0037530736569431435,"Hardy, Thomas",0.12583871451284917,-0.026071401835135437,0.16891592525789165,0.17656402406430416
deduplicated_within_author,f1,"Scott, Walter",56,1306161,0.0763471699852202,0.00813611567240596,"Whyte-Melville, G. J. (George John)",0.10656735114059898,-0.06821105431281424,0.16891592525789165,0.45198325657369187
deduplicated_within_author,f1,"Sedgwick, Anne Douglas",14,217753,0.03756762506737019,0.0018542114312153882,"Braddon, M. E. (Mary Elizabeth)",0.0493566316180547,-0.0357134136361548,0.16891592525789165,0.22240428195277612
deduplicated_within_author,f1,"Seltzer, Charles Alden",10,127571,0.022506181160019324,0.0037429916419123755,"Catherwood, Mary Hartwell",0.16630949583581695,-0.01876318951810695,0.16891592525789165,0.133238953791113
deduplicated_within_author,f1,"Senarens, Luis",15,111599,0.02746885568757871,0.02538806612065852,"Douglas, Amanda M.",0.9242491354359142,-0.002080789566920191,0.16891592525789165,0.16261850767262326
deduplicated_within_author,f1,"Seton, Ernest Thompson",15,135100,0.10757200962979073,0.005874022170272246,"Baldwin, James",0.05460548883011208,-0.10169798745951848,0.16891592525789165,0.6368375833454166
deduplicated_within_author,f1,Shakespeare (spurious and doubtful works),10,45948,0.03360418065907908,0.047166184564846655,"Fletcher, John",1.403580853327648,0.013562003905767575,0.16891592525789165,0.19894027521546026
deduplicated_within_author,f1,"Shakespeare, William",103,1139117,0.14660447366197935,0.019524929433619574,"Bridges, Robert",0.13318099336202727,-0.12707954422835976,0.16891592525789165,0.8679138656592125
deduplicated_within_author,f1,"Shaler, Robert",18,80158,0.015049202142111409,0.0022651680385494663,"Hough, Emerson",0.1505174837283209,-0.012784034103561943,0.16891592525789165,0.08909285562705296
deduplicated_within_author,f1,"Sharkey, Jack",10,22570,0.09449420692561462,0.0032690785503930796,"Leiber, Fritz",0.034595544602712865,-0.09122512837522155,0.16891592525789165,0.5594156192280035
deduplicated_within_author,f1,"Sharp, Dallas Lore",10,53252,0.0417581555309439,0.0025299165542646876,"Wilcox, Ella Wheeler",0.06058496890242081,-0.03922823897667921,0.16891592525789165,0.24721266196298436
deduplicated_within_author,f1,"Shaw, Bernard",42,250381,0.2750474265920822,0.026250139576059865,"Baker, George M. (George Melville)",0.0954385936320392,-0.24879728701602233,0.16891592525789165,1.628309623098916
deduplicated_within_author,f1,"Sheckley, Robert",18,32746,0.02963160169152045,0.005442395252988472,"Smith, George O. (George Oliver)",0.1836686153400172,-0.024189206438531976,0.16891592525789165,0.17542219092889277
deduplicated_within_author,f1,"Shoghi, Effendi",17,134366,0.2301716030285391,0.015018413838919845,"Ashton, John",0.06524876935864979,-0.21515318918961923,0.16891592525789165,1.3626400392806397
deduplicated_within_author,f1,"Sienkiewicz, Henryk",18,480110,0.07627762566981466,0.0032145111134609435,"Disraeli, Benjamin, Earl of Beaconsfield",0.04214225449774352,-0.07306311455635373,0.16891592525789165,0.4515715469299779
deduplicated_within_author,f1,"Sinclair, May",21,342648,0.06778792829662363,0.013704404255447378,"Mason, A. E. W. (Alfred Edward Woodley)",0.20216585164662668,-0.05408352404117625,0.16891592525789165,0.40131164775096667
deduplicated_within_author,f1,"Sinclair, Upton",24,330107,0.32802397963842084,0.009315594396057308,"Fleming, May Agnes",0.02839912620512025,-0.31870838524236356,0.16891592525789165,1.9419363753749783
deduplicated_within_author,f1,"Singmaster, Elsie",11,87372,0.06722960839070077,0.0061154457369989096,"White, Stewart Edward",0.09096357815234278,-0.06111416265370186,0.16891592525789165,0.3980063353295923
deduplicated_within_author,f1,"Skinner, Charles M. (Charles Montgomery)",10,31910,0.019242508437136277,0.005574317669448091,"Ballou, Maturin Murray",0.2896876822301488,-0.013668190767688186,0.16891592525789165,0.11391766885068925
deduplicated_within_author,f1,"Smiles, Samuel",14,290544,0.03170067693075559,0.006580065397312588,"Ritchie, J. Ewing (James Ewing)",0.2075686084459822,-0.025120611533443,0.16891592525789165,0.18767133343026549
deduplicated_within_author,f1,"Smith, E. E. (Edward Elmer)",10,99465,0.030532016897229914,0.010729141068925191,"Harben, Will N. (Will Nathaniel)",0.35140623382461894,-0.01980287582830472,0.16891592525789165,0.18075274341726685
deduplicated_within_author,f1,"Smith, Evelyn E.",15,26462,0.04562661480617951,0.00404376224436888,"Webster, Frank V.",0.08862726857003661,-0.04158285256181063,0.16891592525789165,0.27011434674687584
deduplicated_within_author,f1,"Smith, Francis Hopkinson",26,214418,0.04516255326017595,0.0035410113383667887,"Stephens, Robert Neilson",0.0784059155815982,-0.04162154192180916,0.16891592525789165,0.2673670537057073
deduplicated_within_author,f1,"Smith, George O. (George Oliver)",10,46470,0.04580276865947464,0.006410384897718571,"Garrett, Randall",0.13995627525002324,-0.03939238376175607,0.16891592525789165,0.2711571960402518
deduplicated_within_author,f1,"Snell, Roy J. (Roy Judson)",40,370891,0.02663516646265931,0.004329811567972654,"Dell, Ethel M. (Ethel May)",0.16255995899416495,-0.022305354894686654,0.16891592525789165,0.15768297999134295
deduplicated_within_author,f1,"Southworth, Emma Dorothy Eliza Nevitte",13,325308,0.022625893885037565,0.007659831829693486,"Norris, Kathleen Thompson",0.33854272757634163,-0.014966062055344079,0.16891592525789165,0.13394766568334857
deduplicated_within_author,f1,"Speed, Nell",16,152106,0.032020649824191165,0.001180011684651927,"Butler, Ellis Parker",0.036851584559675125,-0.030840638139539238,0.16891592525789165,0.18956560653060853
deduplicated_within_author,f1,"Spence, Lewis",10,143036,0.06119646869396029,0.006141577870147985,"Huxley, Thomas Henry",0.10035837036384619,-0.055054890823812305,0.16891592525789165,0.3622895153345006
deduplicated_within_author,f1,"Spencer, Herbert",10,182576,0.0391065556431154,0.010154143312044771,"Ruskin, John",0.2596532255285024,-0.028952412331070633,0.16891592525789165,0.2315149124240929
deduplicated_within_author,f1,"Spinoza, Benedictus de",12,77424,0.1392565529967912,0.024899835209387905,"Grote, George",0.17880548292733955,-0.1143567177874033,0.16891592525789165,0.824413404385536
deduplicated_within_author,f1,"Spyri, Johanna",15,108932,0.04205497927909919,0.0026586479614664708,"Parker, Gilbert",0.06321838714560457,-0.03939633131763272,0.16891592525789165,0.2489698896944852
deduplicated_within_author,f1,"Stables, Gordon",26,326350,0.05860853674127237,0.0054672479381367815,"Brady, Cyrus Townsend",0.09328415691850438,-0.053141288803135595,0.16891592525789165,0.3469686866516111
deduplicated_within_author,f1,"Stacpoole, H. De Vere (Henry De Vere)",20,239190,0.0458839355324331,0.0012122157908603854,"Robertson, Margaret M. (Margaret Murray)",0.02641917648941708,-0.04467171974157271,0.16891592525789165,0.27163771244410495
deduplicated_within_author,f1,"Standish, Burt L.",25,364415,0.017071704125618117,0.0024284552839993587,"Hill, Grace Brooks",0.14225031468037064,-0.014643248841618758,0.16891592525789165,0.10106627956809855
deduplicated_within_author,f1,"Steel, Flora Annie Webster",20,361928,0.0302612759730357,0.005787923831137706,"Fleming, May Agnes",0.1912650291512834,-0.024473352141897997,0.16891592525789165,0.17914992874019683
deduplicated_within_author,f1,"Stephen, Leslie",11,146905,0.05938415038909573,0.004782731660262718,"Masefield, John",0.08053885807787754,-0.054601418728833014,0.16891592525789165,0.3515604008232571
deduplicated_within_author,f1,"Stephens, Ann S. (Ann Sophia)",13,297975,0.022896866116020417,0.002111912108158892,"Coolidge, Susan",0.09223585871785463,-0.020784954007861525,0.16891592525789165,0.1355518497208758
deduplicated_within_author,f1,"Stephens, Robert Neilson",10,162034,0.03229729532583635,0.003026737991587103,"Verne, Jules",0.09371490587838333,-0.029270557334249245,0.16891592525789165,0.19120337692569006
deduplicated_within_author,f1,"Stevenson, Burton Egbert",17,303284,0.18928191766470998,0.003865605725331057,"Sienkiewicz, Henryk",0.020422477609184572,-0.1854163119393789,0.16891592525789165,1.1205688118259107
deduplicated_within_author,f1,"Stevenson, Robert Louis",70,944178,0.13589636712710454,0.006124595750795701,"Mackintosh, Charles Henry",0.04506813449300919,-0.12977177137630883,0.16891592525789165,0.8045207514899815
deduplicated_within_author,f1,"Stockton, Frank Richard",33,364891,0.10875047856344439,0.0034434999387360906,"Leslie, Madeline",0.03166422791167005,-0.1053069786247083,0.16891592525789165,0.6438142430763119
deduplicated_within_author,f1,"Stoddard, William Osborn",12,159194,0.03989412548551639,0.004579329366002661,"Barbour, Ralph Henry",0.11478705975558214,-0.03531479611951373,0.16891592525789165,0.23617740852206923
deduplicated_within_author,f1,"Stowe, Harriet Beecher",31,561204,0.07884522130385202,0.004617330815622953,"Ebers, Georg",0.05856196151481119,-0.07422789048822907,0.16891592525789165,0.46677198247279184
deduplicated_within_author,f1,"Strang, Herbert",32,480633,0.04040588814054783,0.004022893709238824,"Parker, Gilbert",0.09956206618316597,-0.036382994431309004,0.16891592525789165,0.23920709713343083
deduplicated_within_author,f1,"Stratemeyer, Edward",75,988231,0.020560400247563566,0.0012650675791821705,"Penrose, Margaret",0.06152932646980365,-0.019295332668381397,0.16891592525789165,0.12171972664017952
deduplicated_within_author,f1,"Strindberg, August",22,223555,0.217319668845169,0.025621841296640004,"Andreyev, Leonid",0.11789932053915687,-0.19169782754852902,0.16891592525789165,1.2865552405042755
deduplicated_within_author,f1,"Stringer, Arthur",10,94410,0.22177320344963317,0.006726260025870937,"Thorne, Guy",0.030329453339021345,-0.21504694342376224,0.16891592525789165,1.3129206326226606
deduplicated_within_author,f1,"Sudermann, Hermann",14,135236,0.3652454350275441,0.022661027852689943,"Bennett, Arnold",0.06204328837396973,-0.34258440717485417,0.16891592525789165,2.16229129651279
deduplicated_within_author,f1,"Sue, Eugène",44,736661,0.039546704689631035,0.007479739467193185,"Cable, George Washington",0.18913685794797305,-0.03206696522243785,0.16891592525789165,0.23412064095941976
deduplicated_within_author,f1,Suetonius,14,38596,0.011237770362045247,0.003775950170789539,"Schopenhauer, Arthur",0.33600527944070974,-0.007461820191255708,0.16891592525789165,0.06652877959782673
deduplicated_within_author,f1,"Swift, Jonathan",16,252512,0.07004786071685531,0.008642865013497624,"Ruskin, John",0.12338513874725555,-0.06140499570335769,0.16891592525789165,0.4146906847883647
deduplicated_within_author,f1,"Swinburne, Algernon Charles",25,94206,0.21113942095783164,0.015952095375770275,"La Fontaine, Jean de",0.07555242551771607,-0.19518732558206137,0.16891592525789165,1.2499675245864206
deduplicated_within_author,f1,"Symonds, John Addington",15,304903,0.04236614706047128,0.008727966904461933,"Froude, James Anthony",0.20601276042412064,-0.03363818015600935,0.16891592525789165,0.2508120356075897
deduplicated_within_author,f1,"Tagore, Rabindranath",19,74860,0.15420382853370102,0.01768539962450381,"Conrad, Joseph",0.11468846002509395,-0.13651842890919721,0.16891592525789165,0.9129028438157681
deduplicated_within_author,f1,"Tapper, Thomas",13,9838,0.16114097788201356,0.10945168854194193,"Rolland, Romain",0.6792293926755352,-0.05168928934007164,0.16891592525789165,0.9539714957958658
deduplicated_within_author,f1,"Tarkington, Booth",19,243253,0.023368343813243913,0.004425061918096495,"Cable, George Washington",0.18936138365050112,-0.018943281895147417,0.16891592525789165,0.13834304715536086
deduplicated_within_author,f1,"Tennyson, Alfred Tennyson, Baron",12,96020,0.19741995148043268,0.011141434479259058,"Nietzsche, Friedrich Wilhelm",0.056435200169539824,-0.18627851700117362,0.16891592525789165,1.1687468258485554
deduplicated_within_author,f1,"Thackeray, William Makepeace",35,674922,0.06052644471352188,0.009220488341379196,"Mackintosh, Charles Henry",0.15233817854362258,-0.051305956372142685,0.16891592525789165,0.35832290307212533
deduplicated_within_author,f1,"Thoreau, Henry David",11,141497,0.05279977687527684,0.009005321567883948,"Willis, Nathaniel Parker",0.1705560534688667,-0.043794455307392885,0.16891592525789165,0.3125802187962148
deduplicated_within_author,f1,"Thorne, Guy",15,180564,0.028860081794191705,0.006401318241803035,"Stringer, Arthur",0.2218052702501815,-0.02245876355238867,0.16891592525789165,0.17085471218968667
deduplicated_within_author,f1,"Tolstoy, Leo, graf",38,547902,0.28003440652906675,0.01437767329971241,"Beerbohm, Max, Sir",0.05134252422021595,-0.26565673322935435,0.16891592525789165,1.65783306755432
deduplicated_within_author,f1,"Tracy, Louis",27,405319,0.02152505408950157,0.001600434767553485,"Richmond, Grace S. (Grace Smith)",0.07435218331618809,-0.019924619321948087,0.16891592525789165,0.1274305785948737
deduplicated_within_author,f1,"Trollope, Anthony",78,1749594,0.07089617109647339,0.003856036415439702,"Pemberton, Max",0.054389910707484085,-0.06704013468103369,0.16891592525789165,0.4197127712394967
deduplicated_within_author,f1,"Turgenev, Ivan Sergeevich",22,321262,0.05052120664286476,0.011894116096790187,"Fanny, Aunt",0.2354281872337272,-0.03862709054607458,0.16891592525789165,0.2990908439552501
deduplicated_within_author,f1,"Twain, Mark",142,685208,0.1468371123916927,0.005592352966818401,"Allen, Grant",0.03808541911325946,-0.1412447594248743,0.16891592525789165,0.8692911113473154
deduplicated_within_author,f1,United States. Central Intelligence Agency,21,5949970,0.032029446761265186,0.24780895098749844,"Grote, George",7.736910126314958,0.21577950422623327,0.16891592525789165,0.1896176853210517
deduplicated_within_author,f1,United States. Warren Commission,12,893387,0.008583919392666811,0.12360198822093485,"Pinero, Arthur Wing",14.399248474598592,0.11501806882826804,0.16891592525789165,0.050817703419978606
deduplicated_within_author,f1,United States. Work Projects Administration,34,422882,0.10381950244015596,0.028711698117869812,"Wade, Mary Hazelton Blanchard",0.27655399460635943,-0.07510780432228614,0.16891592525789165,0.6146223470738474
deduplicated_within_author,f1,"Vaizey, George de Horne, Mrs.",22,294301,0.020296360610047297,0.005567522037389663,"Packard, Frank L. (Frank Lucius)",0.27431134794843837,-0.014728838572657634,0.16891592525789165,0.12015658428333455
deduplicated_within_author,f1,"Van Dyke, Henry",29,121104,0.13473093490624424,0.0043345351775287665,"Hugo, Victor",0.03217178876213586,-0.13039639972871547,0.16891592525789165,0.7976212704666205
deduplicated_within_author,f1,"Vance, Louis Joseph",12,199916,0.015268529696328687,0.01576024749434536,"Wharton, Edith",1.0322046593743017,0.0004917177980166745,0.16891592525789165,0.09039129775962525
deduplicated_within_author,f1,"Vandercook, Margaret",24,144505,0.029648309714690454,0.005440073332338219,"Cholmondeley, Mary",0.18348679518963318,-0.024208236382352234,0.16891592525789165,0.17552110417904662
deduplicated_within_author,f1,"Vasari, Giorgio",11,165609,0.03869455144289446,0.03750148381274171,"Mill, John Stuart",0.9691670381057788,-0.0011930676301527485,0.16891592525789165,0.2290758043317569
deduplicated_within_author,f1,"Verne, Jules",46,713378,0.15163225618191012,0.0012889502736700574,"Coolidge, Susan",0.008500501846544644,-0.15034330590824005,0.16891592525789165,0.8976788656866204
deduplicated_within_author,f1,Voltaire,19,188047,0.10568657784134568,0.005998866075015305,"Newman, John Henry",0.05676090755839089,-0.09968771176633037,0.16891592525789165,0.6256756293403902
deduplicated_within_author,f1,"Von Arnim, Elizabeth",12,168080,0.03619955985228396,0.0063923391378650565,"Norris, Frank",0.1765861011556399,-0.0298072207144189,0.16891592525789165,0.2143051923435664
deduplicated_within_author,f1,"Wade, Mary Hazelton Blanchard",21,66075,0.07515401385373899,0.014171312826487701,"Vandercook, Margaret",0.18856361889156323,-0.060982701027251285,0.16891592525789165,0.44491964709069276
deduplicated_within_author,f1,"Wagner, Richard",11,96417,0.3688956331680887,0.012131936910633256,"Sharp, Dallas Lore",0.032887179515907396,-0.35676369625745546,0.16891592525789165,2.1839008524795926
deduplicated_within_author,f1,"Wairy, Louis Constant",12,42419,0.013920298325808494,0.009739986988549873,"Gautier, Théophile",0.6996967134311881,-0.004180311337258621,0.16891592525789165,0.08240962659119168
deduplicated_within_author,f1,"Wallace, Alfred Russel",13,251796,0.06894090709102106,0.009101682666141869,"Frazer, James George",0.13202151016268368,-0.05983922442487919,0.16891592525789165,0.40813740318306774
deduplicated_within_author,f1,"Wallace, Dillon",11,110319,0.15272967028164255,0.004467575821961887,"Johnston, Annie F. (Annie Fellows)",0.02925152535013932,-0.14826209445968067,0.16891592525789165,0.904175672296518
deduplicated_within_author,f1,"Wallace, Edgar",16,197298,0.12183536725300056,0.005465234067133852,"Bangs, John Kendrick",0.04485753349259308,-0.11637013318586671,0.16891592525789165,0.7212781569706288
deduplicated_within_author,f1,"Wallace, F. L. (Floyd L.)",13,43745,0.03337833442749509,0.008222633635500989,"Raine, William MacLeod",0.24634643329379766,-0.025155700791994102,0.16891592525789165,0.19760324182894456
deduplicated_within_author,f1,"Walpole, Horace",12,311867,0.15311305900208078,0.020956349580497836,"Byron, George Gordon Byron, Baron",0.1368684664592394,-0.13215670942158295,0.16891592525789165,0.9064453737462355
deduplicated_within_author,f1,"Walpole, Hugh",12,231847,0.04388238988662937,0.009850531279130492,"Herrick, Robert",0.22447572487686854,-0.034031858607498876,0.16891592525789165,0.2597883522209769
deduplicated_within_author,f1,"Walsh, James J. (James Joseph)",12,207837,0.02795437603696089,0.007039182857959335,"Home, Gordon",0.2518096933607899,-0.020915193179001555,0.16891592525789165,0.16549283908122736
deduplicated_within_author,f1,"Walton, Amy",10,72283,0.01070796410235083,0.004928349784809406,"Otis, James",0.46025086913836727,-0.0057796143175414235,0.16891592525789165,0.06339227095374514
deduplicated_within_author,f1,"Ward, Humphry, Mrs.",33,606764,0.04015122528297291,0.004096438664342926,"Glyn, Elinor",0.10202524668855173,-0.03605478661862998,0.16891592525789165,0.23769946629764008
deduplicated_within_author,f1,"Warner, Anne",10,128342,0.14337048930949475,0.009622889599321886,"Jacobs, W. W. (William Wymark)",0.06711903994795537,-0.13374759971017286,0.16891592525789165,0.8487683389864188
deduplicated_within_author,f1,"Warner, Charles Dudley",41,220303,0.10236337673717756,0.00399232465999536,"Jefferies, Richard",0.03900149435521092,-0.0983710520771822,0.16891592525789165,0.6060019301371066
deduplicated_within_author,f1,"Warner, Susan",25,784168,0.019068723337459476,0.017801013370581126,"Marsh, Richard",0.9335188861653888,-0.0012677099668783505,0.16891592525789165,0.11288884282726087
deduplicated_within_author,f1,"Webster, Frank V.",19,172921,0.04797644790752623,0.001105125738219346,"Chapman, Allen",0.023034755310552726,-0.04687132216930689,0.16891592525789165,0.2840256052487556
deduplicated_within_author,f1,"Webster, Jean",10,96219,0.1440746325614654,0.005978814137535175,"Moore, Frank Frankfort",0.04149803495063214,-0.13809581842393023,0.16891592525789165,0.8529369409160213
deduplicated_within_author,f1,"Webster, Noah",11,1764534,0.17029744275812583,0.13618110570623979,"Baker, George M. (George Melville)",0.7996661811279127,-0.03411633705188605,0.16891592525789165,1.0081787285486845
deduplicated_within_author,f1,"Wells, Carolyn",58,698214,0.11001106214148286,0.006451697719354088,"Connor, Ralph",0.058645899728308214,-0.10355936442212878,0.16891592525789165,0.6512770301173436
deduplicated_within_author,f1,"Wells, H. G. (Herbert George)",51,666974,0.15600204609211685,0.00815502101126531,"Beerbohm, Max, Sir",0.052275090074458984,-0.14784702508085154,0.16891592525789165,0.9235484804286003
deduplicated_within_author,f1,"Werner, E.",18,246498,0.021984569812219315,0.00406504517632804,"Russell, William Clark",0.184904467590202,-0.017919524635891276,0.16891592525789165,0.13015095988524747
deduplicated_within_author,f1,"Westerman, Percy F. (Percy Francis)",34,375264,0.02664686372016891,0.0026966032585717175,"Merriman, Henry Seton",0.10119777272440016,-0.023950260461597192,0.16891592525789165,0.15775222898306318
deduplicated_within_author,f1,"Weyman, Stanley John",28,604665,0.016989995149947274,0.00298726627786799,"Fleming, May Agnes",0.17582502240309708,-0.014002728872079285,0.16891592525789165,0.10058255385931121
deduplicated_within_author,f1,"Weymouth, Richard Francis",25,40673,0.1254654244230947,0.10420547951355012,"Eddy, Mary Baker",0.8305513649891961,-0.021259944909544568,0.16891592525789165,0.7427684762791957
deduplicated_within_author,f1,"Wharton, Edith",33,276818,0.1033155057825466,0.014852945677915348,"Harris, Frank",0.14376298664381607,-0.08846256010463124,0.16891592525789165,0.6116386339820246
deduplicated_within_author,f1,"White, Stewart Edward",23,315407,0.0876001286629356,0.003101129816535602,"Burroughs, Edgar Rice",0.03540097330756225,-0.0844989988464,0.16891592525789165,0.5186019525938272
deduplicated_within_author,f1,"Whittier, John Greenleaf",37,114549,0.0788884504630949,0.007835103517888837,"Melville, Herman",0.09931876557208089,-0.07105334694520606,0.16891592525789165,0.46702790363106556
deduplicated_within_author,f1,"Whyte-Melville, G. J. (George John)",10,208559,0.035834350672922836,0.00708751446507434,"Cooper, James Fenimore",0.19778548604844148,-0.028746836207848497,0.16891592525789165,0.21214311568440275
deduplicated_within_author,f1,"Wiggin, Kate Douglas Smith",33,219786,0.051747400523263355,0.006886819997010584,"Balzac, Honoré de",0.13308533235238693,-0.044860580526252775,0.16891592525789165,0.3063500403781244
deduplicated_within_author,f1,"Wilcox, Ella Wheeler",23,74389,0.19455524473519376,0.0023379258689140117,"Sharp, Dallas Lore",0.01201677123685937,-0.19221731886627974,0.16891592525789165,1.1517874613548569
deduplicated_within_author,f1,"Wilde, Oscar",25,142990,0.28118542484539966,0.012614605609261306,"Huneker, James",0.04486223144815213,-0.26857081923613835,0.16891592525789165,1.664647216750588
deduplicated_within_author,f1,"Williamson, A. M. (Alice Muriel)",15,246124,0.03613726877042116,0.002468925911143732,"Williamson, C. N. (Charles Norris)",0.06832076676377329,-0.033668342859277424,0.16891592525789165,0.21393642260342677
deduplicated_within_author,f1,"Williamson, C. N. (Charles Norris)",19,305601,0.02964099397027221,0.00243985429847767,"Williamson, A. M. (Alice Muriel)",0.08231351151464991,-0.02720113967179454,0.16891592525789165,0.17547779420453077
deduplicated_within_author,f1,"Willis, Nathaniel Parker",10,105762,0.08165150947344502,0.00926368079471065,"Thoreau, Henry David",0.11345388290370083,-0.07238782867873436,0.16891592525789165,0.48338550286945375
deduplicated_within_author,f1,"Wilson, Ann",12,70690,0.31770302006618895,0.013993699527725004,"Hughes, Rupert",0.04404647939704701,-0.30370932053846394,0.16891592525789165,1.8808352118436273
deduplicated_within_author,f1,"Wilson, Harry Leon",13,192721,0.14100544747408092,0.006813317498002359,"Dowling, Richard",0.04831953389073679,-0.13419212997607857,0.16891592525789165,0.8347670431831781
deduplicated_within_author,f1,"Wirt, Mildred A. (Mildred Augustine)",30,291644,0.007503090732172155,0.01950965833013569,"Stratemeyer, Edward",2.6002162344220534,0.012006567597963534,0.16891592525789165,0.04441908435049475
deduplicated_within_author,f1,"Wister, Owen",13,128203,0.1072604110046779,0.0021370409849284927,"Moore, Frank Frankfort",0.0199238560146417,-0.1051233700197494,0.16891592525789165,0.6349928867921633
deduplicated_within_author,f1,"Wodehouse, P. G. (Pelham Grenville)",37,490164,0.029195862819111965,0.005042730569068232,"Gibbs, George",0.1727207241762761,-0.024153132250043733,0.16891592525789165,0.17284257108699083
deduplicated_within_author,f1,"Wood, Henry, Mrs.",24,739657,0.023284921642066133,0.004546953602638494,"Green, Anna Katharine",0.19527459325540727,-0.01873796803942764,0.16891592525789165,0.13784917914942585
deduplicated_within_author,f1,"Wood, William Charles Henry",12,64271,0.043744826172635205,0.00921182848228742,"Drake, Samuel Adams",0.21058098267287037,-0.03453299769034779,0.16891592525789165,0.2589739606010978
deduplicated_within_author,f1,"Woolson, Constance Fenimore",14,260357,0.0743448904486211,0.007248105612244204,"James, Henry",0.09749298934340736,-0.06709678483637689,0.16891592525789165,0.4401295516400562
deduplicated_within_author,f1,"Wordsworth, William",14,288887,0.08172928248122276,0.006681275457939415,"Hearn, Lafcadio",0.08174885738749063,-0.07504800702328335,0.16891592525789165,0.48384592723535647
deduplicated_within_author,f1,"Wright, Harold Bell",10,149522,0.07306535797857254,0.0016018304108581496,"Stacpoole, H. De Vere (Henry De Vere)",0.021923254127187188,-0.07146352756771439,0.16891592525789165,0.4325545851702279
deduplicated_within_author,f1,Xenophon,16,153191,0.21973316398058837,0.04782823012338644,"Burton, Richard Francis, Sir",0.21766504999496422,-0.17190493385720193,0.16891592525789165,1.3008433849272159
deduplicated_within_author,f1,"Yeats, W. B. (William Butler)",35,133529,0.2075951384968524,0.004874327765958843,"Ritchie, J. Ewing (James Ewing)",0.023479970683575272,-0.20272081073089357,0.16891592525789165,1.2289850005552019
deduplicated_within_author,f1,"Yonge, Charlotte M. (Charlotte Mary)",59,1289077,0.10475247153829703,0.004888291211970673,"Bloundelle-Burton, John",0.0466651635057941,-0.09986418032632635,0.16891592525789165,0.6201456220209353
deduplicated_within_author,f1,"Young, Clarence",23,280301,0.007526873703261683,0.0010407764271453855,"Chadwick, Lester",0.13827472974528285,-0.006486097276116298,0.16891592525789165,0.04455988203462795
deduplicated_within_author,f1,"Young, Filson",11,31108,0.12143630076673714,0.010536320816836921,"Roosevelt, Theodore",0.08676417801194208,-0.11089997994990022,0.16891592525789165,0.718915641502332
deduplicated_within_author,f1,"Zangwill, Israel",15,294468,0.08568894263714144,0.002314445115817657,"Hay, Ian",0.027009845664899973,-0.08337449752132378,0.16891592525789165,0.507287530801588
deduplicated_within_author,f1,"Zola, Émile",37,607708,0.10055383338183915,0.005555272413919576,"Ebers, Georg",0.055246749199746606,-0.09499856096791957,0.16891592525789165,0.5952892436182026
deduplicated_within_author,f1,`Abdu'l-Bahá,15,137290,0.16678119883952208,0.021626547642845204,"Wordsworth, William",0.12967017741402856,-0.14515465119667686,0.16891592525789165,0.9873621956301019
deduplicated_within_author,f3,"Abbott, Eleanor Hallowell",10,79604,0.14531031322463867,0.09146337501119028,"Hill, Grace Brooks",0.6294348486455664,-0.05384693821344838,0.34730769498117264,0.41839071038295267
deduplicated_within_author,f3,"Abbott, Jacob",51,414731,0.3587809871002585,0.028209541815142805,"Griffiths, Arthur",0.07862607782853295,-0.33057144528511573,0.34730769498117264,1.033034949368766
deduplicated_within_author,f3,"Abbott, John S. C. (John Stevens Cabot)",23,272735,0.055603125944455406,0.03029826625194249,"Nye, Bill",0.5449022107535619,-0.025304859692512918,0.34730769498117264,0.16009759284910063
deduplicated_within_author,f3,"Adams, Andy",10,102879,0.300650937600657,0.022360738270545966,"Buchan, John",0.0743744172195028,-0.278290199330111,0.34730769498117264,0.865661607690423
deduplicated_within_author,f3,"Adams, Samuel Hopkins",13,223823,0.11390093449720098,0.03498430822783441,"Bassett, Sara Ware",0.30714680597018384,-0.07891662626936657,0.34730769498117264,0.32795396169778357
deduplicated_within_author,f3,Aesop,22,44566,0.7144845765819652,0.0952565829658659,Dante Alighieri,0.1333220983181547,-0.6192279936160993,0.34730769498117264,2.0572091747656125
deduplicated_within_author,f3,"Aimard, Gustave",29,560205,0.05595923220583592,0.013000633992367762,"Dumas, Alexandre",0.2323233089501171,-0.04295859821346816,0.34730769498117264,0.16112292648416396
deduplicated_within_author,f3,"Ainsworth, William Harrison",20,560529,0.05818362656683425,0.01667406970496406,"Stockton, Frank Richard",0.28657666578776975,-0.04150955686187019,0.34730769498117264,0.16752760565811348
deduplicated_within_author,f3,"Alcott, Louisa May",37,420281,0.09354321605564801,0.015112492184485793,"Le Fanu, Joseph Sheridan",0.16155626053625854,-0.07843072387116222,0.34730769498117264,0.2693381615420843
deduplicated_within_author,f3,"Aldrich, Thomas Bailey",19,57740,0.20305852007331932,0.01562588302949696,"Williamson, A. M. (Alice Muriel)",0.0769526096410771,-0.18743263704382235,0.34730769498117264,0.584664615865557
deduplicated_within_author,f3,"Alger, Horatio, Jr.",95,1280977,0.104216947457863,0.02765854520877205,"Blanchard, Amy Ella",0.2653939295233624,-0.07655840224909095,0.34730769498117264,0.3000709427515349
deduplicated_within_author,f3,"Allen, Grant",29,357781,0.26296066152101866,0.02624196306585536,"Hewlett, Maurice",0.09979425406852278,-0.2367186984551633,0.34730769498117264,0.7571403263474298
deduplicated_within_author,f3,"Allen, James Lane",13,82217,0.14635197085855814,0.026535688396207405,"Meredith, George",0.18131418552506423,-0.11981628246235074,0.34730769498117264,0.42138994607214736
deduplicated_within_author,f3,"Altsheler, Joseph A. (Joseph Alexander)",33,548187,0.04949747880065225,0.02325512006813095,"Johnston, Annie F. (Annie Fellows)",0.4698243351300654,-0.0262423587325213,0.34730769498117264,0.1425176565792344
deduplicated_within_author,f3,"Andersen, H. C. (Hans Christian)",14,199903,0.13934181344401053,0.03280560704690799,"Sienkiewicz, Henryk",0.23543261161940984,-0.10653620639710254,0.34730769498117264,0.40120566131298696
deduplicated_within_author,f3,"Andreyev, Leonid",11,92463,0.4033961074304142,0.08894963131241763,"Strindberg, August",0.2205019574408299,-0.3144464761179966,0.34730769498117264,1.1614948740259903
deduplicated_within_author,f3,"Anstey, F.",18,223113,0.49276453538403187,0.0730264699825584,"Kipling, Rudyard",0.14819749543389085,-0.41973806540147346,0.34730769498117264,1.4188126048020455
deduplicated_within_author,f3,"Appleton, Victor",31,309418,0.038175383436150276,0.004603437487594018,"Chadwick, Lester",0.1205865422489714,-0.03357194594855626,0.34730769498117264,0.10991804669982835
deduplicated_within_author,f3,"Arthur, T. S. (Timothy Shay)",32,380215,0.07402208256822973,0.008106855951691664,"Stacpoole, H. De Vere (Henry De Vere)",0.10951942542577323,-0.06591522661653806,0.34730769498117264,0.21313113310732268
deduplicated_within_author,f3,"Ashton, John",17,331324,0.07506353796612605,0.020596740811269512,"Moore, Thomas",0.27439075441080607,-0.05446679715485654,0.34730769498117264,0.21612978650010967
deduplicated_within_author,f3,"Atherton, Gertrude Franklin Horn",25,311725,0.13470198984728432,0.024131790220419717,"Dowling, Richard",0.1791494709749919,-0.1105701996268646,0.34730769498117264,0.3878462579258039
deduplicated_within_author,f3,"Atkinson, William Walker",19,122836,0.13491636109499514,0.03529921927867021,"Beers, Henry A. (Henry Augustin)",0.2616377953880322,-0.09961714181632492,0.34730769498117264,0.3884634951791347
deduplicated_within_author,f3,"Auerbach, Berthold",10,246077,0.1009227062348397,0.02563833912239225,"Howells, William Dean",0.2540393542631895,-0.07528436711244746,0.34730769498117264,0.2905858628911481
deduplicated_within_author,f3,"Aycock, Roger D.",12,9732,0.06638481047019865,0.0298642045417761,"Garrett, Randall",0.44986502680734003,-0.036520605928422545,0.34730769498117264,0.19114120254029307
deduplicated_within_author,f3,"Bacheller, Irving",18,178554,0.14650182501804257,0.030451765841344878,"Phillips, David Graham",0.20785929347702367,-0.1160500591766977,0.34730769498117264,0.42182141983921306
deduplicated_within_author,f3,"Bacon, Josephine Daskam",13,83980,0.08593436376134855,0.024509725694436834,"Caine, Hall, Sir",0.28521448954348094,-0.061424638066911716,0.34730769498117264,0.2474300598666753
deduplicated_within_author,f3,Bahá'u'lláh,11,78751,0.5077794773605021,0.09528851438790893,`Abdu'l-Bahá,0.18765727768918491,-0.4124909629725932,0.34730769498117264,1.4620449955421475
deduplicated_within_author,f3,"Bailey, Arthur Scott",40,109082,0.0786682539248491,0.08234457360549947,"Snell, Roy J. (Roy Judson)",1.0467319343856587,0.0036763196806503806,0.34730769498117264,0.22650881354389127
deduplicated_within_author,f3,"Baker, George M. (George Melville)",19,103804,0.3647349551597609,0.0809362871870828,"Shaw, Bernard",0.22190438849391653,-0.2837986679726781,0.34730769498117264,1.050178157381549
deduplicated_within_author,f3,"Baldwin, James",11,105298,0.28273630209868605,0.031377314894608904,"Allen, Grant",0.1109773122931239,-0.2513589872040771,0.34730769498117264,0.81408015481492
deduplicated_within_author,f3,"Ballantyne, R. M. (Robert Michael)",91,1109394,0.09753368449842709,0.018393518059430538,"Yonge, Charlotte M. (Charlotte Mary)",0.18858631409261656,-0.07914016643899655,0.34730769498117264,0.28082788232985834
deduplicated_within_author,f3,"Ballou, Maturin Murray",19,227897,0.24932073928358972,0.01855233171164143,"Ritchie, J. Ewing (James Ewing)",0.0744115060983318,-0.23076840757194828,0.34730769498117264,0.7178670178819541
deduplicated_within_author,f3,"Balzac, Honoré de",119,1150655,0.2357879931718375,0.01745827721924952,"Gaskell, Elizabeth Cleghorn",0.07404226561496828,-0.21832971595258796,0.34730769498117264,0.6789023006951211
deduplicated_within_author,f3,"Bangs, John Kendrick",37,241446,0.21581293734088883,0.02376209229831795,"Nesbit, E. (Edith)",0.11010504092618123,-0.1920508450425709,0.34730769498117264,0.6213882976378854
deduplicated_within_author,f3,"Barbour, Ralph Henry",32,420072,0.05618219359385762,0.012250735565491912,"Butler, Ellis Parker",0.21805370673229252,-0.043931458028365705,0.34730769498117264,0.16176489725314963
deduplicated_within_author,f3,"Baring-Gould, S. (Sabine)",57,974321,0.20836506267628624,0.02176695777554309,"Paine, Albert Bigelow",0.10446548714051937,-0.18659810490074313,0.34730769498117264,0.5999436974397633
deduplicated_within_author,f3,"Barr, Amelia E.",26,396291,0.07477615976097554,0.018389580061156555,"De Mille, James",0.24592838305603623,-0.05638657969981899,0.34730769498117264,0.21530234095455072
deduplicated_within_author,f3,"Barr, Robert",20,302898,0.04847303405608911,0.014892826260233185,"Castlemon, Harry",0.30723940744044204,-0.033580207795855924,0.34730769498117264,0.13956798181139293
deduplicated_within_author,f3,"Barrie, J. M. (James Matthew)",25,216213,0.5498267491157491,0.035770695177093546,"Jerome, Jerome K. (Jerome Klapka)",0.0650581210074287,-0.5140560539386556,0.34730769498117264,1.5831113363196716
deduplicated_within_author,f3,"Bassett, Sara Ware",16,146619,0.05537998767521948,0.02036850181606756,"Phillips, David Graham",0.3677953475815185,-0.035011485859151925,0.34730769498117264,0.15945511278758623
deduplicated_within_author,f3,"Bates, Arlo",14,155662,0.18391246796706212,0.015805497420322036,"Page, Thomas Nelson",0.08594032582474358,-0.1681069705467401,0.34730769498117264,0.5295375559618163
deduplicated_within_author,f3,"Baum, L. Frank (Lyman Frank)",54,454218,0.13237338005010515,0.021540601208838633,"Harben, Will N. (Will Nathaniel)",0.16272607982575665,-0.11083277884126652,0.34730769498117264,0.38114151216050957
deduplicated_within_author,f3,"Beach, Rex",16,301372,0.05164176090554015,0.025990205452546558,"Brand, Max",0.5032788386144733,-0.025651555452993594,0.34730769498117264,0.1486916692368121
deduplicated_within_author,f3,"Beaumont, Francis",10,150259,0.20150312287212288,0.03274861782306438,"Fletcher, John",0.16252163915021398,-0.1687545050490585,0.34730769498117264,0.5801861743461982
deduplicated_within_author,f3,"Becke, Louis",39,156598,0.18482625988046741,0.019003074500542273,"Boldrewood, Rolf",0.10281587969605684,-0.16582318537992513,0.34730769498117264,0.5321686290034165
deduplicated_within_author,f3,"Beerbohm, Max, Sir",10,60881,0.11474128525065168,0.029687195281735988,"Morley, Christopher",0.258731590960346,-0.0850540899689157,0.34730769498117264,0.3303735762516628
deduplicated_within_author,f3,"Beers, Henry A. (Henry Augustin)",10,159308,0.18818600292144366,0.030281285971803754,"Lang, Andrew",0.16091146791849534,-0.15790471694963992,0.34730769498117264,0.5418423076737333
deduplicated_within_author,f3,"Bellamy, Edward",20,70214,0.11890584555322772,0.01711322877188226,"King, Charles",0.14392251863026861,-0.10179261678134546,0.34730769498117264,0.3423645582044289
deduplicated_within_author,f3,"Belloc, Hilaire",27,182245,0.2307561845503978,0.033855707594755015,"Franklin, Benjamin",0.1467163606501772,-0.1969004769556428,0.34730769498117264,0.6644142582642949
deduplicated_within_author,f3,"Bennett, Arnold",44,593304,0.3500161128246181,0.03563371620063564,"Zangwill, Israel",0.10180593091293075,-0.31438239662398243,0.34730769498117264,1.007798323741696
deduplicated_within_author,f3,"Benson, Arthur Christopher",16,170828,0.1632788187830483,0.03365772757144699,"Wairy, Louis Constant",0.20613652047647807,-0.1296210912116013,0.34730769498117264,0.47012727083947725
deduplicated_within_author,f3,"Benson, E. F. (Edward Frederic)",28,395249,0.15033326143577044,0.022375215477642568,"Churchill, Winston",0.14883742469195568,-0.12795804595812788,0.34730769498117264,0.43285324111209206
deduplicated_within_author,f3,"Benson, Robert Hugh",11,197957,0.1652004342043918,0.052222699895846485,"Moore, George Augustus",0.31611720724192965,-0.1129777343085453,0.34730769498117264,0.47566016126808597
deduplicated_within_author,f3,"Bensusan, S. L. (Samuel Levy)",11,31013,0.10360191845080916,0.027267699653533647,"Morris, Charles",0.26319686026355316,-0.0763342187972755,0.34730769498117264,0.2983000951258087
deduplicated_within_author,f3,"Besant, Annie",17,123182,0.21407798973884976,0.030482243453060033,"Huxley, Thomas Henry",0.14238849818351165,-0.18359574628578973,0.34730769498117264,0.6163928782241775
deduplicated_within_author,f3,"Besant, Walter",19,411745,0.2828244117707962,0.04370016293945752,"Strang, Herbert",0.15451340521083654,-0.23912424883133868,0.34730769498117264,0.8143338482210363
deduplicated_within_author,f3,"Bierce, Ambrose",17,105396,0.20154963314919594,0.03501152287458545,"Allen, Grant",0.173711667580503,-0.1665381102746105,0.34730769498117264,0.5803200909790434
deduplicated_within_author,f3,"Bindloss, Harold",43,762951,0.07811999457995543,0.02157292872338039,"Freeman, Mary Eleanor Wilkins",0.2761511804932424,-0.05654706585657504,0.34730769498117264,0.2249302152208009
deduplicated_within_author,f3,"Birmingham, George A.",15,200093,0.1331650890082041,0.03520315078158919,"Chase, Josephine",0.264357205358984,-0.09796193822661489,0.34730769498117264,0.3834210728196589
deduplicated_within_author,f3,"Bjørnson, Bjørnstjerne",16,162661,0.3719889171996892,0.0710360867208879,"Phelps, Elizabeth Stuart",0.190962911625549,-0.3009528304788013,0.34730769498117264,1.0710644266602112
deduplicated_within_author,f3,"Black, William",20,317590,0.09552374732701345,0.03778506272194645,"Woolson, Constance Fenimore",0.3955567466652462,-0.057738684605067,0.34730769498117264,0.2750406878609233
deduplicated_within_author,f3,"Blackmore, R. D. (Richard Doddridge)",23,473815,0.06763506595546044,0.03414028039225561,"Gaskell, Elizabeth Cleghorn",0.504771894725998,-0.03349478556320483,0.34730769498117264,0.19474105219329188
deduplicated_within_author,f3,"Blackwood, Algernon",22,290955,0.06253095516674287,0.033313023239896974,"Coolidge, Susan",0.5327445127147926,-0.029217931926845894,0.34730769498117264,0.18004483076636882
deduplicated_within_author,f3,"Blanchard, Amy Ella",12,118845,0.03348795320889396,0.02647741914312112,"Saunders, Marshall",0.7906550447546931,-0.007010534065772837,0.34730769498117264,0.09642156995890724
deduplicated_within_author,f3,"Blasco Ibáñez, Vicente",14,200886,0.15217663575088944,0.047312930530039876,"Daudet, Alphonse",0.31090798069350367,-0.10486370522084956,0.34730769498117264,0.4381608526097841
deduplicated_within_author,f3,"Bloundelle-Burton, John",14,230147,0.031217520646466945,0.01971522197644238,"Steel, Flora Annie Webster",0.6315434912244915,-0.011502298670024565,0.34730769498117264,0.08988433339537504
deduplicated_within_author,f3,"Boldrewood, Rolf",15,282371,0.03999987510623515,0.019267439962501225,"Becke, Louis",0.48168750305667407,-0.020732435143733925,0.34730769498117264,0.11517128956328918
deduplicated_within_author,f3,"Bone, Jesse F. (Jesse Franklin)",12,30232,0.264262598878274,0.027355847984504335,"Raine, William MacLeod",0.1035176680340797,-0.2369067508937697,0.34730769498117264,0.7608889831611694
deduplicated_within_author,f3,"Boothby, Guy",16,207040,0.06616445559598359,0.010028267115880129,"Murray, David Christie",0.15156577690467507,-0.05613618848010346,0.34730769498117264,0.19050673668364973
deduplicated_within_author,f3,"Borrow, George",39,607603,0.2727965462312911,0.022408641444786714,"Marryat, Frederick",0.08214415378187193,-0.2503879047865044,0.34730769498117264,0.7854607029253391
deduplicated_within_author,f3,"Boswell, James",12,449450,0.25786514471067923,0.07716019580006413,"Chesterton, G. K. (Gilbert Keith)",0.2992269307534242,-0.18070494891061512,0.34730769498117264,0.742468849487075
deduplicated_within_author,f3,"Bourrienne, Louis Antoine Fauvelet de",16,67958,0.04380933657276,0.02421029605699415,"Warner, Charles Dudley",0.5526286849102334,-0.019599040515765852,0.34730769498117264,0.12613983855190677
deduplicated_within_author,f3,"Bowen, Robert Sidney",15,145321,0.030682910965361382,0.04855836104595462,"Fyfe, H. B. (Horace Bowne)",1.5825865121067957,0.01787545008059324,0.34730769498117264,0.08834503642951155
deduplicated_within_author,f3,"Bower, B. M.",29,296092,0.05214729787201005,0.019031254739925382,"Hough, Emerson",0.36495188660849803,-0.03311604313208467,0.34730769498117264,0.1501472573904155
deduplicated_within_author,f3,"Braddon, M. E. (Mary Elizabeth)",30,538823,0.05040056087431976,0.014536496949503055,"Trollope, Anthony",0.2884193488590666,-0.035864063924816704,0.34730769498117264,0.1451178928732113
deduplicated_within_author,f3,"Brady, Cyrus Townsend",13,172126,0.24179106131056313,0.01176267689207346,"Verne, Jules",0.04864810480717131,-0.23002838441848966,0.34730769498117264,0.6961868821353656
deduplicated_within_author,f3,"Brame, Charlotte M.",11,153903,0.026127833264560765,0.014033376121194964,"Carey, Rosa Nouchette",0.5371044731914122,-0.012094457143365801,0.34730769498117264,0.07522964115717949
deduplicated_within_author,f3,"Brand, Max",14,195218,0.07122878680987671,0.01357647017377047,"Rice, Alice Caldwell Hegan",0.19060369805270827,-0.05765231663610624,0.34730769498117264,0.20508842112967862
deduplicated_within_author,f3,"Brandes, Georg",11,205509,0.07092801908833744,0.03283082560756282,"Ashton, John",0.4628752646633709,-0.03809719348077462,0.34730769498117264,0.20422242326701806
deduplicated_within_author,f3,"Brazil, Angela",27,329223,0.04834300053555289,0.02279317560149428,"Hough, Emerson",0.47148864052680173,-0.02554982493405861,0.34730769498117264,0.13919357743620836
deduplicated_within_author,f3,"Brereton, F. S. (Frederick Sadleir)",18,321255,0.08397360502792178,0.014028042053197779,"Frederic, Harold",0.1670529930033772,-0.069945562974724,0.34730769498117264,0.24178446444290255
deduplicated_within_author,f3,"Bridges, Robert",11,76571,0.52259019917182,0.05236358637771922,"Shakespeare, William",0.10020009265520656,-0.47022661279410083,0.34730769498117264,1.5046893769518968
deduplicated_within_author,f3,"Brinton, Daniel G. (Daniel Garrison)",18,110333,0.19332125465012673,0.034671478376696145,"Walsh, James J. (James Joseph)",0.17934643782156634,-0.15864977627343058,0.34730769498117264,0.5566281929359687
deduplicated_within_author,f3,"Browning, Robert",10,96085,0.20522320137049543,0.10600979367650437,"Nietzsche, Friedrich Wilhelm",0.5165585224699901,-0.09921340769399106,0.34730769498117264,0.5908973637385733
deduplicated_within_author,f3,"Buchan, John",11,141896,0.14120698199641565,0.03234449499785436,"Adams, Andy",0.22905733513003898,-0.1088624869985613,0.34730769498117264,0.4065760247669445
deduplicated_within_author,f3,"Buchanan, Robert Williams",10,83453,0.09800740490107379,0.008721880693879185,"Fleming, May Agnes",0.08899205833153966,-0.0892855242071946,0.34730769498117264,0.2821918613303017
deduplicated_within_author,f3,"Buck, Charles Neville",11,154394,0.06845151184530988,0.031394252908249244,"Garrett, Randall",0.4586349090316008,-0.03705725893706064,0.34730769498117264,0.19709183768306834
deduplicated_within_author,f3,"Buffon, Georges Louis Leclerc, comte de",10,107973,0.03586176868411902,0.05236487997509721,"Hume, David",1.4601867642486468,0.016503111290978187,0.34730769498117264,0.10325647603651013
deduplicated_within_author,f3,"Bunyan, John",14,581370,0.20460352292514083,0.14430373703330188,"Moore, Thomas",0.7052847134313465,-0.06029978589183896,0.34730769498117264,0.5891131290259269
deduplicated_within_author,f3,"Burgess, Gelett",11,73049,0.5151255029908349,0.013423175775998011,"Glyn, Elinor",0.026058068758123273,-0.5017023272148369,0.34730769498117264,1.483196342709192
deduplicated_within_author,f3,"Burgess, Thornton W. (Thornton Waldo)",37,125332,0.08096128377259931,0.029775601687752014,"Curwood, James Oliver",0.36777580962506085,-0.0511856820848473,0.34730769498117264,0.23311111427285877
deduplicated_within_author,f3,"Burke, Edmund",15,273372,0.0837421685989419,0.03720186996750193,"Schopenhauer, Arthur",0.44424297328230383,-0.04654029863143997,0.34730769498117264,0.24111809156281871
deduplicated_within_author,f3,"Burnett, Frances Hodgson",41,358626,0.24234674783323196,0.016688675480451234,"Butler, Ellis Parker",0.06886279939657101,-0.22565807235278074,0.34730769498117264,0.6977868654662818
deduplicated_within_author,f3,"Burney, Fanny",14,369826,0.15771278922918303,0.029805720918825204,"Lytton, Edward Bulwer Lytton, Baron",0.1889873425262457,-0.1279070683103578,0.34730769498117264,0.45410105076345214
deduplicated_within_author,f3,"Burroughs, Edgar Rice",19,166014,0.33510813109388143,0.011876537173158522,"White, Stewart Edward",0.035440910175442084,-0.3232315939207229,0.34730769498117264,0.9648739026990101
deduplicated_within_author,f3,"Burroughs, John",23,180001,0.09716077137170982,0.014900613149946982,"Mitton, G. E. (Geraldine Edith)",0.1533603834096934,-0.08226015822176284,0.34730769498117264,0.27975415683484023
deduplicated_within_author,f3,"Burton, Richard Francis, Sir",20,466765,0.20037489750888576,0.08295483656041198,"Lang, Andrew",0.4139981484294124,-0.11742006094847378,0.34730769498117264,0.5769376849532458
deduplicated_within_author,f3,"Butler, Ellis Parker",22,117977,0.23581166857629407,0.012606786851762145,"Speed, Nell",0.05346125120896369,-0.22320488172453193,0.34730769498117264,0.6789704690795212
deduplicated_within_author,f3,"Butler, Samuel",18,205129,0.12980438388159485,0.016906392833647647,"Huxley, Thomas Henry",0.1302451606647534,-0.1128979910479472,0.34730769498117264,0.37374462402461733
deduplicated_within_author,f3,"Byron, George Gordon Byron, Baron",12,413087,0.2728006351283099,0.042794625557902435,"Lamb, Charles",0.15687142934170326,-0.23000600957040745,0.34730769498117264,0.7854724760506624
deduplicated_within_author,f3,"Cabell, James Branch",13,153424,0.20036172089532078,0.02966845747993152,"Bacon, Josephine Daskam",0.14807447923364483,-0.17069326341538926,0.34730769498117264,0.5768997456453773
deduplicated_within_author,f3,"Cable, George Washington",14,239305,0.10687494565374932,0.023572056139935967,"Tarkington, Booth",0.22055736258621458,-0.08330288951381334,0.34730769498117264,0.3077240936442337
deduplicated_within_author,f3,"Caine, Hall, Sir",17,361429,0.18045280470257208,0.020441235966091154,"Bacon, Josephine Daskam",0.11327746332224115,-0.16001156873648092,0.34730769498117264,0.5195761778683146
deduplicated_within_author,f3,"Cannon, Richard",26,132228,0.04779515125746624,0.04811434290101308,"Maspero, G. (Gaston)",1.0066783268835662,0.0003191916435468442,0.34730769498117264,0.13761615981487882
deduplicated_within_author,f3,"Carey, Rosa Nouchette",11,288341,0.05604304166758501,0.017341287554526102,"Brame, Charlotte M.",0.30942802243648043,-0.03870175411305891,0.34730769498117264,0.1613642383323038
deduplicated_within_author,f3,"Carleton, William",21,426368,0.29010540319531186,0.016053542371974594,"Lever, Charles James",0.05533692994048317,-0.27405186082333727,0.34730769498117264,0.8352979429696722
deduplicated_within_author,f3,"Carlyle, Thomas",35,559546,0.14444427250847106,0.07560139768316593,"Jameson, Mrs. (Anna)",0.5233949146632465,-0.06884287482530513,0.34730769498117264,0.4158971269447436
deduplicated_within_author,f3,"Carroll, Lewis",19,129994,0.37260208758662383,0.14753346238198234,"Quiller-Couch, Arthur",0.3959544707265851,-0.2250686252046415,0.34730769498117264,1.0728299227773297
deduplicated_within_author,f3,"Carter, Herbert, active 1909-1917",12,126057,0.06142192937224445,0.017674939075785764,"Douglas, Alan, Captain",0.2877626811210651,-0.04374699029645869,0.34730769498117264,0.17685162252329048
deduplicated_within_author,f3,"Casanova, Giacomo",32,197400,0.07798848869974837,0.025648360307710852,"Henty, G. A. (George Alfred)",0.32887366758004133,-0.05234012839203751,0.34730769498117264,0.2245515714933298
deduplicated_within_author,f3,"Castlemon, Harry",38,456572,0.08311846475779246,0.013261078341914728,"Stacpoole, H. De Vere (Henry De Vere)",0.15954431281373596,-0.06985738641587773,0.34730769498117264,0.23932226656336614
deduplicated_within_author,f3,"Catherwood, Mary Hartwell",20,88407,0.09232874074713467,0.014332596233195364,"Rinehart, Mary Roberts",0.15523439524046756,-0.0779961445139393,0.34730769498117264,0.26584133343817723
deduplicated_within_author,f3,"Cawein, Madison Julius",19,85789,0.09343237728153177,0.10173212051514599,"Goethe, Johann Wolfgang von",1.0888315536337614,0.008299743233614224,0.34730769498117264,0.26901902443191383
deduplicated_within_author,f3,"Cervantes Saavedra, Miguel de",47,172891,0.1158821631375108,0.02871336780725263,"James, G. P. R. (George Payne Rainsford)",0.2477807371716051,-0.08716879533025818,0.34730769498117264,0.3336584959449076
deduplicated_within_author,f3,"Chadwick, Lester",16,208345,0.03665661209190718,0.004708418739828199,"Appleton, Victor",0.1284466422598747,-0.031948193352078984,0.34730769498117264,0.10554506168915813
deduplicated_within_author,f3,"Chambers, Robert W. (Robert William)",43,848955,0.0671426101846221,0.03529703997947938,"Rohmer, Sax",0.5257025290262484,-0.03184557020514272,0.34730769498117264,0.19332312861153814
deduplicated_within_author,f3,"Chapman, Allen",25,260481,0.08719134268411644,0.005708252612430295,"Webster, Frank V.",0.06546811227704792,-0.08148309007168614,0.34730769498117264,0.2510492682543156
deduplicated_within_author,f3,"Chase, Josephine",32,335447,0.06813664359154409,0.021584888733002475,"Hayes, Clair W. (Clair Wallace)",0.3167882595215067,-0.046551754858541614,0.34730769498117264,0.19618524028164058
deduplicated_within_author,f3,"Chekhov, Anton Pavlovich",23,268031,0.3055234916366926,0.05101462878453573,"Walpole, Hugh",0.16697448864324577,-0.2545088628521569,0.34730769498117264,0.8796911097902823
deduplicated_within_author,f3,"Chesterfield, Philip Dormer Stanhope, Earl of",12,52888,0.16578469603685927,0.05578412889990748,"Lee, Vernon",0.33648539481294987,-0.1100005671369518,0.34730769498117264,0.47734242123787773
deduplicated_within_author,f3,"Chesterton, G. K. (Gilbert Keith)",37,223598,0.3053053690347927,0.034805965862991665,"Seton, Ernest Thompson",0.11400377914423498,-0.27049940317180104,0.34730769498117264,0.8790630712957372
deduplicated_within_author,f3,"Cholmondeley, Mary",11,133454,0.035774049541564754,0.01980869844426585,"Churchill, Winston",0.5537169735634971,-0.015965351097298904,0.34730769498117264,0.1030039070787189
deduplicated_within_author,f3,"Church, Alfred John",12,139674,0.12461616528337922,0.01710934263998985,"Hale, Edward Everett",0.13729633391529036,-0.10750682264338937,0.34730769498117264,0.3588062317194976
deduplicated_within_author,f3,"Churchill, Winston",62,460412,0.18917638379323234,0.02207638250933704,"London, Jack",0.11669734914409971,-0.1671000012838953,0.34730769498117264,0.544693902631462
deduplicated_within_author,f3,"Cicero, Marcus Tullius",14,271880,0.23485341180338112,0.049773309933944875,"Swift, Jonathan",0.2119335186648896,-0.18508010186943624,0.34730769498117264,0.6762113687579321
deduplicated_within_author,f3,"Cobb, Irvin S. (Irvin Shrewsbury)",24,177113,0.18309195195124164,0.022549677105112242,"Aldrich, Thomas Bailey",0.12316039489882843,-0.1605422748461294,0.34730769498117264,0.5271750513940296
deduplicated_within_author,f3,"Cody, H. A. (Hiram Alfred)",12,194353,0.048052778892471386,0.021947193535548686,"Samachson, Joseph",0.45673099540528833,-0.0261055853569227,0.34730769498117264,0.13835794480475389
deduplicated_within_author,f3,"Coleridge, Samuel Taylor",18,310884,0.2168015057259017,0.024615422753910366,"Lamb, Charles",0.11353898429576041,-0.19218608297199133,0.34730769498117264,0.6242346739183374
deduplicated_within_author,f3,"Collingwood, Harry",33,465840,0.039395579734576185,0.027772541397515484,"Cooper, James Fenimore",0.7049659272596122,-0.011623038337060701,0.34730769498117264,0.11343134719981311
deduplicated_within_author,f3,"Collins, Wilkie",35,760057,0.14880875346650171,0.027539173144483762,"Williamson, A. M. (Alice Muriel)",0.18506420155372846,-0.12126958032201796,0.34730769498117264,0.4284637386873002
deduplicated_within_author,f3,"Comstock, Harriet T. (Harriet Theresa)",10,150795,0.05058286664283474,0.025571109263485003,"Porter, Eleanor H. (Eleanor Hodgman)",0.5055290646938304,-0.025011757379349738,0.34730769498117264,0.14564280427353277
deduplicated_within_author,f3,"Connor, Ralph",14,264332,0.08410526030942748,0.017289076720242522,"Goldfrap, John Henry",0.20556474894239837,-0.06681618358918497,0.34730769498117264,0.24216353834022245
deduplicated_within_author,f3,"Conrad, Joseph",31,340352,0.29468765269417724,0.03198398122191333,"Atherton, Gertrude Franklin Horn",0.10853519287116471,-0.2627036714722639,0.34730769498117264,0.8484915737618542
deduplicated_within_author,f3,"Conwell, Russell H.",11,23729,0.17270104143366657,0.02419367716581523,"Paine, Albert Bigelow",0.14008993208710832,-0.14850736426785136,0.34730769498117264,0.49725659387716303
deduplicated_within_author,f3,"Coolidge, Susan",14,127438,0.1524157765222905,0.011126367748468115,"Craik, Dinah Maria Mulock",0.07300010538502821,-0.14128940877382237,0.34730769498117264,0.43884940853542814
deduplicated_within_author,f3,"Cooper, James Fenimore",38,960046,0.13203569730553233,0.02111697132197941,"Marryat, Frederick",0.1599338039099719,-0.11091872598355292,0.34730769498117264,0.380169225195802
deduplicated_within_author,f3,"Corelli, Marie",14,386930,0.15276062633954976,0.07609997366161493,"Southworth, Emma Dorothy Eliza Nevitte",0.49816484447021825,-0.07666065267793483,0.34730769498117264,0.43984233158966096
deduplicated_within_author,f3,"Cory, David",15,56490,0.07748805820025825,0.028396552675123116,"Connor, Ralph",0.36646359883913665,-0.04909150552513514,0.34730769498117264,0.22311068634531359
deduplicated_within_author,f3,"Couperus, Louis",13,211087,0.11544128262303016,0.07022285495971617,"Turgenev, Ivan Sergeevich",0.6082993307431162,-0.04521842766331399,0.34730769498117264,0.3323890725464294
deduplicated_within_author,f3,"Craik, Dinah Maria Mulock",15,225261,0.06265111069706686,0.008792753505873689,"Moodie, Susanna",0.14034473464307376,-0.05385835719119317,0.34730769498117264,0.18039079353097298
deduplicated_within_author,f3,"Crane, Stephen",13,123569,0.09917599673201265,0.0146406706750712,"McCutcheon, George Barr",0.14762312613436426,-0.08453532605694145,0.34730769498117264,0.2855565775396624
deduplicated_within_author,f3,"Crane, Walter",17,45540,0.37000121592660856,0.058224802156582336,"Belloc, Hilaire",0.15736381301009425,-0.31177641377002624,0.34730769498117264,1.0653412558183202
deduplicated_within_author,f3,"Crawford, F. Marion (Francis Marion)",47,806099,0.10902772166614287,0.011446479552775491,"Mitford, Bertram",0.10498687285996956,-0.09758124211336738,0.34730769498117264,0.31392256273519425
deduplicated_within_author,f3,"Crockett, S. R. (Samuel Rutherford)",19,336060,0.06798461979728906,0.042480472438844334,"Caine, Hall, Sir",0.6248541591540719,-0.02550414735844473,0.34730769498117264,0.1957475195042093
deduplicated_within_author,f3,"Cullum, Ridgwell",17,341771,0.051742530853811766,0.024593188290560168,"Montgomery, L. M. (Lucy Maud)",0.4752992921827371,-0.027149342563251598,0.34730769498117264,0.14898181526503954
deduplicated_within_author,f3,"Curwood, James Oliver",27,252028,0.11634088579877927,0.024116669315953233,"Thorne, Guy",0.2072931553715769,-0.09222421648282604,0.34730769498117264,0.3349792920801425
deduplicated_within_author,f3,Dante Alighieri,32,163358,0.1315675583892325,0.04298935694331096,"Morris, William",0.32674739479568554,-0.08857820144592154,0.34730769498117264,0.3788213169200432
deduplicated_within_author,f3,"Darwin, Charles",30,864101,0.2346517825035696,0.04814646402397632,"Romanes, George John",0.20518260509375802,-0.18650531847959329,0.34730769498117264,0.6756308192834309
deduplicated_within_author,f3,"Daudet, Alphonse",17,146948,0.19474213106368884,0.0315922484025858,"Tolstoy, Leo, graf",0.16222605878875698,-0.16314988266110303,0.34730769498117264,0.560719309931344
deduplicated_within_author,f3,"Daviess, Maria Thompson",11,82311,0.06662697523033045,0.01769357500797751,"Richmond, Grace S. (Grace Smith)",0.2655617330189545,-0.048933400222352944,0.34730769498117264,0.1918384654101668
deduplicated_within_author,f3,"Davis, Richard Harding",49,279602,0.21021009278047736,0.015809102564738046,"Murray, David Christie",0.0752062013561238,-0.1944009902157393,0.34730769498117264,0.6052560764364082
deduplicated_within_author,f3,"Dawson, Coningsby",15,169664,0.20083546862724555,0.04459577661682762,"Singmaster, Elsie",0.2220512986159742,-0.15623969201041793,0.34730769498117264,0.5782638033347713
deduplicated_within_author,f3,"Day, Holman",11,196089,0.06690569498374621,0.016005320841030016,"Emerson, Alice B.",0.2392220997766824,-0.0509003741427162,0.34730769498117264,0.19264098075158723
deduplicated_within_author,f3,"De Mille, James",17,340133,0.06361919639001966,0.016916646445889177,"Arthur, T. S. (Timothy Shay)",0.26590474897200994,-0.04670254994413048,0.34730769498117264,0.18317819417582562
deduplicated_within_author,f3,"De Quincey, Thomas",20,272048,0.05584547482268757,0.025145435996956757,"Lee, Vernon",0.45026810277457374,-0.030700038825730813,0.34730769498117264,0.16079538584860587
deduplicated_within_author,f3,"De la Mare, Walter",10,36957,0.145827963333838,0.030719807541588616,"Le Gallienne, Richard",0.21065786588038,-0.11510815579224937,0.34730769498117264,0.4198811758021752
deduplicated_within_author,f3,"Defoe, Daniel",44,372885,0.23046807386978688,0.04460038398069692,"Lee, Vernon",0.19352087788912523,-0.18586768988908997,0.34730769498117264,0.6635847037085671
deduplicated_within_author,f3,"Del Rey, Lester",12,33824,0.08931061373497738,0.05639920390409777,"Douglas, Amanda M.",0.6314949763021249,-0.03291140983087961,0.34730769498117264,0.25715126680339995
deduplicated_within_author,f3,"Deland, Margaret Wade Campbell",11,183108,0.061096721040831074,0.036171047233676194,"May, Sophie",0.5920292712517747,-0.02492567380715488,0.34730769498117264,0.17591525302698258
deduplicated_within_author,f3,"Dell, Ethel M. (Ethel May)",16,417128,0.020498888184155593,0.021122733137307677,"Snell, Roy J. (Roy Judson)",1.0304331116667234,0.0006238449531520834,0.34730769498117264,0.059022268957406275
deduplicated_within_author,f3,"Dewey, John",15,109936,0.12262799591343632,0.02601978372725766,"Russell, Bertrand",0.21218469349874355,-0.09660821218617865,0.34730769498117264,0.3530817130904166
deduplicated_within_author,f3,"Dick, Philip K.",12,27781,0.08137636843236053,0.021324253809642608,"Raine, William MacLeod",0.2620447953187685,-0.06005211462271792,0.34730769498117264,0.23430626389309311
deduplicated_within_author,f3,"Dickens, Charles",79,1515764,0.21815098042934586,0.019468484878686392,"Ewing, Juliana Horatia Gatty",0.08924316929665045,-0.19868249555065948,0.34730769498117264,0.6281202045960188
deduplicated_within_author,f3,"Disraeli, Benjamin, Earl of Beaconsfield",17,334296,0.279296943738182,0.024296018256535396,Ouida,0.08698991808270887,-0.2550009254816466,0.34730769498117264,0.8041772404533752
deduplicated_within_author,f3,"Dixon, Thomas",13,200454,0.21250110140529754,0.0608987543361233,"Crane, Stephen",0.28658088797371817,-0.15160234706917425,0.34730769498117264,0.6118525574759209
deduplicated_within_author,f3,"Doctorow, Cory",13,116896,0.1279682314054768,0.03611068777684321,"Leiber, Fritz",0.28218478430340904,-0.0918575436286336,0.34730769498117264,0.36845780630461955
deduplicated_within_author,f3,"Dostoyevsky, Fyodor",11,280594,0.15504261494821517,0.03239698791033809,"Fleming, May Agnes",0.20895537605037692,-0.12264562703787707,0.34730769498117264,0.4464128413757718
deduplicated_within_author,f3,"Douglas, Alan, Captain",10,76384,0.04607975786221627,0.019699881276735595,"Carter, Herbert, active 1909-1917",0.4275170311363286,-0.026379876585480674,0.34730769498117264,0.1326770426572732
deduplicated_within_author,f3,"Douglas, Amanda M.",19,312497,0.05939441782088395,0.01404127370899399,"Montgomery, L. M. (Lucy Maud)",0.23640729590680276,-0.04535314411188996,0.34730769498117264,0.1710138262963154
deduplicated_within_author,f3,"Dowling, Richard",16,142583,0.05814134667607818,0.020492196797268585,"Atherton, Gertrude Franklin Horn",0.3524548014244731,-0.0376491498788096,0.34730769498117264,0.16740586953948716
deduplicated_within_author,f3,"Doyle, Arthur Conan",61,592078,0.16827697541900727,0.014230758220444912,"Le Queux, William",0.0845674708914308,-0.15404621719856235,0.34730769498117264,0.48451841940366297
deduplicated_within_author,f3,"Drake, Samuel Adams",10,91695,0.23478711105971625,0.02736549881361023,"Hubbard, Elbert",0.11655451907089581,-0.20742161224610603,0.34730769498117264,0.676020469608207
deduplicated_within_author,f3,"Dryden, John",20,442550,0.20575168368933983,0.05130926811079792,"Emerson, Ralph Waldo",0.24937471806193678,-0.1544424155785419,0.34730769498117264,0.5924190182440199
deduplicated_within_author,f3,Duchess,16,285087,0.24373412847082512,0.022329696463050837,"Holt, Emily Sarah",0.09161497654491867,-0.2214044320077743,0.34730769498117264,0.7017815383676939
deduplicated_within_author,f3,"Duellman, William Edward",12,61749,0.19522059565803973,0.10379398508628151,"Hall, E. Raymond (Eugene Raymond)",0.5316753836162521,-0.09142661057175822,0.34730769498117264,0.562096948841351
deduplicated_within_author,f3,"Dumas, Alexandre",58,1411844,0.24306818339104477,0.020441693676537306,"Aimard, Gustave",0.08409859896657469,-0.22262648971450746,0.34730769498117264,0.6998640885403399
deduplicated_within_author,f3,"Duncan, Norman",10,124485,0.13608406392779937,0.05260817238742744,"Tarkington, Booth",0.38658584164079035,-0.08347589154037194,0.34730769498117264,0.39182565170396355
deduplicated_within_author,f3,"Duncan, Sara Jeannette",10,135569,0.04542936125072583,0.016009325895719326,"Stacpoole, H. De Vere (Henry De Vere)",0.3524004180328101,-0.029420035355006504,0.34730769498117264,0.13080436139829418
deduplicated_within_author,f3,"Dunsany, Lord",16,67405,0.5753410133626976,0.09165702842888089,"Luther, Martin",0.1593090468089051,-0.4836839849338167,0.34730769498117264,1.6565743335859187
deduplicated_within_author,f3,"Ebers, Georg",144,778693,0.13624859903597697,0.02234702519440534,"Heyse, Paul",0.16401655028030432,-0.11390157384157162,0.34730769498117264,0.39229939619783816
deduplicated_within_author,f3,"Eddy, Mary Baker",10,76791,0.24380987371570823,0.11948060118537954,"Dunsany, Lord",0.49005644998897196,-0.12432927253032869,0.34730769498117264,0.701999630986941
deduplicated_within_author,f3,"Edgeworth, Maria",18,466337,0.129606872453866,0.01983566533351566,"Lytton, Edward Bulwer Lytton, Baron",0.15304485756012845,-0.10977120712035035,0.34730769498117264,0.37317593110308694
deduplicated_within_author,f3,"Eggleston, Edward",12,128453,0.2796435597988036,0.02959516663894277,"Cobb, Irvin S. (Irvin Shrewsbury)",0.1058317476012526,-0.2500483931598608,0.34730769498117264,0.8051752490366301
deduplicated_within_author,f3,"Eggleston, George Cary",17,179362,0.22078315827208417,0.014973200727658474,"McElroy, John",0.06781858201886085,-0.2058099575444257,0.34730769498117264,0.6356990111723632
deduplicated_within_author,f3,"Eliot, George",15,330794,0.18151502975312261,0.02474257668835602,"Hewlett, Maurice",0.13631144882056453,-0.1567724530647666,0.34730769498117264,0.5226346331398227
deduplicated_within_author,f3,"Ellis, Edward Sylvester",52,426287,0.17268657713310936,0.027671168607606652,"Munroe, Kirk",0.16023925580664736,-0.1450154085255027,0.34730769498117264,0.4972149469434318
deduplicated_within_author,f3,"Ellis, Havelock",12,218867,0.07571547988916162,0.044376284773428386,"Müller, F. Max (Friedrich Max)",0.5860926304421492,-0.031339195115733236,0.34730769498117264,0.218006917161067
deduplicated_within_author,f3,"Emerson, Alice B.",23,211642,0.04165243176878686,0.009252972240030974,"Hill, Grace Brooks",0.22214722759512176,-0.032399459528755885,0.34730769498117264,0.11992948146756384
deduplicated_within_author,f3,"Emerson, Ralph Waldo",12,120299,0.1472804826427524,0.03330002160675452,"Meynell, Alice",0.22609935144989965,-0.11398046103599788,0.34730769498117264,0.42406340190860553
deduplicated_within_author,f3,Erckmann-Chatrian,10,101101,0.12876250566707786,0.040238744804770354,"Fanny, Aunt",0.31250358632201297,-0.08852376086230751,0.34730769498117264,0.3707447532196429
deduplicated_within_author,f3,Euripides,10,69943,0.1438116843611679,0.08641566933700208,"Shakespeare, William",0.6008946332898669,-0.05739601502416582,0.34730769498117264,0.4140757214405049
deduplicated_within_author,f3,"Everett-Green, Evelyn",19,220311,0.05821763202503731,0.018828635691057506,"Reid, Mayne",0.32341809579201,-0.039388996333979805,0.34730769498117264,0.16762551727566316
deduplicated_within_author,f3,"Ewing, Juliana Horatia Gatty",20,177468,0.06979097476185428,0.012939892929410824,"Reed, Talbot Baines",0.18540925919956336,-0.05685108183244346,0.34730769498117264,0.20094854151054042
deduplicated_within_author,f3,"Fanny, Aunt",13,53330,0.13500984218280251,0.025951046819510513,"Lytton, Edward Bulwer Lytton, Baron",0.19221596292493218,-0.109058795363292,0.34730769498117264,0.38873265445535643
deduplicated_within_author,f3,"Farjeon, B. L. (Benjamin Leopold)",29,565516,0.06189936477516356,0.011943370805540619,"Meade, L. T.",0.19294819662402685,-0.04995599396962294,0.34730769498117264,0.1782262980914347
deduplicated_within_author,f3,"Farnol, Jeffery",14,363055,0.10959232982461017,0.09282159508460751,"Tarkington, Booth",0.8469716378249985,-0.016770734740002666,0.34730769498117264,0.3155482340538153
deduplicated_within_author,f3,"Fenn, George Manville",128,2889343,0.08227671457532067,0.016124093450351998,"Finley, Martha",0.1959739585322298,-0.06615262112496867,0.34730769498117264,0.23689862264578054
deduplicated_within_author,f3,"Ferber, Edna",10,121651,0.03622709931756185,0.026217056216415617,"Lawrence, D. H. (David Herbert)",0.7236863207457062,-0.010010043101146233,0.34730769498117264,0.10430836932514755
deduplicated_within_author,f3,"Field, Eugene",14,64323,0.22704675711430047,0.03494683127466235,"Lytton, Edward Bulwer Lytton, Baron",0.1539190945461041,-0.1920999258396381,0.34730769498117264,0.6537337363821109
deduplicated_within_author,f3,"Fielding, Henry",14,207808,0.3081825150387313,0.020535710293737682,"Kingsley, Charles",0.06663489747676576,-0.2876468047449936,0.34730769498117264,0.8873472125500637
deduplicated_within_author,f3,"Finley, Martha",35,501020,0.03970494469851239,0.017851171865320672,"Fenn, George Manville",0.4495956864029959,-0.02185377283319172,0.34730769498117264,0.11432209902710268
deduplicated_within_author,f3,"Fiske, John",18,195938,0.11257601157205346,0.027221380997367327,"Froude, James Anthony",0.2418044538728793,-0.08535463057468613,0.34730769498117264,0.32413912274001344
deduplicated_within_author,f3,"Fitzhugh, Percy Keese",22,168584,0.05950826538345482,0.03339863065732894,"Nesbit, E. (Edith)",0.5612435590605337,-0.02610963472612588,0.34730769498117264,0.17134162658469382
deduplicated_within_author,f3,"Flaubert, Gustave",14,170072,0.19116902198953833,0.0467391189151851,"Hugo, Victor",0.24449107093168515,-0.14442990307435324,0.34730769498117264,0.5504312883130951
deduplicated_within_author,f3,"Fleming, May Agnes",11,276319,0.05242620031425138,0.008920179992479071,"Buchanan, Robert Williams",0.1701473679002107,-0.04350602032177231,0.34730769498117264,0.15095029874616908
deduplicated_within_author,f3,"Fletcher, J. S. (Joseph Smith)",17,250732,0.09039217581780322,0.02128506727243493,"Barbour, Ralph Henry",0.2354746644813336,-0.06910710854536829,0.34730769498117264,0.2602653990223376
deduplicated_within_author,f3,"Fletcher, John",15,233845,0.24419493971076578,0.03593186633435247,"Beaumont, Francis",0.1471441888882366,-0.2082630733764133,0.34730769498117264,0.7031083481291811
deduplicated_within_author,f3,"Follen, Eliza Lee Cabot",10,22515,0.12742604723699932,0.03155975655244443,"Stowe, Harriet Beecher",0.2476711570103602,-0.09586629068455489,0.34730769498117264,0.3668967001837003
deduplicated_within_author,f3,"Foote, G. W. (George William)",10,67325,0.1274475242074129,0.027363097168583726,"Maclaren, Alexander",0.21470089229863729,-0.10008442703882917,0.34730769498117264,0.3669585386362423
deduplicated_within_author,f3,"Ford, Sewell",12,213599,0.10288992360450336,0.0303321750706067,"Ralphson, G. Harvey (George Harvey)",0.2948021925567753,-0.07255774853389665,0.34730769498117264,0.2962500546095904
deduplicated_within_author,f3,"Fox, John",13,95254,0.09526259309457047,0.019104324354741898,"Stockton, Frank Richard",0.20054382034064908,-0.07615826873982857,0.34730769498117264,0.27428874876997644
deduplicated_within_author,f3,"France, Anatole",31,265701,0.19427181800006504,0.020521465379713263,"Paine, Albert Bigelow",0.10563274483644557,-0.17375035262035177,0.34730769498117264,0.5593651416522644
deduplicated_within_author,f3,"Franklin, Benjamin",10,141176,0.19764824948808257,0.02237310737385553,"Ruskin, John",0.11319658753266389,-0.17527514211422704,0.34730769498117264,0.5690868712217764
deduplicated_within_author,f3,"Frazer, James George",17,741314,0.16802198570122914,0.10234492521140538,"Morley, John",0.6091162700183271,-0.06567706048982376,0.34730769498117264,0.4837842297457231
deduplicated_within_author,f3,"Frederic, Harold",14,186449,0.08902766014001645,0.011449380283814198,"MacGregor, Mary Esther Miller",0.12860475346434375,-0.07757827985620225,0.34730769498117264,0.25633656099915264
deduplicated_within_author,f3,"Freeman, Mary Eleanor Wilkins",23,297947,0.20960651504167896,0.012598058285718482,"Reed, Helen Leah",0.060103371706807095,-0.1970084567559605,0.34730769498117264,0.6035182003469333
deduplicated_within_author,f3,"Frey, Hildegard G.",10,96737,0.048797224919245805,0.018518552700362602,"Burnett, Frances Hodgson",0.37950011975084297,-0.030278672218883203,0.34730769498117264,0.14050142172027336
deduplicated_within_author,f3,"Froude, James Anthony",12,250641,0.15025671423796427,0.025200948071632652,"Fiske, John",0.16771928096152466,-0.12505576616633163,0.34730769498117264,0.43263283943682734
deduplicated_within_author,f3,"Fyfe, H. B. (Horace Bowne)",16,24487,0.060892016406122317,0.01730754320619146,"Schmitz, James H.",0.2842333729065227,-0.043584473199930855,0.34730769498117264,0.17532584876768492
deduplicated_within_author,f3,"Gaboriau, Emile",14,355607,0.0719474918211162,0.01471284567359698,"Schubin, Ossip",0.2044942123928056,-0.057234646147519226,0.34730769498117264,0.20715778216493716
deduplicated_within_author,f3,"Gale, Zona",10,139794,0.09127381515201623,0.027268587874715478,"Wallace, Edgar",0.2987558680361913,-0.06400522727730075,0.34730769498117264,0.26280389542467275
deduplicated_within_author,f3,"Galsworthy, John",47,487954,0.4369695996308449,0.0626061146618994,"Chekhov, Anton Pavlovich",0.14327338724430602,-0.3743634849689455,0.34730769498117264,1.2581627356529856
deduplicated_within_author,f3,"Garis, Howard Roger",34,364008,0.07173749178609178,0.00811757114216657,"Appleton, Victor",0.11315660667885769,-0.0636199206439252,0.34730769498117264,0.20655313090595537
deduplicated_within_author,f3,"Garland, Hamlin",23,321563,0.10105768055980811,0.0218069329054959,"Mitchell, S. Weir (Silas Weir)",0.2157869919900852,-0.07925074765431221,0.34730769498117264,0.2909744932811995
deduplicated_within_author,f3,"Garrett, Randall",43,147969,0.10167059528764365,0.02804516503209819,"Nourse, Alan Edward",0.27584342309350685,-0.07362543025554547,0.34730769498117264,0.29273925328131634
deduplicated_within_author,f3,"Gaskell, Elizabeth Cleghorn",23,305130,0.11702491503197886,0.015712078110808707,"Balzac, Honoré de",0.13426267480318307,-0.10131283692117016,0.34730769498117264,0.3369488114518243
deduplicated_within_author,f3,"Gautier, Théophile",11,90506,0.16691742054096614,0.018711742101853317,"Loti, Pierre",0.11210179285786974,-0.14820567843911284,0.34730769498117264,0.48060386496767554
deduplicated_within_author,f3,"Gibbon, Edward",11,868405,0.2434411838324359,0.0991087877878808,"Grote, George",0.40711594573948023,-0.1443323960445551,0.34730769498117264,0.7009380654397327
deduplicated_within_author,f3,"Gibbs, George",15,232975,0.36445096735427696,0.015409114970924061,"Wodehouse, P. G. (Pelham Grenville)",0.04228035140854793,-0.3490418523833529,0.34730769498117264,1.0493604737840134
deduplicated_within_author,f3,"Gissing, George",24,529003,0.10313400419906103,0.028745872399739556,"Wood, Henry, Mrs.",0.27872351726261463,-0.07438813179932148,0.34730769498117264,0.2969528337247232
deduplicated_within_author,f3,"Glasgow, Ellen Anderson Gholson",12,271440,0.05129950817702176,0.017654684628013024,"Castlemon, Harry",0.34414919860617627,-0.03364482354900873,0.34730769498117264,0.1477062239574124
deduplicated_within_author,f3,"Glyn, Elinor",17,170785,0.17452440233114624,0.012914644836872827,"Burgess, Gelett",0.07399907786172108,-0.16160975749427342,0.34730769498117264,0.5025065809169794
deduplicated_within_author,f3,"Goethe, Johann Wolfgang von",15,208138,0.37094825188040914,0.04204782301833751,"Jameson, Mrs. (Anna)",0.11335226087517297,-0.3289004288620716,0.34730769498117264,1.0680680481338545
deduplicated_within_author,f3,"Goldfrap, John Henry",37,352752,0.05619477869863478,0.013788182445138623,"Harben, Will N. (Will Nathaniel)",0.24536412037642918,-0.04240659625349616,0.34730769498117264,0.1618011334349533
deduplicated_within_author,f3,"Goodwin, Harold L. (Harold Leland)",13,122693,0.021262859449302184,0.02514627789029828,"Harmon, Jim",1.1826385792680176,0.003883418440996097,0.34730769498117264,0.06122196472051917
deduplicated_within_author,f3,"Gorky, Maksim",10,143049,0.3930411134716657,0.05115712073261788,"Leblanc, Maurice",0.13015717434941013,-0.3418839927390478,0.34730769498117264,1.131679830741937
deduplicated_within_author,f3,"Graham, Harry",10,39533,0.31892636882445674,0.10155603052757693,"Field, Eugene",0.318430962299876,-0.2173703382968798,0.34730769498117264,0.918281896523328
deduplicated_within_author,f3,"Grant, James, archaeologist",12,216902,0.11993014595861065,0.022769614772709338,"Lytton, Edward Bulwer Lytton, Baron",0.1898573089418853,-0.09716053118590132,0.34730769498117264,0.34531381737773476
deduplicated_within_author,f3,"Green, Anna Katharine",35,385190,0.06625199839901871,0.018565518337094095,"Mitchell, S. Weir (Silas Weir)",0.28022578617596955,-0.04768648006192462,0.34730769498117264,0.1907587979086101
deduplicated_within_author,f3,"Gregory, Jackson",10,150836,0.05569402507110767,0.028197169060054417,"Moore, Frank Frankfort",0.5062871470333401,-0.027496856011053252,0.34730769498117264,0.16035931790721428
deduplicated_within_author,f3,"Grey, Zane",26,469930,0.08210779173806128,0.020129380646474845,"Douglas, Amanda M.",0.2451579834309905,-0.06197841109158643,0.34730769498117264,0.23641224460204457
deduplicated_within_author,f3,"Griffiths, Arthur",18,223243,0.14399258914525548,0.016179849660906423,"Ritchie, J. Ewing (James Ewing)",0.11236584991596107,-0.12781273948434907,0.34730769498117264,0.4145965989986523
deduplicated_within_author,f3,"Grinnell, George Bird",13,176703,0.1456562342070568,0.02435309546184274,"Church, Alfred John",0.16719569604706197,-0.12130313874521408,0.34730769498117264,0.4193867176336325
deduplicated_within_author,f3,"Grote, George",13,505742,0.2601079458356208,0.21972884943146684,"Maspero, G. (Gaston)",0.8447602349308,-0.040379096404153964,0.34730769498117264,0.7489265270950046
deduplicated_within_author,f3,"Guiney, Louise Imogen",13,52399,0.19920290539578728,0.04097012128540408,"Jameson, Mrs. (Anna)",0.20567029985833987,-0.1582327841103832,0.34730769498117264,0.573563178341286
deduplicated_within_author,f3,"Habberton, John",11,127760,0.08483002986701907,0.02745963434010628,"Walton, Amy",0.3237018115300967,-0.05737039552691279,0.34730769498117264,0.24425036097060177
deduplicated_within_author,f3,"Haeckel, Ernst",13,415704,0.3365223151541329,0.11676563927569766,"Wallace, Alfred Russel",0.34697740392703835,-0.21975667587843523,0.34730769498117264,0.9689457504601952
deduplicated_within_author,f3,"Haggard, H. Rider (Henry Rider)",51,845292,0.09055761947219848,0.014319867859535674,"Munroe, Kirk",0.15812990605315022,-0.0762377516126628,0.34730769498117264,0.26074175948536804
deduplicated_within_author,f3,"Hakluyt, Richard",15,278821,0.194752599857255,0.04950704828575866,"Holinshed, Raphael",0.2542048132966909,-0.14524555157149632,0.34730769498117264,0.5607494526368395
deduplicated_within_author,f3,"Hale, Edward Everett",10,115984,0.06630788218622465,0.017935847362044354,"Church, Alfred John",0.2704934431727409,-0.04837203482418029,0.34730769498117264,0.19091970360696775
deduplicated_within_author,f3,"Hall, E. Raymond (Eugene Raymond)",15,91650,0.25159092272078226,0.09260753657225834,"Duellman, William Edward",0.3680877496325055,-0.15898338614852392,0.34730769498117264,0.7244035371413837
deduplicated_within_author,f3,"Hancock, H. Irving (Harrie Irving)",40,463080,0.023981255530886432,0.006122529354192847,"Chapman, Allen",0.25530478778758653,-0.017858726176693585,0.34730769498117264,0.06904901871577145
deduplicated_within_author,f3,"Harben, Will N. (Will Nathaniel)",13,256159,0.06346877664894136,0.014725088116330057,"Goldfrap, John Henry",0.23200522987511635,-0.04874368853261131,0.34730769498117264,0.1827450919346373
deduplicated_within_author,f3,"Hardy, Thomas",26,425860,0.1307980183192076,0.01466351486115955,"Jókai, Mór",0.11210808122011298,-0.11613450345804804,0.34730769498117264,0.3766055869458869
deduplicated_within_author,f3,"Harland, Henry",12,150066,0.09509666179503284,0.024974543717008163,"Moore, Frank Frankfort",0.26262271719734176,-0.07012211807802468,0.34730769498117264,0.2738109842345646
deduplicated_within_author,f3,"Harland, Marion",13,218620,0.26620535906395687,0.0381030500459541,"Baring-Gould, S. (Sabine)",0.14313404576051264,-0.22810230901800277,0.34730769498117264,0.7664827555242844
deduplicated_within_author,f3,"Harmon, Jim",13,16453,0.07653469485129123,0.02023547095717826,"Raine, William MacLeod",0.264396049353777,-0.056299223894112974,0.34730769498117264,0.22036567561637277
deduplicated_within_author,f3,"Harper, Charles G. (Charles George)",16,191152,0.04034032418077736,0.03128403777419263,"Beers, Henry A. (Henry Augustin)",0.7755028847561874,-0.009056286406584735,0.34730769498117264,0.11615154159761473
deduplicated_within_author,f3,"Harris, Frank",10,79843,0.081480633927194,0.05132513035251925,"Wharton, Edith",0.6299058792102695,-0.030155503574674745,0.34730769498117264,0.23460647461787743
deduplicated_within_author,f3,"Harris, Joel Chandler",14,193505,0.2579655279892772,0.03224445089795328,"Lewis, Alfred Henry",0.12499519276580855,-0.2257210770913239,0.34730769498117264,0.7427578821807025
deduplicated_within_author,f3,"Harrison, Harry",10,40158,0.12217668315782056,0.029501636694374236,"Harmon, Jim",0.24146699625382514,-0.09267504646344632,0.34730769498117264,0.3517822522315369
deduplicated_within_author,f3,"Harte, Bret",57,496092,0.1279197817897208,0.018861427183479287,"Reed, Talbot Baines",0.14744730580047727,-0.10905835460624151,0.34730769498117264,0.36831830575091423
deduplicated_within_author,f3,"Hawthorne, Julian",12,150767,0.15995032839712486,0.02398180732162819,"Martineau, Harriet",0.14993284203884927,-0.13596852107549667,0.34730769498117264,0.4605435776647439
deduplicated_within_author,f3,"Hawthorne, Nathaniel",92,431191,0.2146744712359536,0.03399255521819389,"Gautier, Théophile",0.15834465561967961,-0.1806819160177597,0.34730769498117264,0.6181103221671809
deduplicated_within_author,f3,"Hay, Ian",13,145977,0.10164053368880271,0.01694186192181857,"Zangwill, Israel",0.16668411023588495,-0.08469867176698415,0.34730769498117264,0.2926526971834373
deduplicated_within_author,f3,"Hayes, Clair W. (Clair Wallace)",18,210327,0.02805011504148769,0.022474916269256774,"Chase, Josephine",0.8012415006503579,-0.005575198772230915,0.34730769498117264,0.08076445021757514
deduplicated_within_author,f3,"Hearn, Lafcadio",22,202739,0.2071873565829677,0.06527605565357064,"Meynell, Alice",0.31505810359345454,-0.14191130092939705,0.34730769498117264,0.596552738614672
deduplicated_within_author,f3,"Hegel, Georg Wilhelm Friedrich",10,216520,0.1924595364702085,0.047859843274028736,"Romanes, George John",0.24867483395106862,-0.14459969319617977,0.34730769498117264,0.5541470553384704
deduplicated_within_author,f3,"Hendryx, James B. (James Beardsley)",10,141557,0.07703444603173702,0.03413904212174613,"Mulford, Clarence Edward",0.4431659326489005,-0.042895403909990894,0.34730769498117264,0.22180460480702283
deduplicated_within_author,f3,"Henry, O.",13,161797,0.028497338222805063,0.019588169622682092,"Locke, William John",0.6873683945333046,-0.00890916860012297,0.34730769498117264,0.08205213600104624
deduplicated_within_author,f3,"Henty, G. A. (George Alfred)",104,1793564,0.07227653572757216,0.02191080833210794,"Casanova, Giacomo",0.3031524423734849,-0.050365727395464216,0.34730769498117264,0.20810519539882416
deduplicated_within_author,f3,"Herford, Oliver",13,12606,0.2959193385547382,0.09254064145018834,"Tolstoy, Leo, graf",0.31272252061036043,-0.20337869710454984,0.34730769498117264,0.852037956057322
deduplicated_within_author,f3,"Hergesheimer, Joseph",13,130243,0.1874460273213976,0.04002299012710794,"Benson, Robert Hugh",0.21351740924593698,-0.14742303719428965,0.34730769498117264,0.5397117024186836
deduplicated_within_author,f3,"Herrick, Robert",11,165046,0.2974657770536446,0.039476758056706085,"Beerbohm, Max, Sir",0.13271025140343085,-0.2579890189969385,0.34730769498117264,0.8564906028637518
deduplicated_within_author,f3,"Hewlett, Maurice",15,177421,0.1888192674896072,0.023155952206852758,"Allen, Grant",0.12263553669451283,-0.16566331528275444,0.34730769498117264,0.5436656607906225
deduplicated_within_author,f3,"Heyse, Paul",10,154512,0.06828976717760737,0.01654950107001185,"Craik, Dinah Maria Mulock",0.24234232673498604,-0.05174026610759552,0.34730769498117264,0.19662612767997933
deduplicated_within_author,f3,"Hichens, Robert",27,372273,0.14960788376489195,0.016531215738319657,"Tracy, Louis",0.11049695592445102,-0.1330766680265723,0.34730769498117264,0.43076466754645937
deduplicated_within_author,f3,"Hill, Grace Brooks",11,141255,0.020083096483866324,0.009156056435185292,"Emerson, Alice B.",0.45590860167110053,-0.010927040048681032,0.34730769498117264,0.057825083561580795
deduplicated_within_author,f3,"Hill, Grace Livingston",15,172011,0.08454271144282631,0.026213151165016338,"Burgess, Gelett",0.3100580844599892,-0.05832956027780997,0.34730769498117264,0.24342308755183015
deduplicated_within_author,f3,"Hoare, Edward",32,65549,0.11831979233225301,0.034102764520646665,"Roberts, B. H. (Brigham Henry)",0.28822535814534667,-0.08421702781160634,0.34730769498117264,0.3406771403054201
deduplicated_within_author,f3,"Hocking, Joseph",11,233843,0.028079791598252496,0.015815059384156876,"Meade, L. T.",0.5632185455799859,-0.01226473221409562,0.34730769498117264,0.08084989766718151
deduplicated_within_author,f3,"Holinshed, Raphael",27,199055,0.09166587078300749,0.05832346299434586,"Hakluyt, Richard",0.6362614841941537,-0.03334240778866163,0.34730769498117264,0.2639327377643523
deduplicated_within_author,f3,"Holley, Marietta",16,152675,0.1332287361276802,0.0436915456182231,"Habberton, John",0.3279438572197455,-0.08953719050945708,0.34730769498117264,0.3836043314125316
deduplicated_within_author,f3,"Holmes, Mary Jane",21,392824,0.06382880119526071,0.025425220706222756,"Haggard, H. Rider (Henry Rider)",0.3983346111803613,-0.038403580489037956,0.34730769498117264,0.1837817074531586
deduplicated_within_author,f3,"Holmes, Oliver Wendell",33,202495,0.4617615586364382,0.027866622683648784,"Wilcox, Ella Wheeler",0.06034851139609306,-0.4338949359527894,0.34730769498117264,1.329546005772979
deduplicated_within_author,f3,"Holt, Emily Sarah",22,335239,0.06123408870827292,0.025408279640610112,Duchess,0.4149368460704695,-0.035825809067662806,0.34730769498117264,0.17631077454702634
deduplicated_within_author,f3,"Home, Gordon",15,65237,0.3508899690702067,0.034311537673231175,"Walsh, James J. (James Joseph)",0.09778432186064019,-0.3165784313969755,0.34730769498117264,1.0103144103652189
deduplicated_within_author,f3,Homer,12,249802,0.3407645801357966,0.044713898971038994,"Loti, Pierre",0.13121639271669683,-0.2960506811647576,0.34730769498117264,0.9811604668139278
deduplicated_within_author,f3,"Honig, Winfried",11,21519,1.0811765827739368,0.8273341359834714,United States. Central Intelligence Agency,0.7652164772759037,-0.2538424467904654,0.34730769498117264,3.1130222520193422
deduplicated_within_author,f3,"Hope, Anthony",33,542661,0.07843091944349224,0.017026806360149506,"Farjeon, B. L. (Benjamin Leopold)",0.2170930352590976,-0.06140411308334274,0.34730769498117264,0.22582545845332894
deduplicated_within_author,f3,"Hope, Laura Lee",64,637635,0.03665475849366597,0.00855501508178386,"Young, Clarence",0.23339439225229616,-0.02809974341188211,0.34730769498117264,0.10553972463999972
deduplicated_within_author,f3,"Hornung, E. W. (Ernest William)",26,301300,0.08626737202742325,0.03063225336393755,"Hope, Anthony",0.3550850413549165,-0.05563511866348571,0.34730769498117264,0.24838888764644204
deduplicated_within_author,f3,"Hough, Emerson",25,358538,0.1731640054323534,0.013110106938657478,"Peattie, Elia Wilkinson",0.07570919202246651,-0.16005389849369595,0.34730769498117264,0.49858960205802677
deduplicated_within_author,f3,"Howard, Robert E. (Robert Ervin)",12,40219,0.1485245274269978,0.02916848362697418,"Curwood, James Oliver",0.19638832812520451,-0.11935604380002361,0.34730769498117264,0.4276453691446405
deduplicated_within_author,f3,"Howells, William Dean",94,775126,0.40034723437604713,0.016007665313344743,"Sienkiewicz, Henryk",0.03998445334159272,-0.3843395690627024,0.34730769498117264,1.1527162805815452
deduplicated_within_author,f3,"Hubbard, Elbert",20,195399,0.20622189528671167,0.021523448300886067,"Drake, Samuel Adams",0.104370335026559,-0.1846984469858256,0.34730769498117264,0.5937728943722104
deduplicated_within_author,f3,"Hudson, W. H. (William Henry)",16,196763,0.18521382303540773,0.0387982599398496,"Brandes, Georg",0.20947820904508005,-0.14641556309555814,0.34730769498117264,0.5332845361962051
deduplicated_within_author,f3,"Hughes, Rupert",12,151681,0.2214655508184429,0.03245905194530994,"Bennett, Arnold",0.14656478998812694,-0.18900649887313298,0.34730769498117264,0.6376638180459792
deduplicated_within_author,f3,"Hugo, Victor",15,429532,0.22376989093631405,0.025942255125594477,"Twain, Mark",0.11593273347475404,-0.19782763581071958,0.34730769498117264,0.644298684336506
deduplicated_within_author,f3,"Hulbert, Archer Butler",17,94213,0.08683804844770732,0.03129102967434203,"James, William",0.36033778088858204,-0.055547018773365285,0.34730769498117264,0.25003203125808876
deduplicated_within_author,f3,"Hume, David",13,335185,0.11504810738297963,0.05861437493617344,"Santayana, George",0.5094770897973496,-0.05643373244680619,0.34730769498117264,0.3312570065262053
deduplicated_within_author,f3,"Hume, Fergus",63,1198814,0.08611691876909892,0.015240396286941701,"Harben, Will N. (Will Nathaniel)",0.17697331145584794,-0.07087652248215723,0.34730769498117264,0.2479556888993412
deduplicated_within_author,f3,"Huneker, James",11,157935,0.12484689146404127,0.03372100355965225,"James, William",0.2700988640102798,-0.09112588790438902,0.34730769498117264,0.3594705595878293
deduplicated_within_author,f3,"Hurll, Estelle M. (Estelle May)",13,40183,0.15202363338230837,0.13787132527217769,"Darwin, Charles",0.906907184131427,-0.014152308110130685,0.34730769498117264,0.4377203142318787
deduplicated_within_author,f3,"Hutcheson, John C. (John Conroy)",17,234532,0.049598130034723686,0.0637269538746582,"Carleton, William",1.284866059063979,0.01412882383993451,0.34730769498117264,0.14280746079470646
deduplicated_within_author,f3,"Huxley, Thomas Henry",48,322044,0.13312702880439573,0.01827846379028952,"Butler, Samuel",0.13730092194235152,-0.1148485650141062,0.34730769498117264,0.38331148640865115
deduplicated_within_author,f3,"Ibsen, Henrik",18,119899,0.41463589492306313,0.11513922497157753,"Baker, George M. (George Melville)",0.2776875479942274,-0.2994966699514856,0.34730769498117264,1.1938574955718741
deduplicated_within_author,f3,"Ingersoll, Robert Green",30,331814,0.11466811544588805,0.06781869484381446,"Tagore, Rabindranath",0.5914346335954055,-0.04684942060207359,0.34730769498117264,0.3301628990745631
deduplicated_within_author,f3,"Irving, Washington",20,303210,0.10717828878662805,0.021861684479724558,"Parkman, Francis",0.2039749349165957,-0.08531660430690349,0.34730769498117264,0.3085975068661756
deduplicated_within_author,f3,"Jackson, Helen Hunt",13,185762,0.36915985633778664,0.023885584408161985,"Howells, William Dean",0.06470255093583721,-0.3452742719296247,0.34730769498117264,1.0629187365336048
deduplicated_within_author,f3,"Jacobs, W. W. (William Wymark)",105,304881,0.16834592143177893,0.039234141071539136,"Warner, Anne",0.23305667721471063,-0.1291117803602398,0.34730769498117264,0.48471693505352614
deduplicated_within_author,f3,"James, G. P. R. (George Payne Rainsford)",49,1300128,0.07085674290723135,0.024263847165328884,"Marryat, Frederick",0.3424352597902523,-0.046592895741902465,0.34730769498117264,0.20401719838390694
deduplicated_within_author,f3,"James, George Wharton",11,88716,0.07803884462944392,0.02987519893804611,"Schoolcraft, Henry Rowe",0.3828247212001169,-0.04816364569139781,0.34730769498117264,0.22469656088004145
deduplicated_within_author,f3,"James, Henry",75,763995,0.2689822739469884,0.028835503502232827,"Williamson, A. M. (Alice Muriel)",0.10720224451636462,-0.2401467704447556,0.34730769498117264,0.7744783021912883
deduplicated_within_author,f3,"James, William",11,167282,0.07441702040896764,0.02973271736464544,"Huneker, James",0.39954189513696914,-0.04468430304432219,0.34730769498117264,0.21426827416824654
deduplicated_within_author,f3,"Jameson, Mrs. (Anna)",10,131692,0.09059902693793945,0.03377843390499596,"Coleridge, Samuel Taylor",0.3728344006181685,-0.05682059303294349,0.34730769498117264,0.26086098363830024
deduplicated_within_author,f3,"Janifer, Laurence M.",12,78223,0.1960881043846852,0.04515926009079544,"Garrett, Randall",0.23030086517743117,-0.15092884429388978,0.34730769498117264,0.5645947591092534
deduplicated_within_author,f3,"Janvier, Thomas A. (Thomas Allibone)",13,46061,0.25720534455070826,0.04002876826340097,"Martineau, Harriet",0.1556296131144711,-0.2171765762873073,0.34730769498117264,0.7405690926734325
deduplicated_within_author,f3,"Jefferies, Richard",20,229394,0.18662589307323205,0.018086691153807382,"Warner, Charles Dudley",0.09691415727993415,-0.16853920191942467,0.34730769498117264,0.5373502970711574
deduplicated_within_author,f3,"Jefferson, Thomas",17,475856,0.07707906756181888,0.036038784376092516,"Saint-Simon, Louis de Rouvroy, duc de",0.46755605011942736,-0.04104028318572637,0.34730769498117264,0.2219330831872219
deduplicated_within_author,f3,"Jerome, Jerome K. (Jerome Klapka)",32,233845,0.37920645873786174,0.03386074424661047,"Barrie, J. M. (James Matthew)",0.08929369072275682,-0.3453457144912513,0.34730769498117264,1.0918458307076044
deduplicated_within_author,f3,"Jewett, Sarah Orne",12,123944,0.3385030785003991,0.015515577597112017,"Leslie, Madeline",0.045835853741264344,-0.3229875009032871,0.34730769498117264,0.9746489449902606
deduplicated_within_author,f3,"Johnson, Owen",11,223108,0.062451797921376256,0.033764956240140594,"Miller, Alex. McVeigh, Mrs.",0.5406562719403053,-0.028686841681235663,0.34730769498117264,0.1798169140040555
deduplicated_within_author,f3,"Johnson, Samuel",23,384143,0.3373919847563201,0.04715935263096222,"Burke, Edmund",0.13977614988400766,-0.2902326321253579,0.34730769498117264,0.9714497825180923
deduplicated_within_author,f3,"Johnston, Annie F. (Annie Fellows)",37,217867,0.11652350221067267,0.024038245456459252,"Thorne, Guy",0.20629525375059943,-0.09248525675421343,0.34730769498117264,0.33550509791321886
deduplicated_within_author,f3,"Johnston, Mary",18,384775,0.2358507071643393,0.03553784370850739,"Packard, Frank L. (Frank Lucius)",0.15067940281283465,-0.20031286345583194,0.34730769498117264,0.679082872543681
deduplicated_within_author,f3,"Jonson, Ben",12,200118,0.1992650571090378,0.08902688829949634,"Byron, George Gordon Byron, Baron",0.4467762165183876,-0.11023816880954146,0.34730769498117264,0.5737421312241292
deduplicated_within_author,f3,"Jókai, Mór",28,411108,0.09939536865708254,0.014088843769748128,"Hardy, Thomas",0.14174547526811965,-0.08530652488733441,0.34730769498117264,0.2861882131994533
deduplicated_within_author,f3,"King, Basil",10,159680,0.0824597079447549,0.017354098058953445,"Merwin, Samuel",0.21045548779508264,-0.06510560988580147,0.34730769498117264,0.237425513849398
deduplicated_within_author,f3,"King, Charles",27,305070,0.05528430556857563,0.011704530203555639,"Brady, Cyrus Townsend",0.2117152432897458,-0.04357977536501999,0.34730769498117264,0.15917961613713327
deduplicated_within_author,f3,"Kingsley, Charles",45,622061,0.18302192675741666,0.02356103880196399,"Fielding, Henry",0.12873342128668863,-0.15946088795545266,0.34730769498117264,0.5269734284676248
deduplicated_within_author,f3,"Kingston, William Henry Giles",131,1632827,0.08625209311241808,0.03144827052537938,"Grinnell, George Bird",0.36460878096477917,-0.0548038225870387,0.34730769498117264,0.24834489520047562
deduplicated_within_author,f3,"Kipling, Rudyard",44,528141,0.3731483029043677,0.01878395938514945,"Zangwill, Israel",0.05033912586214682,-0.35436434351921825,0.34730769498117264,1.0744026357509753
deduplicated_within_author,f3,"Kjelgaard, Jim",11,88995,0.10891219788758373,0.024130547663798494,"Samachson, Joseph",0.22155964282995558,-0.08478165022378524,0.34730769498117264,0.3135899361328225
deduplicated_within_author,f3,"Kock, Paul de",18,452746,0.0623128503324192,0.11319209988118424,"Sue, Eugène",1.8165129548293886,0.05087924954876504,0.34730769498117264,0.17941684342985012
deduplicated_within_author,f3,"Kyne, Peter B. (Peter Bernard)",10,155778,0.05355061994819933,0.01763420343157427,"Harben, Will N. (Will Nathaniel)",0.3292997064951296,-0.03591641651662506,0.34730769498117264,0.1541878303361585
deduplicated_within_author,f3,"La Fontaine, Jean de",31,72688,0.24165488894567216,0.03610902103098589,"Jameson, Mrs. (Anna)",0.1494239209830502,-0.20554586791468626,0.34730769498117264,0.6957948022394728
deduplicated_within_author,f3,"Lamb, Charles",10,219843,0.13326720639932074,0.024448194504423936,"Coleridge, Samuel Taylor",0.18345244238982222,-0.1088190118948968,0.34730769498117264,0.383715098528252
deduplicated_within_author,f3,"Lang, Andrew",72,859972,0.2416573362369447,0.021668205969320738,"Leland, Charles Godfrey",0.08966500378898115,-0.21998913026762396,0.34730769498117264,0.6958018487037692
deduplicated_within_author,f3,"Laumer, Keith",12,42616,0.11758230694328221,0.03873864877628805,"Schmitz, James H.",0.3294598463268311,-0.07884365816699417,0.34730769498117264,0.3385537050932784
deduplicated_within_author,f3,"Laut, Agnes C.",12,146612,0.28809516670215435,0.03185723289545886,"Hugo, Victor",0.11057885232900935,-0.25623793380669546,0.34730769498117264,0.8295098866662652
deduplicated_within_author,f3,"Lavell, Edith",11,125463,0.07073533830356304,0.03485957121964207,"Day, Holman",0.49281691521769594,-0.03587576708392098,0.34730769498117264,0.20366763917337785
deduplicated_within_author,f3,"Lawrence, D. H. (David Herbert)",20,316997,0.47347765490183247,0.024388926340213186,"Rinehart, Mary Roberts",0.05151019501705907,-0.4490887285616193,0.34730769498117264,1.363280058990629
deduplicated_within_author,f3,"Le Fanu, Joseph Sheridan",31,410504,0.17203700680421344,0.01591341720338117,"Craik, Dinah Maria Mulock",0.09249996555387306,-0.15612358960083228,0.34730769498117264,0.4953446447926801
deduplicated_within_author,f3,"Le Gallienne, Richard",17,91139,0.16427852855819794,0.02330353083969747,"Stowe, Harriet Beecher",0.14185378359681297,-0.14097499771850047,0.34730769498117264,0.47300572642683136
deduplicated_within_author,f3,"Le Queux, William",66,944150,0.10574563772171569,0.01414802968973688,"Doyle, Arthur Conan",0.13379303387407226,-0.0915976080319788,0.34730769498117264,0.30447248722044035
deduplicated_within_author,f3,"Leacock, Stephen",14,96216,0.1987459765227893,0.027643143389217417,"Churchill, Winston",0.13908781386599645,-0.17110283313357189,0.34730769498117264,0.5722475470448855
deduplicated_within_author,f3,"Lebert, Marie",15,51509,0.24680027778073935,0.24759234637241123,"Saintsbury, George",1.0032093504869373,0.000792068591671885,0.34730769498117264,0.7106098751832096
deduplicated_within_author,f3,"Leblanc, Maurice",16,292725,0.10317615721693942,0.05569787094553314,"Gorky, Maksim",0.5398327719108799,-0.047478286271406274,0.34730769498117264,0.29707420453938554
deduplicated_within_author,f3,"Lee, Vernon",15,107059,0.17246258403227172,0.025084652506700438,"De Quincey, Thomas",0.14544982407318285,-0.14737793152557127,0.34730769498117264,0.49657000557278413
deduplicated_within_author,f3,"Leiber, Fritz",22,34361,0.19112296969349415,0.027219341844559913,"Sharkey, Jack",0.14241795158484533,-0.16390362784893425,0.34730769498117264,0.5502986903410096
deduplicated_within_author,f3,"Leinster, Murray",37,156495,0.2361510302987463,0.07146514660355541,"Burgess, Thornton W. (Thornton Waldo)",0.30262475041140996,-0.16468588369519088,0.34730769498117264,0.679947590310511
deduplicated_within_author,f3,"Leland, Charles Godfrey",10,130314,0.21243980317361044,0.020689224435417746,"Lang, Andrew",0.09738864434227544,-0.1917505787381927,0.34730769498117264,0.6116760620150575
deduplicated_within_author,f3,"Leslie, Madeline",20,60836,0.06475131400616568,0.014258756309839169,"Jewett, Sarah Orne",0.2202079838639481,-0.05049255769632652,0.34730769498117264,0.18643789049844062
deduplicated_within_author,f3,"Lever, Charles James",53,1279537,0.16039625799388604,0.015817447728123248,"Carleton, William",0.09861481761454918,-0.1445788102657628,0.34730769498117264,0.4618275388415481
deduplicated_within_author,f3,"Lewis, Alfred Henry",15,233128,0.27772616863947636,0.033531447134215686,"Harris, Joel Chandler",0.12073564150789023,-0.24419472150526067,0.34730769498117264,0.7996545214885945
deduplicated_within_author,f3,Library of Congress. Copyright Office,66,6234798,0.42530514693271665,0.2614432338707867,"Duellman, William Edward",0.6147191863449212,-0.16386191306192993,0.34730769498117264,1.2245773793056103
deduplicated_within_author,f3,"Lincoln, Abraham",19,106902,0.19637209891706775,0.03241864369952105,"Macaulay, Thomas Babington Macaulay, Baron",0.16508783008533282,-0.1639534552175467,0.34730769498117264,0.5654124620754889
deduplicated_within_author,f3,"Lincoln, Joseph Crosby",18,440115,0.09307715865389099,0.019174700306939876,"Barbour, Ralph Henry",0.20600865544511654,-0.07390245834695111,0.34730769498117264,0.2679962465528921
deduplicated_within_author,f3,"Locke, William John",21,322162,0.028116745737771936,0.017866007147986005,"Rinehart, Mary Roberts",0.6354222965421235,-0.01025073858978593,0.34730769498117264,0.0809562993969832
deduplicated_within_author,f3,"London, Jack",50,535210,0.30566747064962607,0.023568161903735618,"Churchill, Winston",0.0771039255621375,-0.28209930874589045,0.34730769498117264,0.8801056672994134
deduplicated_within_author,f3,"Longfellow, Henry Wadsworth",14,70326,0.32708594066925256,0.07577755780223028,"Whittier, John Greenleaf",0.2316747630521243,-0.2513083828670223,0.34730769498117264,0.9417756801702413
deduplicated_within_author,f3,"Lord, John",18,281005,0.09703438954733414,0.026720563758000377,"Saint-Simon, Louis de Rouvroy, duc de",0.27537210140293483,-0.07031382578933376,0.34730769498117264,0.27939026675638245
deduplicated_within_author,f3,"Loti, Pierre",11,64695,0.07883159096909706,0.02216175038867546,"Gautier, Théophile",0.2811277828626234,-0.0566698405804216,0.34730769498117264,0.2269791084628012
deduplicated_within_author,f3,"Lowndes, Marie Belloc",15,198392,0.09797419680928623,0.021261075648408616,"Frederic, Harold",0.21700688896480383,-0.07671312116087761,0.34730769498117264,0.28209624556287866
deduplicated_within_author,f3,"Lucas, E. V. (Edward Verrall)",11,146026,0.22366157620109092,0.02832813459226161,"Lang, Andrew",0.12665624142249712,-0.19533344160882932,0.34730769498117264,0.6439868146693827
deduplicated_within_author,f3,"Luther, Martin",18,209772,0.3401686432846857,0.02689334407242603,"Roberts, B. H. (Brigham Henry)",0.07905885684448317,-0.31327529921225966,0.34730769498117264,0.9794445910653551
deduplicated_within_author,f3,"Lynde, Francis",17,247465,0.03098065915205915,0.026851661595524347,"Wood, Henry, Mrs.",0.8667233793745681,-0.004128997556534803,0.34730769498117264,0.08920234017198667
deduplicated_within_author,f3,"Lytton, Edward Bulwer Lytton, Baron",194,968327,0.14522414695226327,0.02329666315160208,"Edgeworth, Maria",0.1604186606739714,-0.12192748380066118,0.34730769498117264,0.41814261259064756
deduplicated_within_author,f3,"MacDonald, George",60,1064335,0.1823309216885726,0.018733729139674984,"Stevenson, Burton Egbert",0.10274576010575337,-0.1635971925488976,0.34730769498117264,0.5249838236335554
deduplicated_within_author,f3,"MacGrath, Harold",21,308529,0.04752815729439477,0.029254073605773468,"Webster, Jean",0.6155103684026805,-0.0182740836886213,0.34730769498117264,0.13684740643875237
deduplicated_within_author,f3,"MacGregor, Mary Esther Miller",10,99000,0.10754071283081752,0.010776076641520823,"Frederic, Harold",0.10020462351289869,-0.0967646361892967,0.34730769498117264,0.3096410312378689
deduplicated_within_author,f3,"MacKenzie, Compton",12,242139,0.1875906278500024,0.01988044270628685,"Merwin, Samuel",0.1059778035509496,-0.16771018514371555,0.34730769498117264,0.5401280494524361
deduplicated_within_author,f3,"Macaulay, Thomas Babington Macaulay, Baron",19,431736,0.08992786398424502,0.03040393037295539,"Lincoln, Abraham",0.33809243348960266,-0.059523933611289624,0.34730769498117264,0.2589285100323503
deduplicated_within_author,f3,"Machen, Arthur",10,67667,0.08705879806250902,0.026074886942676137,"Martineau, Harriet",0.2995089241176306,-0.06098391111983288,0.34730769498117264,0.25066763368784106
deduplicated_within_author,f3,"Mackintosh, Charles Henry",11,203375,0.039792956989221404,0.046291396385923105,"Hoare, Edward",1.1633062704654473,0.006498439396701701,0.34730769498117264,0.11457551204380473
deduplicated_within_author,f3,"Maclaren, Alexander",20,630358,0.05575545509945217,0.03168597385664072,"Foote, G. W. (George William)",0.568302667427282,-0.024069481242811448,0.34730769498117264,0.16053619284903733
deduplicated_within_author,f3,"Maclaren, Ian",13,97457,0.21773957543766287,0.07087725483586019,"Mathews, Joanna H. (Joanna Hooe)",0.32551388369980444,-0.14686232060180268,0.34730769498117264,0.6269356498118085
deduplicated_within_author,f3,"Maeterlinck, Maurice",18,90065,0.6103128304363972,0.14212970895808952,"Meynell, Alice",0.23288009340465823,-0.46818312147830765,0.34730769498117264,1.7572683797561177
deduplicated_within_author,f3,"Mahan, A. T. (Alfred Thayer)",15,290149,0.11407074045425586,0.024935432511598524,"Parkman, Francis",0.21859621855964037,-0.08913530794265734,0.34730769498117264,0.328442882500601
deduplicated_within_author,f3,"Mangasarian, M. M. (Mangasar Mugurditch)",12,45670,0.06855186656922872,0.05704918390452499,"Van Dyke, Henry",0.8322046759574742,-0.01150268266470373,0.34730769498117264,0.19738078815945867
deduplicated_within_author,f3,"Mansfield, M. F. (Milburg Francisco)",16,194808,0.06790906480167652,0.03055440381097983,"James, George Wharton",0.449931152788096,-0.03735466099069669,0.34730769498117264,0.19552997466801833
deduplicated_within_author,f3,"Marks, Winston K.",12,12929,0.12464821460936144,0.022386985974403167,"Samachson, Joseph",0.1796013368066472,-0.10226122863495828,0.34730769498117264,0.3588985110627006
deduplicated_within_author,f3,"Marlowe, Christopher",10,82790,0.30508872053300096,0.08840873703708543,"Tennyson, Alfred Tennyson, Baron",0.28978041824237943,-0.21667998349591552,0.34730769498117264,0.8784392771647045
deduplicated_within_author,f3,"Marlowe, Stephen",16,41940,0.06319896085037074,0.03171869443656349,"Nourse, Alan Edward",0.5018863286638584,-0.03148026641380725,0.34730769498117264,0.18196821367230784
deduplicated_within_author,f3,"Marryat, Frederick",36,873873,0.07703068430324375,0.019810857048686504,"Alcott, Louisa May",0.257181371655714,-0.05721982725455725,0.34730769498117264,0.22179377369516545
deduplicated_within_author,f3,"Marsh, Richard",19,290346,0.10266452346474683,0.03867602942287031,"MacGrath, Harold",0.3767224365109041,-0.06398849404187652,0.34730769498117264,0.2956010619641244
deduplicated_within_author,f3,"Martineau, Harriet",16,224425,0.18156106967176372,0.021665345301691702,"Hawthorne, Julian",0.11932814309179565,-0.15989572437007202,0.34730769498117264,0.52276719547376
deduplicated_within_author,f3,"Masefield, John",17,95443,0.32692370427476874,0.02500074493461926,"Lucas, E. V. (Edward Verrall)",0.07647272011088846,-0.3019229593401495,0.34730769498117264,0.9413085543425437
deduplicated_within_author,f3,"Mason, A. E. W. (Alfred Edward Woodley)",20,315868,0.17260570892887944,0.02496871804800802,"Henry, O.",0.14465754466033418,-0.14763699088087143,0.34730769498117264,0.4969821038322698
deduplicated_within_author,f3,"Maspero, G. (Gaston)",10,145377,0.0906923064541759,0.033734356664573424,"Schopenhauer, Arthur",0.37196492165097134,-0.05695794978960248,0.34730769498117264,0.2611295625312658
deduplicated_within_author,f3,"Mathews, Joanna H. (Joanna Hooe)",13,133351,0.044024952049544645,0.025386211371935613,"Lever, Charles James",0.576632345751713,-0.018638740677609032,0.34730769498117264,0.12676065830309696
deduplicated_within_author,f3,"Matthews, Stanley R.",32,237240,0.01826998442824599,0.02070265828597688,"Harben, Will N. (Will Nathaniel)",1.1331513919612266,0.0024326738577308896,0.34730769498117264,0.05260460592223963
deduplicated_within_author,f3,"Maugham, W. Somerset (William Somerset)",26,281788,0.8527369195960062,0.055125502258862806,"Dawson, Coningsby",0.06464538006045187,-0.7976114173371434,0.34730769498117264,2.4552779334250934
deduplicated_within_author,f3,"Maupassant, Guy de",33,360083,0.09825098949524576,0.044489073919171694,"Ebers, Georg",0.45281044137804294,-0.053761915576074064,0.34730769498117264,0.2828932123158742
deduplicated_within_author,f3,"May, Sophie",25,158551,0.052080581561567835,0.02497258835147184,"Deland, Margaret Wade Campbell",0.4794990302086033,-0.027107993210095993,0.34730769498117264,0.14995516170291331
deduplicated_within_author,f3,"McCutcheon, George Barr",33,499873,0.042985692148351996,0.013193828788473213,"Tracy, Louis",0.3069353575356828,-0.02979186335987878,0.34730769498117264,0.12376832638471263
deduplicated_within_author,f3,"McElroy, John",15,179807,0.23778368783000134,0.0258272413341004,"Roe, Edward Payson",0.10861653955238959,-0.21195644649590095,0.34730769498117264,0.6846484868205741
deduplicated_within_author,f3,"Meade, L. T.",52,821926,0.059252237656965405,0.008939391443611385,"Farjeon, B. L. (Benjamin Leopold)",0.15087010714034213,-0.05031284621335402,0.34730769498117264,0.17060444819737564
deduplicated_within_author,f3,"Melville, Herman",16,264160,0.142208193304841,0.02515687839926802,"Kingsley, Charles",0.1769017509795734,-0.11705131490557298,0.34730769498117264,0.4094588037058897
deduplicated_within_author,f3,"Mencken, H. L. (Henry Louis)",10,108230,0.27457309547504044,0.02941185037976552,"James, William",0.10711847178209473,-0.24516124509527493,0.34730769498117264,0.7905759055811444
deduplicated_within_author,f3,"Meredith, George",94,551531,0.25190479088732687,0.02654165369308823,"Allen, James Lane",0.10536383051547402,-0.22536313719423864,0.34730769498117264,0.725307255000447
deduplicated_within_author,f3,"Merriman, Henry Seton",14,210922,0.025685581483086077,0.014331744164407878,"Pyle, Katharine",0.5579684529955187,-0.011353837318678199,0.34730769498117264,0.07395626948167237
deduplicated_within_author,f3,"Merwin, Samuel",13,182771,0.11936701683317275,0.02103309643596078,"MacKenzie, Compton",0.1762052616708736,-0.09833392039721196,0.34730769498117264,0.3436924046259429
deduplicated_within_author,f3,"Meynell, Alice",11,42061,0.1835653172098857,0.024427717851875995,"Wilcox, Ella Wheeler",0.13307371034554272,-0.1591375993580097,0.34730769498117264,0.528538007831461
deduplicated_within_author,f3,"Mill, John Stuart",14,230456,0.07523793814931251,0.03179141623130833,"Schopenhauer, Arthur",0.42254502201026656,-0.04344652191800418,0.34730769498117264,0.21663193541793285
deduplicated_within_author,f3,"Miller, Alex. McVeigh, Mrs.",17,262439,0.06925227210386309,0.030387508096361402,"Johnson, Owen",0.4387943842591455,-0.03886476400750169,0.34730769498117264,0.19939745967222872
deduplicated_within_author,f3,"Milne, A. A. (Alan Alexander)",11,144467,0.7328759497554347,0.11591073574715646,"Sudermann, Hermann",0.15815873857756774,-0.6169652140082782,0.34730769498117264,2.1101632942373003
deduplicated_within_author,f3,"Mitchell, S. Weir (Silas Weir)",12,164968,0.2735130958990563,0.012958575199744008,"Peattie, Elia Wilkinson",0.04737826229909863,-0.2605545206993123,0.34730769498117264,0.7875238580990361
deduplicated_within_author,f3,"Mitford, Bertram",27,432318,0.037945395599192,0.013396681129659685,"Crawford, F. Marion (Francis Marion)",0.35305156048880276,-0.024548714469532315,0.34730769498117264,0.10925584473804704
deduplicated_within_author,f3,"Mitford, Mary Russell",13,17798,0.08892606719061728,0.056314941060270296,"Jameson, Mrs. (Anna)",0.6332782145819686,-0.03261112613034699,0.34730769498117264,0.25604404531099695
deduplicated_within_author,f3,"Mitton, G. E. (Geraldine Edith)",12,81850,0.10534817202833395,0.015048997654023276,"Burroughs, John",0.1428501070713953,-0.09029917437431068,0.34730769498117264,0.30332806773557036
deduplicated_within_author,f3,"Molesworth, Mrs.",55,575883,0.08902988319414372,0.020805272312663825,"Nesbit, E. (Edith)",0.23368863988392127,-0.0682246108814799,0.34730769498117264,0.25634296181940336
deduplicated_within_author,f3,Molière,20,69345,0.2441121912028857,0.09887010939925621,"Bridges, Robert",0.4050191385856826,-0.14524208180362946,0.34730769498117264,0.7028700910762109
deduplicated_within_author,f3,"Montaigne, Michel de",21,75259,0.18419177620282962,0.05220854949891741,"Morris, William",0.2834466911347118,-0.13198322670391222,0.34730769498117264,0.5303417657153106
deduplicated_within_author,f3,"Montgomery, L. M. (Lucy Maud)",12,127589,0.4161331962801667,0.01656419698722622,"Douglas, Amanda M.",0.03980503630879324,-0.3995689992929405,0.34730769498117264,1.1981686622368821
deduplicated_within_author,f3,"Moodie, Susanna",14,160314,0.17021324219666434,0.012180881598376145,"Craik, Dinah Maria Mulock",0.07156247916541274,-0.15803236059828818,0.34730769498117264,0.4900934953540016
deduplicated_within_author,f3,"Moody, Dwight Lyman",14,99597,0.10047016374356131,0.05208598399099367,"Harris, Frank",0.5184224057197442,-0.04838417975256764,0.34730769498117264,0.2892828612651607
deduplicated_within_author,f3,"Moore, Frank Frankfort",19,207448,0.06185481836653399,0.012742112539202405,"Wister, Owen",0.20600032262153425,-0.049112705827331585,0.34730769498117264,0.17809803600777432
deduplicated_within_author,f3,"Moore, George Augustus",16,274175,0.17252183693799683,0.037627288618394046,"Disraeli, Benjamin, Earl of Beaconsfield",0.21810159969440296,-0.1348945483196028,0.34730769498117264,0.4967406119445443
deduplicated_within_author,f3,"Moore, Thomas",12,185016,0.25489053809748924,0.02013682043700357,"Ashton, John",0.07900183579706571,-0.23475371766048567,0.34730769498117264,0.7339040907553365
deduplicated_within_author,f3,"Morley, Christopher",12,80151,0.4283116876272337,0.033839378503820745,"Beerbohm, Max, Sir",0.07900643265488398,-0.39447230912341297,0.34730769498117264,1.2332340855576271
deduplicated_within_author,f3,"Morley, John",30,267011,0.1369200300636948,0.03452170978737713,"Dewey, John",0.25213045725536093,-0.10239832027631766,0.34730769498117264,0.3942326416669724
deduplicated_within_author,f3,"Morris, Charles",18,261930,0.126611115121126,0.026041471063182525,"Ballou, Maturin Murray",0.20568076537568789,-0.10056964405794347,0.34730769498117264,0.3645502732900563
deduplicated_within_author,f3,"Morris, William",28,259551,0.29848403187433503,0.05052531195481365,Dante Alighieri,0.16927308183804401,-0.2479587199195214,0.34730769498117264,0.8594224550380771
deduplicated_within_author,f3,"Motley, John Lothrop",89,209675,0.10399127730641865,0.031923945897471745,"Skinner, Charles M. (Charles Montgomery)",0.30698676585542145,-0.0720673314089469,0.34730769498117264,0.2994211726637844
deduplicated_within_author,f3,"Mulford, Clarence Edward",10,177179,0.08834583978506058,0.014855629914881903,"Rice, Alice Caldwell Hegan",0.16815313489604763,-0.07349020987017868,0.34730769498117264,0.25437340163122435
deduplicated_within_author,f3,"Mundy, Talbot",13,175583,0.05599177622230776,0.03776571128739091,"Brazil, Angela",0.6744867520802924,-0.018226064934916852,0.34730769498117264,0.16121663018535493
deduplicated_within_author,f3,"Munroe, Kirk",15,154687,0.0672168445848879,0.013340418258408147,"Haggard, H. Rider (Henry Rider)",0.19846838007339934,-0.05387642632647975,0.34730769498117264,0.1935368710691299
deduplicated_within_author,f3,"Murfree, Mary Noailles",26,156406,0.09922993606053414,0.01891867363249023,"Ainsworth, William Harrison",0.19065490096606633,-0.0803112624280439,0.34730769498117264,0.28571188457518437
deduplicated_within_author,f3,"Murray, David Christie",14,102247,0.16081414893435134,0.010734962965269264,"Boothby, Guy",0.066753846203244,-0.15007918596908207,0.34730769498117264,0.4630307685612004
deduplicated_within_author,f3,"Mühlbach, L. (Luise)",20,709566,0.06415617920886561,0.01805080915333879,"Stephens, Ann S. (Ann Sophia)",0.28135729677063415,-0.046105370055526826,0.34730769498117264,0.18472432409637074
deduplicated_within_author,f3,"Müller, F. Max (Friedrich Max)",10,173381,0.12235873490830987,0.031675853059465395,"Romanes, George John",0.25887692515946537,-0.09068288184884447,0.34730769498117264,0.352306432239985
deduplicated_within_author,f3,"Nesbit, E. (Edith)",30,313987,0.2235724995660298,0.024800396012588436,"Molesworth, Mrs.",0.11092775748684557,-0.19877210355344135,0.34730769498117264,0.6437303370953227
deduplicated_within_author,f3,"Newman, John Henry",14,251769,0.23561354441985863,0.02409008160990377,Voltaire,0.10224404403074437,-0.21152346280995485,0.34730769498117264,0.6784000119336
deduplicated_within_author,f3,"Nicholson, Meredith",13,184844,0.05636593456305045,0.026401038094733018,"Farjeon, B. L. (Benjamin Leopold)",0.4683864163593534,-0.029964896468317435,0.34730769498117264,0.16229394101419498
deduplicated_within_author,f3,"Nietzsche, Friedrich Wilhelm",17,153249,0.35131792953226143,0.06760161443568213,"Tennyson, Alfred Tennyson, Baron",0.19242289889868627,-0.2837163150965793,0.34730769498117264,1.011546633170066
deduplicated_within_author,f3,"Norris, Frank",10,164358,0.09237409349444027,0.01368588928537283,"Wright, Harold Bell",0.14815722425678302,-0.07868820420906744,0.34730769498117264,0.2659719172057153
deduplicated_within_author,f3,"Norris, Kathleen Thompson",11,212403,0.027373632373341412,0.030321836560652675,"Weyman, Stanley John",1.1077023373113777,0.002948204187311263,0.34730769498117264,0.07881665960446203
deduplicated_within_author,f3,"Norton, Andre",14,104020,0.10613534848040605,0.02491938788604668,"Nourse, Alan Edward",0.23478876964960566,-0.08121596059435937,0.34730769498117264,0.30559457798987033
deduplicated_within_author,f3,"Nourse, Alan Edward",23,56041,0.11712296562894572,0.022113716825177765,"Norton, Andre",0.1888076920391144,-0.09500924880376796,0.34730769498117264,0.33723112767569086
deduplicated_within_author,f3,"Nye, Bill",11,83737,0.07436132921631174,0.03953050161196102,"Morris, Charles",0.531600255516811,-0.03483082760435072,0.34730769498117264,0.21410792300568757
deduplicated_within_author,f3,"O'Donnell, Elliott",10,115771,0.23661831010676423,0.02623530131004263,"Baring-Gould, S. (Sabine)",0.11087604039689504,-0.21038300879672162,0.34730769498117264,0.6812930249633288
deduplicated_within_author,f3,"Oliphant, Mrs. (Margaret)",70,1241529,0.06615868136993813,0.013702463505456583,"Craik, Dinah Maria Mulock",0.20711512414881428,-0.05245621786448155,0.34730769498117264,0.1904901110052415
deduplicated_within_author,f3,"Onions, Oliver",11,180780,0.08434080518138812,0.046833414501803255,"Dostoyevsky, Fyodor",0.5552877329197967,-0.03750739067958486,0.34730769498117264,0.2428417406241465
deduplicated_within_author,f3,"Oppenheim, E. Phillips (Edward Phillips)",58,1025416,0.05961513924960306,0.02284889312706298,"Chapman, Allen",0.38327333316117546,-0.03676624612254008,0.34730769498117264,0.1716493475701273
deduplicated_within_author,f3,"Optic, Oliver",59,712184,0.1597148295724575,0.021817964891924377,"Bates, Arlo",0.13660575508441603,-0.13789686468053314,0.34730769498117264,0.45986550796438747
deduplicated_within_author,f3,"Orczy, Emmuska Orczy, Baroness",18,279091,0.08675200725978643,0.043119103984337485,"Coolidge, Susan",0.49703868932062373,-0.04363290327544895,0.34730769498117264,0.24978429362035648
deduplicated_within_author,f3,"Otis, James",45,347659,0.3300025702429653,0.022153191985453236,"Fox, John",0.06713036195185658,-0.3078493782575121,0.34730769498117264,0.9501735061207168
deduplicated_within_author,f3,Ouida,22,329694,0.10036865002854788,0.02188824256741471,"Gaskell, Elizabeth Cleghorn",0.21807847929795843,-0.07848040746113316,0.34730769498117264,0.28899057371587694
deduplicated_within_author,f3,"Oxley, J. Macdonald (James Macdonald)",10,65335,0.07690892494165444,0.0177097222340011,"King, Charles",0.2302687529104881,-0.05919920270765334,0.34730769498117264,0.22144319303326587
deduplicated_within_author,f3,"Packard, Frank L. (Frank Lucius)",11,200478,0.056745480346477736,0.028574998305973667,"Vaizey, George de Horne, Mrs.",0.5035643038264871,-0.02817048204050407,0.34730769498117264,0.16338676385950468
deduplicated_within_author,f3,"Page, Thomas Nelson",24,156210,0.25043524258531047,0.013599972816713202,"Moore, Frank Frankfort",0.054305347267888576,-0.23683526976859726,0.34730769498117264,0.7210759974635357
deduplicated_within_author,f3,"Paine, Albert Bigelow",29,222164,0.20793334526435195,0.02193823928648908,"France, Anatole",0.10550611427233249,-0.18599510597786287,0.34730769498117264,0.5987006572820792
deduplicated_within_author,f3,Pansy,11,147844,0.04546487235659457,0.023871592887063097,"Gaboriau, Emile",0.5250557551296101,-0.021593279469531473,0.34730769498117264,0.13090660821396197
deduplicated_within_author,f3,"Parker, Gilbert",106,447000,0.12388028410700695,0.013129674452127376,"Smith, Francis Hopkinson",0.10598679642021205,-0.11075060965487958,0.34730769498117264,0.3566874155026206
deduplicated_within_author,f3,"Parkman, Francis",15,335281,0.10676060000186473,0.01962658763125697,"Irving, Washington",0.18383736725827848,-0.08713401237060775,0.34730769498117264,0.30739485921166293
deduplicated_within_author,f3,"Parrish, Randall",15,254641,0.029623042007798046,0.021198313151991846,"Werner, E.",0.7156021703109204,-0.0084247288558062,0.34730769498117264,0.0852933650358766
deduplicated_within_author,f3,"Patchin, Frank Gee",15,161138,0.02646871656911992,0.020164270336336033,"Rockwood, Roy",0.7618151897799589,-0.006304446232783888,0.34730769498117264,0.0762111434661843
deduplicated_within_author,f3,"Pater, Walter",13,97340,0.09135641104055536,0.04513330176481417,Homer,0.49403540759474873,-0.04622310927574119,0.34730769498117264,0.2630417130421131
deduplicated_within_author,f3,"Peattie, Elia Wilkinson",10,83096,0.13481956785006385,0.01259943866063342,"Hough, Emerson",0.09345407986061463,-0.12222012918943043,0.34730769498117264,0.3881847992379563
deduplicated_within_author,f3,"Peck, George W. (George Wilbur)",10,75925,0.3950397916112914,0.0669529712866016,"Oxley, J. Macdonald (James Macdonald)",0.16948411959593565,-0.3280868203246898,0.34730769498117264,1.1374346071793955
deduplicated_within_author,f3,"Pemberton, Max",11,130938,0.11544482170597882,0.0165776797716296,"Braddon, M. E. (Mary Elizabeth)",0.14359829680235064,-0.09886714193434923,0.34730769498117264,0.33239926259692293
deduplicated_within_author,f3,"Penrose, Margaret",22,260508,0.03894827697547671,0.010017384623840516,"Hope, Laura Lee",0.25719711889046687,-0.028930892351636192,0.34730769498117264,0.11214343228873197
deduplicated_within_author,f3,"Pepys, Samuel",76,263743,0.09506777260185666,0.020974599415949622,"Schopenhauer, Arthur",0.22062786201787998,-0.07409317318590704,0.34730769498117264,0.27372780383403317
deduplicated_within_author,f3,"Perkins, Lucy Fitch",13,53668,0.09076415031634202,0.027795035409760603,"Cory, David",0.30623363203297815,-0.06296911490658141,0.34730769498117264,0.261336421933474
deduplicated_within_author,f3,"Phelps, Elizabeth Stuart",14,99623,0.3097955452257309,0.04556160252320922,"Bierce, Ambrose",0.14706990860701694,-0.26423394270252165,0.34730769498117264,0.8919915962199592
deduplicated_within_author,f3,"Phillips, David Graham",14,285000,0.03991693736625135,0.018802833844013267,"Bassett, Sara Ware",0.47104901038601565,-0.02111410352223808,0.34730769498117264,0.11493248765598246
deduplicated_within_author,f3,"Phillpotts, Eden",19,257922,0.26793183976026047,0.020767245462536364,"Page, Thomas Nelson",0.07750943479176808,-0.2471645942977241,0.34730769498117264,0.7714537962505694
deduplicated_within_author,f3,"Pinero, Arthur Wing",13,97578,0.17734199751049987,0.11445495960776796,"Ibsen, Henrik",0.6453911719416121,-0.06288703790273191,0.34730769498117264,0.5106192580043857
deduplicated_within_author,f3,"Piper, H. Beam",33,152770,0.13051912255547998,0.03499904997567913,"MacKenzie, Compton",0.2681526606248983,-0.09552007257980086,0.34730769498117264,0.37580256481951935
deduplicated_within_author,f3,Plato,27,228736,0.2749059845404327,0.11269624235302565,"Swinburne, Algernon Charles",0.40994466723386475,-0.16220974218740702,0.34730769498117264,0.7915343901474317
deduplicated_within_author,f3,"Poe, Edgar Allan",16,108331,0.5410236683377003,0.03672694364536055,"Holmes, Oliver Wendell",0.06788417179271358,-0.5042967246923398,0.34730769498117264,1.557764703045318
deduplicated_within_author,f3,"Porter, Eleanor H. (Eleanor Hodgman)",13,210388,0.061677641060629985,0.019010002731674764,"Zangwill, Israel",0.3082154635743553,-0.04266763832895522,0.34730769498117264,0.17758789094486804
deduplicated_within_author,f3,"Potter, Beatrix",21,15393,0.2572726122793147,0.09648821086518272,"Hornung, E. W. (Ernest William)",0.3750426833635435,-0.16078440141413197,0.34730769498117264,0.7407627760544185
deduplicated_within_author,f3,"Pyle, Howard",16,172007,0.1489029759984965,0.030411263741951387,"Cabell, James Branch",0.20423543275762637,-0.11849171225654512,0.34730769498117264,0.4287350327972677
deduplicated_within_author,f3,"Pyle, Katharine",11,58312,0.1791834634981007,0.01767201176792043,"Merriman, Henry Seton",0.09862523819396844,-0.16151145173018025,0.34730769498117264,0.5159213748713921
deduplicated_within_author,f3,"Quiller-Couch, Arthur",40,573345,0.14328798102246673,0.02782875118714418,"Holt, Emily Sarah",0.1942155300714356,-0.11545922983532256,0.34730769498117264,0.4125678270106693
deduplicated_within_author,f3,"Raine, William MacLeod",22,297998,0.04596561574795115,0.015437113231414196,"Harmon, Jim",0.3358404533524014,-0.03052850251653695,0.34730769498117264,0.13234839426878497
deduplicated_within_author,f3,"Ralphson, G. Harvey (George Harvey)",14,145509,0.1422068940974113,0.011510383284512789,"Penrose, Margaret",0.08094110596795828,-0.13069651081289851,0.34730769498117264,0.4094550629093325
deduplicated_within_author,f3,"Rathborne, St. George",14,133580,0.11583674879114252,0.016859141703170794,"Coolidge, Susan",0.145542255623631,-0.09897760708797172,0.34730769498117264,0.3335277348157286
deduplicated_within_author,f3,"Raymond, Evelyn",17,193042,0.07407562987526232,0.035780110470890636,"Glyn, Elinor",0.48302134630703236,-0.03829551940437169,0.34730769498117264,0.21328531139881
deduplicated_within_author,f3,"Reade, Charles",15,536542,0.20120277168901934,0.02478630547500719,"Jókai, Mór",0.12319067608729123,-0.17641646621401216,0.34730769498117264,0.5793213758190023
deduplicated_within_author,f3,"Reed, Helen Leah",10,106300,0.17769105601101565,0.012904320980735538,"Freeman, Mary Eleanor Wilkins",0.0726222313628186,-0.1647867350302801,0.34730769498117264,0.5116242990834055
deduplicated_within_author,f3,"Reed, Myrtle",13,186416,0.45058813914343776,0.015462468538233048,"Murray, David Christie",0.03431619076264857,-0.4351256706052047,0.34730769498117264,1.297374477026384
deduplicated_within_author,f3,"Reed, Talbot Baines",16,350176,0.12951475410394903,0.014010689983765033,"Ewing, Juliana Horatia Gatty",0.10817833134686725,-0.11550406412018399,0.34730769498117264,0.3729106955461207
deduplicated_within_author,f3,"Reeve, Arthur B. (Arthur Benjamin)",14,212158,0.04377684777457533,0.030003507272283216,"Reynolds, Mack",0.6853738630698901,-0.013773340502292113,0.34730769498117264,0.12604629384024574
deduplicated_within_author,f3,"Reid, Mayne",50,887763,0.12924672100614226,0.020986373489201265,"Everett-Green, Evelyn",0.16237451384320936,-0.108260347516941,0.34730769498117264,0.37213895019846494
deduplicated_within_author,f3,"Reynolds, Mack",24,75686,0.09034152422747126,0.03195502915259425,"Garrett, Randall",0.35371363750886653,-0.058386495074877004,0.34730769498117264,0.26011955834254874
deduplicated_within_author,f3,"Rice, Alice Caldwell Hegan",10,99270,0.0487241485205928,0.014547032046918913,"Mulford, Clarence Edward",0.29855897924559416,-0.034177116473673885,0.34730769498117264,0.14029101348656875
deduplicated_within_author,f3,"Rice, Cale Young",11,39911,0.5444060117587224,0.24616189094152222,"Baker, George M. (George Melville)",0.4521660040936869,-0.2982441208172002,0.34730769498117264,1.5675034547916777
deduplicated_within_author,f3,"Richards, Laura Elizabeth Howe",42,358518,0.11133380855559477,0.03377928602469679,"Fleming, May Agnes",0.3034054656257361,-0.07755452253089798,0.34730769498117264,0.32056245848981296
deduplicated_within_author,f3,"Richardson, Samuel",14,285685,0.1405398456594977,0.07188801014054091,"Dryden, John",0.5115133704836449,-0.06865183551895679,0.34730769498117264,0.4046551449633625
deduplicated_within_author,f3,"Richmond, Grace S. (Grace Smith)",15,141915,0.08580676579494957,0.006583461425683331,"Tracy, Louis",0.07672426952223879,-0.07922330436926624,0.34730769498117264,0.24706266816115638
deduplicated_within_author,f3,"Riis, Jacob A. (Jacob August)",11,95673,0.06917036674396008,0.021007344408987178,"Paine, Albert Bigelow",0.30370439536265037,-0.04816302233497291,0.34730769498117264,0.19916163028783387
deduplicated_within_author,f3,"Riley, James Whitcomb",17,53836,0.37715713252861915,0.13906440284596705,"Field, Eugene",0.36871741471153185,-0.2380927296826521,0.34730769498117264,1.0859452237275211
deduplicated_within_author,f3,"Rinehart, Mary Roberts",29,365718,0.15182332356075628,0.01016062595985518,"Tracy, Louis",0.06692401221073997,-0.1416626976009011,0.34730769498117264,0.4371435639195571
deduplicated_within_author,f3,"Ritchie, J. Ewing (James Ewing)",20,129638,0.12201039756633358,0.014230117282090504,"Warner, Charles Dudley",0.11663036565677933,-0.10778028028424308,0.34730769498117264,0.3513034675864228
deduplicated_within_author,f3,"Roberts, B. H. (Brigham Henry)",14,217237,0.13262025715125625,0.02916129865334116,"Luther, Martin",0.21988570433913482,-0.10345895849791509,0.34730769498117264,0.38185234323254924
deduplicated_within_author,f3,"Roberts, Charles G. D., Sir",26,208769,0.20794598508489281,0.03371829688406415,"Oxley, J. Macdonald (James Macdonald)",0.16214930463936988,-0.17422768820082868,0.34730769498117264,0.5987370510065014
deduplicated_within_author,f3,"Robertson, Margaret M. (Margaret Murray)",11,179922,0.06352115623702895,0.0112992721299523,"Stacpoole, H. De Vere (Henry De Vere)",0.17788202859200342,-0.05222188410707665,0.34730769498117264,0.18289590802320804
deduplicated_within_author,f3,"Rockwood, Roy",16,153186,0.06377793138834202,0.009764739678782537,"Webster, Frank V.",0.1531053056475807,-0.05401319170955948,0.34730769498117264,0.1836352384642655
deduplicated_within_author,f3,"Roe, Edward Payson",19,425462,0.11883012051232021,0.014224385585925828,"Murray, David Christie",0.11970353580892863,-0.10460573492639438,0.34730769498117264,0.34214652375831156
deduplicated_within_author,f3,"Rohmer, Sax",17,250479,0.08465062407614816,0.0320249583198464,"Caine, Hall, Sir",0.37831922291604236,-0.052625665756301766,0.34730769498117264,0.24373379945047582
deduplicated_within_author,f3,"Rolland, Romain",12,185463,0.3653618940054229,0.09704176492529312,"Nietzsche, Friedrich Wilhelm",0.26560450478684233,-0.2683201290801298,0.34730769498117264,1.051983296901121
deduplicated_within_author,f3,"Romanes, George John",11,140996,0.10947326630089825,0.02927315068951466,"Huxley, Thomas Henry",0.26739999342903015,-0.0802001156113836,0.34730769498117264,0.31520541549427156
deduplicated_within_author,f3,"Roosevelt, Theodore",17,209042,0.16910078967979592,0.028145837894948976,"Symonds, John Addington",0.16644415409440178,-0.14095495178484693,0.34730769498117264,0.48689042057925835
deduplicated_within_author,f3,"Rousseau, Jean-Jacques",18,96325,0.20309196199843232,0.039979340831035784,"Emerson, Ralph Waldo",0.1968533881776394,-0.16311262116739655,0.34730769498117264,0.5847609049072231
deduplicated_within_author,f3,"Roy, Lillian Elizabeth",16,157737,0.04119851713152896,0.027258240853248416,"Cory, David",0.6616316011138144,-0.013940276278280542,0.34730769498117264,0.11862252903369247
deduplicated_within_author,f3,"Ruskin, John",47,607075,0.13252495201911635,0.019827254816392588,"Swift, Jonathan",0.149611484586937,-0.11269769720272377,0.34730769498117264,0.3815779320014791
deduplicated_within_author,f3,"Russell, Bertrand",11,84536,0.12189826790493423,0.023865787781445564,"Dewey, John",0.19578447004725255,-0.09803248012348867,0.34730769498117264,0.35098061363582017
deduplicated_within_author,f3,"Russell, William Clark",18,193203,0.0853866268565851,0.013122428420992234,"Coolidge, Susan",0.15368247820624875,-0.07226419843559287,0.34730769498117264,0.24585296580086963
deduplicated_within_author,f3,"Sabatini, Rafael",18,298220,0.12393087162274344,0.017262276337830156,"Murray, David Christie",0.13928955805602705,-0.10666859528491328,0.34730769498117264,0.3568330716929887
deduplicated_within_author,f3,"Saint-Simon, Louis de Rouvroy, duc de",15,63317,0.05827544764852483,0.02320812196747391,"Lord, John",0.398248712003869,-0.03506732568105092,0.34730769498117264,0.1677919852932827
deduplicated_within_author,f3,"Saintsbury, George",12,275952,0.11636694852763266,0.0616452000373793,"Crane, Walter",0.5297483591119599,-0.05472174849025336,0.34730769498117264,0.3350543342667396
deduplicated_within_author,f3,"Saltus, Edgar",13,104659,0.24929596989266736,0.019863010919272634,"Baring-Gould, S. (Sabine)",0.07967642207703765,-0.22943295897339472,0.34730769498117264,0.7177956995919182
deduplicated_within_author,f3,"Samachson, Joseph",12,13801,0.11599484218365601,0.019466689154060305,"Wodehouse, P. G. (Pelham Grenville)",0.1678237479149156,-0.0965281530295957,0.34730769498117264,0.3339829317341904
deduplicated_within_author,f3,"Santayana, George",10,101959,0.10645294638445925,0.04083402681343791,"Spencer, Herbert",0.38358756803183375,-0.06561891957102134,0.34730769498117264,0.30650903484942943
deduplicated_within_author,f3,"Saunders, Marshall",13,211392,0.08901127829787907,0.013869262814467896,"Goldfrap, John Henry",0.15581466842947664,-0.07514201548341118,0.34730769498117264,0.256289392904768
deduplicated_within_author,f3,"Schiller, Friedrich",32,346022,0.6827553558776548,0.07262208373974832,Euripides,0.10636618682601988,-0.6101332721379065,0.34730769498117264,1.9658515078816972
deduplicated_within_author,f3,"Schmitz, James H.",10,40397,0.09099811356049751,0.01807481103904619,"Fyfe, H. B. (Horace Bowne)",0.19862841472015422,-0.07292330252145132,0.34730769498117264,0.26201007025033085
deduplicated_within_author,f3,"Schoolcraft, Henry Rowe",13,248964,0.2474447057694114,0.024457122155776143,"James, George Wharton",0.09883873683911923,-0.22298758361363527,0.34730769498117264,0.7124653710388572
deduplicated_within_author,f3,"Schopenhauer, Arthur",12,153168,0.13381195070705904,0.02715605479981449,"Ruskin, John",0.2029419245166263,-0.10665589590724454,0.34730769498117264,0.3852835760356905
deduplicated_within_author,f3,"Schubin, Ossip",10,128847,0.07049135198247619,0.01731013419790799,"Hardy, Thomas",0.24556394098117462,-0.053181217784568205,0.34730769498117264,0.20296513149902276
deduplicated_within_author,f3,"Scott, Walter",56,1306161,0.1677243730855505,0.021031470047754085,"Whyte-Melville, G. J. (George John)",0.12539304610801347,-0.14669290303779642,0.34730769498117264,0.4829273163516942
deduplicated_within_author,f3,"Sedgwick, Anne Douglas",14,217753,0.07986765560050506,0.020194057529563672,"Braddon, M. E. (Mary Elizabeth)",0.2528440002117199,-0.059673598070941386,0.34730769498117264,0.22996224026891957
deduplicated_within_author,f3,"Seltzer, Charles Alden",10,127571,0.05906640473322554,0.01840393093953756,"Page, Thomas Nelson",0.3115803479602194,-0.04066247379368798,0.34730769498117264,0.17006938108995107
deduplicated_within_author,f3,"Senarens, Luis",15,111599,0.07968642244151534,0.11078155252018868,"Singmaster, Elsie",1.3902186737206723,0.03109513007867333,0.34730769498117264,0.22944041722379663
deduplicated_within_author,f3,"Seton, Ernest Thompson",15,135100,0.20118038632849222,0.03645547844374226,"Chesterton, G. K. (Gilbert Keith)",0.18120791548842574,-0.16472490788474997,0.34730769498117264,0.5792569218467737
deduplicated_within_author,f3,Shakespeare (spurious and doubtful works),10,45948,0.06903391341384156,0.09382662601741833,"Shakespeare, William",1.359138159457229,0.024792712603576766,0.34730769498117264,0.19876874141122572
deduplicated_within_author,f3,"Shakespeare, William",103,1139117,0.310242886962857,0.05012205132600882,"Bridges, Robert",0.1615574552463778,-0.2601208356368482,0.34730769498117264,0.8932796233601306
deduplicated_within_author,f3,"Shaler, Robert",18,80158,0.043801326541645286,0.015082776575287051,"Hough, Emerson",0.3443452006173077,-0.028718549966358232,0.34730769498117264,0.12611677533957238
deduplicated_within_author,f3,"Sharkey, Jack",10,22570,0.18946569820170114,0.023454106178848605,"Leiber, Fritz",0.12379077796910691,-0.16601159202285254,0.34730769498117264,0.5455269230702532
deduplicated_within_author,f3,"Sharp, Dallas Lore",10,53252,0.09428491001163215,0.02927260009526016,"Wilcox, Ella Wheeler",0.31046961906893406,-0.065012309916372,0.34730769498117264,0.2714737144443151
deduplicated_within_author,f3,"Shaw, Bernard",42,250381,0.4814136141404991,0.07987578934686876,"Baker, George M. (George Melville)",0.16591925737180596,-0.4015378247936303,0.34730769498117264,1.3861299968219716
deduplicated_within_author,f3,"Sheckley, Robert",18,32746,0.078298548821837,0.024931658287266453,"Smith, George O. (George Oliver)",0.3184178846532231,-0.05336689053457054,0.34730769498117264,0.22544432488339056
deduplicated_within_author,f3,"Shoghi, Effendi",17,134366,0.44470615006165476,0.06600530421440219,"Hulbert, Archer Butler",0.14842453652878673,-0.37870084584725255,0.34730769498117264,1.2804385174528368
deduplicated_within_author,f3,"Sienkiewicz, Henryk",18,480110,0.16685099845161608,0.017821737012171147,"Howells, William Dean",0.10681228867407194,-0.14902926143944492,0.34730769498117264,0.4804126164283834
deduplicated_within_author,f3,"Sinclair, May",21,342648,0.1332436071931343,0.03783080686741233,"Merwin, Samuel",0.28392211577233295,-0.09541280032572197,0.34730769498117264,0.38364714954086276
deduplicated_within_author,f3,"Sinclair, Upton",24,330107,0.6531321463675178,0.03809952958995747,"Fleming, May Agnes",0.05833356970997849,-0.6150326167775604,0.34730769498117264,1.8805576605578052
deduplicated_within_author,f3,"Singmaster, Elsie",11,87372,0.14483939005206206,0.02052235160645227,"White, Stewart Edward",0.1416904034121904,-0.12431703844560979,0.34730769498117264,0.41703478542251626
deduplicated_within_author,f3,"Skinner, Charles M. (Charles Montgomery)",10,31910,0.04957624162966977,0.023466344973807014,"Ballou, Maturin Murray",0.4733385226959837,-0.026109896655862753,0.34730769498117264,0.14274443770201312
deduplicated_within_author,f3,"Smiles, Samuel",14,290544,0.07213878692004035,0.022056823412241564,"Ritchie, J. Ewing (James Ewing)",0.3057553967006634,-0.05008196350779878,0.34730769498117264,0.20770857646546229
deduplicated_within_author,f3,"Smith, E. E. (Edward Elmer)",10,99465,0.0717042298678777,0.039188287851110455,"Vance, Louis Joseph",0.5465268635242139,-0.03251594201676724,0.34730769498117264,0.20645736015657454
deduplicated_within_author,f3,"Smith, Evelyn E.",15,26462,0.10136458205102468,0.026158703526001085,"Chapman, Allen",0.25806551950101636,-0.0752058785250236,0.34730769498117264,0.291858152053094
deduplicated_within_author,f3,"Smith, Francis Hopkinson",26,214418,0.1044634032926258,0.014393323129332851,"Parker, Gilbert",0.1377834023750296,-0.09007008016329295,0.34730769498117264,0.3007805608749576
deduplicated_within_author,f3,"Smith, George O. (George Oliver)",10,46470,0.09612140684387466,0.030145392871152844,"Garrett, Randall",0.3136178907588873,-0.06597601397272182,0.34730769498117264,0.27676152366588175
deduplicated_within_author,f3,"Snell, Roy J. (Roy Judson)",40,370891,0.06195190707146868,0.02410736355534387,"Dell, Ethel M. (Ethel May)",0.3891302898477886,-0.037844543516124804,0.34730769498117264,0.17837758266434914
deduplicated_within_author,f3,"Southworth, Emma Dorothy Eliza Nevitte",13,325308,0.0492699641754145,0.030005127033589915,"Fleming, May Agnes",0.608994293699169,-0.019264837141824587,0.34730769498117264,0.141862575714268
deduplicated_within_author,f3,"Speed, Nell",16,152106,0.07462653534184586,0.012576071359476446,"Butler, Ellis Parker",0.16852010215761118,-0.06205046398236942,0.34730769498117264,0.21487152867687348
deduplicated_within_author,f3,"Spence, Lewis",10,143036,0.13941741864417925,0.03072111823166159,"Drake, Samuel Adams",0.22035351486508256,-0.10869630041251765,0.34730769498117264,0.4014233507027162
deduplicated_within_author,f3,"Spencer, Herbert",10,182576,0.09759946983463726,0.032757670315188746,"Schopenhauer, Arthur",0.33563369115313896,-0.06484179951944852,0.34730769498117264,0.2810172974714196
deduplicated_within_author,f3,"Spinoza, Benedictus de",12,77424,0.5253540532039753,0.18733933301890848,"Grote, George",0.35659634084172875,-0.33801472018506684,0.34730769498117264,1.5126473176255264
deduplicated_within_author,f3,"Spyri, Johanna",15,108932,0.11280337642448905,0.015099793899402707,"Parker, Gilbert",0.13385941430140222,-0.09770358252508635,0.34730769498117264,0.3247937723654642
deduplicated_within_author,f3,"Stables, Gordon",26,326350,0.11752472513924453,0.01682842335277746,"Verne, Jules",0.1431904931735766,-0.10069630178646707,0.34730769498117264,0.33838791030995
deduplicated_within_author,f3,"Stacpoole, H. De Vere (Henry De Vere)",20,239190,0.09903672382751956,0.007924189108038514,"Arthur, T. S. (Timothy Shay)",0.08001263371594489,-0.09111253471948105,0.34730769498117264,0.28515557028728744
deduplicated_within_author,f3,"Standish, Burt L.",25,364415,0.0493893414373037,0.018994067089367538,"Hill, Grace Brooks",0.3845782619612203,-0.030395274347936166,0.34730769498117264,0.14220629761739392
deduplicated_within_author,f3,"Steel, Flora Annie Webster",20,361928,0.0714755555643566,0.020367240201920142,"Bloundelle-Burton, John",0.2849539264312745,-0.05110831536243646,0.34730769498117264,0.2057989402400982
deduplicated_within_author,f3,"Stephen, Leslie",11,146905,0.1303491894032809,0.026176169538962808,"Masefield, John",0.20081574468390173,-0.10417301986431811,0.34730769498117264,0.3753132777848388
deduplicated_within_author,f3,"Stephens, Ann S. (Ann Sophia)",13,297975,0.06008525658683922,0.011344347099841303,"Coolidge, Susan",0.18880417167638613,-0.04874090948699791,0.34730769498117264,0.17300295229593576
deduplicated_within_author,f3,"Stephens, Robert Neilson",10,162034,0.07645134421048971,0.015638223877097124,"Smith, Francis Hopkinson",0.20455132658022562,-0.06081312033339259,0.34730769498117264,0.22012568484736308
deduplicated_within_author,f3,"Stevenson, Burton Egbert",17,303284,0.3821064542321481,0.02131911414802196,"MacDonald, George",0.055793650988867016,-0.36078734008412616,0.34730769498117264,1.1001957622990814
deduplicated_within_author,f3,"Stevenson, Robert Louis",70,944178,0.2899190774904383,0.027820935722971004,"Gaskell, Elizabeth Cleghorn",0.09596103838281754,-0.2620981417674673,0.34730769498117264,0.8347614570018516
deduplicated_within_author,f3,"Stockton, Frank Richard",33,364891,0.18548580699347023,0.012586755688988737,"Murray, David Christie",0.06785832238599171,-0.1728990513044815,0.34730769498117264,0.5340676572211431
deduplicated_within_author,f3,"Stoddard, William Osborn",12,159194,0.1022501659182832,0.02121539337451465,"Goldfrap, John Henry",0.20748517309467912,-0.08103477254376855,0.34730769498117264,0.29440800591483046
deduplicated_within_author,f3,"Stowe, Harriet Beecher",31,561204,0.17077998795388225,0.019781173777891747,"Heyse, Paul",0.1158284059794728,-0.1509988141759905,0.34730769498117264,0.4917253214419569
deduplicated_within_author,f3,"Strang, Herbert",32,480633,0.09207285212114973,0.02228037818933505,"Aldrich, Thomas Bailey",0.24198640181167044,-0.06979247393181467,0.34730769498117264,0.2651045555617216
deduplicated_within_author,f3,"Stratemeyer, Edward",75,988231,0.05181637527101199,0.012379911096892963,"Hope, Laura Lee",0.2389188945028107,-0.03943646417411903,0.34730769498117264,0.14919443484781103
deduplicated_within_author,f3,"Strindberg, August",22,223555,0.5045461548617253,0.07490244647704539,"Sudermann, Hermann",0.14845509326609174,-0.4296437083846799,0.34730769498117264,1.4527353184301788
deduplicated_within_author,f3,"Stringer, Arthur",10,94410,0.401818215792692,0.02860540064075844,"MacGregor, Mary Esther Miller",0.07118990507766496,-0.37321281515193355,0.34730769498117264,1.1569516644728368
deduplicated_within_author,f3,"Sudermann, Hermann",14,135236,0.7153287498103775,0.07233364136008284,"Anstey, F.",0.10111943827122474,-0.6429951084502947,0.34730769498117264,2.0596397953381227
deduplicated_within_author,f3,"Sue, Eugène",44,736661,0.08626550414752572,0.027728691548389143,"Cable, George Washington",0.32143429546263724,-0.05853681259913658,0.34730769498117264,0.24838350947623583
deduplicated_within_author,f3,Suetonius,14,38596,0.031303430757852045,0.022641350978241728,"Pepys, Samuel",0.7232865673217767,-0.008662079779610317,0.34730769498117264,0.0901316936255875
deduplicated_within_author,f3,"Swift, Jonathan",16,252512,0.15441703357036965,0.022882896776874134,"Ruskin, John",0.14818894164578114,-0.13153413679349552,0.34730769498117264,0.4446116104013777
deduplicated_within_author,f3,"Swinburne, Algernon Charles",25,94206,0.4064628415727391,0.05032928859027489,"Swift, Jonathan",0.12382260674932606,-0.3561335529824642,0.34730769498117264,1.1703248947443368
deduplicated_within_author,f3,"Symonds, John Addington",15,304903,0.10614259402822461,0.02964926536880984,"Schopenhauer, Arthur",0.27933428271901606,-0.07649332865941477,0.34730769498117264,0.3056154400321552
deduplicated_within_author,f3,"Tagore, Rabindranath",19,74860,0.32223447114254616,0.056675392797923545,"Huneker, James",0.1758824640857625,-0.2655590783446226,0.34730769498117264,0.9278068865131661
deduplicated_within_author,f3,"Tapper, Thomas",13,9838,0.15754424367879738,0.2887054289803249,"Hoare, Edward",1.8325355610512826,0.13116118530152754,0.34730769498117264,0.45361575903850265
deduplicated_within_author,f3,"Tarkington, Booth",19,243253,0.0564637653442496,0.022931506468555827,"Cable, George Washington",0.4061278295690428,-0.03353225887569378,0.34730769498117264,0.16257562432444944
deduplicated_within_author,f3,"Tennyson, Alfred Tennyson, Baron",12,96020,0.4400960437105669,0.0544291736558594,"Nietzsche, Friedrich Wilhelm",0.12367567133063172,-0.38566687005470746,0.34730769498117264,1.2671646786703767
deduplicated_within_author,f3,"Thackeray, William Makepeace",35,674922,0.14804831209627195,0.02402982975428057,"Lytton, Edward Bulwer Lytton, Baron",0.16231073096365056,-0.12401848234199138,0.34730769498117264,0.42627420651966136
deduplicated_within_author,f3,"Thoreau, Henry David",11,141497,0.09597277208293754,0.03424119064363359,"Willis, Nathaniel Parker",0.3567802606977228,-0.061731581439303955,0.34730769498117264,0.2763335609023583
deduplicated_within_author,f3,"Thorne, Guy",15,180564,0.058757821069250496,0.022664200885387772,"Cholmondeley, Mary",0.38572228297363703,-0.036093620183862724,0.34730769498117264,0.16918087885278707
deduplicated_within_author,f3,"Tolstoy, Leo, graf",38,547902,0.5209790996630123,0.04131241384033957,"Daudet, Alphonse",0.07929764143525508,-0.4796666858226727,0.34730769498117264,1.5000505522667853
deduplicated_within_author,f3,"Tracy, Louis",27,405319,0.04942558469975354,0.006770956190064182,"Richmond, Grace S. (Grace Smith)",0.1369929406236836,-0.04265462850968936,0.34730769498117264,0.14231065252508407
deduplicated_within_author,f3,"Trollope, Anthony",78,1749594,0.14807226715797517,0.013558476372093415,"Braddon, M. E. (Mary Elizabeth)",0.09156661562849013,-0.13451379078588174,0.34730769498117264,0.4263431801187189
deduplicated_within_author,f3,"Turgenev, Ivan Sergeevich",22,321262,0.09733145820840183,0.04142602739319749,"Fanny, Aunt",0.4256180700025875,-0.05590543081520434,0.34730769498117264,0.28024561394667086
deduplicated_within_author,f3,"Twain, Mark",142,685208,0.20987536155101513,0.03454138996661698,"Hugo, Victor",0.16458049058903412,-0.17533397158439815,0.34730769498117264,0.6042922877432715
deduplicated_within_author,f3,United States. Central Intelligence Agency,21,5949970,0.08423859331319121,0.8055673395134483,"Grote, George",9.562924875993884,0.7213287462002571,0.34730769498117264,0.24254744288852492
deduplicated_within_author,f3,United States. Warren Commission,12,893387,0.025199842179229,0.2422325367762297,"Pinero, Arthur Wing",9.612462453272432,0.2170326945970007,0.34730769498117264,0.07255768456438913
deduplicated_within_author,f3,United States. Work Projects Administration,34,422882,0.23949650236648481,0.08194591786405202,"Wade, Mary Hazelton Blanchard",0.3421591424272906,-0.1575505845024328,0.34730769498117264,0.6895801786927519
deduplicated_within_author,f3,"Vaizey, George de Horne, Mrs.",22,294301,0.04397288111634096,0.031190793793026497,"Packard, Frank L. (Frank Lucius)",0.7093188574681667,-0.012782087323314466,0.34730769498117264,0.1266107309218263
deduplicated_within_author,f3,"Van Dyke, Henry",29,121104,0.2957886038935909,0.030649162290358765,"Allen, Grant",0.10361846902453589,-0.26513944160323216,0.34730769498117264,0.8516615328941256
deduplicated_within_author,f3,"Vance, Louis Joseph",12,199916,0.044845298297832126,0.046929311646225255,"Wharton, Edith",1.0464711670452613,0.0020840133483931295,0.34730769498117264,0.12912267406071484
deduplicated_within_author,f3,"Vandercook, Margaret",24,144505,0.07932510054328668,0.02190464849655287,"Cholmondeley, Mary",0.27613767075655693,-0.05742045204673381,0.34730769498117264,0.22840006625130158
deduplicated_within_author,f3,"Vasari, Giorgio",11,165609,0.08817971030632214,0.11013898566895158,"Mill, John Stuart",1.249028663014955,0.02195927536262944,0.34730769498117264,0.2538950664801778
deduplicated_within_author,f3,"Verne, Jules",46,713378,0.21203942162858216,0.013021914076053675,"Brady, Cyrus Townsend",0.061412703241869086,-0.19901750755252848,0.34730769498117264,0.610523246944116
deduplicated_within_author,f3,Voltaire,19,188047,0.21769650491441567,0.025313539063216595,"Newman, John Henry",0.11627903292782885,-0.19238296585119907,0.34730769498117264,0.626811637231985
deduplicated_within_author,f3,"Von Arnim, Elizabeth",12,168080,0.08201402682714624,0.019624181716678207,"Norris, Frank",0.23927835854272061,-0.06238984511046804,0.34730769498117264,0.2361422681164383
deduplicated_within_author,f3,"Wade, Mary Hazelton Blanchard",21,66075,0.16414978135891803,0.04279562985842551,"Vandercook, Margaret",0.26071085507480324,-0.12135415150049252,0.34730769498117264,0.47263502574515803
deduplicated_within_author,f3,"Wagner, Richard",11,96417,0.7021750270678756,0.04145120750733538,"Sharp, Dallas Lore",0.05903258576487157,-0.6607238195605403,0.34730769498117264,2.0217663968140416
deduplicated_within_author,f3,"Wairy, Louis Constant",12,42419,0.03323104064934898,0.030629438427349293,"Irving, Washington",0.9217116836799797,-0.0026016022219996875,0.34730769498117264,0.09568184387953287
deduplicated_within_author,f3,"Wallace, Alfred Russel",13,251796,0.18046030733866253,0.07154457502063653,"Darwin, Charles",0.39645601892039195,-0.108915732318026,0.34730769498117264,0.5195977801426058
deduplicated_within_author,f3,"Wallace, Dillon",11,110319,0.27172934613405614,0.027562151694579404,"Johnston, Annie F. (Annie Fellows)",0.10143237043297404,-0.24416719443947674,0.34730769498117264,0.7823879230455474
deduplicated_within_author,f3,"Wallace, Edgar",16,197298,0.25748043525140285,0.02581086566241028,"Gale, Zona",0.10024398800323861,-0.23166956958899257,0.34730769498117264,0.7413611589151825
deduplicated_within_author,f3,"Wallace, F. L. (Floyd L.)",13,43745,0.0918669354916401,0.027335739135545798,"Dick, Philip K.",0.2975579732713883,-0.0645311963560943,0.34730769498117264,0.26451166161642387
deduplicated_within_author,f3,"Walpole, Horace",12,311867,0.28731740710312986,0.06238720259880001,"Lamb, Charles",0.2171368704312674,-0.22493020450432985,0.34730769498117264,0.8272704902743522
deduplicated_within_author,f3,"Walpole, Hugh",12,231847,0.09368274648633583,0.03238012369004609,"Wells, H. G. (Herbert George)",0.34563593515876395,-0.06130262279628974,0.34730769498117264,0.26973991028737304
deduplicated_within_author,f3,"Walsh, James J. (James Joseph)",12,207837,0.06252668591508198,0.0220297708447969,"Schoolcraft, Henry Rowe",0.35232589929227526,-0.04049691507028508,0.34730769498117264,0.1800325383475063
deduplicated_within_author,f3,"Walton, Amy",10,72283,0.03605580528360833,0.023448945731217717,"Habberton, John",0.6503514634265586,-0.01260685955239061,0.34730769498117264,0.10381516391556742
deduplicated_within_author,f3,"Ward, Humphry, Mrs.",33,606764,0.08313269357736014,0.017387647425099698,"Glyn, Elinor",0.20915534763611876,-0.06574504615226044,0.34730769498117264,0.23936323547874952
deduplicated_within_author,f3,"Warner, Anne",10,128342,0.35000751074806485,0.03966463640612476,"Mulford, Clarence Edward",0.11332510071383965,-0.3103428743419401,0.34730769498117264,1.0077735558581233
deduplicated_within_author,f3,"Warner, Charles Dudley",41,220303,0.20018748167349557,0.01447914812199509,"Ritchie, J. Ewing (James Ewing)",0.07232793979401012,-0.1857083335515005,0.34730769498117264,0.5763980601821898
deduplicated_within_author,f3,"Warner, Susan",25,784168,0.04780513355945511,0.049719275120953046,"Hope, Anthony",1.0400405023263313,0.0019141415614979396,0.34730769498117264,0.1376449017694428
deduplicated_within_author,f3,"Webster, Frank V.",19,172921,0.11125140770662101,0.005889101520730952,"Chapman, Allen",0.05293507419035084,-0.10536230618589006,0.34730769498117264,0.3203252024480825
deduplicated_within_author,f3,"Webster, Jean",10,96219,0.32510572347982053,0.020294292479178702,"Moore, Frank Frankfort",0.06242367025088188,-0.30481143100064184,0.34730769498117264,0.9360740581847584
deduplicated_within_author,f3,"Webster, Noah",11,1764534,0.3884638149049999,0.708853932833206,"Ibsen, Henrik",1.8247618069820954,0.32039011792820604,0.34730769498117264,1.1185004551254136
deduplicated_within_author,f3,"Wells, Carolyn",58,698214,0.21898335265724322,0.028195347357391466,Duchess,0.1287556657401412,-0.19078800529985177,0.34730769498117264,0.6305168466512503
deduplicated_within_author,f3,"Wells, H. G. (Herbert George)",51,666974,0.29269678135812344,0.033753375123772564,"Walpole, Hugh",0.11531857291752819,-0.25894340623435086,0.34730769498117264,0.8427592753854485
deduplicated_within_author,f3,"Werner, E.",18,246498,0.05305776380876395,0.01546267742893384,"Stephens, Ann S. (Ann Sophia)",0.2914310049829079,-0.03759508637983011,0.34730769498117264,0.15276875397661485
deduplicated_within_author,f3,"Westerman, Percy F. (Percy Francis)",34,375264,0.06971816408227749,0.010898281176285532,"Rinehart, Mary Roberts",0.1563191073623796,-0.05881988290599196,0.34730769498117264,0.2007388983594414
deduplicated_within_author,f3,"Weyman, Stanley John",28,604665,0.04097306260058778,0.02158278723369799,"Fleming, May Agnes",0.5267555282379203,-0.019390275366889788,0.34730769498117264,0.11797337978016556
deduplicated_within_author,f3,"Weymouth, Richard Francis",25,40673,0.2751358545673853,0.3586768978162374,"Eddy, Mary Baker",1.3036356107792977,0.08354104324885209,0.34730769498117264,0.7921962528998969
deduplicated_within_author,f3,"Wharton, Edith",33,276818,0.20373167607766102,0.043805195401440664,"Vance, Louis Joseph",0.2150141610023492,-0.15992648067622034,0.34730769498117264,0.5866028280447549
deduplicated_within_author,f3,"White, Stewart Edward",23,315407,0.1701015135405012,0.014807276173345813,"Burroughs, Edgar Rice",0.08704964385763797,-0.1552942373671554,0.34730769498117264,0.4897717960142585
deduplicated_within_author,f3,"Whittier, John Greenleaf",37,114549,0.16535621612232007,0.030504297298770532,"Melville, Herman",0.1844762659312752,-0.13485191882354955,0.34730769498117264,0.47610870277804795
deduplicated_within_author,f3,"Whyte-Melville, G. J. (George John)",10,208559,0.08015805951993754,0.01895208565125723,"Stowe, Harriet Beecher",0.23643393770707882,-0.06120597386868031,0.34730769498117264,0.23079839772707272
deduplicated_within_author,f3,"Wiggin, Kate Douglas Smith",33,219786,0.1202076155372291,0.02488340458937088,"Balzac, Honoré de",0.20700356194707417,-0.09532421094785822,0.34730769498117264,0.3461127331018263
deduplicated_within_author,f3,"Wilcox, Ella Wheeler",23,74389,0.30629520336067684,0.025128519129863986,"Meynell, Alice",0.08204019799903293,-0.28116668423081287,0.34730769498117264,0.8819130925886365
deduplicated_within_author,f3,"Wilde, Oscar",25,142990,0.5357176816853999,0.0560305444831901,"Yeats, W. B. (William Butler)",0.10458968669265246,-0.4796871372022098,0.34730769498117264,1.5424872222149897
deduplicated_within_author,f3,"Williamson, A. M. (Alice Muriel)",15,246124,0.08018827406158834,0.00530575946691363,"Williamson, C. N. (Charles Norris)",0.06616627591758066,-0.07488251459467471,0.34730769498117264,0.23088539419184276
deduplicated_within_author,f3,"Williamson, C. N. (Charles Norris)",19,305601,0.06628101486446687,0.005364802621318171,"Williamson, A. M. (Alice Muriel)",0.08094026068080365,-0.0609162122431487,0.34730769498117264,0.19084234476307796
deduplicated_within_author,f3,"Willis, Nathaniel Parker",10,105762,0.15893327295392617,0.03611484873228674,"Mitton, G. E. (Geraldine Edith)",0.22723277549790488,-0.12281842422163944,0.34730769498117264,0.4576151788475112
deduplicated_within_author,f3,"Wilson, Ann",12,70690,0.42636992424060083,0.08391446082547149,"Aycock, Roger D.",0.19681139793086933,-0.34245546341512934,0.34730769498117264,1.227643183269274
deduplicated_within_author,f3,"Wilson, Harry Leon",13,192721,0.30609531761181175,0.027867228126920586,"Peattie, Elia Wilkinson",0.09104101410091361,-0.27822808948489114,0.34730769498117264,0.8813375633050832
deduplicated_within_author,f3,"Wirt, Mildred A. (Mildred Augustine)",30,291644,0.024296799198008732,0.04786044091057384,"Patchin, Frank Gee",1.9698249353970991,0.02356364171256511,0.34730769498117264,0.06995756082895269
deduplicated_within_author,f3,"Wister, Owen",13,128203,0.2372869981859123,0.012584305286616337,"Moore, Frank Frankfort",0.05303411220515607,-0.22470269289929598,0.34730769498117264,0.683218372684704
deduplicated_within_author,f3,"Wodehouse, P. G. (Pelham Grenville)",37,490164,0.0610848648881033,0.016757968907690466,"Gibbs, George",0.2743391335707807,-0.04432689598041284,0.34730769498117264,0.1758811157104212
deduplicated_within_author,f3,"Wood, Henry, Mrs.",24,739657,0.054675947244045016,0.02177456636967775,"Moore, Frank Frankfort",0.3982476293000906,-0.03290138087436727,0.34730769498117264,0.15742797534908914
deduplicated_within_author,f3,"Wood, William Charles Henry",12,64271,0.08836791187856027,0.04058626564661006,"Warner, Charles Dudley",0.4592873678217699,-0.04778164623195021,0.34730769498117264,0.2544369536164485
deduplicated_within_author,f3,"Woolson, Constance Fenimore",14,260357,0.1684603239872631,0.025065452415509223,"Gaskell, Elizabeth Cleghorn",0.1487914294727604,-0.14339487157175387,0.34730769498117264,0.48504633332813213
deduplicated_within_author,f3,"Wordsworth, William",14,288887,0.185336060817507,0.0733988886566908,"Hearn, Lafcadio",0.3960313407597658,-0.11193717216081621,0.34730769498117264,0.5336364943700829
deduplicated_within_author,f3,"Wright, Harold Bell",10,149522,0.1672317576070106,0.011623263896927027,"Norris, Frank",0.06950392714427683,-0.15560849371008356,0.34730769498117264,0.48150893292495617
deduplicated_within_author,f3,Xenophon,16,153191,0.4047444148810046,0.1482741470171683,"Burton, Richard Francis, Sir",0.36634019288632086,-0.2564702678638363,0.34730769498117264,1.1653770438427675
deduplicated_within_author,f3,"Yeats, W. B. (William Butler)",35,133529,0.4135792124376903,0.033248267730275484,"Hoare, Edward",0.0803915349959342,-0.3803309447074148,0.34730769498117264,1.1908149989596695
deduplicated_within_author,f3,"Yonge, Charlotte M. (Charlotte Mary)",59,1289077,0.2037686418736573,0.01769760852906002,"Craik, Dinah Maria Mulock",0.08685148198628655,-0.1860710333445973,0.34730769498117264,0.5867092633369483
deduplicated_within_author,f3,"Young, Clarence",23,280301,0.022884698018852897,0.005007786195039869,"Chadwick, Lester",0.2188268418885995,-0.017876911823813027,0.34730769498117264,0.06589171028903769
deduplicated_within_author,f3,"Young, Filson",11,31108,0.25953587821652285,0.033814456981311115,"Roosevelt, Theodore",0.13028817908983184,-0.22572142123521174,0.34730769498117264,0.747279377816815
deduplicated_within_author,f3,"Zangwill, Israel",15,294468,0.18568366898174504,0.015110177592790418,"Kipling, Rudyard",0.08137591030838545,-0.1705734913889546,0.34730769498117264,0.5346373595085788
deduplicated_within_author,f3,"Zola, Émile",37,607708,0.19930550760293358,0.020040432927976377,"Ebers, Georg",0.10055132529454194,-0.1792650746749572,0.34730769498117264,0.573858599976421
deduplicated_within_author,f3,`Abdu'l-Bahá,15,137290,0.3137455103992786,0.10315348324939722,"Meynell, Alice",0.3287807469121139,-0.2105920271498814,0.34730769498117264,0.9033646962998807
