condition,author_set,feature,window_size,window_index,start_mark,end_mark,target_author,run_id,source_book,target_kl,nearest_other_kl,target_margin,target_rank,target_hit,predicted_author
flash,all_authors,f1,1000,1,0,1000,jane_austen,1,full_books/jane_austen_full.txt,0.08615794159585954,0.045855340933627135,-0.04030260066223241,5,False,oscar_wilde
flash,all_authors,f1,1000,2,1000,2000,jane_austen,1,full_books/jane_austen_full.txt,0.08080318787290339,0.02987495459883966,-0.050928233274063726,7,False,oscar_wilde
flash,all_authors,f1,1000,3,2000,3000,jane_austen,1,full_books/jane_austen_full.txt,0.0587957106357746,0.03126481101316113,-0.027530899622613472,6,False,herbert_george_wells
flash,all_authors,f1,1000,4,3000,4000,jane_austen,1,full_books/jane_austen_full.txt,0.050110716884783676,0.04546201432065726,-0.004648702564126417,2,False,charles_dickens
flash,all_authors,f1,1000,5,4000,5000,jane_austen,1,full_books/jane_austen_full.txt,0.0833549124572941,0.061794330446559576,-0.02156058201073452,5,False,oscar_wilde
flash,all_authors,f1,1000,1,0,1000,jane_austen,2,full_books/jane_austen_full.txt,0.1049370654380698,0.07562926400657825,-0.029307801431491545,3,False,oscar_wilde
flash,all_authors,f1,1000,2,1000,2000,jane_austen,2,full_books/jane_austen_full.txt,0.123013509844813,0.092015262186282,-0.030998247658531,4,False,oscar_wilde
flash,all_authors,f1,1000,3,2000,3000,jane_austen,2,full_books/jane_austen_full.txt,0.0939124531832937,0.05764139329501649,-0.03627105988827722,4,False,oscar_wilde
flash,all_authors,f1,1000,4,3000,4000,jane_austen,2,full_books/jane_austen_full.txt,0.0915273896620942,0.03814554097555484,-0.05338184868653936,7,False,oscar_wilde
flash,all_authors,f1,1000,5,4000,5000,jane_austen,2,full_books/jane_austen_full.txt,0.08559713505322733,0.03547452969063722,-0.05012260536259011,7,False,herbert_george_wells
flash,all_authors,f1,1000,1,0,1000,jane_austen,3,gutenberg_texts/161.txt,0.10457818413765192,0.026136560102571725,-0.0784416240350802,9,False,herbert_george_wells
flash,all_authors,f1,1000,2,1000,2000,jane_austen,3,gutenberg_texts/161.txt,0.09564569662593127,0.03327344111943403,-0.062372255506497234,7,False,oscar_wilde
flash,all_authors,f1,1000,3,2000,3000,jane_austen,3,gutenberg_texts/161.txt,0.15882260287825392,0.10488497557436378,-0.05393762730389014,5,False,joseph_conrad
flash,all_authors,f1,1000,4,3000,4000,jane_austen,3,gutenberg_texts/161.txt,0.10801052968692647,0.04897563482976117,-0.0590348948571653,5,False,oscar_wilde
flash,all_authors,f1,1000,5,4000,5000,jane_austen,3,gutenberg_texts/161.txt,0.11721969557305559,0.06552021287524518,-0.05169948269781041,5,False,joseph_conrad
flash,all_authors,f1,1000,1,0,1000,jane_austen,4,full_books/jane_austen_full.txt,0.06329077643829903,0.05567292669704786,-0.0076178497412511675,3,False,oscar_wilde
flash,all_authors,f1,1000,2,1000,2000,jane_austen,4,full_books/jane_austen_full.txt,0.025262785788665833,0.046810685650814754,0.02154789986214892,1,True,jane_austen
flash,all_authors,f1,1000,3,2000,3000,jane_austen,4,full_books/jane_austen_full.txt,0.06892094786515439,0.034815521523654656,-0.03410542634149973,6,False,charles_dickens
flash,all_authors,f1,1000,4,3000,4000,jane_austen,4,full_books/jane_austen_full.txt,0.06296794632975257,0.02913907968368633,-0.03382886664606624,8,False,oscar_wilde
flash,all_authors,f1,1000,5,4000,5000,jane_austen,4,full_books/jane_austen_full.txt,0.19314735732677962,0.11632528816932008,-0.07682206915745954,4,False,mary_shelley
flash,all_authors,f1,1000,1,0,1000,jane_austen,5,full_books/jane_austen_full.txt,0.07939858670354338,0.08710398481632477,0.007705398112781384,1,True,jane_austen
flash,all_authors,f1,1000,2,1000,2000,jane_austen,5,full_books/jane_austen_full.txt,0.12163210886714104,0.08824241801879404,-0.033389690848347,3,False,mary_shelley
flash,all_authors,f1,1000,3,2000,3000,jane_austen,5,full_books/jane_austen_full.txt,0.06211667176981868,0.04065533798108792,-0.02146133378873076,3,False,joseph_conrad
flash,all_authors,f1,1000,4,3000,4000,jane_austen,5,full_books/jane_austen_full.txt,0.07369676870775561,0.008734175942039893,-0.06496259276571573,8,False,oscar_wilde
flash,all_authors,f1,1000,5,4000,5000,jane_austen,5,full_books/jane_austen_full.txt,0.12587973910367692,0.060531919391191055,-0.06534781971248586,7,False,oscar_wilde
flash,all_authors,f1,1000,1,0,1000,jane_austen,6,gutenberg_texts/161.txt,0.10114134756482678,0.04471787074118415,-0.056423476823642627,9,False,charles_dickens
flash,all_authors,f1,1000,2,1000,2000,jane_austen,6,gutenberg_texts/161.txt,0.033154043371016864,0.025303752162994485,-0.00785029120802238,2,False,mary_shelley
flash,all_authors,f1,1000,3,2000,3000,jane_austen,6,gutenberg_texts/161.txt,0.034395568492426705,0.03872353085526771,0.004327962362841005,1,True,jane_austen
flash,all_authors,f1,1000,4,3000,4000,jane_austen,6,gutenberg_texts/161.txt,0.13656339938682532,0.08234894657065844,-0.05421445281616688,5,False,oscar_wilde
flash,all_authors,f1,1000,5,4000,5000,jane_austen,6,gutenberg_texts/161.txt,0.1712789491841498,0.06976236617959915,-0.10151658300455065,5,False,joseph_conrad
flash,all_authors,f1,1000,1,0,1000,jane_austen,7,full_books/jane_austen_full.txt,0.09716049754731065,0.03866165288068148,-0.05849884466662918,5,False,joseph_conrad
flash,all_authors,f1,1000,2,1000,2000,jane_austen,7,full_books/jane_austen_full.txt,0.11467083120326403,0.025625876126077245,-0.0890449550771868,7,False,joseph_conrad
flash,all_authors,f1,1000,3,2000,3000,jane_austen,7,full_books/jane_austen_full.txt,0.10256078978111695,0.017887060102524714,-0.08467372967859224,6,False,joseph_conrad
flash,all_authors,f1,1000,4,3000,4000,jane_austen,7,full_books/jane_austen_full.txt,0.1967333389840134,0.12012810856576328,-0.07660523041825013,4,False,mary_shelley
flash,all_authors,f1,1000,5,4000,5000,jane_austen,7,full_books/jane_austen_full.txt,0.2229202019387458,0.13316377566716878,-0.08975642627157701,3,False,mary_shelley
flash,all_authors,f1,1000,1,0,1000,jane_austen,8,full_books/jane_austen_full.txt,0.09021180470189422,0.0650455986285064,-0.02516620607338782,5,False,oscar_wilde
flash,all_authors,f1,1000,2,1000,2000,jane_austen,8,full_books/jane_austen_full.txt,0.02984575269509683,0.027701469718312464,-0.002144282976784366,2,False,oscar_wilde
flash,all_authors,f1,1000,3,2000,3000,jane_austen,8,full_books/jane_austen_full.txt,0.1138401883987631,0.0154168182176697,-0.0984233701810934,9,False,herbert_george_wells
flash,all_authors,f1,1000,4,3000,4000,jane_austen,8,full_books/jane_austen_full.txt,0.09866650582113101,0.033857649971634526,-0.06480885584949649,7,False,oscar_wilde
flash,all_authors,f1,1000,5,4000,5000,jane_austen,8,full_books/jane_austen_full.txt,0.1635015641188476,0.10982674793632465,-0.05367481618252294,4,False,mary_shelley
flash,all_authors,f1,1000,1,0,1000,jane_austen,9,gutenberg_texts/161.txt,0.10866429799575887,0.05686057884896405,-0.051803719146794824,5,False,oscar_wilde
flash,all_authors,f1,1000,2,1000,2000,jane_austen,9,gutenberg_texts/161.txt,0.08377186727240864,0.02729817176535959,-0.056473695507049046,7,False,oscar_wilde
flash,all_authors,f1,1000,3,2000,3000,jane_austen,9,gutenberg_texts/161.txt,0.1332743246014103,0.02270546807104276,-0.11056885653036755,9,False,oscar_wilde
flash,all_authors,f1,1000,4,3000,4000,jane_austen,9,gutenberg_texts/161.txt,0.048143276021465786,0.020721106980119967,-0.02742216904134582,6,False,oscar_wilde
flash,all_authors,f1,1000,5,4000,5000,jane_austen,9,gutenberg_texts/161.txt,0.13902460247610235,0.006811600824377414,-0.13221300165172495,9,False,arthur_conan_doyle
flash,all_authors,f1,1000,1,0,1000,jane_austen,10,full_books/jane_austen_full.txt,0.011130227227411391,0.01831497299787477,0.00718474577046338,1,True,jane_austen
flash,all_authors,f1,1000,2,1000,2000,jane_austen,10,full_books/jane_austen_full.txt,0.08810264279802422,0.031742109684947686,-0.05636053311307654,8,False,herbert_george_wells
flash,all_authors,f1,1000,3,2000,3000,jane_austen,10,full_books/jane_austen_full.txt,0.00937684247232972,0.023092050784398167,0.013715208312068447,1,True,jane_austen
flash,all_authors,f1,1000,4,3000,4000,jane_austen,10,full_books/jane_austen_full.txt,0.008018557233285775,0.024584109248263073,0.016565552014977298,1,True,jane_austen
flash,all_authors,f1,1000,5,4000,5000,jane_austen,10,full_books/jane_austen_full.txt,0.1521309916473801,0.08795244627420812,-0.06417854537317197,4,False,mary_shelley
flash,all_authors,f1,1000,1,0,1000,jane_austen,11,full_books/jane_austen_full.txt,0.06815179242743503,0.03481073142895963,-0.033341060998475405,5,False,oscar_wilde
flash,all_authors,f1,1000,2,1000,2000,jane_austen,11,full_books/jane_austen_full.txt,0.021863068516427817,0.02371681624265041,0.0018537477262225918,1,True,jane_austen
flash,all_authors,f1,1000,3,2000,3000,jane_austen,11,full_books/jane_austen_full.txt,0.10708005280403288,0.03883342317776875,-0.06824662962626413,6,False,oscar_wilde
flash,all_authors,f1,1000,4,3000,4000,jane_austen,11,full_books/jane_austen_full.txt,0.10068780651546112,0.03684518984469346,-0.06384261667076765,6,False,oscar_wilde
flash,all_authors,f1,1000,5,4000,5000,jane_austen,11,full_books/jane_austen_full.txt,0.11542474743463521,0.017450259690454974,-0.09797448774418024,9,False,oscar_wilde
flash,all_authors,f1,1000,1,0,1000,jane_austen,12,gutenberg_texts/161.txt,0.13145384349612366,0.08223114779904361,-0.04922269569708004,7,False,charles_dickens
flash,all_authors,f1,1000,2,1000,2000,jane_austen,12,gutenberg_texts/161.txt,0.004339325284503908,0.026265113450975507,0.0219257881664716,1,True,jane_austen
flash,all_authors,f1,1000,3,2000,3000,jane_austen,12,gutenberg_texts/161.txt,0.07582803197951714,0.03353713710208363,-0.04229089487743351,7,False,oscar_wilde
flash,all_authors,f1,1000,4,3000,4000,jane_austen,12,gutenberg_texts/161.txt,0.07610500567952924,0.04044523079156054,-0.035659774887968704,4,False,charles_dickens
flash,all_authors,f1,1000,5,4000,5000,jane_austen,12,gutenberg_texts/161.txt,0.0828345779839497,0.022200169807916878,-0.06063440817603283,7,False,charles_dickens
flash,all_authors,f1,1000,1,0,1000,jane_austen,13,full_books/jane_austen_full.txt,0.06610225305707418,0.0409652917909913,-0.025136961266082877,5,False,oscar_wilde
flash,all_authors,f1,1000,2,1000,2000,jane_austen,13,full_books/jane_austen_full.txt,0.04726477501964023,0.022621350628863474,-0.024643424390776755,2,False,mary_shelley
flash,all_authors,f1,1000,3,2000,3000,jane_austen,13,full_books/jane_austen_full.txt,0.10647978456663244,0.0375950681592527,-0.06888471640737975,6,False,oscar_wilde
flash,all_authors,f1,1000,4,3000,4000,jane_austen,13,full_books/jane_austen_full.txt,0.10792803172246035,0.047703854579108904,-0.060224177143351446,4,False,oscar_wilde
flash,all_authors,f1,1000,5,4000,5000,jane_austen,13,full_books/jane_austen_full.txt,0.120398555063743,0.07060283826949366,-0.04979571679424934,4,False,oscar_wilde
flash,all_authors,f1,1000,1,0,1000,jane_austen,14,full_books/jane_austen_full.txt,0.0208464216149166,0.02057070562498192,-0.00027571598993468213,2,False,oscar_wilde
flash,all_authors,f1,1000,2,1000,2000,jane_austen,14,full_books/jane_austen_full.txt,0.038996741760920904,0.021971162801256695,-0.01702557895966421,4,False,mary_shelley
flash,all_authors,f1,1000,3,2000,3000,jane_austen,14,full_books/jane_austen_full.txt,0.1615583386830252,0.11618007312827903,-0.04537826555474615,4,False,mary_shelley
flash,all_authors,f1,1000,4,3000,4000,jane_austen,14,full_books/jane_austen_full.txt,0.09468796991762155,0.05649792766432679,-0.038190042253294754,4,False,oscar_wilde
flash,all_authors,f1,1000,5,4000,5000,jane_austen,14,full_books/jane_austen_full.txt,0.1354554276132182,0.10134530532903327,-0.03411012228418492,4,False,mary_shelley
flash,all_authors,f1,1000,1,0,1000,jane_austen,15,gutenberg_texts/161.txt,0.08989767400570031,0.04369879781472682,-0.046198876190973494,6,False,oscar_wilde
flash,all_authors,f1,1000,2,1000,2000,jane_austen,15,gutenberg_texts/161.txt,0.12442628834822525,0.08972176188285749,-0.03470452646536776,4,False,oscar_wilde
flash,all_authors,f1,1000,3,2000,3000,jane_austen,15,gutenberg_texts/161.txt,0.10272327136231588,0.05691455810188399,-0.045808713260431885,5,False,oscar_wilde
flash,all_authors,f1,1000,4,3000,4000,jane_austen,15,gutenberg_texts/161.txt,0.04780737801953719,0.03160340513579997,-0.01620397288373722,2,False,mary_shelley
flash,all_authors,f1,1000,5,4000,5000,jane_austen,15,gutenberg_texts/161.txt,0.02598704480474004,0.02304198156770749,-0.0029450632370325476,3,False,charles_dickens
flash,all_authors,f1,1000,1,0,1000,jane_austen,16,full_books/jane_austen_full.txt,0.055216677510761876,0.05787046336373184,0.0026537858529699643,1,True,jane_austen
flash,all_authors,f1,1000,2,1000,2000,jane_austen,16,full_books/jane_austen_full.txt,0.12771770841729183,0.09203845694540386,-0.03567925147188797,3,False,oscar_wilde
flash,all_authors,f1,1000,3,2000,3000,jane_austen,16,full_books/jane_austen_full.txt,0.10731882539035453,0.03481263557046423,-0.0725061898198903,9,False,arthur_conan_doyle
flash,all_authors,f1,1000,4,3000,4000,jane_austen,16,full_books/jane_austen_full.txt,0.09618470958359175,0.05763464538816846,-0.03855006419542329,6,False,oscar_wilde
flash,all_authors,f1,1000,5,4000,5000,jane_austen,16,full_books/jane_austen_full.txt,0.10417659269033402,0.06404880302482685,-0.040127789665507174,4,False,oscar_wilde
flash,all_authors,f1,1000,1,0,1000,jane_austen,17,full_books/jane_austen_full.txt,0.07728440583865397,0.033219482387604096,-0.04406492345104987,6,False,oscar_wilde
flash,all_authors,f1,1000,2,1000,2000,jane_austen,17,full_books/jane_austen_full.txt,0.12178067637135061,0.09302829760438838,-0.028752378766962225,4,False,oscar_wilde
flash,all_authors,f1,1000,3,2000,3000,jane_austen,17,full_books/jane_austen_full.txt,0.03368510362143674,0.04753348861469364,0.013848384993256899,1,True,jane_austen
flash,all_authors,f1,1000,4,3000,4000,jane_austen,17,full_books/jane_austen_full.txt,0.12500976193725874,0.07146414304628212,-0.053545618890976615,5,False,joseph_conrad
flash,all_authors,f1,1000,5,4000,5000,jane_austen,17,full_books/jane_austen_full.txt,0.09864558698476424,0.06163515574943143,-0.037010431235332805,4,False,joseph_conrad
flash,all_authors,f1,1000,1,0,1000,jane_austen,18,gutenberg_texts/161.txt,0.06970405929384677,0.04217686621565295,-0.027527193078193818,3,False,charles_dickens
flash,all_authors,f1,1000,2,1000,2000,jane_austen,18,gutenberg_texts/161.txt,0.018081366770750264,0.03400290235760475,0.01592153558685449,1,True,jane_austen
flash,all_authors,f1,1000,3,2000,3000,jane_austen,18,gutenberg_texts/161.txt,0.12706768039025348,0.0854036565502515,-0.04166402384000198,4,False,oscar_wilde
flash,all_authors,f1,1000,4,3000,4000,jane_austen,18,gutenberg_texts/161.txt,0.08714955539530786,0.028710710526225758,-0.0584388448690821,7,False,herbert_george_wells
flash,all_authors,f1,1000,5,4000,5000,jane_austen,18,gutenberg_texts/161.txt,0.12161283099944077,0.08097813591517836,-0.040634695084262415,4,False,oscar_wilde
flash,all_authors,f1,1000,1,0,1000,jane_austen,19,full_books/jane_austen_full.txt,0.07405782236311706,0.05264797073245507,-0.02140985163066199,5,False,oscar_wilde
flash,all_authors,f1,1000,2,1000,2000,jane_austen,19,full_books/jane_austen_full.txt,0.09431768823403279,0.06600709583244153,-0.028310592401591256,5,False,oscar_wilde
flash,all_authors,f1,1000,3,2000,3000,jane_austen,19,full_books/jane_austen_full.txt,0.03380747501072118,0.005494135662304608,-0.02831333934841657,2,False,mary_shelley
flash,all_authors,f1,1000,4,3000,4000,jane_austen,19,full_books/jane_austen_full.txt,0.11003126993122318,0.07160325272144115,-0.038428017209782034,4,False,oscar_wilde
flash,all_authors,f1,1000,5,4000,5000,jane_austen,19,full_books/jane_austen_full.txt,0.11657244629062091,0.04906198464742299,-0.06751046164319792,5,False,oscar_wilde
flash,all_authors,f1,1000,1,0,1000,jane_austen,20,full_books/jane_austen_full.txt,0.08683056906337096,0.058410339669412656,-0.0284202293939583,5,False,oscar_wilde
flash,all_authors,f1,1000,2,1000,2000,jane_austen,20,full_books/jane_austen_full.txt,0.027984251880532593,0.026112166729831427,-0.0018720851507011659,2,False,mary_shelley
flash,all_authors,f1,1000,3,2000,3000,jane_austen,20,full_books/jane_austen_full.txt,0.022950422311629866,0.026273647843852034,0.003323225532222168,1,True,jane_austen
flash,all_authors,f1,1000,4,3000,4000,jane_austen,20,full_books/jane_austen_full.txt,0.09386337397959041,0.03288370564901962,-0.06097966833057079,7,False,oscar_wilde
flash,all_authors,f1,1000,5,4000,5000,jane_austen,20,full_books/jane_austen_full.txt,0.11515802847613354,0.028777124647216955,-0.08638090382891658,7,False,oscar_wilde
flash,all_authors,f1,1000,1,0,1000,herbert_george_wells,1,full_books/herbert_george_wells_full.txt,0.0102792471261384,0.015997179177208234,0.005717932051069834,1,True,herbert_george_wells
flash,all_authors,f1,1000,2,1000,2000,herbert_george_wells,1,full_books/herbert_george_wells_full.txt,0.02171456461820585,0.04634780773272598,0.024633243114520132,1,True,herbert_george_wells
flash,all_authors,f1,1000,3,2000,3000,herbert_george_wells,1,full_books/herbert_george_wells_full.txt,0.06406061784738469,0.06142300654036799,-0.0026376113070167018,2,False,mary_shelley
flash,all_authors,f1,1000,4,3000,4000,herbert_george_wells,1,full_books/herbert_george_wells_full.txt,0.055642197991839996,0.06741818219447608,0.011775984202636085,1,True,herbert_george_wells
flash,all_authors,f1,1000,5,4000,5000,herbert_george_wells,1,full_books/herbert_george_wells_full.txt,0.08079083874985847,0.10274107992506233,0.02195024117520386,1,True,herbert_george_wells
flash,all_authors,f1,1000,1,0,1000,herbert_george_wells,2,gutenberg_texts/35.txt,0.3663971046502645,0.1419091496123992,-0.22448795503786528,9,False,mary_shelley
flash,all_authors,f1,1000,2,1000,2000,herbert_george_wells,2,gutenberg_texts/35.txt,0.024264345304796313,0.011355017592598797,-0.012909327712197516,3,False,arthur_conan_doyle
flash,all_authors,f1,1000,3,2000,3000,herbert_george_wells,2,gutenberg_texts/35.txt,0.2811087301255811,0.15694888686001301,-0.12415984326556806,9,False,joseph_conrad
flash,all_authors,f1,1000,4,3000,4000,herbert_george_wells,2,gutenberg_texts/35.txt,0.0982515454748513,0.029793652336612485,-0.06845789313823883,4,False,oscar_wilde
flash,all_authors,f1,1000,5,4000,5000,herbert_george_wells,2,gutenberg_texts/35.txt,0.0988785924338653,0.027221903069839275,-0.07165668936402603,3,False,joseph_conrad
flash,all_authors,f1,1000,1,0,1000,herbert_george_wells,3,full_books/herbert_george_wells_full.txt,0.0984512136925092,0.014012991378803906,-0.08443822231370529,8,False,arthur_conan_doyle
flash,all_authors,f1,1000,2,1000,2000,herbert_george_wells,3,full_books/herbert_george_wells_full.txt,0.004454299351852323,0.010792839080057046,0.006338539728204723,1,True,herbert_george_wells
flash,all_authors,f1,1000,3,2000,3000,herbert_george_wells,3,full_books/herbert_george_wells_full.txt,0.019089409048999084,0.023620738070438525,0.004531329021439441,1,True,herbert_george_wells
flash,all_authors,f1,1000,4,3000,4000,herbert_george_wells,3,full_books/herbert_george_wells_full.txt,0.041936657076456045,0.0703899738052216,0.02845331672876556,1,True,herbert_george_wells
flash,all_authors,f1,1000,5,4000,5000,herbert_george_wells,3,full_books/herbert_george_wells_full.txt,0.004929720024897406,0.008257122605136764,0.0033274025802393584,1,True,herbert_george_wells
flash,all_authors,f1,1000,1,0,1000,herbert_george_wells,4,gutenberg_texts/35.txt,0.2839227470373137,0.06527546120163015,-0.21864728583568355,10,False,mary_shelley
flash,all_authors,f1,1000,2,1000,2000,herbert_george_wells,4,gutenberg_texts/35.txt,0.16275034165102412,0.05681479062739433,-0.10593555102362978,9,False,joseph_conrad
flash,all_authors,f1,1000,3,2000,3000,herbert_george_wells,4,gutenberg_texts/35.txt,0.22575862059588486,0.10698212476718422,-0.11877649582870065,9,False,mary_shelley
flash,all_authors,f1,1000,4,3000,4000,herbert_george_wells,4,gutenberg_texts/35.txt,0.2207376054988474,0.07965918654575335,-0.14107841895309406,9,False,mary_shelley
flash,all_authors,f1,1000,5,4000,5000,herbert_george_wells,4,gutenberg_texts/35.txt,0.34873880005191327,0.11369897714011865,-0.23503982291179462,10,False,mary_shelley
flash,all_authors,f1,1000,1,0,1000,herbert_george_wells,5,full_books/herbert_george_wells_full.txt,0.029367930623824937,0.04418355280981009,0.014815622185985151,1,True,herbert_george_wells
flash,all_authors,f1,1000,2,1000,2000,herbert_george_wells,5,full_books/herbert_george_wells_full.txt,0.022975375794396003,0.054264905767035534,0.031289529972639535,1,True,herbert_george_wells
flash,all_authors,f1,1000,3,2000,3000,herbert_george_wells,5,full_books/herbert_george_wells_full.txt,0.0622250986404264,0.07812839199080382,0.01590329335037742,1,True,herbert_george_wells
flash,all_authors,f1,1000,4,3000,4000,herbert_george_wells,5,full_books/herbert_george_wells_full.txt,0.06901430915941377,0.04067957649198191,-0.02833473266743186,5,False,charles_dickens
flash,all_authors,f1,1000,5,4000,5000,herbert_george_wells,5,full_books/herbert_george_wells_full.txt,0.22185608757623665,0.031547193270173926,-0.19030889430606274,9,False,arthur_conan_doyle
flash,all_authors,f1,1000,1,0,1000,herbert_george_wells,6,gutenberg_texts/35.txt,0.2979025511158191,0.09002950439759676,-0.20787304671822232,10,False,mary_shelley
flash,all_authors,f1,1000,2,1000,2000,herbert_george_wells,6,gutenberg_texts/35.txt,0.2360864280830494,0.0992499829332631,-0.13683644514978627,8,False,joseph_conrad
flash,all_authors,f1,1000,3,2000,3000,herbert_george_wells,6,gutenberg_texts/35.txt,0.010042391148639383,0.0035423493466165083,-0.006500041802022875,3,False,joseph_conrad
flash,all_authors,f1,1000,4,3000,4000,herbert_george_wells,6,gutenberg_texts/35.txt,0.2958531481542113,0.0863270633332681,-0.2095260848209432,8,False,mary_shelley
flash,all_authors,f1,1000,5,4000,5000,herbert_george_wells,6,gutenberg_texts/35.txt,0.02960017705689012,0.0024061067884909595,-0.02719407026839916,10,False,jane_austen
flash,all_authors,f1,1000,1,0,1000,herbert_george_wells,7,full_books/herbert_george_wells_full.txt,0.033625669914497835,0.04918446507336003,0.015558795158862194,1,True,herbert_george_wells
flash,all_authors,f1,1000,2,1000,2000,herbert_george_wells,7,full_books/herbert_george_wells_full.txt,0.056590338832762474,0.09565702073924709,0.039066681906484615,1,True,herbert_george_wells
flash,all_authors,f1,1000,3,2000,3000,herbert_george_wells,7,full_books/herbert_george_wells_full.txt,0.056802926210380106,0.09385508820694131,0.03705216199656121,1,True,herbert_george_wells
flash,all_authors,f1,1000,4,3000,4000,herbert_george_wells,7,full_books/herbert_george_wells_full.txt,0.05487170351324204,0.08734945802629071,0.03247775451304867,1,True,herbert_george_wells
flash,all_authors,f1,1000,5,4000,5000,herbert_george_wells,7,full_books/herbert_george_wells_full.txt,0.09491896634654938,0.11377266726843813,0.018853700921888747,1,True,herbert_george_wells
flash,all_authors,f1,1000,1,0,1000,herbert_george_wells,8,gutenberg_texts/35.txt,0.06334104081378249,0.0200083529809466,-0.04333268783283589,3,False,joseph_conrad
flash,all_authors,f1,1000,2,1000,2000,herbert_george_wells,8,gutenberg_texts/35.txt,0.19785528202132185,0.08722389393777384,-0.11063138808354801,4,False,joseph_conrad
flash,all_authors,f1,1000,3,2000,3000,herbert_george_wells,8,gutenberg_texts/35.txt,0.22297518312740766,0.0856403529053065,-0.13733483022210116,8,False,joseph_conrad
flash,all_authors,f1,1000,4,3000,4000,herbert_george_wells,8,gutenberg_texts/35.txt,0.2328933140124988,0.08401913380531931,-0.1488741802071795,9,False,mary_shelley
flash,all_authors,f1,1000,5,4000,5000,herbert_george_wells,8,gutenberg_texts/35.txt,0.14995237629744268,0.07581079789354409,-0.0741415784038986,8,False,joseph_conrad
flash,all_authors,f1,1000,1,0,1000,herbert_george_wells,9,full_books/herbert_george_wells_full.txt,0.019358706688360202,0.022010413252400406,0.0026517065640402036,1,True,herbert_george_wells
flash,all_authors,f1,1000,2,1000,2000,herbert_george_wells,9,full_books/herbert_george_wells_full.txt,0.04855321845276983,0.03634608348000146,-0.012207134972768367,2,False,oscar_wilde
flash,all_authors,f1,1000,3,2000,3000,herbert_george_wells,9,full_books/herbert_george_wells_full.txt,0.00997783393637575,0.009689932296971782,-0.0002879016394039674,2,False,oscar_wilde
flash,all_authors,f1,1000,4,3000,4000,herbert_george_wells,9,full_books/herbert_george_wells_full.txt,0.009079347177157304,0.0066284910709401255,-0.0024508561062171787,2,False,oscar_wilde
flash,all_authors,f1,1000,5,4000,5000,herbert_george_wells,9,full_books/herbert_george_wells_full.txt,0.012617862335236103,0.018491580751737954,0.00587371841650185,1,True,herbert_george_wells
flash,all_authors,f1,1000,1,0,1000,herbert_george_wells,10,gutenberg_texts/35.txt,0.1816027353879564,0.07360884755533538,-0.10799388783262102,10,False,jane_austen
flash,all_authors,f1,1000,2,1000,2000,herbert_george_wells,10,gutenberg_texts/35.txt,0.1647471611649088,0.0639367522611185,-0.10081040890379031,9,False,joseph_conrad
flash,all_authors,f1,1000,3,2000,3000,herbert_george_wells,10,gutenberg_texts/35.txt,0.188736784781557,0.07680106313669402,-0.11193572164486298,10,False,mary_shelley
flash,all_authors,f1,1000,4,3000,4000,herbert_george_wells,10,gutenberg_texts/35.txt,0.2336361796142081,0.07807933627905395,-0.15555684333515415,10,False,mary_shelley
flash,all_authors,f1,1000,5,4000,5000,herbert_george_wells,10,gutenberg_texts/35.txt,0.29377328342607145,0.10025170494300524,-0.19352157848306623,9,False,mary_shelley
flash,all_authors,f1,1000,1,0,1000,herbert_george_wells,11,full_books/herbert_george_wells_full.txt,0.04925917479040043,0.022926494667138954,-0.026332680123261475,3,False,oscar_wilde
flash,all_authors,f1,1000,2,1000,2000,herbert_george_wells,11,full_books/herbert_george_wells_full.txt,0.03609935905774042,0.030290639511338115,-0.005808719546402306,2,False,oscar_wilde
flash,all_authors,f1,1000,3,2000,3000,herbert_george_wells,11,full_books/herbert_george_wells_full.txt,0.06660334950609505,0.02055401119385593,-0.04604933831223912,6,False,oscar_wilde
flash,all_authors,f1,1000,4,3000,4000,herbert_george_wells,11,full_books/herbert_george_wells_full.txt,0.012550208652940247,0.014571656519129202,0.0020214478661889548,1,True,herbert_george_wells
flash,all_authors,f1,1000,5,4000,5000,herbert_george_wells,11,full_books/herbert_george_wells_full.txt,0.02806085900905144,0.03730522124254788,0.009244362233496436,1,True,herbert_george_wells
flash,all_authors,f1,1000,1,0,1000,herbert_george_wells,12,gutenberg_texts/35.txt,0.3635363757942097,0.10554118499100677,-0.25799519080320293,10,False,mary_shelley
flash,all_authors,f1,1000,2,1000,2000,herbert_george_wells,12,gutenberg_texts/35.txt,0.3204977581992278,0.09839194787202822,-0.22210581032719962,8,False,mary_shelley
flash,all_authors,f1,1000,3,2000,3000,herbert_george_wells,12,gutenberg_texts/35.txt,0.3048652036849668,0.11723719039323718,-0.1876280132917296,8,False,mary_shelley
flash,all_authors,f1,1000,4,3000,4000,herbert_george_wells,12,gutenberg_texts/35.txt,0.24407131357068967,0.09761109388600708,-0.1464602196846826,8,False,mary_shelley
flash,all_authors,f1,1000,5,4000,5000,herbert_george_wells,12,gutenberg_texts/35.txt,0.1861954770966846,0.09340025939018286,-0.09279521770650175,9,False,oscar_wilde
flash,all_authors,f1,1000,1,0,1000,herbert_george_wells,13,full_books/herbert_george_wells_full.txt,0.027344445186177523,0.044864846307630504,0.01752040112145298,1,True,herbert_george_wells
flash,all_authors,f1,1000,2,1000,2000,herbert_george_wells,13,full_books/herbert_george_wells_full.txt,0.03581961930989104,0.0678719242303458,0.03205230492045476,1,True,herbert_george_wells
flash,all_authors,f1,1000,3,2000,3000,herbert_george_wells,13,full_books/herbert_george_wells_full.txt,0.0704618411452925,0.09737781620572065,0.026915975060428157,1,True,herbert_george_wells
flash,all_authors,f1,1000,4,3000,4000,herbert_george_wells,13,full_books/herbert_george_wells_full.txt,0.09894310589262965,0.08674127182244151,-0.012201834070188142,2,False,mary_shelley
flash,all_authors,f1,1000,5,4000,5000,herbert_george_wells,13,full_books/herbert_george_wells_full.txt,0.09088491414851467,0.08303558222827644,-0.007849331920238234,2,False,mary_shelley
flash,all_authors,f1,1000,1,0,1000,herbert_george_wells,14,gutenberg_texts/35.txt,0.2601862389288345,0.06500784554771306,-0.19517839338112147,10,False,mary_shelley
flash,all_authors,f1,1000,2,1000,2000,herbert_george_wells,14,gutenberg_texts/35.txt,0.2503695137329539,0.07316924053215133,-0.17720027320080256,8,False,mary_shelley
flash,all_authors,f1,1000,3,2000,3000,herbert_george_wells,14,gutenberg_texts/35.txt,0.2575641567996965,0.08891752525358723,-0.1686466315461093,10,False,mary_shelley
flash,all_authors,f1,1000,4,3000,4000,herbert_george_wells,14,gutenberg_texts/35.txt,0.21542806545834906,0.09864313601542153,-0.11678492944292752,9,False,mary_shelley
flash,all_authors,f1,1000,5,4000,5000,herbert_george_wells,14,gutenberg_texts/35.txt,0.2475969676327071,0.12313286052458187,-0.12446410710812524,10,False,mary_shelley
flash,all_authors,f1,1000,1,0,1000,herbert_george_wells,15,full_books/herbert_george_wells_full.txt,0.045539305059569796,0.021406469923990673,-0.024132835135579123,3,False,oscar_wilde
flash,all_authors,f1,1000,2,1000,2000,herbert_george_wells,15,full_books/herbert_george_wells_full.txt,0.014666294394478342,0.009666421745044855,-0.004999872649433487,4,False,jane_austen
flash,all_authors,f1,1000,3,2000,3000,herbert_george_wells,15,full_books/herbert_george_wells_full.txt,0.03350615751483471,0.05274959435854269,0.01924343684370798,1,True,herbert_george_wells
flash,all_authors,f1,1000,4,3000,4000,herbert_george_wells,15,full_books/herbert_george_wells_full.txt,0.024803401478646847,0.017051832627021028,-0.007751568851625819,2,False,oscar_wilde
flash,all_authors,f1,1000,5,4000,5000,herbert_george_wells,15,full_books/herbert_george_wells_full.txt,0.06990204761016341,0.015014266539231418,-0.05488778107093199,5,False,arthur_conan_doyle
flash,all_authors,f1,1000,1,0,1000,herbert_george_wells,16,gutenberg_texts/35.txt,0.2233318995173335,0.07353843405985006,-0.14979346545748345,8,False,mary_shelley
flash,all_authors,f1,1000,2,1000,2000,herbert_george_wells,16,gutenberg_texts/35.txt,0.2943453252660566,0.0675403857231391,-0.22680493954291753,9,False,mary_shelley
flash,all_authors,f1,1000,3,2000,3000,herbert_george_wells,16,gutenberg_texts/35.txt,0.20799780205770652,0.08647368259438595,-0.12152411946332056,9,False,mary_shelley
flash,all_authors,f1,1000,4,3000,4000,herbert_george_wells,16,gutenberg_texts/35.txt,0.19992352124950233,0.09155846414373733,-0.108365057105765,9,False,mary_shelley
flash,all_authors,f1,1000,5,4000,5000,herbert_george_wells,16,gutenberg_texts/35.txt,0.21499433894724077,0.10381675886530306,-0.1111775800819377,9,False,mary_shelley
flash,all_authors,f1,1000,1,0,1000,herbert_george_wells,17,full_books/herbert_george_wells_full.txt,0.08165582548569125,0.009682670508117351,-0.0719731549775739,9,False,arthur_conan_doyle
flash,all_authors,f1,1000,2,1000,2000,herbert_george_wells,17,full_books/herbert_george_wells_full.txt,0.03961885256998925,0.048110941991584465,0.008492089421595211,1,True,herbert_george_wells
flash,all_authors,f1,1000,3,2000,3000,herbert_george_wells,17,full_books/herbert_george_wells_full.txt,0.041821483754620435,0.07395827929284642,0.03213679553822598,1,True,herbert_george_wells
flash,all_authors,f1,1000,4,3000,4000,herbert_george_wells,17,full_books/herbert_george_wells_full.txt,0.02114231288922434,0.03664474821536034,0.015502435326135999,1,True,herbert_george_wells
flash,all_authors,f1,1000,5,4000,5000,herbert_george_wells,17,full_books/herbert_george_wells_full.txt,0.029494460506571653,0.014999610771182352,-0.0144948497353893,2,False,oscar_wilde
flash,all_authors,f1,1000,1,0,1000,herbert_george_wells,18,gutenberg_texts/35.txt,0.34615938846138433,0.1515465204637354,-0.19461286799764893,10,False,mary_shelley
flash,all_authors,f1,1000,2,1000,2000,herbert_george_wells,18,gutenberg_texts/35.txt,0.15240676117342275,0.07083983797988087,-0.08156692319354188,9,False,oscar_wilde
flash,all_authors,f1,1000,3,2000,3000,herbert_george_wells,18,gutenberg_texts/35.txt,0.05910400699894808,0.019514806669362606,-0.039589200329585475,6,False,oscar_wilde
flash,all_authors,f1,1000,4,3000,4000,herbert_george_wells,18,gutenberg_texts/35.txt,0.05765847737497005,0.01346028685699536,-0.04419819051797469,3,False,oscar_wilde
flash,all_authors,f1,1000,5,4000,5000,herbert_george_wells,18,gutenberg_texts/35.txt,0.05059030475868552,0.017963221200880976,-0.03262708355780454,3,False,oscar_wilde
flash,all_authors,f1,1000,1,0,1000,herbert_george_wells,19,full_books/herbert_george_wells_full.txt,0.08234090090190775,0.031089015694982694,-0.05125188520692506,3,False,arthur_conan_doyle
flash,all_authors,f1,1000,2,1000,2000,herbert_george_wells,19,full_books/herbert_george_wells_full.txt,0.017787948121543568,0.023359886486557853,0.005571938365014285,1,True,herbert_george_wells
flash,all_authors,f1,1000,3,2000,3000,herbert_george_wells,19,full_books/herbert_george_wells_full.txt,0.011777702047469517,0.015994612886336294,0.004216910838866777,1,True,herbert_george_wells
flash,all_authors,f1,1000,4,3000,4000,herbert_george_wells,19,full_books/herbert_george_wells_full.txt,0.02375140657368594,0.026370136361654667,0.002618729787968725,1,True,herbert_george_wells
flash,all_authors,f1,1000,5,4000,5000,herbert_george_wells,19,full_books/herbert_george_wells_full.txt,0.035351986911894125,0.049976436739742856,0.014624449827848732,1,True,herbert_george_wells
flash,all_authors,f1,1000,1,0,1000,herbert_george_wells,20,gutenberg_texts/35.txt,0.2981795921394885,0.09791056349009761,-0.20026902864939092,10,False,mary_shelley
flash,all_authors,f1,1000,2,1000,2000,herbert_george_wells,20,gutenberg_texts/35.txt,0.07029163070592463,0.03521393411385287,-0.035077696592071765,3,False,oscar_wilde
flash,all_authors,f1,1000,3,2000,3000,herbert_george_wells,20,gutenberg_texts/35.txt,0.023103622130695795,0.006739456216034493,-0.0163641659146613,3,False,oscar_wilde
flash,all_authors,f1,1000,4,3000,4000,herbert_george_wells,20,gutenberg_texts/35.txt,0.0340224657762927,0.007932415727497328,-0.02609005004879537,2,False,oscar_wilde
flash,all_authors,f1,1000,5,4000,5000,herbert_george_wells,20,gutenberg_texts/35.txt,0.04688555647607094,0.01107957957975923,-0.03580597689631171,6,False,oscar_wilde
flash,all_authors,f1,1000,1,0,1000,agnes_may_fleming,1,full_books/agnes_may_fleming_full.txt,0.041467687582884646,0.02738911791166241,-0.014078569671222237,4,False,oscar_wilde
flash,all_authors,f1,1000,2,1000,2000,agnes_may_fleming,1,full_books/agnes_may_fleming_full.txt,0.06498001105277842,0.018106330179808235,-0.04687368087297019,4,False,oscar_wilde
flash,all_authors,f1,1000,3,2000,3000,agnes_may_fleming,1,full_books/agnes_may_fleming_full.txt,0.07457831461934286,0.026016057369306622,-0.04856225725003624,5,False,oscar_wilde
flash,all_authors,f1,1000,4,3000,4000,agnes_may_fleming,1,full_books/agnes_may_fleming_full.txt,0.035749816371003024,0.006495466826899559,-0.029254349544103463,4,False,oscar_wilde
flash,all_authors,f1,1000,5,4000,5000,agnes_may_fleming,1,full_books/agnes_may_fleming_full.txt,0.06938009154458019,0.03754584322815972,-0.03183424831642047,6,False,jane_austen
flash,all_authors,f1,1000,1,0,1000,agnes_may_fleming,2,gutenberg_texts/7063.txt,0.07725249122722426,0.023228341821779123,-0.054024149405445136,8,False,jane_austen
flash,all_authors,f1,1000,2,1000,2000,agnes_may_fleming,2,gutenberg_texts/7063.txt,0.08412898085258856,0.01545352407559144,-0.06867545677699712,9,False,oscar_wilde
flash,all_authors,f1,1000,3,2000,3000,agnes_may_fleming,2,gutenberg_texts/7063.txt,0.12263579956631543,0.030642931815101374,-0.09199286775121406,8,False,oscar_wilde
flash,all_authors,f1,1000,4,3000,4000,agnes_may_fleming,2,gutenberg_texts/7063.txt,0.14732275063525382,0.031807471043212555,-0.11551527959204128,10,False,oscar_wilde
flash,all_authors,f1,1000,5,4000,5000,agnes_may_fleming,2,gutenberg_texts/7063.txt,0.06579626175878935,0.004060931852300224,-0.061735329906489125,9,False,oscar_wilde
flash,all_authors,f1,1000,1,0,1000,agnes_may_fleming,3,full_books/agnes_may_fleming_full.txt,0.05119187870506736,0.026159667903658836,-0.025032210801408526,2,False,charles_dickens
flash,all_authors,f1,1000,2,1000,2000,agnes_may_fleming,3,full_books/agnes_may_fleming_full.txt,0.10595312534311761,0.06064778562262699,-0.045305339720490626,6,False,oscar_wilde
flash,all_authors,f1,1000,3,2000,3000,agnes_may_fleming,3,full_books/agnes_may_fleming_full.txt,0.08292995166964305,0.0439289341502047,-0.03900101751943835,5,False,oscar_wilde
flash,all_authors,f1,1000,4,3000,4000,agnes_may_fleming,3,full_books/agnes_may_fleming_full.txt,0.06776800937346891,0.03798405734714083,-0.02978395202632808,4,False,oscar_wilde
flash,all_authors,f1,1000,5,4000,5000,agnes_may_fleming,3,full_books/agnes_may_fleming_full.txt,0.10508840955299226,0.05734040947262846,-0.0477480000803638,6,False,oscar_wilde
flash,all_authors,f1,1000,1,0,1000,agnes_may_fleming,4,gutenberg_texts/7063.txt,0.08177044763065804,0.020304010145132823,-0.061466437485525216,8,False,oscar_wilde
flash,all_authors,f1,1000,2,1000,2000,agnes_may_fleming,4,gutenberg_texts/7063.txt,0.11894811250616795,0.03625199975670219,-0.08269611274946576,8,False,oscar_wilde
flash,all_authors,f1,1000,3,2000,3000,agnes_may_fleming,4,gutenberg_texts/7063.txt,0.1843533132403567,0.047503205696209715,-0.13685010754414698,9,False,oscar_wilde
flash,all_authors,f1,1000,4,3000,4000,agnes_may_fleming,4,gutenberg_texts/7063.txt,0.11214981750511441,0.025335879007703732,-0.08681393849741068,10,False,oscar_wilde
flash,all_authors,f1,1000,5,4000,5000,agnes_may_fleming,4,gutenberg_texts/7063.txt,0.18271861841973205,0.028361863874595376,-0.15435675454513667,10,False,oscar_wilde
flash,all_authors,f1,1000,1,0,1000,agnes_may_fleming,5,full_books/agnes_may_fleming_full.txt,0.08591987769805064,0.058841330577983506,-0.02707854712006713,4,False,charles_dickens
flash,all_authors,f1,1000,2,1000,2000,agnes_may_fleming,5,full_books/agnes_may_fleming_full.txt,0.06999424391051438,0.04542587146329701,-0.024568372447217372,4,False,oscar_wilde
flash,all_authors,f1,1000,3,2000,3000,agnes_may_fleming,5,full_books/agnes_may_fleming_full.txt,0.1555937519068218,0.029938306362944866,-0.12565544554387692,7,False,mary_shelley
flash,all_authors,f1,1000,4,3000,4000,agnes_may_fleming,5,full_books/agnes_may_fleming_full.txt,0.0998687356196946,0.045831817193306715,-0.05403691842638789,4,False,joseph_conrad
flash,all_authors,f1,1000,5,4000,5000,agnes_may_fleming,5,full_books/agnes_may_fleming_full.txt,0.043510955957200476,0.023399490631827887,-0.02011146532537259,4,False,herbert_george_wells
flash,all_authors,f1,1000,1,0,1000,agnes_may_fleming,6,gutenberg_texts/7063.txt,0.08548124140020283,0.035757392337942305,-0.049723849062260524,9,False,oscar_wilde
flash,all_authors,f1,1000,2,1000,2000,agnes_may_fleming,6,gutenberg_texts/7063.txt,0.15049453137725075,0.04226162019720313,-0.10823291118004762,10,False,oscar_wilde
flash,all_authors,f1,1000,3,2000,3000,agnes_may_fleming,6,gutenberg_texts/7063.txt,0.12011582140695322,0.03160800301098296,-0.08850781839597026,9,False,oscar_wilde
flash,all_authors,f1,1000,4,3000,4000,agnes_may_fleming,6,gutenberg_texts/7063.txt,0.13432450707324847,0.04222881482665178,-0.0920956922465967,8,False,oscar_wilde
flash,all_authors,f1,1000,5,4000,5000,agnes_may_fleming,6,gutenberg_texts/7063.txt,0.17783942127688426,0.04850834132310648,-0.1293310799537778,9,False,oscar_wilde
flash,all_authors,f1,1000,1,0,1000,agnes_may_fleming,7,full_books/agnes_may_fleming_full.txt,0.1044872216030832,0.062232793441615,-0.0422544281614682,7,False,oscar_wilde
flash,all_authors,f1,1000,2,1000,2000,agnes_may_fleming,7,full_books/agnes_may_fleming_full.txt,0.13025479730610584,0.06650074336338524,-0.0637540539427206,6,False,joseph_conrad
flash,all_authors,f1,1000,3,2000,3000,agnes_may_fleming,7,full_books/agnes_may_fleming_full.txt,0.07854537390382586,0.03952801769526623,-0.03901735620855963,5,False,oscar_wilde
flash,all_authors,f1,1000,4,3000,4000,agnes_may_fleming,7,full_books/agnes_may_fleming_full.txt,0.07794653673720076,0.03182816284400605,-0.0461183738931947,5,False,oscar_wilde
flash,all_authors,f1,1000,5,4000,5000,agnes_may_fleming,7,full_books/agnes_may_fleming_full.txt,0.07507130839054495,0.038598771877260754,-0.03647253651328419,5,False,oscar_wilde
flash,all_authors,f1,1000,1,0,1000,agnes_may_fleming,8,gutenberg_texts/7063.txt,0.06672999244420484,0.019117427494192256,-0.047612564950012586,9,False,jane_austen
flash,all_authors,f1,1000,2,1000,2000,agnes_may_fleming,8,gutenberg_texts/7063.txt,0.21015362445136962,0.04515580072339824,-0.1649978237279714,10,False,oscar_wilde
flash,all_authors,f1,1000,3,2000,3000,agnes_may_fleming,8,gutenberg_texts/7063.txt,0.09380002269801209,0.007315799625880315,-0.08648422307213177,9,False,oscar_wilde
flash,all_authors,f1,1000,4,3000,4000,agnes_may_fleming,8,gutenberg_texts/7063.txt,0.164201505505718,0.03967794821187416,-0.12452355729384383,9,False,herbert_george_wells
flash,all_authors,f1,1000,5,4000,5000,agnes_may_fleming,8,gutenberg_texts/7063.txt,0.10007170348398155,0.031731021763542616,-0.06834068172043893,9,False,arthur_conan_doyle
flash,all_authors,f1,1000,1,0,1000,agnes_may_fleming,9,full_books/agnes_may_fleming_full.txt,0.14575087980722604,0.09134134897363826,-0.05440953083358778,7,False,oscar_wilde
flash,all_authors,f1,1000,2,1000,2000,agnes_may_fleming,9,full_books/agnes_may_fleming_full.txt,0.22223800684021996,0.12078099291528886,-0.1014570139249311,5,False,joseph_conrad
flash,all_authors,f1,1000,3,2000,3000,agnes_may_fleming,9,full_books/agnes_may_fleming_full.txt,0.22240744494142958,0.11730730643616032,-0.10510013850526927,6,False,joseph_conrad
flash,all_authors,f1,1000,4,3000,4000,agnes_may_fleming,9,full_books/agnes_may_fleming_full.txt,0.195538329891786,0.103488049745164,-0.09205028014662199,6,False,joseph_conrad
flash,all_authors,f1,1000,5,4000,5000,agnes_may_fleming,9,full_books/agnes_may_fleming_full.txt,0.1635025366343338,0.08980851006447774,-0.07369402656985607,6,False,joseph_conrad
flash,all_authors,f1,1000,1,0,1000,agnes_may_fleming,10,gutenberg_texts/7063.txt,0.15145011026285846,0.051344781668954426,-0.10010532859390403,8,False,oscar_wilde
flash,all_authors,f1,1000,2,1000,2000,agnes_may_fleming,10,gutenberg_texts/7063.txt,0.10040304263330468,0.01807156898161722,-0.08233147365168747,9,False,oscar_wilde
flash,all_authors,f1,1000,3,2000,3000,agnes_may_fleming,10,gutenberg_texts/7063.txt,0.24969429368292034,0.07513435073634243,-0.1745599429465779,10,False,joseph_conrad
flash,all_authors,f1,1000,4,3000,4000,agnes_may_fleming,10,gutenberg_texts/7063.txt,0.1907844529509253,0.051211475621031,-0.13957297732989432,9,False,oscar_wilde
flash,all_authors,f1,1000,5,4000,5000,agnes_may_fleming,10,gutenberg_texts/7063.txt,0.08441671491043133,0.024409957472135934,-0.060006757438295394,8,False,herbert_george_wells
flash,all_authors,f1,1000,1,0,1000,agnes_may_fleming,11,full_books/agnes_may_fleming_full.txt,0.050045574272999285,0.024525547085620398,-0.025520027187378887,2,False,charles_dickens
flash,all_authors,f1,1000,2,1000,2000,agnes_may_fleming,11,full_books/agnes_may_fleming_full.txt,0.08412201571004742,0.05210222829709106,-0.03201978741295636,5,False,oscar_wilde
flash,all_authors,f1,1000,3,2000,3000,agnes_may_fleming,11,full_books/agnes_may_fleming_full.txt,0.15731223520416096,0.09257881396380685,-0.06473342124035411,7,False,joseph_conrad
flash,all_authors,f1,1000,4,3000,4000,agnes_may_fleming,11,full_books/agnes_may_fleming_full.txt,0.09582148268812156,0.055150346722767515,-0.040671135965354044,4,False,oscar_wilde
flash,all_authors,f1,1000,5,4000,5000,agnes_may_fleming,11,full_books/agnes_may_fleming_full.txt,0.05622377598709912,0.032563808743289194,-0.023659967243809928,4,False,oscar_wilde
flash,all_authors,f1,1000,1,0,1000,agnes_may_fleming,12,gutenberg_texts/7063.txt,0.15278594478315197,0.06941251889054598,-0.08337342589260599,10,False,oscar_wilde
flash,all_authors,f1,1000,2,1000,2000,agnes_may_fleming,12,gutenberg_texts/7063.txt,0.22148839566328615,0.09491911497993427,-0.12656928068335188,9,False,oscar_wilde
flash,all_authors,f1,1000,3,2000,3000,agnes_may_fleming,12,gutenberg_texts/7063.txt,0.21564537918410528,0.08169304779118214,-0.13395233139292315,9,False,joseph_conrad
flash,all_authors,f1,1000,4,3000,4000,agnes_may_fleming,12,gutenberg_texts/7063.txt,0.24274092109721135,0.06802907204243841,-0.17471184905477294,10,False,joseph_conrad
flash,all_authors,f1,1000,5,4000,5000,agnes_may_fleming,12,gutenberg_texts/7063.txt,0.18053006656002432,0.03398153008977973,-0.1465485364702446,10,False,joseph_conrad
flash,all_authors,f1,1000,1,0,1000,agnes_may_fleming,13,full_books/agnes_may_fleming_full.txt,0.09206433793688128,0.05095974204941162,-0.041104595887469654,5,False,oscar_wilde
flash,all_authors,f1,1000,2,1000,2000,agnes_may_fleming,13,full_books/agnes_may_fleming_full.txt,0.17837257092701073,0.10305431753301897,-0.07531825339399176,6,False,joseph_conrad
flash,all_authors,f1,1000,3,2000,3000,agnes_may_fleming,13,full_books/agnes_may_fleming_full.txt,0.1275331831307109,0.021258400814535276,-0.10627478231617563,7,False,mary_shelley
flash,all_authors,f1,1000,4,3000,4000,agnes_may_fleming,13,full_books/agnes_may_fleming_full.txt,0.12771429071311444,0.061216782031243464,-0.06649750868187097,6,False,oscar_wilde
flash,all_authors,f1,1000,5,4000,5000,agnes_may_fleming,13,full_books/agnes_may_fleming_full.txt,0.15329184809594226,0.08438604004064494,-0.06890580805529732,6,False,oscar_wilde
flash,all_authors,f1,1000,1,0,1000,agnes_may_fleming,14,gutenberg_texts/7063.txt,0.09375474968320663,0.049780307809559526,-0.0439744418736471,6,False,jane_austen
flash,all_authors,f1,1000,2,1000,2000,agnes_may_fleming,14,gutenberg_texts/7063.txt,0.16571828110934667,0.045435748210537086,-0.12028253289880958,9,False,oscar_wilde
flash,all_authors,f1,1000,3,2000,3000,agnes_may_fleming,14,gutenberg_texts/7063.txt,0.1690630917518359,0.02293202186715782,-0.14613106988467808,9,False,oscar_wilde
flash,all_authors,f1,1000,4,3000,4000,agnes_may_fleming,14,gutenberg_texts/7063.txt,0.16507335574498908,0.03005307506410101,-0.13502028068088806,9,False,oscar_wilde
flash,all_authors,f1,1000,5,4000,5000,agnes_may_fleming,14,gutenberg_texts/7063.txt,0.1558543141985495,0.02871282201061091,-0.1271414921879386,10,False,mary_shelley
flash,all_authors,f1,1000,1,0,1000,agnes_may_fleming,15,full_books/agnes_may_fleming_full.txt,0.1064780025275067,0.07627841568698596,-0.030199586840520737,6,False,jane_austen
flash,all_authors,f1,1000,2,1000,2000,agnes_may_fleming,15,full_books/agnes_may_fleming_full.txt,0.2628682944617859,0.14418345542145586,-0.11868483904033003,6,False,mary_shelley
flash,all_authors,f1,1000,3,2000,3000,agnes_may_fleming,15,full_books/agnes_may_fleming_full.txt,0.20036403420893903,0.1136548892051265,-0.08670914500381253,6,False,joseph_conrad
flash,all_authors,f1,1000,4,3000,4000,agnes_may_fleming,15,full_books/agnes_may_fleming_full.txt,0.09277150692280181,0.03974062218123154,-0.05303088474157027,4,False,oscar_wilde
flash,all_authors,f1,1000,5,4000,5000,agnes_may_fleming,15,full_books/agnes_may_fleming_full.txt,0.04887139975607382,0.018815853987844862,-0.030055545768228956,4,False,herbert_george_wells
flash,all_authors,f1,1000,1,0,1000,agnes_may_fleming,16,gutenberg_texts/7063.txt,0.09053067309372567,0.039092473477487,-0.051438199616238675,9,False,oscar_wilde
flash,all_authors,f1,1000,2,1000,2000,agnes_may_fleming,16,gutenberg_texts/7063.txt,0.13958270381333282,0.01935631028115922,-0.1202263935321736,9,False,oscar_wilde
flash,all_authors,f1,1000,3,2000,3000,agnes_may_fleming,16,gutenberg_texts/7063.txt,0.16145083270490823,0.026226877973786755,-0.13522395473112148,9,False,arthur_conan_doyle
flash,all_authors,f1,1000,4,3000,4000,agnes_may_fleming,16,gutenberg_texts/7063.txt,0.19108523889983006,0.03687114847020102,-0.15421409042962902,10,False,oscar_wilde
flash,all_authors,f1,1000,5,4000,5000,agnes_may_fleming,16,gutenberg_texts/7063.txt,0.241823966671769,0.07091533618587822,-0.17090863048589078,10,False,joseph_conrad
flash,all_authors,f1,1000,1,0,1000,agnes_may_fleming,17,full_books/agnes_may_fleming_full.txt,0.04802761040726913,0.02989007294759255,-0.018137537459676584,3,False,charles_dickens
flash,all_authors,f1,1000,2,1000,2000,agnes_may_fleming,17,full_books/agnes_may_fleming_full.txt,0.06990428343357902,0.04489151954183935,-0.02501276389173967,5,False,oscar_wilde
flash,all_authors,f1,1000,3,2000,3000,agnes_may_fleming,17,full_books/agnes_may_fleming_full.txt,0.052270144446353306,0.01795076397866191,-0.034319380467691396,4,False,oscar_wilde
flash,all_authors,f1,1000,4,3000,4000,agnes_may_fleming,17,full_books/agnes_may_fleming_full.txt,0.05335844532831656,0.04021266157666539,-0.013145783751651166,4,False,oscar_wilde
flash,all_authors,f1,1000,5,4000,5000,agnes_may_fleming,17,full_books/agnes_may_fleming_full.txt,0.039073395172897346,0.03270723654742533,-0.006366158625472018,3,False,oscar_wilde
flash,all_authors,f1,1000,1,0,1000,agnes_may_fleming,18,gutenberg_texts/7063.txt,0.08010496787070867,0.04040171853896149,-0.03970324933174718,8,False,charles_dickens
flash,all_authors,f1,1000,2,1000,2000,agnes_may_fleming,18,gutenberg_texts/7063.txt,0.13720279652769327,0.047657816358263674,-0.08954498016942959,9,False,oscar_wilde
flash,all_authors,f1,1000,3,2000,3000,agnes_may_fleming,18,gutenberg_texts/7063.txt,0.12697273166037362,0.016037785651762757,-0.11093494600861087,8,False,oscar_wilde
flash,all_authors,f1,1000,4,3000,4000,agnes_may_fleming,18,gutenberg_texts/7063.txt,0.1412355520623243,0.03806298813049564,-0.10317256393182866,8,False,oscar_wilde
flash,all_authors,f1,1000,5,4000,5000,agnes_may_fleming,18,gutenberg_texts/7063.txt,0.12901326710157396,0.02178160539975811,-0.10723166170181585,8,False,herbert_george_wells
flash,all_authors,f1,1000,1,0,1000,agnes_may_fleming,19,full_books/agnes_may_fleming_full.txt,0.07734555278014278,0.05257980501032959,-0.02476574776981319,4,False,charles_dickens
flash,all_authors,f1,1000,2,1000,2000,agnes_may_fleming,19,full_books/agnes_may_fleming_full.txt,0.04530451399120153,0.010727838350565318,-0.03457667564063621,6,False,joseph_conrad
flash,all_authors,f1,1000,3,2000,3000,agnes_may_fleming,19,full_books/agnes_may_fleming_full.txt,0.07674222012829843,0.04386713517168171,-0.032875084956616715,5,False,oscar_wilde
flash,all_authors,f1,1000,4,3000,4000,agnes_may_fleming,19,full_books/agnes_may_fleming_full.txt,0.045810980205597804,0.02216152243858229,-0.023649457767015512,4,False,herbert_george_wells
flash,all_authors,f1,1000,5,4000,5000,agnes_may_fleming,19,full_books/agnes_may_fleming_full.txt,0.09416414627315912,0.052274549435935735,-0.04188959683722339,5,False,oscar_wilde
flash,all_authors,f1,1000,1,0,1000,agnes_may_fleming,20,gutenberg_texts/7063.txt,0.11163936555199873,0.02599492352858106,-0.08564444202341767,9,False,oscar_wilde
flash,all_authors,f1,1000,2,1000,2000,agnes_may_fleming,20,gutenberg_texts/7063.txt,0.15455341281168894,0.00811569300809982,-0.1464377198035891,9,False,mary_shelley
flash,all_authors,f1,1000,3,2000,3000,agnes_may_fleming,20,gutenberg_texts/7063.txt,0.20203846815234983,0.014836025403182497,-0.18720244274916734,10,False,mary_shelley
flash,all_authors,f1,1000,4,3000,4000,agnes_may_fleming,20,gutenberg_texts/7063.txt,0.21548823202205,0.06725328913679281,-0.14823494288525718,10,False,oscar_wilde
flash,all_authors,f1,1000,5,4000,5000,agnes_may_fleming,20,gutenberg_texts/7063.txt,0.2584713369228882,0.0785568497905798,-0.1799144871323084,10,False,joseph_conrad
flash,all_authors,f1,1000,1,0,1000,charles_dickens,1,gutenberg_texts/46.txt,0.24089412702980043,0.1280416730759608,-0.11285245395383964,5,False,mary_shelley
flash,all_authors,f1,1000,2,1000,2000,charles_dickens,1,gutenberg_texts/46.txt,0.036416620431359,0.013416079885313905,-0.023000540546045098,3,False,mary_shelley
flash,all_authors,f1,1000,3,2000,3000,charles_dickens,1,gutenberg_texts/46.txt,0.28728466605422415,0.1521909224560719,-0.13509374359815224,6,False,mary_shelley
flash,all_authors,f1,1000,4,3000,4000,charles_dickens,1,gutenberg_texts/46.txt,0.2541638719301922,0.13138639315123224,-0.12277747877895995,5,False,mary_shelley
flash,all_authors,f1,1000,5,4000,5000,charles_dickens,1,gutenberg_texts/46.txt,0.28879541234684797,0.17214830381985013,-0.11664710852699783,5,False,mary_shelley
flash,all_authors,f1,1000,1,0,1000,charles_dickens,2,gutenberg_texts/98.txt,0.050291693719277594,0.038340214067716455,-0.01195147965156114,2,False,jane_austen
flash,all_authors,f1,1000,2,1000,2000,charles_dickens,2,gutenberg_texts/98.txt,0.10365056818833027,0.055069263536014476,-0.04858130465231579,6,False,oscar_wilde
flash,all_authors,f1,1000,3,2000,3000,charles_dickens,2,gutenberg_texts/98.txt,0.0841264480828232,0.03969025212838099,-0.04443619595444221,5,False,oscar_wilde
flash,all_authors,f1,1000,4,3000,4000,charles_dickens,2,gutenberg_texts/98.txt,0.09291358546824076,0.05850455757728473,-0.034409027890956026,5,False,oscar_wilde
flash,all_authors,f1,1000,5,4000,5000,charles_dickens,2,gutenberg_texts/98.txt,0.09297608324013068,0.023867735801526093,-0.06910834743860458,6,False,oscar_wilde
flash,all_authors,f1,1000,1,0,1000,charles_dickens,3,gutenberg_texts/1400.txt,0.25245226123983666,0.11508756175800064,-0.13736469948183602,5,False,mary_shelley
flash,all_authors,f1,1000,2,1000,2000,charles_dickens,3,gutenberg_texts/1400.txt,0.15813408454256905,0.09026821411224181,-0.06786587043032724,6,False,joseph_conrad
flash,all_authors,f1,1000,3,2000,3000,charles_dickens,3,gutenberg_texts/1400.txt,0.09543343091423291,0.06064696131165084,-0.03478646960258207,5,False,oscar_wilde
flash,all_authors,f1,1000,4,3000,4000,charles_dickens,3,gutenberg_texts/1400.txt,0.0960601703733683,0.07003488351771664,-0.026025286855651655,5,False,oscar_wilde
flash,all_authors,f1,1000,5,4000,5000,charles_dickens,3,gutenberg_texts/1400.txt,0.06281107434632505,0.038832219964767524,-0.023978854381557523,4,False,oscar_wilde
flash,all_authors,f1,1000,1,0,1000,charles_dickens,4,gutenberg_texts/46.txt,0.24932603220676863,0.1483624214949912,-0.10096361071177742,5,False,mary_shelley
flash,all_authors,f1,1000,2,1000,2000,charles_dickens,4,gutenberg_texts/46.txt,0.2952944988834168,0.16890506123144838,-0.12638943765196842,6,False,mary_shelley
flash,all_authors,f1,1000,3,2000,3000,charles_dickens,4,gutenberg_texts/46.txt,0.21451571882092085,0.10654716912821839,-0.10796854969270246,6,False,mary_shelley
flash,all_authors,f1,1000,4,3000,4000,charles_dickens,4,gutenberg_texts/46.txt,0.28169163999434615,0.16473542500631652,-0.11695621498802963,6,False,mary_shelley
flash,all_authors,f1,1000,5,4000,5000,charles_dickens,4,gutenberg_texts/46.txt,0.24146935934071662,0.12249329741578015,-0.11897606192493647,6,False,mary_shelley
flash,all_authors,f1,1000,1,0,1000,charles_dickens,5,gutenberg_texts/98.txt,0.09441459601746197,0.06646248542428995,-0.027952110593172014,5,False,oscar_wilde
flash,all_authors,f1,1000,2,1000,2000,charles_dickens,5,gutenberg_texts/98.txt,0.12859472993759063,0.0640595964519505,-0.06453513348564013,6,False,oscar_wilde
flash,all_authors,f1,1000,3,2000,3000,charles_dickens,5,gutenberg_texts/98.txt,0.11656523933702466,0.052761550081774494,-0.06380368925525016,5,False,oscar_wilde
flash,all_authors,f1,1000,4,3000,4000,charles_dickens,5,gutenberg_texts/98.txt,0.07607652020794689,0.029716313891572282,-0.04636020631637461,4,False,oscar_wilde
flash,all_authors,f1,1000,5,4000,5000,charles_dickens,5,gutenberg_texts/98.txt,0.02846247082663844,0.013882394925908039,-0.0145800759007304,3,False,arthur_conan_doyle
flash,all_authors,f1,1000,1,0,1000,charles_dickens,6,gutenberg_texts/1400.txt,0.07398235337273881,0.07667955074574943,0.002697197373010621,1,True,charles_dickens
flash,all_authors,f1,1000,2,1000,2000,charles_dickens,6,gutenberg_texts/1400.txt,0.05010723790972172,0.03200147810719194,-0.018105759802529778,3,False,oscar_wilde
flash,all_authors,f1,1000,3,2000,3000,charles_dickens,6,gutenberg_texts/1400.txt,0.057067364253592934,0.04393883628288399,-0.013128527970708945,4,False,oscar_wilde
flash,all_authors,f1,1000,4,3000,4000,charles_dickens,6,gutenberg_texts/1400.txt,0.1531093525280216,0.05561279853230624,-0.09749655399571536,6,False,joseph_conrad
flash,all_authors,f1,1000,5,4000,5000,charles_dickens,6,gutenberg_texts/1400.txt,0.02444013982418771,0.011585315927275647,-0.012854823896912063,4,False,herbert_george_wells
flash,all_authors,f1,1000,1,0,1000,charles_dickens,7,gutenberg_texts/46.txt,0.09066534704679091,0.08856573051588952,-0.002099616530901391,2,False,jane_austen
flash,all_authors,f1,1000,2,1000,2000,charles_dickens,7,gutenberg_texts/46.txt,0.12600208922235948,0.07988187238587577,-0.04612021683648371,5,False,oscar_wilde
flash,all_authors,f1,1000,3,2000,3000,charles_dickens,7,gutenberg_texts/46.txt,0.1514559083232106,0.0815562060450958,-0.0698997022781148,6,False,joseph_conrad
flash,all_authors,f1,1000,4,3000,4000,charles_dickens,7,gutenberg_texts/46.txt,0.14633958156203114,0.06777804831504645,-0.07856153324698469,6,False,joseph_conrad
flash,all_authors,f1,1000,5,4000,5000,charles_dickens,7,gutenberg_texts/46.txt,0.05421038500775291,0.02708974555695256,-0.02712063945080035,4,False,oscar_wilde
flash,all_authors,f1,1000,1,0,1000,charles_dickens,8,gutenberg_texts/98.txt,0.15078843400682387,0.11588738873679844,-0.03490104527002544,5,False,mary_shelley
flash,all_authors,f1,1000,2,1000,2000,charles_dickens,8,gutenberg_texts/98.txt,0.20855998188096403,0.10925656276847596,-0.09930341911248806,6,False,mary_shelley
flash,all_authors,f1,1000,3,2000,3000,charles_dickens,8,gutenberg_texts/98.txt,0.2040234227384921,0.11917573992072995,-0.08484768281776216,6,False,mary_shelley
flash,all_authors,f1,1000,4,3000,4000,charles_dickens,8,gutenberg_texts/98.txt,0.05848201441502969,0.018529280336968632,-0.03995273407806106,7,False,jane_austen
flash,all_authors,f1,1000,5,4000,5000,charles_dickens,8,gutenberg_texts/98.txt,0.15554107786394913,0.07482400947296458,-0.08071706839098455,6,False,joseph_conrad
flash,all_authors,f1,1000,1,0,1000,charles_dickens,9,gutenberg_texts/1400.txt,0.2578758469686461,0.13507805027147662,-0.1227977966971695,5,False,mary_shelley
flash,all_authors,f1,1000,2,1000,2000,charles_dickens,9,gutenberg_texts/1400.txt,0.1869112013141928,0.09327678518285225,-0.09363441613134056,6,False,mary_shelley
flash,all_authors,f1,1000,3,2000,3000,charles_dickens,9,gutenberg_texts/1400.txt,0.2059462190637202,0.11717639680498015,-0.08876982225874006,6,False,mary_shelley
flash,all_authors,f1,1000,4,3000,4000,charles_dickens,9,gutenberg_texts/1400.txt,0.11980373743644102,0.07673971381444408,-0.04306402362199693,5,False,joseph_conrad
flash,all_authors,f1,1000,5,4000,5000,charles_dickens,9,gutenberg_texts/1400.txt,0.10781046780214296,0.033674738701469184,-0.07413572910067377,3,False,mary_shelley
flash,all_authors,f1,1000,1,0,1000,charles_dickens,10,gutenberg_texts/46.txt,0.2638879273831916,0.1362950931854086,-0.127592834197783,5,False,mary_shelley
flash,all_authors,f1,1000,2,1000,2000,charles_dickens,10,gutenberg_texts/46.txt,0.2238695008948054,0.1212559000758683,-0.1026136008189371,7,False,joseph_conrad
flash,all_authors,f1,1000,3,2000,3000,charles_dickens,10,gutenberg_texts/46.txt,0.06365299618365333,0.01201775876755376,-0.05163523741609957,6,False,oscar_wilde
flash,all_authors,f1,1000,4,3000,4000,charles_dickens,10,gutenberg_texts/46.txt,0.08067260229239727,0.016885793467558273,-0.063786808824839,6,False,oscar_wilde
flash,all_authors,f1,1000,5,4000,5000,charles_dickens,10,gutenberg_texts/46.txt,0.049859005921138524,0.011476761782377679,-0.038382244138760846,6,False,oscar_wilde
flash,all_authors,f1,1000,1,0,1000,charles_dickens,11,gutenberg_texts/98.txt,0.09878331973330264,0.05520483088826076,-0.043578488845041875,5,False,oscar_wilde
flash,all_authors,f1,1000,2,1000,2000,charles_dickens,11,gutenberg_texts/98.txt,0.2041573735945547,0.08774402198797758,-0.1164133516065771,7,False,joseph_conrad
flash,all_authors,f1,1000,3,2000,3000,charles_dickens,11,gutenberg_texts/98.txt,0.20820741915774005,0.08969921773679858,-0.11850820142094147,5,False,mary_shelley
flash,all_authors,f1,1000,4,3000,4000,charles_dickens,11,gutenberg_texts/98.txt,0.23844715509458558,0.10300992715012085,-0.13543722794446472,6,False,mary_shelley
flash,all_authors,f1,1000,5,4000,5000,charles_dickens,11,gutenberg_texts/98.txt,0.23475967414221596,0.11263764518361392,-0.12212202895860204,6,False,mary_shelley
flash,all_authors,f1,1000,1,0,1000,charles_dickens,12,gutenberg_texts/1400.txt,0.07079651181306708,0.05629846801463476,-0.014498043798432315,3,False,oscar_wilde
flash,all_authors,f1,1000,2,1000,2000,charles_dickens,12,gutenberg_texts/1400.txt,0.10596932821431307,0.05346382275068431,-0.05250550546362876,5,False,joseph_conrad
flash,all_authors,f1,1000,3,2000,3000,charles_dickens,12,gutenberg_texts/1400.txt,0.12785925026843253,0.05070955128680452,-0.07714969898162802,5,False,joseph_conrad
flash,all_authors,f1,1000,4,3000,4000,charles_dickens,12,gutenberg_texts/1400.txt,0.1125634884258328,0.04461357021083557,-0.06794991821499724,6,False,joseph_conrad
flash,all_authors,f1,1000,5,4000,5000,charles_dickens,12,gutenberg_texts/1400.txt,0.08288913820727536,0.04198054131908309,-0.040908596888192275,5,False,joseph_conrad
flash,all_authors,f1,1000,1,0,1000,charles_dickens,13,gutenberg_texts/46.txt,0.11652551939604916,0.08981792033927354,-0.026707599056775624,5,False,oscar_wilde
flash,all_authors,f1,1000,2,1000,2000,charles_dickens,13,gutenberg_texts/46.txt,0.13515502481352393,0.07122632777431796,-0.06392869703920596,6,False,oscar_wilde
flash,all_authors,f1,1000,3,2000,3000,charles_dickens,13,gutenberg_texts/46.txt,0.0870278740800764,0.021749288048789867,-0.06527858603128653,6,False,oscar_wilde
flash,all_authors,f1,1000,4,3000,4000,charles_dickens,13,gutenberg_texts/46.txt,0.06129191021692445,0.02156785273774029,-0.03972405747918416,5,False,oscar_wilde
flash,all_authors,f1,1000,5,4000,5000,charles_dickens,13,gutenberg_texts/46.txt,0.13082688033974377,0.08039368195141051,-0.05043319838833325,6,False,oscar_wilde
flash,all_authors,f1,1000,1,0,1000,charles_dickens,14,gutenberg_texts/98.txt,0.1333007907484719,0.11751653371502342,-0.015784257033448476,5,False,jane_austen
flash,all_authors,f1,1000,2,1000,2000,charles_dickens,14,gutenberg_texts/98.txt,0.2611479006267873,0.14496108234632024,-0.11618681828046704,6,False,mary_shelley
flash,all_authors,f1,1000,3,2000,3000,charles_dickens,14,gutenberg_texts/98.txt,0.20775851281352686,0.11773143590872359,-0.09002707690480327,6,False,mary_shelley
flash,all_authors,f1,1000,4,3000,4000,charles_dickens,14,gutenberg_texts/98.txt,0.1595872665615883,0.09661196288268935,-0.06297530367889896,6,False,joseph_conrad
flash,all_authors,f1,1000,5,4000,5000,charles_dickens,14,gutenberg_texts/98.txt,0.23423118701810583,0.13237369633891846,-0.10185749067918737,6,False,joseph_conrad
flash,all_authors,f1,1000,1,0,1000,charles_dickens,15,gutenberg_texts/1400.txt,0.16100193076773958,0.1088455190177764,-0.05215641174996319,4,False,mary_shelley
flash,all_authors,f1,1000,2,1000,2000,charles_dickens,15,gutenberg_texts/1400.txt,0.08831698306307566,0.031113364054277573,-0.057203619008798084,6,False,oscar_wilde
flash,all_authors,f1,1000,3,2000,3000,charles_dickens,15,gutenberg_texts/1400.txt,0.18389449636084781,0.1095955605253807,-0.07429893583546711,6,False,mary_shelley
flash,all_authors,f1,1000,4,3000,4000,charles_dickens,15,gutenberg_texts/1400.txt,0.12305447978523838,0.07155767628043923,-0.051496803504799155,6,False,joseph_conrad
flash,all_authors,f1,1000,5,4000,5000,charles_dickens,15,gutenberg_texts/1400.txt,0.07170459741911107,0.06101376654159066,-0.010690830877520416,3,False,oscar_wilde
flash,all_authors,f1,1000,1,0,1000,charles_dickens,16,gutenberg_texts/46.txt,0.06812046105344183,0.06185659608123488,-0.006263864972206948,2,False,oscar_wilde
flash,all_authors,f1,1000,2,1000,2000,charles_dickens,16,gutenberg_texts/46.txt,0.02898285018302559,0.02289601433014751,-0.006086835852878079,4,False,arthur_conan_doyle
flash,all_authors,f1,1000,3,2000,3000,charles_dickens,16,gutenberg_texts/46.txt,0.030649592446517174,0.022341917407484528,-0.008307675039032646,4,False,herbert_george_wells
flash,all_authors,f1,1000,4,3000,4000,charles_dickens,16,gutenberg_texts/46.txt,0.04060244981975096,0.02790324990939753,-0.01269919991035343,3,False,oscar_wilde
flash,all_authors,f1,1000,5,4000,5000,charles_dickens,16,gutenberg_texts/46.txt,0.04015192554522824,0.01999741802320205,-0.02015450752202619,4,False,herbert_george_wells
flash,all_authors,f1,1000,1,0,1000,charles_dickens,17,gutenberg_texts/98.txt,0.07402140821501506,0.0547749329504578,-0.019246475264557257,5,False,jane_austen
flash,all_authors,f1,1000,2,1000,2000,charles_dickens,17,gutenberg_texts/98.txt,0.11628422623278538,0.04006070131783875,-0.07622352491494663,5,False,oscar_wilde
flash,all_authors,f1,1000,3,2000,3000,charles_dickens,17,gutenberg_texts/98.txt,0.10988829249638511,0.044785058775274125,-0.06510323372111099,6,False,oscar_wilde
flash,all_authors,f1,1000,4,3000,4000,charles_dickens,17,gutenberg_texts/98.txt,0.1452499254280319,0.06647799009248315,-0.07877193533554874,6,False,joseph_conrad
flash,all_authors,f1,1000,5,4000,5000,charles_dickens,17,gutenberg_texts/98.txt,0.19496033952487404,0.08953077524691884,-0.1054295642779552,8,False,joseph_conrad
flash,all_authors,f1,1000,1,0,1000,charles_dickens,18,gutenberg_texts/1400.txt,0.30992547449848756,0.18828567823463155,-0.12163979626385601,3,False,mary_shelley
flash,all_authors,f1,1000,2,1000,2000,charles_dickens,18,gutenberg_texts/1400.txt,0.25948906728409743,0.14293712113739654,-0.11655194614670089,5,False,mary_shelley
flash,all_authors,f1,1000,3,2000,3000,charles_dickens,18,gutenberg_texts/1400.txt,0.2336952748333045,0.12875151972746846,-0.10494375510583603,6,False,mary_shelley
flash,all_authors,f1,1000,4,3000,4000,charles_dickens,18,gutenberg_texts/1400.txt,0.2147736594923934,0.12730621242140294,-0.08746744707099047,5,False,mary_shelley
flash,all_authors,f1,1000,5,4000,5000,charles_dickens,18,gutenberg_texts/1400.txt,0.20721901787795013,0.1198955154251439,-0.08732350245280623,5,False,mary_shelley
flash,all_authors,f1,1000,1,0,1000,charles_dickens,19,gutenberg_texts/46.txt,0.04227939375872581,0.049799982703388306,0.007520588944662496,1,True,charles_dickens
flash,all_authors,f1,1000,2,1000,2000,charles_dickens,19,gutenberg_texts/46.txt,0.11008906208765501,0.09538859340161093,-0.014700468686044077,5,False,joseph_conrad
flash,all_authors,f1,1000,3,2000,3000,charles_dickens,19,gutenberg_texts/46.txt,0.26307764032512915,0.14470227269650326,-0.11837536762862588,6,False,mary_shelley
flash,all_authors,f1,1000,4,3000,4000,charles_dickens,19,gutenberg_texts/46.txt,0.07496696027164637,0.03179374664917369,-0.04317321362247268,4,False,oscar_wilde
flash,all_authors,f1,1000,5,4000,5000,charles_dickens,19,gutenberg_texts/46.txt,0.17022328627598582,0.0921318318615489,-0.07809145441443692,6,False,mary_shelley
flash,all_authors,f1,1000,1,0,1000,charles_dickens,20,gutenberg_texts/98.txt,0.11458444876509745,0.06505437867290371,-0.049530070092193734,5,False,oscar_wilde
flash,all_authors,f1,1000,2,1000,2000,charles_dickens,20,gutenberg_texts/98.txt,0.12464399743712234,0.049911580953091374,-0.07473241648403098,6,False,oscar_wilde
flash,all_authors,f1,1000,3,2000,3000,charles_dickens,20,gutenberg_texts/98.txt,0.13819366222173635,0.060315990248559465,-0.07787767197317688,7,False,oscar_wilde
flash,all_authors,f1,1000,4,3000,4000,charles_dickens,20,gutenberg_texts/98.txt,0.14381836524573796,0.06100753111665699,-0.08281083412908097,6,False,joseph_conrad
flash,all_authors,f1,1000,5,4000,5000,charles_dickens,20,gutenberg_texts/98.txt,0.04055222829426162,0.02299071228904738,-0.017561516005214238,5,False,arthur_conan_doyle
flash,all_authors,f1,1000,1,0,1000,mark_twain,1,gutenberg_texts/74.txt,0.11667746905095037,0.026202379067436894,-0.09047508998351347,8,False,oscar_wilde
flash,all_authors,f1,1000,2,1000,2000,mark_twain,1,gutenberg_texts/74.txt,0.11097479589428846,0.008925958699744994,-0.10204883719454347,7,False,herbert_george_wells
flash,all_authors,f1,1000,3,2000,3000,mark_twain,1,gutenberg_texts/74.txt,0.03910729181394806,0.022683550539926947,-0.01642374127402111,4,False,oscar_wilde
flash,all_authors,f1,1000,4,3000,4000,mark_twain,1,gutenberg_texts/74.txt,0.12639874126410744,0.041083198765370095,-0.08531554249873735,8,False,oscar_wilde
flash,all_authors,f1,1000,5,4000,5000,mark_twain,1,gutenberg_texts/74.txt,0.16067767894570717,0.07781978596829006,-0.08285789297741711,9,False,joseph_conrad
flash,all_authors,f1,1000,1,0,1000,mark_twain,2,gutenberg_texts/76.txt,0.09706556437575278,0.02053708251373921,-0.07652848186201358,10,False,mary_shelley
flash,all_authors,f1,1000,2,1000,2000,mark_twain,2,gutenberg_texts/76.txt,0.11134288454910561,0.03584082672211206,-0.07550205782699355,7,False,arthur_conan_doyle
flash,all_authors,f1,1000,3,2000,3000,mark_twain,2,gutenberg_texts/76.txt,0.1368342132689464,0.05500724378183201,-0.08182696948711439,7,False,oscar_wilde
flash,all_authors,f1,1000,4,3000,4000,mark_twain,2,gutenberg_texts/76.txt,0.17586134544837073,0.05383990240861236,-0.12202144303975837,8,False,oscar_wilde
flash,all_authors,f1,1000,5,4000,5000,mark_twain,2,gutenberg_texts/76.txt,0.2352009858619134,0.08789857960858068,-0.14730240625333274,9,False,joseph_conrad
flash,all_authors,f1,1000,1,0,1000,mark_twain,3,gutenberg_texts/74.txt,0.0952049706909633,0.04729326721224329,-0.04791170347872001,8,False,oscar_wilde
flash,all_authors,f1,1000,2,1000,2000,mark_twain,3,gutenberg_texts/74.txt,0.2581116298014116,0.13953966326426004,-0.11857196653715157,8,False,mary_shelley
flash,all_authors,f1,1000,3,2000,3000,mark_twain,3,gutenberg_texts/74.txt,0.3114804002094361,0.15454969352887785,-0.15693070668055828,7,False,mary_shelley
flash,all_authors,f1,1000,4,3000,4000,mark_twain,3,gutenberg_texts/74.txt,0.14455705836891009,0.05106234044148619,-0.09349471792742389,9,False,charles_dickens
flash,all_authors,f1,1000,5,4000,5000,mark_twain,3,gutenberg_texts/74.txt,0.2737766444957947,0.12968413855975136,-0.14409250593604334,6,False,mary_shelley
flash,all_authors,f1,1000,1,0,1000,mark_twain,4,gutenberg_texts/76.txt,0.1474430108105106,0.05069799153816234,-0.09674501927234824,9,False,oscar_wilde
flash,all_authors,f1,1000,2,1000,2000,mark_twain,4,gutenberg_texts/76.txt,0.18279957250203396,0.07665978089317028,-0.10613979160886368,9,False,oscar_wilde
flash,all_authors,f1,1000,3,2000,3000,mark_twain,4,gutenberg_texts/76.txt,0.2249919870613135,0.09138521901416377,-0.13360676804714972,9,False,mary_shelley
flash,all_authors,f1,1000,4,3000,4000,mark_twain,4,gutenberg_texts/76.txt,0.20691645650989254,0.08437485737507172,-0.12254159913482082,8,False,mary_shelley
flash,all_authors,f1,1000,5,4000,5000,mark_twain,4,gutenberg_texts/76.txt,0.1622682873369058,0.055878285562695175,-0.10639000177421062,8,False,mary_shelley
flash,all_authors,f1,1000,1,0,1000,mark_twain,5,gutenberg_texts/74.txt,0.11279389500725076,0.04699463851769329,-0.06579925648955748,8,False,herbert_george_wells
flash,all_authors,f1,1000,2,1000,2000,mark_twain,5,gutenberg_texts/74.txt,0.02619187093677682,0.010527324116712275,-0.015664546820064545,6,False,oscar_wilde
flash,all_authors,f1,1000,3,2000,3000,mark_twain,5,gutenberg_texts/74.txt,0.13649026478207074,0.04989026206721896,-0.08660000271485178,8,False,oscar_wilde
flash,all_authors,f1,1000,4,3000,4000,mark_twain,5,gutenberg_texts/74.txt,0.15581771193765126,0.0729199457466971,-0.08289776619095415,8,False,oscar_wilde
flash,all_authors,f1,1000,5,4000,5000,mark_twain,5,gutenberg_texts/74.txt,0.16903980593684567,0.08966704071182423,-0.07937276522502144,8,False,oscar_wilde
flash,all_authors,f1,1000,1,0,1000,mark_twain,6,gutenberg_texts/76.txt,0.1051552546011997,0.03929321680186896,-0.06586203779933075,8,False,herbert_george_wells
flash,all_authors,f1,1000,2,1000,2000,mark_twain,6,gutenberg_texts/76.txt,0.08064298256980627,0.017677800283046798,-0.06296518228675947,5,False,arthur_conan_doyle
flash,all_authors,f1,1000,3,2000,3000,mark_twain,6,gutenberg_texts/76.txt,0.08515727950514503,0.022843362960360998,-0.06231391654478403,7,False,herbert_george_wells
flash,all_authors,f1,1000,4,3000,4000,mark_twain,6,gutenberg_texts/76.txt,0.07440135961465234,0.027643823187201527,-0.04675753642745081,4,False,arthur_conan_doyle
flash,all_authors,f1,1000,5,4000,5000,mark_twain,6,gutenberg_texts/76.txt,0.05920943826806441,0.013835301107369292,-0.04537413716069512,4,False,herbert_george_wells
flash,all_authors,f1,1000,1,0,1000,mark_twain,7,gutenberg_texts/74.txt,0.11931652959072231,0.057363634305763585,-0.061952895284958724,8,False,oscar_wilde
flash,all_authors,f1,1000,2,1000,2000,mark_twain,7,gutenberg_texts/74.txt,0.23395177540168266,0.135501470024526,-0.09845030537715665,6,False,joseph_conrad
flash,all_authors,f1,1000,3,2000,3000,mark_twain,7,gutenberg_texts/74.txt,0.19984044469158524,0.10849921414251865,-0.0913412305490666,8,False,joseph_conrad
flash,all_authors,f1,1000,4,3000,4000,mark_twain,7,gutenberg_texts/74.txt,0.1187133842782944,0.02706745053093319,-0.09164593374736121,8,False,oscar_wilde
flash,all_authors,f1,1000,5,4000,5000,mark_twain,7,gutenberg_texts/74.txt,0.13716405549256497,0.04866486892804646,-0.08849918656451851,8,False,oscar_wilde
flash,all_authors,f1,1000,1,0,1000,mark_twain,8,gutenberg_texts/76.txt,0.08006924988366457,0.010641269199396963,-0.0694279806842676,9,False,jane_austen
flash,all_authors,f1,1000,2,1000,2000,mark_twain,8,gutenberg_texts/76.txt,0.18050917892587715,0.06273531309246887,-0.11777386583340828,9,False,oscar_wilde
flash,all_authors,f1,1000,3,2000,3000,mark_twain,8,gutenberg_texts/76.txt,0.1522027230541994,0.05453104700050349,-0.09767167605369592,9,False,oscar_wilde
flash,all_authors,f1,1000,4,3000,4000,mark_twain,8,gutenberg_texts/76.txt,0.1434432485533865,0.032760055993722274,-0.11068319255966422,8,False,oscar_wilde
flash,all_authors,f1,1000,5,4000,5000,mark_twain,8,gutenberg_texts/76.txt,0.24483036405346328,0.09534886749028447,-0.14948149656317883,8,False,joseph_conrad
flash,all_authors,f1,1000,1,0,1000,mark_twain,9,gutenberg_texts/74.txt,0.0912216722390837,0.015726165635404674,-0.07549550660367903,8,False,herbert_george_wells
flash,all_authors,f1,1000,2,1000,2000,mark_twain,9,gutenberg_texts/74.txt,0.05842201232175431,0.020489326727286317,-0.037932685594467996,5,False,oscar_wilde
flash,all_authors,f1,1000,3,2000,3000,mark_twain,9,gutenberg_texts/74.txt,0.022800029039925195,0.005501388060403345,-0.01729864097952185,4,False,herbert_george_wells
flash,all_authors,f1,1000,4,3000,4000,mark_twain,9,gutenberg_texts/74.txt,0.12833082292210016,0.04104742095894263,-0.08728340196315754,8,False,oscar_wilde
flash,all_authors,f1,1000,5,4000,5000,mark_twain,9,gutenberg_texts/74.txt,0.14090217616596887,0.04959423083316826,-0.09130794533280061,8,False,oscar_wilde
flash,all_authors,f1,1000,1,0,1000,mark_twain,10,gutenberg_texts/76.txt,0.13221577203968715,0.05922943189989808,-0.07298634013978908,6,False,charles_dickens
flash,all_authors,f1,1000,2,1000,2000,mark_twain,10,gutenberg_texts/76.txt,0.3507015878494857,0.12570954522355104,-0.22499204262593464,9,False,mary_shelley
flash,all_authors,f1,1000,3,2000,3000,mark_twain,10,gutenberg_texts/76.txt,0.4352584338466438,0.16936434683726043,-0.2658940870093834,9,False,mary_shelley
flash,all_authors,f1,1000,4,3000,4000,mark_twain,10,gutenberg_texts/76.txt,0.17647274703112095,0.06725514016794026,-0.10921760686318069,9,False,charles_dickens
flash,all_authors,f1,1000,5,4000,5000,mark_twain,10,gutenberg_texts/76.txt,0.2523249256561161,0.11346113447314528,-0.13886379118297082,9,False,charles_dickens
flash,all_authors,f1,1000,1,0,1000,mark_twain,11,gutenberg_texts/74.txt,0.18077716292532417,0.10651896122849244,-0.07425820169683173,7,False,oscar_wilde
flash,all_authors,f1,1000,2,1000,2000,mark_twain,11,gutenberg_texts/74.txt,0.1350181024994149,0.0477239871448108,-0.0872941153546041,9,False,oscar_wilde
flash,all_authors,f1,1000,3,2000,3000,mark_twain,11,gutenberg_texts/74.txt,0.13281671831405056,0.055108778085963595,-0.07770794022808697,9,False,oscar_wilde
flash,all_authors,f1,1000,4,3000,4000,mark_twain,11,gutenberg_texts/74.txt,0.1608580274154876,0.07564742214335207,-0.08521060527213553,9,False,oscar_wilde
flash,all_authors,f1,1000,5,4000,5000,mark_twain,11,gutenberg_texts/74.txt,0.08305440110215921,0.021259349774153127,-0.061795051328006084,7,False,oscar_wilde
flash,all_authors,f1,1000,1,0,1000,mark_twain,12,gutenberg_texts/76.txt,0.048632367399942866,0.015415244993960728,-0.03321712240598214,8,False,jane_austen
flash,all_authors,f1,1000,2,1000,2000,mark_twain,12,gutenberg_texts/76.txt,0.0700500100794043,0.02737646339936675,-0.04267354668003755,7,False,oscar_wilde
flash,all_authors,f1,1000,3,2000,3000,mark_twain,12,gutenberg_texts/76.txt,0.07137719115806951,0.006036345631936014,-0.06534084552613349,8,False,joseph_conrad
flash,all_authors,f1,1000,4,3000,4000,mark_twain,12,gutenberg_texts/76.txt,0.0851404571913004,0.007081123094101185,-0.07805933409719922,7,False,joseph_conrad
flash,all_authors,f1,1000,5,4000,5000,mark_twain,12,gutenberg_texts/76.txt,0.06956888866227355,0.009364240187728388,-0.06020464847454517,8,False,joseph_conrad
flash,all_authors,f1,1000,1,0,1000,mark_twain,13,gutenberg_texts/74.txt,0.08001668423365045,0.030789799401678312,-0.04922688483197214,8,False,oscar_wilde
flash,all_authors,f1,1000,2,1000,2000,mark_twain,13,gutenberg_texts/74.txt,0.1153497750603622,0.029926642524481496,-0.08542313253588071,5,False,oscar_wilde
flash,all_authors,f1,1000,3,2000,3000,mark_twain,13,gutenberg_texts/74.txt,0.14203503061155262,0.03610872297223942,-0.10592630763931321,8,False,oscar_wilde
flash,all_authors,f1,1000,4,3000,4000,mark_twain,13,gutenberg_texts/74.txt,0.09656876473031085,0.014720878165411837,-0.08184788656489903,7,False,herbert_george_wells
flash,all_authors,f1,1000,5,4000,5000,mark_twain,13,gutenberg_texts/74.txt,0.11442106724624272,0.037267546257033615,-0.0771535209892091,8,False,oscar_wilde
flash,all_authors,f1,1000,1,0,1000,mark_twain,14,gutenberg_texts/76.txt,0.07273530407897573,0.013513449082013976,-0.059221854996961754,4,False,arthur_conan_doyle
flash,all_authors,f1,1000,2,1000,2000,mark_twain,14,gutenberg_texts/76.txt,0.10074331734045275,0.031235210611121108,-0.06950810672933164,3,False,arthur_conan_doyle
flash,all_authors,f1,1000,3,2000,3000,mark_twain,14,gutenberg_texts/76.txt,0.04530009464309024,0.014724504071383622,-0.03057559057170662,4,False,arthur_conan_doyle
flash,all_authors,f1,1000,4,3000,4000,mark_twain,14,gutenberg_texts/76.txt,0.03614651943833864,0.005089859307209848,-0.031056660131128788,5,False,herbert_george_wells
flash,all_authors,f1,1000,5,4000,5000,mark_twain,14,gutenberg_texts/76.txt,0.09464561493642477,0.028139303666575216,-0.06650631126984956,7,False,oscar_wilde
flash,all_authors,f1,1000,1,0,1000,mark_twain,15,gutenberg_texts/74.txt,0.09074832793633776,0.04440431732614734,-0.046344010610190424,8,False,oscar_wilde
flash,all_authors,f1,1000,2,1000,2000,mark_twain,15,gutenberg_texts/74.txt,0.13205562003645388,0.0583313720385842,-0.07372424799786968,9,False,oscar_wilde
flash,all_authors,f1,1000,3,2000,3000,mark_twain,15,gutenberg_texts/74.txt,0.11014859523739226,0.035853578302412405,-0.07429501693497986,7,False,oscar_wilde
flash,all_authors,f1,1000,4,3000,4000,mark_twain,15,gutenberg_texts/74.txt,0.09663596904587998,0.016214929560804454,-0.08042103948507554,7,False,arthur_conan_doyle
flash,all_authors,f1,1000,5,4000,5000,mark_twain,15,gutenberg_texts/74.txt,0.11500125555215839,0.025869114386781987,-0.0891321411653764,7,False,arthur_conan_doyle
flash,all_authors,f1,1000,1,0,1000,mark_twain,16,gutenberg_texts/76.txt,0.15344299940053865,0.04649666845460471,-0.10694633094593395,9,False,oscar_wilde
flash,all_authors,f1,1000,2,1000,2000,mark_twain,16,gutenberg_texts/76.txt,0.36420728310051065,0.15120027697177613,-0.21300700612873452,9,False,mary_shelley
flash,all_authors,f1,1000,3,2000,3000,mark_twain,16,gutenberg_texts/76.txt,0.17138350467537156,0.07404347558694674,-0.09734002908842482,9,False,oscar_wilde
flash,all_authors,f1,1000,4,3000,4000,mark_twain,16,gutenberg_texts/76.txt,0.16772954998385212,0.08372766550696382,-0.08400188447688829,9,False,oscar_wilde
flash,all_authors,f1,1000,5,4000,5000,mark_twain,16,gutenberg_texts/76.txt,0.1619627537944344,0.06541894522385264,-0.09654380857058176,8,False,joseph_conrad
flash,all_authors,f1,1000,1,0,1000,mark_twain,17,gutenberg_texts/74.txt,0.19883553059353093,0.11402039981326555,-0.08481513078026538,7,False,mary_shelley
flash,all_authors,f1,1000,2,1000,2000,mark_twain,17,gutenberg_texts/74.txt,0.2782802583486014,0.13711890637642193,-0.14116135197217944,8,False,mary_shelley
flash,all_authors,f1,1000,3,2000,3000,mark_twain,17,gutenberg_texts/74.txt,0.2868433225974475,0.1479900172300031,-0.1388533053674444,7,False,mary_shelley
flash,all_authors,f1,1000,4,3000,4000,mark_twain,17,gutenberg_texts/74.txt,0.2741228874647452,0.1409275555057185,-0.13319533195902672,6,False,mary_shelley
flash,all_authors,f1,1000,5,4000,5000,mark_twain,17,gutenberg_texts/74.txt,0.25613043260466606,0.1291963813765706,-0.12693405122809545,8,False,mary_shelley
flash,all_authors,f1,1000,1,0,1000,mark_twain,18,gutenberg_texts/76.txt,0.18489178701033257,0.06972253558040276,-0.11516925142992981,9,False,oscar_wilde
flash,all_authors,f1,1000,2,1000,2000,mark_twain,18,gutenberg_texts/76.txt,0.1312189706704012,0.03934101162877242,-0.09187795904162878,8,False,oscar_wilde
flash,all_authors,f1,1000,3,2000,3000,mark_twain,18,gutenberg_texts/76.txt,0.14929619074785547,0.055993221513322915,-0.09330296923453255,9,False,joseph_conrad
flash,all_authors,f1,1000,4,3000,4000,mark_twain,18,gutenberg_texts/76.txt,0.2663109272262289,0.12697502200112032,-0.13933590522510858,9,False,mary_shelley
flash,all_authors,f1,1000,5,4000,5000,mark_twain,18,gutenberg_texts/76.txt,0.1685084099942693,0.06715092200764944,-0.10135748798661987,9,False,joseph_conrad
flash,all_authors,f1,1000,1,0,1000,mark_twain,19,gutenberg_texts/74.txt,0.09380210177899077,0.028225807958015894,-0.06557629382097488,8,False,oscar_wilde
flash,all_authors,f1,1000,2,1000,2000,mark_twain,19,gutenberg_texts/74.txt,0.0389840655334274,0.003441094966277083,-0.03554297056715031,4,False,joseph_conrad
flash,all_authors,f1,1000,3,2000,3000,mark_twain,19,gutenberg_texts/74.txt,0.13404962237026494,0.03713553834792126,-0.09691408402234368,8,False,oscar_wilde
flash,all_authors,f1,1000,4,3000,4000,mark_twain,19,gutenberg_texts/74.txt,0.1515568679633451,0.05156383588526754,-0.09999303207807757,9,False,oscar_wilde
flash,all_authors,f1,1000,5,4000,5000,mark_twain,19,gutenberg_texts/74.txt,0.09642388836350667,0.011335770567354434,-0.08508811779615223,8,False,oscar_wilde
flash,all_authors,f1,1000,1,0,1000,mark_twain,20,gutenberg_texts/76.txt,0.12238636595067474,0.04182045367991802,-0.08056591227075673,8,False,oscar_wilde
flash,all_authors,f1,1000,2,1000,2000,mark_twain,20,gutenberg_texts/76.txt,0.2919858606677248,0.12287952342239628,-0.16910633724532853,9,False,mary_shelley
flash,all_authors,f1,1000,3,2000,3000,mark_twain,20,gutenberg_texts/76.txt,0.2185340958507888,0.10517243750864068,-0.11336165834214813,9,False,joseph_conrad
flash,all_authors,f1,1000,4,3000,4000,mark_twain,20,gutenberg_texts/76.txt,0.3266627928874101,0.05396047126897348,-0.27270232161843666,9,False,mary_shelley
flash,all_authors,f1,1000,5,4000,5000,mark_twain,20,gutenberg_texts/76.txt,0.2673486155121237,0.12948286414906696,-0.13786575136305673,9,False,mary_shelley
flash,all_authors,f1,1000,1,0,1000,arthur_conan_doyle,1,gutenberg_texts/1661.txt,0.052136565882403674,0.03130830553250361,-0.02082826034990006,3,False,oscar_wilde
flash,all_authors,f1,1000,2,1000,2000,arthur_conan_doyle,1,gutenberg_texts/1661.txt,0.05196973245554484,0.01665941669037289,-0.03531031576517195,6,False,oscar_wilde
flash,all_authors,f1,1000,3,2000,3000,arthur_conan_doyle,1,gutenberg_texts/1661.txt,0.11641865201007315,0.019903398270357985,-0.09651525373971516,10,False,mary_shelley
flash,all_authors,f1,1000,4,3000,4000,arthur_conan_doyle,1,gutenberg_texts/1661.txt,0.011500410876125272,0.001070036980392355,-0.010430373895732916,3,False,herbert_george_wells
flash,all_authors,f1,1000,5,4000,5000,arthur_conan_doyle,1,gutenberg_texts/1661.txt,0.03152411681949222,0.02420791648651275,-0.007316200332979472,2,False,herbert_george_wells
flash,all_authors,f1,1000,1,0,1000,arthur_conan_doyle,2,gutenberg_texts/244.txt,0.04289854602889995,0.03706492183962245,-0.005833624189277499,3,False,oscar_wilde
flash,all_authors,f1,1000,2,1000,2000,arthur_conan_doyle,2,gutenberg_texts/244.txt,0.08263647403198073,0.025896538116155367,-0.05673993591582536,4,False,oscar_wilde
flash,all_authors,f1,1000,3,2000,3000,arthur_conan_doyle,2,gutenberg_texts/244.txt,0.08206298637057016,0.020405336754031795,-0.06165764961653837,4,False,oscar_wilde
flash,all_authors,f1,1000,4,3000,4000,arthur_conan_doyle,2,gutenberg_texts/244.txt,0.0423157026528016,0.019039793285453247,-0.023275909367348354,3,False,herbert_george_wells
flash,all_authors,f1,1000,5,4000,5000,arthur_conan_doyle,2,gutenberg_texts/244.txt,0.027906710607743326,0.013550677066247251,-0.014356033541496074,3,False,herbert_george_wells
flash,all_authors,f1,1000,1,0,1000,arthur_conan_doyle,3,gutenberg_texts/2852.txt,0.06640347048177356,0.029130350887149922,-0.037273119594623635,6,False,jane_austen
flash,all_authors,f1,1000,2,1000,2000,arthur_conan_doyle,3,gutenberg_texts/2852.txt,0.0769507359877042,0.04439519613203541,-0.032555539855668794,4,False,oscar_wilde
flash,all_authors,f1,1000,3,2000,3000,arthur_conan_doyle,3,gutenberg_texts/2852.txt,0.02739815925287129,0.005164132481943352,-0.02223402677092794,9,False,oscar_wilde
flash,all_authors,f1,1000,4,3000,4000,arthur_conan_doyle,3,gutenberg_texts/2852.txt,0.04802962627366992,0.022494284292289286,-0.025535341981380633,4,False,oscar_wilde
flash,all_authors,f1,1000,5,4000,5000,arthur_conan_doyle,3,gutenberg_texts/2852.txt,0.056568024934424026,0.03156678203135359,-0.025001242903070438,4,False,oscar_wilde
flash,all_authors,f1,1000,1,0,1000,arthur_conan_doyle,4,gutenberg_texts/1661.txt,0.07405819940942239,0.043856609979376536,-0.030201589430045854,5,False,oscar_wilde
flash,all_authors,f1,1000,2,1000,2000,arthur_conan_doyle,4,gutenberg_texts/1661.txt,0.031124822764895095,0.01039473846026813,-0.020730084304626965,7,False,jane_austen
flash,all_authors,f1,1000,3,2000,3000,arthur_conan_doyle,4,gutenberg_texts/1661.txt,0.028586564554671443,0.024003947294658733,-0.00458261726001271,2,False,oscar_wilde
flash,all_authors,f1,1000,4,3000,4000,arthur_conan_doyle,4,gutenberg_texts/1661.txt,0.021146958205613443,0.011111937723029488,-0.010035020482583956,5,False,agnes_may_fleming
flash,all_authors,f1,1000,5,4000,5000,arthur_conan_doyle,4,gutenberg_texts/1661.txt,0.02127786262414591,0.007488165696783096,-0.013789696927362814,3,False,herbert_george_wells
flash,all_authors,f1,1000,1,0,1000,arthur_conan_doyle,5,gutenberg_texts/244.txt,0.26788747793112183,0.09145941702080954,-0.1764280609103123,9,False,mary_shelley
flash,all_authors,f1,1000,2,1000,2000,arthur_conan_doyle,5,gutenberg_texts/244.txt,0.31719518563828786,0.09857778434992727,-0.2186174012883606,10,False,mary_shelley
flash,all_authors,f1,1000,3,2000,3000,arthur_conan_doyle,5,gutenberg_texts/244.txt,0.3237465643358241,0.10078739460889077,-0.22295916972693333,10,False,mary_shelley
flash,all_authors,f1,1000,4,3000,4000,arthur_conan_doyle,5,gutenberg_texts/244.txt,0.20602107281429047,0.08135142035748233,-0.12466965245680814,10,False,joseph_conrad
flash,all_authors,f1,1000,5,4000,5000,arthur_conan_doyle,5,gutenberg_texts/244.txt,0.22528490669091794,0.08355855619109416,-0.1417263504998238,9,False,mary_shelley
flash,all_authors,f1,1000,1,0,1000,arthur_conan_doyle,6,gutenberg_texts/2852.txt,0.06382025461557592,0.022317760299387167,-0.04150249431618875,6,False,jane_austen
flash,all_authors,f1,1000,2,1000,2000,arthur_conan_doyle,6,gutenberg_texts/2852.txt,0.03666838010285452,0.001506344116581385,-0.035162035986273134,7,False,jane_austen
flash,all_authors,f1,1000,3,2000,3000,arthur_conan_doyle,6,gutenberg_texts/2852.txt,0.03157651420769597,0.029262686944176393,-0.0023138272635195786,2,False,herbert_george_wells
flash,all_authors,f1,1000,4,3000,4000,arthur_conan_doyle,6,gutenberg_texts/2852.txt,0.03501905079908071,0.024142956109445668,-0.01087609468963504,3,False,herbert_george_wells
flash,all_authors,f1,1000,5,4000,5000,arthur_conan_doyle,6,gutenberg_texts/2852.txt,0.09165945350042037,0.04977090006503017,-0.041888553435390205,7,False,oscar_wilde
flash,all_authors,f1,1000,1,0,1000,arthur_conan_doyle,7,gutenberg_texts/1661.txt,0.32807831676875043,0.16772271902499894,-0.1603555977437515,9,False,mary_shelley
flash,all_authors,f1,1000,2,1000,2000,arthur_conan_doyle,7,gutenberg_texts/1661.txt,0.06263994012169884,0.042666135664468544,-0.019973804457230293,2,False,oscar_wilde
flash,all_authors,f1,1000,3,2000,3000,arthur_conan_doyle,7,gutenberg_texts/1661.txt,0.04703502065108729,0.016612697078789502,-0.03042232357229779,4,False,oscar_wilde
flash,all_authors,f1,1000,4,3000,4000,arthur_conan_doyle,7,gutenberg_texts/1661.txt,0.0404546847409694,0.024026817311022006,-0.016427867429947396,4,False,oscar_wilde
flash,all_authors,f1,1000,5,4000,5000,arthur_conan_doyle,7,gutenberg_texts/1661.txt,0.08483917094342068,0.03599240948003793,-0.04884676146338275,5,False,oscar_wilde
flash,all_authors,f1,1000,1,0,1000,arthur_conan_doyle,8,gutenberg_texts/244.txt,0.11774312957906842,0.08000068235416191,-0.03774244722490651,6,False,oscar_wilde
flash,all_authors,f1,1000,2,1000,2000,arthur_conan_doyle,8,gutenberg_texts/244.txt,0.09019235282865501,0.028484280466234795,-0.061708072362420215,7,False,oscar_wilde
flash,all_authors,f1,1000,3,2000,3000,arthur_conan_doyle,8,gutenberg_texts/244.txt,0.09097667194941321,0.02757328042405203,-0.06340339152536117,4,False,oscar_wilde
flash,all_authors,f1,1000,4,3000,4000,arthur_conan_doyle,8,gutenberg_texts/244.txt,0.051496909358822965,0.01949652008394042,-0.032000389274882544,4,False,herbert_george_wells
flash,all_authors,f1,1000,5,4000,5000,arthur_conan_doyle,8,gutenberg_texts/244.txt,0.09840628917768868,0.02337914769116288,-0.0750271414865258,8,False,oscar_wilde
flash,all_authors,f1,1000,1,0,1000,arthur_conan_doyle,9,gutenberg_texts/2852.txt,0.1008058174936669,0.05750638486151446,-0.04329943263215245,7,False,oscar_wilde
flash,all_authors,f1,1000,2,1000,2000,arthur_conan_doyle,9,gutenberg_texts/2852.txt,0.028048578114478192,0.014569976520798325,-0.013478601593679867,3,False,oscar_wilde
flash,all_authors,f1,1000,3,2000,3000,arthur_conan_doyle,9,gutenberg_texts/2852.txt,0.00770184449697607,0.003252502684668458,-0.004449341812307612,2,False,herbert_george_wells
flash,all_authors,f1,1000,4,3000,4000,arthur_conan_doyle,9,gutenberg_texts/2852.txt,0.030725326903525675,0.016824374416259384,-0.013900952487266291,3,False,oscar_wilde
flash,all_authors,f1,1000,5,4000,5000,arthur_conan_doyle,9,gutenberg_texts/2852.txt,0.0235963871325643,0.02112427431625119,-0.0024721128163131094,3,False,oscar_wilde
flash,all_authors,f1,1000,1,0,1000,arthur_conan_doyle,10,gutenberg_texts/1661.txt,0.04747923001690786,0.027643173747421174,-0.019836056269486688,5,False,charles_dickens
flash,all_authors,f1,1000,2,1000,2000,arthur_conan_doyle,10,gutenberg_texts/1661.txt,0.03750613781641902,0.01559364042284768,-0.021912497393571338,8,False,jane_austen
flash,all_authors,f1,1000,3,2000,3000,arthur_conan_doyle,10,gutenberg_texts/1661.txt,0.06823400104694885,0.03774784356992041,-0.030486157477028437,3,False,oscar_wilde
flash,all_authors,f1,1000,4,3000,4000,arthur_conan_doyle,10,gutenberg_texts/1661.txt,0.08422460994551252,0.054309166966645415,-0.029915442978867106,6,False,herbert_george_wells
flash,all_authors,f1,1000,5,4000,5000,arthur_conan_doyle,10,gutenberg_texts/1661.txt,0.05576732564721436,0.033871427989984756,-0.0218958976572296,5,False,herbert_george_wells
flash,all_authors,f1,1000,1,0,1000,arthur_conan_doyle,11,gutenberg_texts/244.txt,0.2600857910458721,0.10872461897538935,-0.15136117207048275,9,False,mary_shelley
flash,all_authors,f1,1000,2,1000,2000,arthur_conan_doyle,11,gutenberg_texts/244.txt,0.1862590778419178,0.08127198161453622,-0.10498709622738159,9,False,joseph_conrad
flash,all_authors,f1,1000,3,2000,3000,arthur_conan_doyle,11,gutenberg_texts/244.txt,0.07451957896691155,0.033214813169712414,-0.04130476579719914,5,False,oscar_wilde
flash,all_authors,f1,1000,4,3000,4000,arthur_conan_doyle,11,gutenberg_texts/244.txt,0.21273631334813958,0.08360605509907536,-0.1291302582490642,9,False,joseph_conrad
flash,all_authors,f1,1000,5,4000,5000,arthur_conan_doyle,11,gutenberg_texts/244.txt,0.18174258014428413,0.08354795336702378,-0.09819462677726035,9,False,joseph_conrad
flash,all_authors,f1,1000,1,0,1000,arthur_conan_doyle,12,gutenberg_texts/2852.txt,0.04499080932178854,0.03876396474767681,-0.006226844574111733,2,False,charles_dickens
flash,all_authors,f1,1000,2,1000,2000,arthur_conan_doyle,12,gutenberg_texts/2852.txt,0.05576792787803544,0.04146114466387378,-0.014306783214161657,4,False,charles_dickens
flash,all_authors,f1,1000,3,2000,3000,arthur_conan_doyle,12,gutenberg_texts/2852.txt,0.03190326050269589,0.038767142300182356,0.006863881797486468,1,True,arthur_conan_doyle
flash,all_authors,f1,1000,4,3000,4000,arthur_conan_doyle,12,gutenberg_texts/2852.txt,0.03331390692807096,0.03494137216736915,0.001627465239298194,1,True,arthur_conan_doyle
flash,all_authors,f1,1000,5,4000,5000,arthur_conan_doyle,12,gutenberg_texts/2852.txt,0.09436139413292598,0.04933018588502247,-0.045031208247903506,4,False,oscar_wilde
flash,all_authors,f1,1000,1,0,1000,arthur_conan_doyle,13,gutenberg_texts/1661.txt,0.05825652866723977,0.05120547610233554,-0.00705105256490423,3,False,oscar_wilde
flash,all_authors,f1,1000,2,1000,2000,arthur_conan_doyle,13,gutenberg_texts/1661.txt,0.04498499237032359,0.026248876697750497,-0.018736115672573096,3,False,oscar_wilde
flash,all_authors,f1,1000,3,2000,3000,arthur_conan_doyle,13,gutenberg_texts/1661.txt,0.07239305106348924,0.03323979815532893,-0.03915325290816031,5,False,oscar_wilde
flash,all_authors,f1,1000,4,3000,4000,arthur_conan_doyle,13,gutenberg_texts/1661.txt,0.10419680940838633,0.04823710078355458,-0.055959708624831746,7,False,oscar_wilde
flash,all_authors,f1,1000,5,4000,5000,arthur_conan_doyle,13,gutenberg_texts/1661.txt,0.0906692736534714,0.03474317319021619,-0.055926100463255204,4,False,oscar_wilde
flash,all_authors,f1,1000,1,0,1000,arthur_conan_doyle,14,gutenberg_texts/244.txt,0.26526768463776434,0.09833646214046475,-0.16693122249729958,9,False,mary_shelley
flash,all_authors,f1,1000,2,1000,2000,arthur_conan_doyle,14,gutenberg_texts/244.txt,0.31598356859410015,0.13878058146569533,-0.17720298712840482,9,False,mary_shelley
flash,all_authors,f1,1000,3,2000,3000,arthur_conan_doyle,14,gutenberg_texts/244.txt,0.3515550116958926,0.10809820302805936,-0.24345680866783323,10,False,mary_shelley
flash,all_authors,f1,1000,4,3000,4000,arthur_conan_doyle,14,gutenberg_texts/244.txt,0.30034483198369916,0.10850373719693997,-0.1918410947867592,9,False,mary_shelley
flash,all_authors,f1,1000,5,4000,5000,arthur_conan_doyle,14,gutenberg_texts/244.txt,0.34896294055917937,0.134515173002401,-0.21444776755677836,10,False,mary_shelley
flash,all_authors,f1,1000,1,0,1000,arthur_conan_doyle,15,gutenberg_texts/2852.txt,0.17323700939572478,0.10510027395319765,-0.06813673544252713,5,False,oscar_wilde
flash,all_authors,f1,1000,2,1000,2000,arthur_conan_doyle,15,gutenberg_texts/2852.txt,0.11833050571367049,0.0650667545227478,-0.05326375119092269,8,False,oscar_wilde
flash,all_authors,f1,1000,3,2000,3000,arthur_conan_doyle,15,gutenberg_texts/2852.txt,0.2939440475034486,0.12263297639358132,-0.17131107110986726,9,False,mary_shelley
flash,all_authors,f1,1000,4,3000,4000,arthur_conan_doyle,15,gutenberg_texts/2852.txt,0.2658992910051102,0.10786115110040477,-0.15803813990470544,9,False,mary_shelley
flash,all_authors,f1,1000,5,4000,5000,arthur_conan_doyle,15,gutenberg_texts/2852.txt,0.2556402567871565,0.1139050341415826,-0.14173522264557392,9,False,mary_shelley
flash,all_authors,f1,1000,1,0,1000,arthur_conan_doyle,16,gutenberg_texts/1661.txt,0.0903883464842955,0.05647066596130113,-0.03391768052299437,4,False,oscar_wilde
flash,all_authors,f1,1000,2,1000,2000,arthur_conan_doyle,16,gutenberg_texts/1661.txt,0.06027338571617354,0.010424192623820498,-0.04984919309235304,9,False,oscar_wilde
flash,all_authors,f1,1000,3,2000,3000,arthur_conan_doyle,16,gutenberg_texts/1661.txt,0.0266162328557436,0.017923255444510372,-0.008692977411233229,2,False,oscar_wilde
flash,all_authors,f1,1000,4,3000,4000,arthur_conan_doyle,16,gutenberg_texts/1661.txt,0.07242479034216975,0.0125601808285049,-0.05986460951366485,9,False,joseph_conrad
flash,all_authors,f1,1000,5,4000,5000,arthur_conan_doyle,16,gutenberg_texts/1661.txt,0.0256784903358296,0.025158966578928917,-0.0005195237569006819,2,False,oscar_wilde
flash,all_authors,f1,1000,1,0,1000,arthur_conan_doyle,17,gutenberg_texts/244.txt,0.2601521792938712,0.0997958930884635,-0.1603562862054077,9,False,mary_shelley
flash,all_authors,f1,1000,2,1000,2000,arthur_conan_doyle,17,gutenberg_texts/244.txt,0.3527873062814558,0.1450594143737964,-0.20772789190765942,9,False,mary_shelley
flash,all_authors,f1,1000,3,2000,3000,arthur_conan_doyle,17,gutenberg_texts/244.txt,0.3253608287618336,0.09912691794842023,-0.22623391081341337,10,False,mary_shelley
flash,all_authors,f1,1000,4,3000,4000,arthur_conan_doyle,17,gutenberg_texts/244.txt,0.330936705404719,0.11873735315795106,-0.21219935224676792,10,False,mary_shelley
flash,all_authors,f1,1000,5,4000,5000,arthur_conan_doyle,17,gutenberg_texts/244.txt,0.39418092271120325,0.1524353107204558,-0.24174561199074746,9,False,mary_shelley
flash,all_authors,f1,1000,1,0,1000,arthur_conan_doyle,18,gutenberg_texts/2852.txt,0.060797341138488836,0.050334529852993054,-0.010462811285495782,2,False,oscar_wilde
flash,all_authors,f1,1000,2,1000,2000,arthur_conan_doyle,18,gutenberg_texts/2852.txt,0.10619482302892355,0.0520582065027807,-0.05413661652614285,6,False,oscar_wilde
flash,all_authors,f1,1000,3,2000,3000,arthur_conan_doyle,18,gutenberg_texts/2852.txt,0.12744848560002392,0.07427324620541847,-0.053175239394605445,4,False,oscar_wilde
flash,all_authors,f1,1000,4,3000,4000,arthur_conan_doyle,18,gutenberg_texts/2852.txt,0.09752491206405678,0.04046814728398961,-0.057056764780067167,4,False,oscar_wilde
flash,all_authors,f1,1000,5,4000,5000,arthur_conan_doyle,18,gutenberg_texts/2852.txt,0.07011044163881487,0.02240756078132773,-0.04770288085748714,4,False,oscar_wilde
flash,all_authors,f1,1000,1,0,1000,arthur_conan_doyle,19,gutenberg_texts/1661.txt,0.05706046626313948,0.025776171452812538,-0.03128429481032694,4,False,oscar_wilde
flash,all_authors,f1,1000,2,1000,2000,arthur_conan_doyle,19,gutenberg_texts/1661.txt,0.03550517545473463,0.04004260412517517,0.0045374286704405395,1,True,arthur_conan_doyle
flash,all_authors,f1,1000,3,2000,3000,arthur_conan_doyle,19,gutenberg_texts/1661.txt,0.01264374566468666,0.029161708083990767,0.01651796241930411,1,True,arthur_conan_doyle
flash,all_authors,f1,1000,4,3000,4000,arthur_conan_doyle,19,gutenberg_texts/1661.txt,0.0252833811799937,0.025897016468923582,0.0006136352889298813,1,True,arthur_conan_doyle
flash,all_authors,f1,1000,5,4000,5000,arthur_conan_doyle,19,gutenberg_texts/1661.txt,0.022973086117766113,0.018445004908922678,-0.004528081208843435,3,False,herbert_george_wells
flash,all_authors,f1,1000,1,0,1000,arthur_conan_doyle,20,gutenberg_texts/244.txt,0.061578649726084636,0.04941845547409668,-0.012160194251987957,3,False,oscar_wilde
flash,all_authors,f1,1000,2,1000,2000,arthur_conan_doyle,20,gutenberg_texts/244.txt,0.08392880880626112,0.04803181727460166,-0.03589699153165946,4,False,herbert_george_wells
flash,all_authors,f1,1000,3,2000,3000,arthur_conan_doyle,20,gutenberg_texts/244.txt,0.03473587190287712,0.016420092474356763,-0.01831577942852036,5,False,jane_austen
flash,all_authors,f1,1000,4,3000,4000,arthur_conan_doyle,20,gutenberg_texts/244.txt,0.03910630273988782,0.025992737104240087,-0.013113565635647733,3,False,oscar_wilde
flash,all_authors,f1,1000,5,4000,5000,arthur_conan_doyle,20,gutenberg_texts/244.txt,0.08962921184604508,0.028339983255880025,-0.06128922859016506,4,False,oscar_wilde
flash,all_authors,f1,1000,1,0,1000,mary_shelley,1,gutenberg_texts/84.txt,0.13723351780588214,0.22580444701350041,0.08857092920761828,1,True,mary_shelley
flash,all_authors,f1,1000,2,1000,2000,mary_shelley,1,gutenberg_texts/84.txt,0.12133875429336635,0.1410058269781642,0.019667072684797837,1,True,mary_shelley
flash,all_authors,f1,1000,3,2000,3000,mary_shelley,1,gutenberg_texts/84.txt,0.11748140690680055,0.1411375512452478,0.023656144338447246,1,True,mary_shelley
flash,all_authors,f1,1000,4,3000,4000,mary_shelley,1,gutenberg_texts/84.txt,0.12784219794256013,0.17202546331982435,0.04418326537726422,1,True,mary_shelley
flash,all_authors,f1,1000,5,4000,5000,mary_shelley,1,gutenberg_texts/84.txt,0.1109058627036951,0.09370848599549937,-0.017197376708195725,5,False,oscar_wilde
flash,all_authors,f1,1000,1,0,1000,mary_shelley,2,gutenberg_texts/18247.txt,0.10745504316709703,0.14120992471265786,0.03375488154556083,1,True,mary_shelley
flash,all_authors,f1,1000,2,1000,2000,mary_shelley,2,gutenberg_texts/18247.txt,0.13826324497358783,0.16757732459748537,0.029314079623897538,1,True,mary_shelley
flash,all_authors,f1,1000,3,2000,3000,mary_shelley,2,gutenberg_texts/18247.txt,0.10556377243482996,0.14469736693117843,0.03913359449634847,1,True,mary_shelley
flash,all_authors,f1,1000,4,3000,4000,mary_shelley,2,gutenberg_texts/18247.txt,0.09059372790356929,0.12002455168785471,0.029430823784285423,1,True,mary_shelley
flash,all_authors,f1,1000,5,4000,5000,mary_shelley,2,gutenberg_texts/18247.txt,0.1196983057056955,0.11287645327704823,-0.006821852428647274,2,False,jane_austen
flash,all_authors,f1,1000,1,0,1000,mary_shelley,3,gutenberg_texts/84.txt,0.14553627992279114,0.23945465722905862,0.09391837730626748,1,True,mary_shelley
flash,all_authors,f1,1000,2,1000,2000,mary_shelley,3,gutenberg_texts/84.txt,0.15154816278280836,0.23791195496046583,0.08636379217765747,1,True,mary_shelley
flash,all_authors,f1,1000,3,2000,3000,mary_shelley,3,gutenberg_texts/84.txt,0.1300924562127289,0.14497491837431864,0.014882462161589727,1,True,mary_shelley
flash,all_authors,f1,1000,4,3000,4000,mary_shelley,3,gutenberg_texts/84.txt,0.10766369856060255,0.15226586550018664,0.04460216693958409,1,True,mary_shelley
flash,all_authors,f1,1000,5,4000,5000,mary_shelley,3,gutenberg_texts/84.txt,0.13184395984453207,0.18595837451783334,0.054114414673301275,1,True,mary_shelley
flash,all_authors,f1,1000,1,0,1000,mary_shelley,4,gutenberg_texts/18247.txt,0.09644210155818782,0.12499550028205071,0.028553398723862894,1,True,mary_shelley
flash,all_authors,f1,1000,2,1000,2000,mary_shelley,4,gutenberg_texts/18247.txt,0.10931998835637664,0.14088521170784873,0.03156522335147209,1,True,mary_shelley
flash,all_authors,f1,1000,3,2000,3000,mary_shelley,4,gutenberg_texts/18247.txt,0.12814500341432938,0.18012942829448866,0.05198442488015928,1,True,mary_shelley
flash,all_authors,f1,1000,4,3000,4000,mary_shelley,4,gutenberg_texts/18247.txt,0.10410576086128606,0.14183178240273941,0.03772602154145335,1,True,mary_shelley
flash,all_authors,f1,1000,5,4000,5000,mary_shelley,4,gutenberg_texts/18247.txt,0.13873590148300896,0.18583790299334196,0.047102001510333,1,True,mary_shelley
flash,all_authors,f1,1000,1,0,1000,mary_shelley,5,gutenberg_texts/84.txt,0.11531246005068929,0.06051438366939185,-0.05479807638129744,6,False,oscar_wilde
flash,all_authors,f1,1000,2,1000,2000,mary_shelley,5,gutenberg_texts/84.txt,0.3076106446169231,0.016566625408879758,-0.29104401920804335,10,False,arthur_conan_doyle
flash,all_authors,f1,1000,3,2000,3000,mary_shelley,5,gutenberg_texts/84.txt,0.20707764949983581,0.03347799855827996,-0.17359965094155586,10,False,oscar_wilde
flash,all_authors,f1,1000,4,3000,4000,mary_shelley,5,gutenberg_texts/84.txt,0.20226236942362022,0.00657424445256082,-0.1956881249710594,10,False,oscar_wilde
flash,all_authors,f1,1000,5,4000,5000,mary_shelley,5,gutenberg_texts/84.txt,0.24130666427198255,0.013571086633427517,-0.22773557763855504,10,False,herbert_george_wells
flash,all_authors,f1,1000,1,0,1000,mary_shelley,6,gutenberg_texts/18247.txt,0.07372585303678265,0.04860240668449865,-0.025123446352284,3,False,oscar_wilde
flash,all_authors,f1,1000,2,1000,2000,mary_shelley,6,gutenberg_texts/18247.txt,0.09435513504580864,0.07144472193650755,-0.022910413109301087,3,False,oscar_wilde
flash,all_authors,f1,1000,3,2000,3000,mary_shelley,6,gutenberg_texts/18247.txt,0.08407134288487197,0.048507601274053826,-0.03556374161081815,3,False,joseph_conrad
flash,all_authors,f1,1000,4,3000,4000,mary_shelley,6,gutenberg_texts/18247.txt,0.09582589996328132,0.06973501103767338,-0.026090888925607944,3,False,oscar_wilde
flash,all_authors,f1,1000,5,4000,5000,mary_shelley,6,gutenberg_texts/18247.txt,0.0846034435907591,0.07829436035685826,-0.006309083233900836,2,False,joseph_conrad
flash,all_authors,f1,1000,1,0,1000,mary_shelley,7,gutenberg_texts/84.txt,0.11475412322002872,0.1769437873387302,0.062189664118701485,1,True,mary_shelley
flash,all_authors,f1,1000,2,1000,2000,mary_shelley,7,gutenberg_texts/84.txt,0.14948950187686816,0.17666539671770468,0.027175894840836518,1,True,mary_shelley
flash,all_authors,f1,1000,3,2000,3000,mary_shelley,7,gutenberg_texts/84.txt,0.1339338233037888,0.17844902876556362,0.044515205461774815,1,True,mary_shelley
flash,all_authors,f1,1000,4,3000,4000,mary_shelley,7,gutenberg_texts/84.txt,0.11171758098386153,0.11688535243676386,0.005167771452902328,1,True,mary_shelley
flash,all_authors,f1,1000,5,4000,5000,mary_shelley,7,gutenberg_texts/84.txt,0.07808388973386482,0.04435264565427113,-0.033731244079593686,3,False,joseph_conrad
flash,all_authors,f1,1000,1,0,1000,mary_shelley,8,gutenberg_texts/18247.txt,0.028848733625679104,0.04260676007465153,0.013758026448972425,1,True,mary_shelley
flash,all_authors,f1,1000,2,1000,2000,mary_shelley,8,gutenberg_texts/18247.txt,0.024040588913063956,0.053119855756211504,0.029079266843147548,1,True,mary_shelley
flash,all_authors,f1,1000,3,2000,3000,mary_shelley,8,gutenberg_texts/18247.txt,0.10208420174921269,0.10047089475767274,-0.0016133069915399562,3,False,oscar_wilde
flash,all_authors,f1,1000,4,3000,4000,mary_shelley,8,gutenberg_texts/18247.txt,0.0700258285777507,0.06948866466729606,-0.0005371639104546494,2,False,joseph_conrad
flash,all_authors,f1,1000,5,4000,5000,mary_shelley,8,gutenberg_texts/18247.txt,0.06901684964666686,0.09241916683186338,0.023402317185196517,1,True,mary_shelley
flash,all_authors,f1,1000,1,0,1000,mary_shelley,9,gutenberg_texts/84.txt,0.0997858064968,0.12366051104743396,0.023874704550633966,1,True,mary_shelley
flash,all_authors,f1,1000,2,1000,2000,mary_shelley,9,gutenberg_texts/84.txt,0.03824766796837272,0.08092113606010133,0.04267346809172861,1,True,mary_shelley
flash,all_authors,f1,1000,3,2000,3000,mary_shelley,9,gutenberg_texts/84.txt,0.13344249248753892,0.14895426252592237,0.015511770038383443,1,True,mary_shelley
flash,all_authors,f1,1000,4,3000,4000,mary_shelley,9,gutenberg_texts/84.txt,0.10792508012682714,0.14061069069388912,0.032685610567061985,1,True,mary_shelley
flash,all_authors,f1,1000,5,4000,5000,mary_shelley,9,gutenberg_texts/84.txt,0.07341123637825282,0.08943259111323719,0.016021354734984367,1,True,mary_shelley
flash,all_authors,f1,1000,1,0,1000,mary_shelley,10,gutenberg_texts/18247.txt,0.051816177637168254,0.07692392879911344,0.02510775116194519,1,True,mary_shelley
flash,all_authors,f1,1000,2,1000,2000,mary_shelley,10,gutenberg_texts/18247.txt,0.12808250076258262,0.05375050300975308,-0.07433199775282955,6,False,oscar_wilde
flash,all_authors,f1,1000,3,2000,3000,mary_shelley,10,gutenberg_texts/18247.txt,0.11277706829648991,0.034231413950367794,-0.07854565434612212,5,False,oscar_wilde
flash,all_authors,f1,1000,4,3000,4000,mary_shelley,10,gutenberg_texts/18247.txt,0.11393527493961526,0.032225086328105,-0.08171018861151026,6,False,oscar_wilde
flash,all_authors,f1,1000,5,4000,5000,mary_shelley,10,gutenberg_texts/18247.txt,0.06200390368229505,0.0033395300350633613,-0.05866437364723169,9,False,oscar_wilde
flash,all_authors,f1,1000,1,0,1000,mary_shelley,11,gutenberg_texts/84.txt,0.12366611205135564,0.12025841846216287,-0.0034076935891927673,2,False,joseph_conrad
flash,all_authors,f1,1000,2,1000,2000,mary_shelley,11,gutenberg_texts/84.txt,0.15478325950467645,0.17486096825691838,0.020077708752241935,1,True,mary_shelley
flash,all_authors,f1,1000,3,2000,3000,mary_shelley,11,gutenberg_texts/84.txt,0.12737019675838226,0.09206953482616362,-0.03530066193221865,3,False,joseph_conrad
flash,all_authors,f1,1000,4,3000,4000,mary_shelley,11,gutenberg_texts/84.txt,0.12866454586820467,0.08089336330491737,-0.0477711825632873,3,False,joseph_conrad
flash,all_authors,f1,1000,5,4000,5000,mary_shelley,11,gutenberg_texts/84.txt,0.15254217034790074,0.04517955710565281,-0.10736261324224794,9,False,oscar_wilde
flash,all_authors,f1,1000,1,0,1000,mary_shelley,12,gutenberg_texts/18247.txt,0.06619669921041535,0.07122953071108006,0.005032831500664706,1,True,mary_shelley
flash,all_authors,f1,1000,2,1000,2000,mary_shelley,12,gutenberg_texts/18247.txt,0.08741171122254575,0.03581778922511311,-0.05159392199743264,8,False,oscar_wilde
flash,all_authors,f1,1000,3,2000,3000,mary_shelley,12,gutenberg_texts/18247.txt,0.15188228377192997,0.030196104973011863,-0.1216861787989181,10,False,herbert_george_wells
flash,all_authors,f1,1000,4,3000,4000,mary_shelley,12,gutenberg_texts/18247.txt,0.07685576526692052,0.04393997340880605,-0.03291579185811447,4,False,oscar_wilde
flash,all_authors,f1,1000,5,4000,5000,mary_shelley,12,gutenberg_texts/18247.txt,0.10164429957869764,0.14370302885084457,0.04205872927214693,1,True,mary_shelley
flash,all_authors,f1,1000,1,0,1000,mary_shelley,13,gutenberg_texts/84.txt,0.08978951873004112,0.13391442040194224,0.04412490167190111,1,True,mary_shelley
flash,all_authors,f1,1000,2,1000,2000,mary_shelley,13,gutenberg_texts/84.txt,0.1161595964111709,0.10747148095412955,-0.00868811545704136,2,False,joseph_conrad
flash,all_authors,f1,1000,3,2000,3000,mary_shelley,13,gutenberg_texts/84.txt,0.11408633662397928,0.11266170553589934,-0.0014246310880799418,2,False,joseph_conrad
flash,all_authors,f1,1000,4,3000,4000,mary_shelley,13,gutenberg_texts/84.txt,0.122957871000418,0.17774933845055294,0.05479146745013494,1,True,mary_shelley
flash,all_authors,f1,1000,5,4000,5000,mary_shelley,13,gutenberg_texts/84.txt,0.0734621089847155,0.14407468373057072,0.07061257474585522,1,True,mary_shelley
flash,all_authors,f1,1000,1,0,1000,mary_shelley,14,gutenberg_texts/18247.txt,0.08037675286749887,0.11023701959085207,0.029860266723353193,1,True,mary_shelley
flash,all_authors,f1,1000,2,1000,2000,mary_shelley,14,gutenberg_texts/18247.txt,0.041745005606053626,0.10783509005562812,0.0660900844495745,1,True,mary_shelley
flash,all_authors,f1,1000,3,2000,3000,mary_shelley,14,gutenberg_texts/18247.txt,0.15817165257727506,0.19699169620225868,0.03882004362498362,1,True,mary_shelley
flash,all_authors,f1,1000,4,3000,4000,mary_shelley,14,gutenberg_texts/18247.txt,0.15851252628167747,0.1876719636897904,0.029159437408112915,1,True,mary_shelley
flash,all_authors,f1,1000,5,4000,5000,mary_shelley,14,gutenberg_texts/18247.txt,0.12434211910188328,0.0707947109981877,-0.053547408103695585,5,False,charles_dickens
flash,all_authors,f1,1000,1,0,1000,mary_shelley,15,gutenberg_texts/84.txt,0.14529886650474833,0.1937892858199145,0.04849041931516618,1,True,mary_shelley
flash,all_authors,f1,1000,2,1000,2000,mary_shelley,15,gutenberg_texts/84.txt,0.05079220943905103,0.18412479435687656,0.13333258491782554,1,True,mary_shelley
flash,all_authors,f1,1000,3,2000,3000,mary_shelley,15,gutenberg_texts/84.txt,0.16470143878223018,0.1816110430511785,0.01690960426894833,1,True,mary_shelley
flash,all_authors,f1,1000,4,3000,4000,mary_shelley,15,gutenberg_texts/84.txt,0.08611753545433513,0.10068765856800607,0.014570123113670938,1,True,mary_shelley
flash,all_authors,f1,1000,5,4000,5000,mary_shelley,15,gutenberg_texts/84.txt,0.10243058886148092,0.07416996826959547,-0.028260620591885444,4,False,joseph_conrad
flash,all_authors,f1,1000,1,0,1000,mary_shelley,16,gutenberg_texts/18247.txt,0.06924691623111645,0.07530520701934752,0.006058290788231072,1,True,mary_shelley
flash,all_authors,f1,1000,2,1000,2000,mary_shelley,16,gutenberg_texts/18247.txt,0.10371510130245541,0.03905447752857179,-0.06466062377388362,5,False,oscar_wilde
flash,all_authors,f1,1000,3,2000,3000,mary_shelley,16,gutenberg_texts/18247.txt,0.09691600447632227,0.017656949712369294,-0.07925905476395298,9,False,oscar_wilde
flash,all_authors,f1,1000,4,3000,4000,mary_shelley,16,gutenberg_texts/18247.txt,0.13159815421962423,0.031740104245481376,-0.09985804997414285,9,False,oscar_wilde
flash,all_authors,f1,1000,5,4000,5000,mary_shelley,16,gutenberg_texts/18247.txt,0.09161431522195751,0.03532066988840865,-0.05629364533354886,4,False,oscar_wilde
flash,all_authors,f1,1000,1,0,1000,mary_shelley,17,gutenberg_texts/84.txt,0.13510443605020947,0.20598912816967951,0.07088469211947004,1,True,mary_shelley
flash,all_authors,f1,1000,2,1000,2000,mary_shelley,17,gutenberg_texts/84.txt,0.1505797417035564,0.09862695720653215,-0.05195278449702424,4,False,joseph_conrad
flash,all_authors,f1,1000,3,2000,3000,mary_shelley,17,gutenberg_texts/84.txt,0.1428768744063326,0.144040331206005,0.0011634567996724188,1,True,mary_shelley
flash,all_authors,f1,1000,4,3000,4000,mary_shelley,17,gutenberg_texts/84.txt,0.10469292314378029,0.15748259354697286,0.05278967040319257,1,True,mary_shelley
flash,all_authors,f1,1000,5,4000,5000,mary_shelley,17,gutenberg_texts/84.txt,0.1247559335098329,0.10102916579101089,-0.02372676771882201,3,False,joseph_conrad
flash,all_authors,f1,1000,1,0,1000,mary_shelley,18,gutenberg_texts/18247.txt,0.03383340434454809,0.06760288011556619,0.0337694757710181,1,True,mary_shelley
flash,all_authors,f1,1000,2,1000,2000,mary_shelley,18,gutenberg_texts/18247.txt,0.10140447395025722,0.061599972759388354,-0.03980450119086886,5,False,oscar_wilde
flash,all_authors,f1,1000,3,2000,3000,mary_shelley,18,gutenberg_texts/18247.txt,0.027954184497943478,0.02267783697869189,-0.005276347519251587,2,False,jane_austen
flash,all_authors,f1,1000,4,3000,4000,mary_shelley,18,gutenberg_texts/18247.txt,0.1179779593738596,0.03839987268988557,-0.07957808668397404,8,False,oscar_wilde
flash,all_authors,f1,1000,5,4000,5000,mary_shelley,18,gutenberg_texts/18247.txt,0.0330688697309825,0.026532807587188796,-0.006536062143793701,3,False,oscar_wilde
flash,all_authors,f1,1000,1,0,1000,mary_shelley,19,gutenberg_texts/84.txt,0.16762112773893661,0.23441926676325373,0.06679813902431711,1,True,mary_shelley
flash,all_authors,f1,1000,2,1000,2000,mary_shelley,19,gutenberg_texts/84.txt,0.11488334959955378,0.06542529914457046,-0.04945805045498332,5,False,joseph_conrad
flash,all_authors,f1,1000,3,2000,3000,mary_shelley,19,gutenberg_texts/84.txt,0.11235568938672287,0.15681670700586225,0.044461017619139384,1,True,mary_shelley
flash,all_authors,f1,1000,4,3000,4000,mary_shelley,19,gutenberg_texts/84.txt,0.1065823251532106,0.14278424262499959,0.03620191747178898,1,True,mary_shelley
flash,all_authors,f1,1000,5,4000,5000,mary_shelley,19,gutenberg_texts/84.txt,0.09396409747470941,0.12301797939230215,0.02905388191759274,1,True,mary_shelley
flash,all_authors,f1,1000,1,0,1000,mary_shelley,20,gutenberg_texts/18247.txt,0.0408645293702394,0.032083395364714454,-0.008781134005524945,4,False,jane_austen
flash,all_authors,f1,1000,2,1000,2000,mary_shelley,20,gutenberg_texts/18247.txt,0.08916430550446956,0.10342301859421899,0.014258713089749422,1,True,mary_shelley
flash,all_authors,f1,1000,3,2000,3000,mary_shelley,20,gutenberg_texts/18247.txt,0.16847794291326385,0.20711957231575628,0.03864162940249244,1,True,mary_shelley
flash,all_authors,f1,1000,4,3000,4000,mary_shelley,20,gutenberg_texts/18247.txt,0.08568914821597705,0.074862968435208,-0.010826179780769052,4,False,jane_austen
flash,all_authors,f1,1000,5,4000,5000,mary_shelley,20,gutenberg_texts/18247.txt,0.0920537962231504,0.08506991033848353,-0.006983885884666863,3,False,oscar_wilde
flash,all_authors,f1,1000,1,0,1000,charlotte_bronte,1,gutenberg_texts/1260.txt,0.0842811005873705,0.047939157184387786,-0.03634194340298271,8,False,charles_dickens
flash,all_authors,f1,1000,2,1000,2000,charlotte_bronte,1,gutenberg_texts/1260.txt,0.08716767685070834,0.03398191774559782,-0.05318575910511052,6,False,jane_austen
flash,all_authors,f1,1000,3,2000,3000,charlotte_bronte,1,gutenberg_texts/1260.txt,0.11629856892850919,0.039254289064231035,-0.07704427986427816,9,False,oscar_wilde
flash,all_authors,f1,1000,4,3000,4000,charlotte_bronte,1,gutenberg_texts/1260.txt,0.1379731305566882,0.03992656851916033,-0.09804656203752787,10,False,joseph_conrad
flash,all_authors,f1,1000,5,4000,5000,charlotte_bronte,1,gutenberg_texts/1260.txt,0.08891295249735588,0.016293820605171275,-0.07261913189218461,7,False,oscar_wilde
flash,all_authors,f1,1000,1,0,1000,charlotte_bronte,2,gutenberg_texts/30486.txt,0.14343057267854026,0.0786936740689064,-0.06473689860963386,10,False,jane_austen
flash,all_authors,f1,1000,2,1000,2000,charlotte_bronte,2,gutenberg_texts/30486.txt,0.4078161164332185,0.13227004972912784,-0.27554606670409065,10,False,mary_shelley
flash,all_authors,f1,1000,3,2000,3000,charlotte_bronte,2,gutenberg_texts/30486.txt,0.35746631504468124,0.1422830661086675,-0.21518324893601373,10,False,mary_shelley
flash,all_authors,f1,1000,4,3000,4000,charlotte_bronte,2,gutenberg_texts/30486.txt,0.38414867904500377,0.08092370046189871,-0.30322497858310504,10,False,mary_shelley
flash,all_authors,f1,1000,5,4000,5000,charlotte_bronte,2,gutenberg_texts/30486.txt,0.36491232968816883,0.11979716622447992,-0.24511516346368892,10,False,mary_shelley
flash,all_authors,f1,1000,1,0,1000,charlotte_bronte,3,gutenberg_texts/1260.txt,0.11696274427795199,0.05909357615830284,-0.05786916811964915,9,False,oscar_wilde
flash,all_authors,f1,1000,2,1000,2000,charlotte_bronte,3,gutenberg_texts/1260.txt,0.23547979951143133,0.09706623619104512,-0.1384135633203862,10,False,mary_shelley
flash,all_authors,f1,1000,3,2000,3000,charlotte_bronte,3,gutenberg_texts/1260.txt,0.19456380685338992,0.06526210331231588,-0.12930170354107404,10,False,joseph_conrad
flash,all_authors,f1,1000,4,3000,4000,charlotte_bronte,3,gutenberg_texts/1260.txt,0.10999246676045268,0.03706167002872222,-0.07293079673173047,6,False,joseph_conrad
flash,all_authors,f1,1000,5,4000,5000,charlotte_bronte,3,gutenberg_texts/1260.txt,0.128347170100564,0.052088900393992006,-0.07625826970657201,8,False,oscar_wilde
flash,all_authors,f1,1000,1,0,1000,charlotte_bronte,4,gutenberg_texts/30486.txt,0.16544264357340344,0.01589261635273778,-0.14955002722066565,9,False,herbert_george_wells
flash,all_authors,f1,1000,2,1000,2000,charlotte_bronte,4,gutenberg_texts/30486.txt,0.2360525407704171,0.04328138308932809,-0.192771157681089,10,False,oscar_wilde
flash,all_authors,f1,1000,3,2000,3000,charlotte_bronte,4,gutenberg_texts/30486.txt,0.08079775786993969,0.015385487361167082,-0.0654122705087726,9,False,joseph_conrad
flash,all_authors,f1,1000,4,3000,4000,charlotte_bronte,4,gutenberg_texts/30486.txt,0.20925152414700135,0.07720236930449904,-0.1320491548425023,10,False,oscar_wilde
flash,all_authors,f1,1000,5,4000,5000,charlotte_bronte,4,gutenberg_texts/30486.txt,0.20447376651446203,0.02751193460607723,-0.1769618319083848,10,False,oscar_wilde
flash,all_authors,f1,1000,1,0,1000,charlotte_bronte,5,gutenberg_texts/1260.txt,0.1304670572933636,0.05167809631735441,-0.0787889609760092,10,False,oscar_wilde
flash,all_authors,f1,1000,2,1000,2000,charlotte_bronte,5,gutenberg_texts/1260.txt,0.1259769816561684,0.023864152944373534,-0.10211282871179488,10,False,joseph_conrad
flash,all_authors,f1,1000,3,2000,3000,charlotte_bronte,5,gutenberg_texts/1260.txt,0.10616891959530038,0.016702960592591843,-0.08946595900270854,8,False,oscar_wilde
flash,all_authors,f1,1000,4,3000,4000,charlotte_bronte,5,gutenberg_texts/1260.txt,0.09802899029079032,0.017134997565344534,-0.08089399272544578,9,False,oscar_wilde
flash,all_authors,f1,1000,5,4000,5000,charlotte_bronte,5,gutenberg_texts/1260.txt,0.0718638120331506,0.013911690065024051,-0.05795212196812655,7,False,herbert_george_wells
flash,all_authors,f1,1000,1,0,1000,charlotte_bronte,6,gutenberg_texts/30486.txt,0.1814462175237474,0.055843162978782,-0.1256030545449654,10,False,charles_dickens
flash,all_authors,f1,1000,2,1000,2000,charlotte_bronte,6,gutenberg_texts/30486.txt,0.08726542262179873,0.0040138464698256,-0.08325157615197314,10,False,jane_austen
flash,all_authors,f1,1000,3,2000,3000,charlotte_bronte,6,gutenberg_texts/30486.txt,0.1781089548304567,0.026284065251407834,-0.15182488957904886,10,False,oscar_wilde
flash,all_authors,f1,1000,4,3000,4000,charlotte_bronte,6,gutenberg_texts/30486.txt,0.11583796657689659,0.006921814765779336,-0.10891615181111725,9,False,oscar_wilde
flash,all_authors,f1,1000,5,4000,5000,charlotte_bronte,6,gutenberg_texts/30486.txt,0.17969044761655079,0.0177225377973323,-0.1619679098192185,10,False,oscar_wilde
flash,all_authors,f1,1000,1,0,1000,charlotte_bronte,7,gutenberg_texts/1260.txt,0.14534390741905615,0.05957008053361945,-0.0857738268854367,9,False,joseph_conrad
flash,all_authors,f1,1000,2,1000,2000,charlotte_bronte,7,gutenberg_texts/1260.txt,0.2615454064189904,0.039805618031328684,-0.2217397883876617,9,False,mary_shelley
flash,all_authors,f1,1000,3,2000,3000,charlotte_bronte,7,gutenberg_texts/1260.txt,0.2256145258277088,0.10777421367977505,-0.11784031214793375,10,False,joseph_conrad
flash,all_authors,f1,1000,4,3000,4000,charlotte_bronte,7,gutenberg_texts/1260.txt,0.08342503763542088,0.022729090544669785,-0.06069594709075109,8,False,oscar_wilde
flash,all_authors,f1,1000,5,4000,5000,charlotte_bronte,7,gutenberg_texts/1260.txt,0.08892759057087131,0.029054488060401267,-0.05987310251047004,4,False,arthur_conan_doyle
flash,all_authors,f1,1000,1,0,1000,charlotte_bronte,8,gutenberg_texts/30486.txt,0.20239087344074114,0.05728044953391377,-0.14511042390682738,10,False,oscar_wilde
flash,all_authors,f1,1000,2,1000,2000,charlotte_bronte,8,gutenberg_texts/30486.txt,0.1832951015764045,0.0189914341234733,-0.1643036674529312,10,False,oscar_wilde
flash,all_authors,f1,1000,3,2000,3000,charlotte_bronte,8,gutenberg_texts/30486.txt,0.1280035836845414,0.014256687914298044,-0.11374689577024336,10,False,jane_austen
flash,all_authors,f1,1000,4,3000,4000,charlotte_bronte,8,gutenberg_texts/30486.txt,0.20398416116249377,0.053094458569500506,-0.15088970259299325,10,False,oscar_wilde
flash,all_authors,f1,1000,5,4000,5000,charlotte_bronte,8,gutenberg_texts/30486.txt,0.18513013200905276,0.03799384455683022,-0.14713628745222254,10,False,oscar_wilde
flash,all_authors,f1,1000,1,0,1000,charlotte_bronte,9,gutenberg_texts/1260.txt,0.15923689025840945,0.05791283502052978,-0.10132405523787967,9,False,mary_shelley
flash,all_authors,f1,1000,2,1000,2000,charlotte_bronte,9,gutenberg_texts/1260.txt,0.22639061396139917,0.10435568246078428,-0.1220349315006149,10,False,joseph_conrad
flash,all_authors,f1,1000,3,2000,3000,charlotte_bronte,9,gutenberg_texts/1260.txt,0.12244124098824317,0.030051956680396716,-0.09238928430784646,9,False,oscar_wilde
flash,all_authors,f1,1000,4,3000,4000,charlotte_bronte,9,gutenberg_texts/1260.txt,0.07918097909440712,0.017782806694202215,-0.061398172400204905,8,False,oscar_wilde
flash,all_authors,f1,1000,5,4000,5000,charlotte_bronte,9,gutenberg_texts/1260.txt,0.10139264676510217,0.03823757570275825,-0.06315507106234391,8,False,oscar_wilde
flash,all_authors,f1,1000,1,0,1000,charlotte_bronte,10,gutenberg_texts/30486.txt,0.11683709344663405,0.03884939752448337,-0.07798769592215068,9,False,oscar_wilde
flash,all_authors,f1,1000,2,1000,2000,charlotte_bronte,10,gutenberg_texts/30486.txt,0.2508324238912818,0.05345767397204813,-0.19737474991923368,10,False,joseph_conrad
flash,all_authors,f1,1000,3,2000,3000,charlotte_bronte,10,gutenberg_texts/30486.txt,0.29971002198927205,0.0646292136560908,-0.23508080833318123,10,False,joseph_conrad
flash,all_authors,f1,1000,4,3000,4000,charlotte_bronte,10,gutenberg_texts/30486.txt,0.41030997874135466,0.13266974452807861,-0.27764023421327605,10,False,mary_shelley
flash,all_authors,f1,1000,5,4000,5000,charlotte_bronte,10,gutenberg_texts/30486.txt,0.41111826995291806,0.13787631321762572,-0.27324195673529234,10,False,mary_shelley
flash,all_authors,f1,1000,1,0,1000,charlotte_bronte,11,gutenberg_texts/1260.txt,0.15569125746258936,0.07758559512114015,-0.07810566234144921,9,False,jane_austen
flash,all_authors,f1,1000,2,1000,2000,charlotte_bronte,11,gutenberg_texts/1260.txt,0.1275606167621468,0.037802474851389135,-0.08975814191075768,10,False,oscar_wilde
flash,all_authors,f1,1000,3,2000,3000,charlotte_bronte,11,gutenberg_texts/1260.txt,0.1645534615035014,0.05840890677253295,-0.10614455473096844,10,False,oscar_wilde
flash,all_authors,f1,1000,4,3000,4000,charlotte_bronte,11,gutenberg_texts/1260.txt,0.1545260927961891,0.03877334425713966,-0.11575274853904943,10,False,joseph_conrad
flash,all_authors,f1,1000,5,4000,5000,charlotte_bronte,11,gutenberg_texts/1260.txt,0.26163730570797344,0.10317273131554527,-0.15846457439242817,10,False,joseph_conrad
flash,all_authors,f1,1000,1,0,1000,charlotte_bronte,12,gutenberg_texts/30486.txt,0.10907314679012375,0.05373273717078846,-0.05534040961933529,9,False,charles_dickens
flash,all_authors,f1,1000,2,1000,2000,charlotte_bronte,12,gutenberg_texts/30486.txt,0.15341767902033077,0.044657676206270994,-0.10876000281405977,9,False,oscar_wilde
flash,all_authors,f1,1000,3,2000,3000,charlotte_bronte,12,gutenberg_texts/30486.txt,0.021387876334247977,0.006945363363272763,-0.014442512970975215,7,False,jane_austen
flash,all_authors,f1,1000,4,3000,4000,charlotte_bronte,12,gutenberg_texts/30486.txt,0.18722309536470155,0.030660549016613872,-0.1565625463480877,10,False,oscar_wilde
flash,all_authors,f1,1000,5,4000,5000,charlotte_bronte,12,gutenberg_texts/30486.txt,0.18859510177401947,0.012011099708153275,-0.1765840020658662,10,False,oscar_wilde
flash,all_authors,f1,1000,1,0,1000,charlotte_bronte,13,gutenberg_texts/1260.txt,0.159669369345283,0.06754409558458979,-0.09212527376069321,10,False,joseph_conrad
flash,all_authors,f1,1000,2,1000,2000,charlotte_bronte,13,gutenberg_texts/1260.txt,0.16751702792723605,0.05236713060727233,-0.11514989731996372,10,False,joseph_conrad
flash,all_authors,f1,1000,3,2000,3000,charlotte_bronte,13,gutenberg_texts/1260.txt,0.2260468684210036,0.07571487966043108,-0.15033198876057252,10,False,joseph_conrad
flash,all_authors,f1,1000,4,3000,4000,charlotte_bronte,13,gutenberg_texts/1260.txt,0.16110662692192626,0.05166270163436113,-0.10944392528756514,10,False,joseph_conrad
flash,all_authors,f1,1000,5,4000,5000,charlotte_bronte,13,gutenberg_texts/1260.txt,0.25933575726257235,0.10332688664316572,-0.15600887061940663,10,False,joseph_conrad
flash,all_authors,f1,1000,1,0,1000,charlotte_bronte,14,gutenberg_texts/30486.txt,0.1115602842090764,0.015385310978639896,-0.09617497323043651,9,False,oscar_wilde
flash,all_authors,f1,1000,2,1000,2000,charlotte_bronte,14,gutenberg_texts/30486.txt,0.12715644024166015,0.00616417264578859,-0.12099226759587156,10,False,oscar_wilde
flash,all_authors,f1,1000,3,2000,3000,charlotte_bronte,14,gutenberg_texts/30486.txt,0.216532319935313,0.024567767646499223,-0.19196455228881376,10,False,oscar_wilde
flash,all_authors,f1,1000,4,3000,4000,charlotte_bronte,14,gutenberg_texts/30486.txt,0.20078845457865008,0.018791416024690425,-0.18199703855395966,10,False,oscar_wilde
flash,all_authors,f1,1000,5,4000,5000,charlotte_bronte,14,gutenberg_texts/30486.txt,0.2041947009481796,0.03429278992447811,-0.1699019110237015,10,False,oscar_wilde
flash,all_authors,f1,1000,1,0,1000,charlotte_bronte,15,gutenberg_texts/1260.txt,0.07858527975457053,0.023629856241055056,-0.05495542351351547,9,False,oscar_wilde
flash,all_authors,f1,1000,2,1000,2000,charlotte_bronte,15,gutenberg_texts/1260.txt,0.12904077686733748,0.007950797643284824,-0.12108997922405265,9,False,mary_shelley
flash,all_authors,f1,1000,3,2000,3000,charlotte_bronte,15,gutenberg_texts/1260.txt,0.18165909026788082,0.08377924565777929,-0.09787984461010153,10,False,oscar_wilde
flash,all_authors,f1,1000,4,3000,4000,charlotte_bronte,15,gutenberg_texts/1260.txt,0.11208770713492536,0.03552011222818172,-0.07656759490674364,8,False,oscar_wilde
flash,all_authors,f1,1000,5,4000,5000,charlotte_bronte,15,gutenberg_texts/1260.txt,0.1133544005734457,0.036865721860923725,-0.07648867871252198,10,False,joseph_conrad
flash,all_authors,f1,1000,1,0,1000,charlotte_bronte,16,gutenberg_texts/30486.txt,0.1113946646102335,0.02994806163386911,-0.08144660297636439,10,False,oscar_wilde
flash,all_authors,f1,1000,2,1000,2000,charlotte_bronte,16,gutenberg_texts/30486.txt,0.2668227307405427,0.07421293510720459,-0.1926097956333381,10,False,oscar_wilde
flash,all_authors,f1,1000,3,2000,3000,charlotte_bronte,16,gutenberg_texts/30486.txt,0.1791640923531964,0.06025261939042045,-0.11891147296277596,10,False,joseph_conrad
flash,all_authors,f1,1000,4,3000,4000,charlotte_bronte,16,gutenberg_texts/30486.txt,0.24591025952873338,0.05119491077747378,-0.1947153487512596,10,False,joseph_conrad
flash,all_authors,f1,1000,5,4000,5000,charlotte_bronte,16,gutenberg_texts/30486.txt,0.24284959381230628,0.06085203543987157,-0.1819975583724347,10,False,joseph_conrad
flash,all_authors,f1,1000,1,0,1000,charlotte_bronte,17,gutenberg_texts/1260.txt,0.1484582149536953,0.05326329304858049,-0.0951949219051148,9,False,mary_shelley
flash,all_authors,f1,1000,2,1000,2000,charlotte_bronte,17,gutenberg_texts/1260.txt,0.14471347361394082,0.034788238882419255,-0.10992523473152158,8,False,joseph_conrad
flash,all_authors,f1,1000,3,2000,3000,charlotte_bronte,17,gutenberg_texts/1260.txt,0.13233065738594119,0.033568180408467506,-0.09876247697747367,10,False,oscar_wilde
flash,all_authors,f1,1000,4,3000,4000,charlotte_bronte,17,gutenberg_texts/1260.txt,0.11433258817078812,0.05113221135373121,-0.06320037681705691,8,False,oscar_wilde
flash,all_authors,f1,1000,5,4000,5000,charlotte_bronte,17,gutenberg_texts/1260.txt,0.16682716764965702,0.054393299448423416,-0.1124338682012336,9,False,oscar_wilde
flash,all_authors,f1,1000,1,0,1000,charlotte_bronte,18,gutenberg_texts/30486.txt,0.2227993858106081,0.06420939966475289,-0.1585899861458552,10,False,oscar_wilde
flash,all_authors,f1,1000,2,1000,2000,charlotte_bronte,18,gutenberg_texts/30486.txt,0.07152244421563554,0.01659980269101054,-0.054922641524625004,9,False,joseph_conrad
flash,all_authors,f1,1000,3,2000,3000,charlotte_bronte,18,gutenberg_texts/30486.txt,0.23493227154231186,0.024138404292743096,-0.21079386724956878,10,False,oscar_wilde
flash,all_authors,f1,1000,4,3000,4000,charlotte_bronte,18,gutenberg_texts/30486.txt,0.2544988906329552,0.06781029303245353,-0.1866885976005017,10,False,oscar_wilde
flash,all_authors,f1,1000,5,4000,5000,charlotte_bronte,18,gutenberg_texts/30486.txt,0.22088678935493145,0.05039475050268018,-0.17049203885225128,10,False,oscar_wilde
flash,all_authors,f1,1000,1,0,1000,charlotte_bronte,19,gutenberg_texts/1260.txt,0.09197331414643006,0.038521466086871216,-0.05345184805955885,9,False,charles_dickens
flash,all_authors,f1,1000,2,1000,2000,charlotte_bronte,19,gutenberg_texts/1260.txt,0.192092556018541,0.10168589711212146,-0.09040665890641954,10,False,oscar_wilde
flash,all_authors,f1,1000,3,2000,3000,charlotte_bronte,19,gutenberg_texts/1260.txt,0.14045485142355132,0.05690964167612843,-0.0835452097474229,10,False,oscar_wilde
flash,all_authors,f1,1000,4,3000,4000,charlotte_bronte,19,gutenberg_texts/1260.txt,0.1478427465999079,0.037099280689851716,-0.11074346591005618,8,False,oscar_wilde
flash,all_authors,f1,1000,5,4000,5000,charlotte_bronte,19,gutenberg_texts/1260.txt,0.17698706804074535,0.08147302631101845,-0.0955140417297269,5,False,joseph_conrad
flash,all_authors,f1,1000,1,0,1000,charlotte_bronte,20,gutenberg_texts/30486.txt,0.17648158724428234,0.03982182857682342,-0.1366597586674589,10,False,oscar_wilde
flash,all_authors,f1,1000,2,1000,2000,charlotte_bronte,20,gutenberg_texts/30486.txt,0.16177318920639053,0.038406570081541025,-0.1233666191248495,10,False,oscar_wilde
flash,all_authors,f1,1000,3,2000,3000,charlotte_bronte,20,gutenberg_texts/30486.txt,0.2539399005624229,0.07812252828357495,-0.17581737227884792,10,False,joseph_conrad
flash,all_authors,f1,1000,4,3000,4000,charlotte_bronte,20,gutenberg_texts/30486.txt,0.1634052022260397,0.021117280123988266,-0.14228792210205143,10,False,oscar_wilde
flash,all_authors,f1,1000,5,4000,5000,charlotte_bronte,20,gutenberg_texts/30486.txt,0.22946674100628664,0.05065678193967699,-0.17880995906660965,10,False,joseph_conrad
flash,all_authors,f1,1000,1,0,1000,oscar_wilde,1,gutenberg_texts/174.txt,0.10448555403520808,0.06104522019173283,-0.04344033384347525,6,False,joseph_conrad
flash,all_authors,f1,1000,2,1000,2000,oscar_wilde,1,gutenberg_texts/174.txt,0.1424396768040158,0.05462902012733172,-0.08781065667668408,10,False,jane_austen
flash,all_authors,f1,1000,3,2000,3000,oscar_wilde,1,gutenberg_texts/174.txt,0.1989984984033208,0.03495870314714363,-0.16403979525617715,10,False,herbert_george_wells
flash,all_authors,f1,1000,4,3000,4000,oscar_wilde,1,gutenberg_texts/174.txt,0.07233840252444308,0.04180894200527757,-0.03052946051916551,2,False,joseph_conrad
flash,all_authors,f1,1000,5,4000,5000,oscar_wilde,1,gutenberg_texts/174.txt,0.1418806917326821,0.03794659314976792,-0.10393409858291419,10,False,joseph_conrad
flash,all_authors,f1,1000,1,0,1000,oscar_wilde,2,gutenberg_texts/773.txt,0.08149690948560272,0.06246951795497193,-0.019027391530630787,5,False,herbert_george_wells
flash,all_authors,f1,1000,2,1000,2000,oscar_wilde,2,gutenberg_texts/773.txt,0.15998403828977872,0.10298183767193865,-0.057002200617840074,5,False,joseph_conrad
flash,all_authors,f1,1000,3,2000,3000,oscar_wilde,2,gutenberg_texts/773.txt,0.24162079796898844,0.1157803382858458,-0.12584045968314264,6,False,mary_shelley
flash,all_authors,f1,1000,4,3000,4000,oscar_wilde,2,gutenberg_texts/773.txt,0.19561584206710098,0.11546416525890474,-0.08015167680819624,6,False,joseph_conrad
flash,all_authors,f1,1000,5,4000,5000,oscar_wilde,2,gutenberg_texts/773.txt,0.21148573572134016,0.10751640179878065,-0.10396933392255951,7,False,mary_shelley
flash,all_authors,f1,1000,1,0,1000,oscar_wilde,3,gutenberg_texts/174.txt,0.16831550014691948,0.0729289119540181,-0.09538658819290138,10,False,charles_dickens
flash,all_authors,f1,1000,2,1000,2000,oscar_wilde,3,gutenberg_texts/174.txt,0.024762679308171654,0.0846500809275251,0.05988740161935345,1,True,oscar_wilde
flash,all_authors,f1,1000,3,2000,3000,oscar_wilde,3,gutenberg_texts/174.txt,0.029037129382546413,0.08215270601548798,0.053115576632941565,1,True,oscar_wilde
flash,all_authors,f1,1000,4,3000,4000,oscar_wilde,3,gutenberg_texts/174.txt,0.031171052190004718,0.1189737248890436,0.08780267269903888,1,True,oscar_wilde
flash,all_authors,f1,1000,5,4000,5000,oscar_wilde,3,gutenberg_texts/174.txt,0.1227274729014532,0.04085235337138805,-0.08187511953006514,9,False,joseph_conrad
flash,all_authors,f1,1000,1,0,1000,oscar_wilde,4,gutenberg_texts/773.txt,0.09633744080294937,0.07015495871323388,-0.026182482089715492,6,False,joseph_conrad
flash,all_authors,f1,1000,2,1000,2000,oscar_wilde,4,gutenberg_texts/773.txt,0.07682585807596537,0.0617684695320849,-0.015057388543880466,3,False,joseph_conrad
flash,all_authors,f1,1000,3,2000,3000,oscar_wilde,4,gutenberg_texts/773.txt,0.10813700370011749,0.06462760187442476,-0.043509401825692726,4,False,joseph_conrad
flash,all_authors,f1,1000,4,3000,4000,oscar_wilde,4,gutenberg_texts/773.txt,0.1427510627290222,0.0776493515231404,-0.06510171120588179,4,False,joseph_conrad
flash,all_authors,f1,1000,5,4000,5000,oscar_wilde,4,gutenberg_texts/773.txt,0.09910252391254923,0.04074816745636696,-0.05835435645618227,3,False,joseph_conrad
flash,all_authors,f1,1000,1,0,1000,oscar_wilde,5,gutenberg_texts/174.txt,0.13864374673933655,0.06128528284722742,-0.07735846389210912,9,False,joseph_conrad
flash,all_authors,f1,1000,2,1000,2000,oscar_wilde,5,gutenberg_texts/174.txt,0.11640460286446644,0.05119926632770098,-0.06520533653676547,7,False,joseph_conrad
flash,all_authors,f1,1000,3,2000,3000,oscar_wilde,5,gutenberg_texts/174.txt,0.12754585067236118,0.0066544777057665205,-0.12089137296659466,10,False,joseph_conrad
flash,all_authors,f1,1000,4,3000,4000,oscar_wilde,5,gutenberg_texts/174.txt,0.12579764089536385,0.054143512920728484,-0.07165412797463537,4,False,joseph_conrad
flash,all_authors,f1,1000,5,4000,5000,oscar_wilde,5,gutenberg_texts/174.txt,0.0918131126421731,0.05756328501572171,-0.03424982762645139,4,False,joseph_conrad
flash,all_authors,f1,1000,1,0,1000,oscar_wilde,6,gutenberg_texts/773.txt,0.19144215025909073,0.08557653955057658,-0.10586561070851415,8,False,mary_shelley
flash,all_authors,f1,1000,2,1000,2000,oscar_wilde,6,gutenberg_texts/773.txt,0.09735105723340831,0.048313991806874276,-0.049037065426534035,3,False,joseph_conrad
flash,all_authors,f1,1000,3,2000,3000,oscar_wilde,6,gutenberg_texts/773.txt,0.16992802138616786,0.09157142170718759,-0.07835659967898027,5,False,joseph_conrad
flash,all_authors,f1,1000,4,3000,4000,oscar_wilde,6,gutenberg_texts/773.txt,0.2280810592610004,0.0990476038837848,-0.1290334553772156,8,False,mary_shelley
flash,all_authors,f1,1000,5,4000,5000,oscar_wilde,6,gutenberg_texts/773.txt,0.09065644471460987,0.04978926357673713,-0.04086718113787274,6,False,joseph_conrad
flash,all_authors,f1,1000,1,0,1000,oscar_wilde,7,gutenberg_texts/174.txt,0.17422256645415818,0.07657910901045036,-0.09764345744370782,10,False,charles_dickens
flash,all_authors,f1,1000,2,1000,2000,oscar_wilde,7,gutenberg_texts/174.txt,0.1668214530116524,0.060118342043635226,-0.10670311096801718,10,False,joseph_conrad
flash,all_authors,f1,1000,3,2000,3000,oscar_wilde,7,gutenberg_texts/174.txt,0.1573615807824044,0.03536923089166892,-0.12199234989073547,10,False,joseph_conrad
flash,all_authors,f1,1000,4,3000,4000,oscar_wilde,7,gutenberg_texts/174.txt,0.027928397740181497,0.10026924601930083,0.07234084827911934,1,True,oscar_wilde
flash,all_authors,f1,1000,5,4000,5000,oscar_wilde,7,gutenberg_texts/174.txt,0.014457794068466827,0.05870981031551922,0.0442520162470524,1,True,oscar_wilde
flash,all_authors,f1,1000,1,0,1000,oscar_wilde,8,gutenberg_texts/773.txt,0.10802404583216457,0.0627719410501519,-0.04525210478201268,3,False,joseph_conrad
flash,all_authors,f1,1000,2,1000,2000,oscar_wilde,8,gutenberg_texts/773.txt,0.09634574334255515,0.08370752873545378,-0.012638214607101364,3,False,joseph_conrad
flash,all_authors,f1,1000,3,2000,3000,oscar_wilde,8,gutenberg_texts/773.txt,0.09014451511903697,0.08089774641846667,-0.009246768700570299,4,False,herbert_george_wells
flash,all_authors,f1,1000,4,3000,4000,oscar_wilde,8,gutenberg_texts/773.txt,0.0729064910547933,0.046956767812961334,-0.025949723241831965,3,False,joseph_conrad
flash,all_authors,f1,1000,5,4000,5000,oscar_wilde,8,gutenberg_texts/773.txt,0.0800757720914108,0.05487905207762664,-0.02519672001378416,3,False,joseph_conrad
flash,all_authors,f1,1000,1,0,1000,oscar_wilde,9,gutenberg_texts/174.txt,0.16534262302119926,0.06125672363747515,-0.10408589938372412,10,False,charles_dickens
flash,all_authors,f1,1000,2,1000,2000,oscar_wilde,9,gutenberg_texts/174.txt,0.12137903243547887,0.06539926005282053,-0.05597977238265835,8,False,joseph_conrad
flash,all_authors,f1,1000,3,2000,3000,oscar_wilde,9,gutenberg_texts/174.txt,0.046996920713509915,0.07867529145841101,0.031678370744901097,1,True,oscar_wilde
flash,all_authors,f1,1000,4,3000,4000,oscar_wilde,9,gutenberg_texts/174.txt,0.07819117415796195,0.0788730638733728,0.0006818897154108466,1,True,oscar_wilde
flash,all_authors,f1,1000,5,4000,5000,oscar_wilde,9,gutenberg_texts/174.txt,0.09313858474206975,0.05234576903714053,-0.04079281570492922,4,False,joseph_conrad
flash,all_authors,f1,1000,1,0,1000,oscar_wilde,10,gutenberg_texts/773.txt,0.2747232472947573,0.12193783473488017,-0.1527854125598771,7,False,mary_shelley
flash,all_authors,f1,1000,2,1000,2000,oscar_wilde,10,gutenberg_texts/773.txt,0.08473935902827341,0.05791949101454337,-0.02681986801373004,3,False,joseph_conrad
flash,all_authors,f1,1000,3,2000,3000,oscar_wilde,10,gutenberg_texts/773.txt,0.26456937395291724,0.10012078860530652,-0.16444858534761073,8,False,mary_shelley
flash,all_authors,f1,1000,4,3000,4000,oscar_wilde,10,gutenberg_texts/773.txt,0.2857591158559188,0.12564412238416361,-0.16011499347175517,8,False,mary_shelley
flash,all_authors,f1,1000,5,4000,5000,oscar_wilde,10,gutenberg_texts/773.txt,0.3011766524131147,0.12982424009746307,-0.17135241231565163,8,False,mary_shelley
flash,all_authors,f1,1000,1,0,1000,oscar_wilde,11,gutenberg_texts/174.txt,0.12133931872948378,0.059498353264476354,-0.061840965465007426,9,False,joseph_conrad
flash,all_authors,f1,1000,2,1000,2000,oscar_wilde,11,gutenberg_texts/174.txt,0.14075676770661977,0.0401504341528131,-0.10060633355380666,10,False,joseph_conrad
flash,all_authors,f1,1000,3,2000,3000,oscar_wilde,11,gutenberg_texts/174.txt,0.11346995109805308,0.049120554472904004,-0.06434939662514907,8,False,joseph_conrad
flash,all_authors,f1,1000,4,3000,4000,oscar_wilde,11,gutenberg_texts/174.txt,0.17996074313872917,0.04045033741291738,-0.1395104057258118,10,False,herbert_george_wells
flash,all_authors,f1,1000,5,4000,5000,oscar_wilde,11,gutenberg_texts/174.txt,0.05088265961560848,0.09636447903680985,0.04548181942120137,1,True,oscar_wilde
flash,all_authors,f1,1000,1,0,1000,oscar_wilde,12,gutenberg_texts/773.txt,0.07471314731545384,0.05811444591717429,-0.01659870139827955,3,False,joseph_conrad
flash,all_authors,f1,1000,2,1000,2000,oscar_wilde,12,gutenberg_texts/773.txt,0.059745413273648754,0.050594887573397425,-0.009150525700251329,2,False,herbert_george_wells
flash,all_authors,f1,1000,3,2000,3000,oscar_wilde,12,gutenberg_texts/773.txt,0.271180463560889,0.16131308736453873,-0.10986737619635026,5,False,mary_shelley
flash,all_authors,f1,1000,4,3000,4000,oscar_wilde,12,gutenberg_texts/773.txt,0.1525435852496672,0.08920767628103107,-0.06333590896863614,5,False,joseph_conrad
flash,all_authors,f1,1000,5,4000,5000,oscar_wilde,12,gutenberg_texts/773.txt,0.05751716838063872,0.04824954152688076,-0.009267626853757961,2,False,herbert_george_wells
flash,all_authors,f1,1000,1,0,1000,oscar_wilde,13,gutenberg_texts/174.txt,0.052261228657672396,0.0747757686256688,0.022514539967996405,1,True,oscar_wilde
flash,all_authors,f1,1000,2,1000,2000,oscar_wilde,13,gutenberg_texts/174.txt,0.04284150779395336,0.10137309510205511,0.05853158730810175,1,True,oscar_wilde
flash,all_authors,f1,1000,3,2000,3000,oscar_wilde,13,gutenberg_texts/174.txt,0.024597833076135344,0.11361840563116463,0.08902057255502928,1,True,oscar_wilde
flash,all_authors,f1,1000,4,3000,4000,oscar_wilde,13,gutenberg_texts/174.txt,0.032407677196581816,0.12436425921414336,0.09195658201756154,1,True,oscar_wilde
flash,all_authors,f1,1000,5,4000,5000,oscar_wilde,13,gutenberg_texts/174.txt,0.06432272721075089,0.0793532280247869,0.015030500814036021,1,True,oscar_wilde
flash,all_authors,f1,1000,1,0,1000,oscar_wilde,14,gutenberg_texts/773.txt,0.15181398438289043,0.08194053493439887,-0.06987344944849155,8,False,charles_dickens
flash,all_authors,f1,1000,2,1000,2000,oscar_wilde,14,gutenberg_texts/773.txt,0.2951412322125874,0.16838975153840105,-0.12675148067418637,5,False,mary_shelley
flash,all_authors,f1,1000,3,2000,3000,oscar_wilde,14,gutenberg_texts/773.txt,0.18559052428312087,0.10115139017964488,-0.08443913410347599,5,False,joseph_conrad
flash,all_authors,f1,1000,4,3000,4000,oscar_wilde,14,gutenberg_texts/773.txt,0.11479075394405902,0.07003790673268849,-0.04475284721137053,3,False,joseph_conrad
flash,all_authors,f1,1000,5,4000,5000,oscar_wilde,14,gutenberg_texts/773.txt,0.04781779034529751,0.00736418897240971,-0.0404536013728878,4,False,joseph_conrad
flash,all_authors,f1,1000,1,0,1000,oscar_wilde,15,gutenberg_texts/174.txt,0.12925807144720203,0.06353893497976662,-0.06571913646743541,9,False,joseph_conrad
flash,all_authors,f1,1000,2,1000,2000,oscar_wilde,15,gutenberg_texts/174.txt,0.14230079818824776,0.011186020369168496,-0.13111477781907926,10,False,jane_austen
flash,all_authors,f1,1000,3,2000,3000,oscar_wilde,15,gutenberg_texts/174.txt,0.2265207838667331,0.013075646881091545,-0.21344513698564155,10,False,jane_austen
flash,all_authors,f1,1000,4,3000,4000,oscar_wilde,15,gutenberg_texts/174.txt,0.17123312250367953,0.053395579421090696,-0.11783754308258884,9,False,herbert_george_wells
flash,all_authors,f1,1000,5,4000,5000,oscar_wilde,15,gutenberg_texts/174.txt,0.27335453227058726,0.03696855680885063,-0.23638597546173662,10,False,jane_austen
flash,all_authors,f1,1000,1,0,1000,oscar_wilde,16,gutenberg_texts/773.txt,0.28397514700490545,0.10675936414816085,-0.1772157828567446,8,False,mary_shelley
flash,all_authors,f1,1000,2,1000,2000,oscar_wilde,16,gutenberg_texts/773.txt,0.22897114932870943,0.0850328164684966,-0.14393833286021285,8,False,mary_shelley
flash,all_authors,f1,1000,3,2000,3000,oscar_wilde,16,gutenberg_texts/773.txt,0.30136079901101825,0.11632795438117759,-0.18503284462984065,8,False,mary_shelley
flash,all_authors,f1,1000,4,3000,4000,oscar_wilde,16,gutenberg_texts/773.txt,0.21627854552402878,0.09560869819392,-0.12066984733010878,8,False,mary_shelley
flash,all_authors,f1,1000,5,4000,5000,oscar_wilde,16,gutenberg_texts/773.txt,0.14736782636971638,0.07211667483035131,-0.07525115153936507,7,False,joseph_conrad
flash,all_authors,f1,1000,1,0,1000,oscar_wilde,17,gutenberg_texts/174.txt,0.20430241298166654,0.05340366513967319,-0.15089874784199336,10,False,charles_dickens
flash,all_authors,f1,1000,2,1000,2000,oscar_wilde,17,gutenberg_texts/174.txt,0.22210350642004267,0.05138449246377787,-0.17071901395626482,10,False,charles_dickens
flash,all_authors,f1,1000,3,2000,3000,oscar_wilde,17,gutenberg_texts/174.txt,0.14190691279836695,0.061447187023861725,-0.08045972577450522,9,False,joseph_conrad
flash,all_authors,f1,1000,4,3000,4000,oscar_wilde,17,gutenberg_texts/174.txt,0.24443094411383465,0.04962954008115811,-0.19480140403267654,10,False,charles_dickens
flash,all_authors,f1,1000,5,4000,5000,oscar_wilde,17,gutenberg_texts/174.txt,0.17433652591423365,0.03520106606422499,-0.13913545985000866,10,False,herbert_george_wells
flash,all_authors,f1,1000,1,0,1000,oscar_wilde,18,gutenberg_texts/773.txt,0.1035413874345395,0.059066505063941704,-0.044474882370597796,3,False,joseph_conrad
flash,all_authors,f1,1000,2,1000,2000,oscar_wilde,18,gutenberg_texts/773.txt,0.16678878490993626,0.08175532831198039,-0.08503345659795587,5,False,joseph_conrad
flash,all_authors,f1,1000,3,2000,3000,oscar_wilde,18,gutenberg_texts/773.txt,0.12483353303114189,0.06741133380795064,-0.05742219922319125,5,False,joseph_conrad
flash,all_authors,f1,1000,4,3000,4000,oscar_wilde,18,gutenberg_texts/773.txt,0.1163816163654519,0.049855620947141785,-0.06652599541831011,5,False,joseph_conrad
flash,all_authors,f1,1000,5,4000,5000,oscar_wilde,18,gutenberg_texts/773.txt,0.16261550742577327,0.06810592488537426,-0.09450958254039901,8,False,joseph_conrad
flash,all_authors,f1,1000,1,0,1000,oscar_wilde,19,gutenberg_texts/174.txt,0.19755172503546845,0.067411883947473,-0.13013984108799545,10,False,herbert_george_wells
flash,all_authors,f1,1000,2,1000,2000,oscar_wilde,19,gutenberg_texts/174.txt,0.23691485811041754,0.047400384136887595,-0.18951447397352994,10,False,charles_dickens
flash,all_authors,f1,1000,3,2000,3000,oscar_wilde,19,gutenberg_texts/174.txt,0.12736997509646109,0.05103118101216582,-0.07633879408429527,9,False,joseph_conrad
flash,all_authors,f1,1000,4,3000,4000,oscar_wilde,19,gutenberg_texts/174.txt,0.1608520616752984,0.037963048743150124,-0.12288901293214827,10,False,charles_dickens
flash,all_authors,f1,1000,5,4000,5000,oscar_wilde,19,gutenberg_texts/174.txt,0.22866839659690888,0.030804001517915944,-0.19786439507899295,10,False,charles_dickens
flash,all_authors,f1,1000,1,0,1000,oscar_wilde,20,gutenberg_texts/773.txt,0.11795457037995331,0.07706028939254204,-0.04089428098741127,6,False,joseph_conrad
flash,all_authors,f1,1000,2,1000,2000,oscar_wilde,20,gutenberg_texts/773.txt,0.048143310630341836,0.04643810895358628,-0.0017052016767555578,2,False,herbert_george_wells
flash,all_authors,f1,1000,3,2000,3000,oscar_wilde,20,gutenberg_texts/773.txt,0.08107117409654441,0.04887423819708184,-0.03219693589946257,3,False,joseph_conrad
flash,all_authors,f1,1000,4,3000,4000,oscar_wilde,20,gutenberg_texts/773.txt,0.0686878733101308,0.04816152929149947,-0.020526344018631335,3,False,joseph_conrad
flash,all_authors,f1,1000,5,4000,5000,oscar_wilde,20,gutenberg_texts/773.txt,0.14012243676277883,0.08396771804517558,-0.05615471871760325,9,False,charles_dickens
flash,all_authors,f1,1000,1,0,1000,joseph_conrad,1,gutenberg_texts/219.txt,0.20325514635796893,0.10792318887426397,-0.09533195748370496,5,False,mary_shelley
flash,all_authors,f1,1000,2,1000,2000,joseph_conrad,1,gutenberg_texts/219.txt,0.17624116584115812,0.09363658084919495,-0.08260458499196317,4,False,mary_shelley
flash,all_authors,f1,1000,3,2000,3000,joseph_conrad,1,gutenberg_texts/219.txt,0.12708361304560525,0.05744861924788229,-0.06963499379772296,3,False,mary_shelley
flash,all_authors,f1,1000,4,3000,4000,joseph_conrad,1,gutenberg_texts/219.txt,0.17173118628124873,0.11763918080174585,-0.05409200547950288,6,False,mary_shelley
flash,all_authors,f1,1000,5,4000,5000,joseph_conrad,1,gutenberg_texts/219.txt,0.10804775558167262,0.090848770136263,-0.017198985445409626,5,False,jane_austen
flash,all_authors,f1,1000,1,0,1000,joseph_conrad,2,gutenberg_texts/5658.txt,0.14219189062666696,0.029493869524840295,-0.11269802110182667,10,False,oscar_wilde
flash,all_authors,f1,1000,2,1000,2000,joseph_conrad,2,gutenberg_texts/5658.txt,0.185962939231139,0.024150392126793194,-0.16181254710434578,10,False,herbert_george_wells
flash,all_authors,f1,1000,3,2000,3000,joseph_conrad,2,gutenberg_texts/5658.txt,0.09654161467741974,0.04113401725453741,-0.055407597422882336,8,False,oscar_wilde
flash,all_authors,f1,1000,4,3000,4000,joseph_conrad,2,gutenberg_texts/5658.txt,0.03606158076709447,0.0958495143084356,0.059787933541341126,1,True,joseph_conrad
flash,all_authors,f1,1000,5,4000,5000,joseph_conrad,2,gutenberg_texts/5658.txt,0.13425250608390618,0.08079305468841146,-0.053459451395494725,8,False,jane_austen
flash,all_authors,f1,1000,1,0,1000,joseph_conrad,3,gutenberg_texts/219.txt,0.16346054048720063,0.11748661411140297,-0.045973926375797655,5,False,mary_shelley
flash,all_authors,f1,1000,2,1000,2000,joseph_conrad,3,gutenberg_texts/219.txt,0.11992256727469236,0.1018042286958657,-0.018118338578826665,2,False,oscar_wilde
flash,all_authors,f1,1000,3,2000,3000,joseph_conrad,3,gutenberg_texts/219.txt,0.04127103810671517,0.01977395843279245,-0.02149707967392272,3,False,oscar_wilde
flash,all_authors,f1,1000,4,3000,4000,joseph_conrad,3,gutenberg_texts/219.txt,0.02813616818756532,0.0076866783120260775,-0.020449489875539243,3,False,oscar_wilde
flash,all_authors,f1,1000,5,4000,5000,joseph_conrad,3,gutenberg_texts/219.txt,0.14207039005380787,0.10329345023668528,-0.03877693981712259,3,False,mary_shelley
flash,all_authors,f1,1000,1,0,1000,joseph_conrad,4,gutenberg_texts/5658.txt,0.10230144376729369,0.040138268455594435,-0.06216317531169926,9,False,oscar_wilde
flash,all_authors,f1,1000,2,1000,2000,joseph_conrad,4,gutenberg_texts/5658.txt,0.05458303471806373,0.0876635181142671,0.033080483396203376,1,True,joseph_conrad
flash,all_authors,f1,1000,3,2000,3000,joseph_conrad,4,gutenberg_texts/5658.txt,0.05906905049792801,0.09229059984310008,0.03322154934517207,1,True,joseph_conrad
flash,all_authors,f1,1000,4,3000,4000,joseph_conrad,4,gutenberg_texts/5658.txt,0.09935303431721876,0.10130979553576569,0.001956761218546932,1,True,joseph_conrad
flash,all_authors,f1,1000,5,4000,5000,joseph_conrad,4,gutenberg_texts/5658.txt,0.11265341011147927,0.11387617539429845,0.0012227652828191854,1,True,joseph_conrad
flash,all_authors,f1,1000,1,0,1000,joseph_conrad,5,gutenberg_texts/219.txt,0.14282567418008288,0.10697947212394217,-0.03584620205614071,5,False,mary_shelley
flash,all_authors,f1,1000,2,1000,2000,joseph_conrad,5,gutenberg_texts/219.txt,0.0766002908437551,0.059729066932872096,-0.016871223910883,2,False,oscar_wilde
flash,all_authors,f1,1000,3,2000,3000,joseph_conrad,5,gutenberg_texts/219.txt,0.1968368519886443,0.1197054479601172,-0.07713140402852711,4,False,mary_shelley
flash,all_authors,f1,1000,4,3000,4000,joseph_conrad,5,gutenberg_texts/219.txt,0.12543790247102987,0.09700639510286727,-0.028431507368162606,5,False,mary_shelley
flash,all_authors,f1,1000,5,4000,5000,joseph_conrad,5,gutenberg_texts/219.txt,0.15130241992198284,0.10978761297121094,-0.04151480695077191,5,False,mary_shelley
flash,all_authors,f1,1000,1,0,1000,joseph_conrad,6,gutenberg_texts/5658.txt,0.10341250444364082,0.04588142522249397,-0.05753107922114685,9,False,oscar_wilde
flash,all_authors,f1,1000,2,1000,2000,joseph_conrad,6,gutenberg_texts/5658.txt,0.08133779863730747,0.028749581649102948,-0.052588216988204525,6,False,oscar_wilde
flash,all_authors,f1,1000,3,2000,3000,joseph_conrad,6,gutenberg_texts/5658.txt,0.07810445488911055,0.06257228192962984,-0.015532172959480714,2,False,oscar_wilde
flash,all_authors,f1,1000,4,3000,4000,joseph_conrad,6,gutenberg_texts/5658.txt,0.0935391223371071,0.03511091757876423,-0.058428204758342865,7,False,oscar_wilde
flash,all_authors,f1,1000,5,4000,5000,joseph_conrad,6,gutenberg_texts/5658.txt,0.08567684169504947,0.054164441647790225,-0.03151240004725924,3,False,oscar_wilde
flash,all_authors,f1,1000,1,0,1000,joseph_conrad,7,gutenberg_texts/219.txt,0.11441550745803666,0.10854566780743041,-0.005869839650606251,2,False,mary_shelley
flash,all_authors,f1,1000,2,1000,2000,joseph_conrad,7,gutenberg_texts/219.txt,0.1348144671249474,0.06764176635901473,-0.06717270076593268,2,False,mary_shelley
flash,all_authors,f1,1000,3,2000,3000,joseph_conrad,7,gutenberg_texts/219.txt,0.04958128929099824,0.03144369429236345,-0.018137594998634793,3,False,oscar_wilde
flash,all_authors,f1,1000,4,3000,4000,joseph_conrad,7,gutenberg_texts/219.txt,0.0326507672104528,0.02803487952735953,-0.0046158876830932685,2,False,oscar_wilde
flash,all_authors,f1,1000,5,4000,5000,joseph_conrad,7,gutenberg_texts/219.txt,0.06936625596335996,0.05889236533309733,-0.010473890630262633,3,False,oscar_wilde
flash,all_authors,f1,1000,1,0,1000,joseph_conrad,8,gutenberg_texts/5658.txt,0.09520512471559738,0.044495733718945996,-0.05070939099665138,8,False,oscar_wilde
flash,all_authors,f1,1000,2,1000,2000,joseph_conrad,8,gutenberg_texts/5658.txt,0.12164447963517523,0.137023801019113,0.015379321383937758,1,True,joseph_conrad
flash,all_authors,f1,1000,3,2000,3000,joseph_conrad,8,gutenberg_texts/5658.txt,0.06668406649647515,0.11416891261044387,0.04748484611396872,1,True,joseph_conrad
flash,all_authors,f1,1000,4,3000,4000,joseph_conrad,8,gutenberg_texts/5658.txt,0.04914434885972423,0.10785345841897143,0.0587091095592472,1,True,joseph_conrad
flash,all_authors,f1,1000,5,4000,5000,joseph_conrad,8,gutenberg_texts/5658.txt,0.051944089784527026,0.11134688367198611,0.05940279388745909,1,True,joseph_conrad
flash,all_authors,f1,1000,1,0,1000,joseph_conrad,9,gutenberg_texts/219.txt,0.14399432556181999,0.13100904602341282,-0.012985279538407168,3,False,oscar_wilde
flash,all_authors,f1,1000,2,1000,2000,joseph_conrad,9,gutenberg_texts/219.txt,0.14400576527998105,0.12121276864152049,-0.022792996638460558,3,False,mary_shelley
flash,all_authors,f1,1000,3,2000,3000,joseph_conrad,9,gutenberg_texts/219.txt,0.11947939799960317,0.07402786958224843,-0.04545152841735474,4,False,mary_shelley
flash,all_authors,f1,1000,4,3000,4000,joseph_conrad,9,gutenberg_texts/219.txt,0.10316564979062778,0.07774417285093055,-0.025421476939697235,5,False,jane_austen
flash,all_authors,f1,1000,5,4000,5000,joseph_conrad,9,gutenberg_texts/219.txt,0.11602639517570346,0.07930857042196185,-0.03671782475374161,5,False,mary_shelley
flash,all_authors,f1,1000,1,0,1000,joseph_conrad,10,gutenberg_texts/5658.txt,0.1225821809567453,0.06734962102223623,-0.05523255993450908,7,False,jane_austen
flash,all_authors,f1,1000,2,1000,2000,joseph_conrad,10,gutenberg_texts/5658.txt,0.07066687308679659,0.10024518438204219,0.029578311295245602,1,True,joseph_conrad
flash,all_authors,f1,1000,3,2000,3000,joseph_conrad,10,gutenberg_texts/5658.txt,0.07186901081501952,0.10624668066786194,0.03437766985284242,1,True,joseph_conrad
flash,all_authors,f1,1000,4,3000,4000,joseph_conrad,10,gutenberg_texts/5658.txt,0.0796548954720385,0.1236821541057007,0.044027258633662206,1,True,joseph_conrad
flash,all_authors,f1,1000,5,4000,5000,joseph_conrad,10,gutenberg_texts/5658.txt,0.06721981533031181,0.13874116550650795,0.07152135017619614,1,True,joseph_conrad
flash,all_authors,f1,1000,1,0,1000,joseph_conrad,11,gutenberg_texts/219.txt,0.2145971297087711,0.10092835998247973,-0.11366876972629136,3,False,mary_shelley
flash,all_authors,f1,1000,2,1000,2000,joseph_conrad,11,gutenberg_texts/219.txt,0.2344749897799576,0.1299955192027303,-0.10447947057722728,4,False,mary_shelley
flash,all_authors,f1,1000,3,2000,3000,joseph_conrad,11,gutenberg_texts/219.txt,0.17505768200963037,0.13996623477839196,-0.035091447231238415,3,False,mary_shelley
flash,all_authors,f1,1000,4,3000,4000,joseph_conrad,11,gutenberg_texts/219.txt,0.13915158898963426,0.09074865596736602,-0.04840293302226824,4,False,mary_shelley
flash,all_authors,f1,1000,5,4000,5000,joseph_conrad,11,gutenberg_texts/219.txt,0.2275995843754135,0.1139058417151886,-0.1136937426602249,5,False,mary_shelley
flash,all_authors,f1,1000,1,0,1000,joseph_conrad,12,gutenberg_texts/5658.txt,0.10242322886600519,0.10205925271219006,-0.00036397615381512927,2,False,oscar_wilde
flash,all_authors,f1,1000,2,1000,2000,joseph_conrad,12,gutenberg_texts/5658.txt,0.07248290598422405,0.10188766899991142,0.02940476301568737,1,True,joseph_conrad
flash,all_authors,f1,1000,3,2000,3000,joseph_conrad,12,gutenberg_texts/5658.txt,0.08043805449940453,0.10863105982496594,0.028193005325561418,1,True,joseph_conrad
flash,all_authors,f1,1000,4,3000,4000,joseph_conrad,12,gutenberg_texts/5658.txt,0.11909401263708513,0.14946006820123506,0.030366055564149924,1,True,joseph_conrad
flash,all_authors,f1,1000,5,4000,5000,joseph_conrad,12,gutenberg_texts/5658.txt,0.09781899072541889,0.14227313298532399,0.0444541422599051,1,True,joseph_conrad
flash,all_authors,f1,1000,1,0,1000,joseph_conrad,13,gutenberg_texts/219.txt,0.08222948248132905,0.06100339279253834,-0.021226089688790716,2,False,oscar_wilde
flash,all_authors,f1,1000,2,1000,2000,joseph_conrad,13,gutenberg_texts/219.txt,0.023641424424116115,0.01383455909794933,-0.009806865326166784,2,False,oscar_wilde
flash,all_authors,f1,1000,3,2000,3000,joseph_conrad,13,gutenberg_texts/219.txt,0.05582401188384423,0.032151207697687395,-0.02367280418615683,2,False,oscar_wilde
flash,all_authors,f1,1000,4,3000,4000,joseph_conrad,13,gutenberg_texts/219.txt,0.11639770394826068,0.07863482782176445,-0.03776287612649623,5,False,oscar_wilde
flash,all_authors,f1,1000,5,4000,5000,joseph_conrad,13,gutenberg_texts/219.txt,0.10865435428938922,0.08104484981480822,-0.027609504474580993,2,False,mary_shelley
flash,all_authors,f1,1000,1,0,1000,joseph_conrad,14,gutenberg_texts/5658.txt,0.09666044481146965,0.04743181156009007,-0.049228633251379585,8,False,oscar_wilde
flash,all_authors,f1,1000,2,1000,2000,joseph_conrad,14,gutenberg_texts/5658.txt,0.09253008205417466,0.05974960886370426,-0.03278047319047041,6,False,oscar_wilde
flash,all_authors,f1,1000,3,2000,3000,joseph_conrad,14,gutenberg_texts/5658.txt,0.11379118112135378,0.06921518014730679,-0.044576000974046986,3,False,oscar_wilde
flash,all_authors,f1,1000,4,3000,4000,joseph_conrad,14,gutenberg_texts/5658.txt,0.07881822064773521,0.10694765386059224,0.028129433212857033,1,True,joseph_conrad
flash,all_authors,f1,1000,5,4000,5000,joseph_conrad,14,gutenberg_texts/5658.txt,0.08660392027003835,0.14102203464230487,0.05441811437226651,1,True,joseph_conrad
flash,all_authors,f1,1000,1,0,1000,joseph_conrad,15,gutenberg_texts/219.txt,0.08759626383855111,0.004087067188024331,-0.08350919665052678,4,False,mary_shelley
flash,all_authors,f1,1000,2,1000,2000,joseph_conrad,15,gutenberg_texts/219.txt,0.05583999135485082,0.04365578249914901,-0.01218420885570181,2,False,oscar_wilde
flash,all_authors,f1,1000,3,2000,3000,joseph_conrad,15,gutenberg_texts/219.txt,0.17054125117454025,0.12174561426935776,-0.04879563690518249,3,False,mary_shelley
flash,all_authors,f1,1000,4,3000,4000,joseph_conrad,15,gutenberg_texts/219.txt,0.23884355586549724,0.13386594937397103,-0.10497760649152621,4,False,mary_shelley
flash,all_authors,f1,1000,5,4000,5000,joseph_conrad,15,gutenberg_texts/219.txt,0.20684817489007637,0.10778232027883633,-0.09906585461124004,3,False,mary_shelley
flash,all_authors,f1,1000,1,0,1000,joseph_conrad,16,gutenberg_texts/5658.txt,0.05625177093096265,0.07037725169993346,0.014125480768970813,1,True,joseph_conrad
flash,all_authors,f1,1000,2,1000,2000,joseph_conrad,16,gutenberg_texts/5658.txt,0.12993948966157431,0.1675070456126172,0.037567555951042886,1,True,joseph_conrad
flash,all_authors,f1,1000,3,2000,3000,joseph_conrad,16,gutenberg_texts/5658.txt,0.08310931903180621,0.11731126992304663,0.034201950891240424,1,True,joseph_conrad
flash,all_authors,f1,1000,4,3000,4000,joseph_conrad,16,gutenberg_texts/5658.txt,0.07515842123143225,0.12132333409600426,0.046164912864572014,1,True,joseph_conrad
flash,all_authors,f1,1000,5,4000,5000,joseph_conrad,16,gutenberg_texts/5658.txt,0.09584190083220155,0.12691752060209957,0.03107561976989802,1,True,joseph_conrad
flash,all_authors,f1,1000,1,0,1000,joseph_conrad,17,gutenberg_texts/219.txt,0.11977108723761001,0.0794770119653893,-0.04029407527222072,4,False,mary_shelley
flash,all_authors,f1,1000,2,1000,2000,joseph_conrad,17,gutenberg_texts/219.txt,0.1348416138862946,0.09813193054768196,-0.03670968333861263,3,False,mary_shelley
flash,all_authors,f1,1000,3,2000,3000,joseph_conrad,17,gutenberg_texts/219.txt,0.1498072252282904,0.07340971592309138,-0.07639750930519902,3,False,mary_shelley
flash,all_authors,f1,1000,4,3000,4000,joseph_conrad,17,gutenberg_texts/219.txt,0.19655184458754774,0.12079495092071262,-0.07575689366683512,4,False,mary_shelley
flash,all_authors,f1,1000,5,4000,5000,joseph_conrad,17,gutenberg_texts/219.txt,0.18437236059226855,0.10207120166246925,-0.0823011589297993,4,False,mary_shelley
flash,all_authors,f1,1000,1,0,1000,joseph_conrad,18,gutenberg_texts/5658.txt,0.04617792222950487,0.07607780562074541,0.029899883391240542,1,True,joseph_conrad
flash,all_authors,f1,1000,2,1000,2000,joseph_conrad,18,gutenberg_texts/5658.txt,0.09192959749063084,0.10481016364696395,0.01288056615633311,1,True,joseph_conrad
flash,all_authors,f1,1000,3,2000,3000,joseph_conrad,18,gutenberg_texts/5658.txt,0.07017425586488617,0.08551934480059235,0.015345088935706186,1,True,joseph_conrad
flash,all_authors,f1,1000,4,3000,4000,joseph_conrad,18,gutenberg_texts/5658.txt,0.06630487872848284,0.09080560623559623,0.024500727507113393,1,True,joseph_conrad
flash,all_authors,f1,1000,5,4000,5000,joseph_conrad,18,gutenberg_texts/5658.txt,0.04490030028847578,0.0901134707325422,0.04521317044406641,1,True,joseph_conrad
flash,all_authors,f1,1000,1,0,1000,joseph_conrad,19,gutenberg_texts/219.txt,0.24991570589493628,0.1263740959831994,-0.12354160991173688,3,False,mary_shelley
flash,all_authors,f1,1000,2,1000,2000,joseph_conrad,19,gutenberg_texts/219.txt,0.11789615823956821,0.08253585822303758,-0.035360300016530635,3,False,mary_shelley
flash,all_authors,f1,1000,3,2000,3000,joseph_conrad,19,gutenberg_texts/219.txt,0.04035183111412773,0.026433596264780125,-0.013918234849347608,3,False,oscar_wilde
flash,all_authors,f1,1000,4,3000,4000,joseph_conrad,19,gutenberg_texts/219.txt,0.10303611304955597,0.09713524304138799,-0.005900870008167983,3,False,oscar_wilde
flash,all_authors,f1,1000,5,4000,5000,joseph_conrad,19,gutenberg_texts/219.txt,0.08773500566908504,0.07313059061114321,-0.014604415057941827,2,False,oscar_wilde
flash,all_authors,f1,1000,1,0,1000,joseph_conrad,20,gutenberg_texts/5658.txt,0.11964430586083079,0.045451188585000156,-0.07419311727583064,9,False,charles_dickens
flash,all_authors,f1,1000,2,1000,2000,joseph_conrad,20,gutenberg_texts/5658.txt,0.0306079645840657,0.11644417377944777,0.08583620919538207,1,True,joseph_conrad
flash,all_authors,f1,1000,3,2000,3000,joseph_conrad,20,gutenberg_texts/5658.txt,0.057073457361968234,0.14277193673366845,0.08569847937170022,1,True,joseph_conrad
flash,all_authors,f1,1000,4,3000,4000,joseph_conrad,20,gutenberg_texts/5658.txt,0.07138839987784548,0.1266508820198462,0.05526248214200072,1,True,joseph_conrad
flash,all_authors,f1,1000,5,4000,5000,joseph_conrad,20,gutenberg_texts/5658.txt,0.03810546604193488,0.10680262905086862,0.06869716300893375,1,True,joseph_conrad
flash,all_authors,f3,1000,1,0,1000,jane_austen,1,full_books/jane_austen_full.txt,0.16261907710855425,0.14211367236274527,-0.020505404745808975,4,False,oscar_wilde
flash,all_authors,f3,1000,2,1000,2000,jane_austen,1,full_books/jane_austen_full.txt,0.18981125202382368,0.12298975734311593,-0.06682149468070775,7,False,herbert_george_wells
flash,all_authors,f3,1000,3,2000,3000,jane_austen,1,full_books/jane_austen_full.txt,0.14251726570733994,0.09957644007444774,-0.0429408256328922,6,False,charles_dickens
flash,all_authors,f3,1000,4,3000,4000,jane_austen,1,full_books/jane_austen_full.txt,0.11519536864615915,0.0930566034618645,-0.02213876518429464,2,False,charles_dickens
flash,all_authors,f3,1000,5,4000,5000,jane_austen,1,full_books/jane_austen_full.txt,0.13473251517931495,0.08682057847644561,-0.047911936702869334,6,False,charles_dickens
flash,all_authors,f3,1000,1,0,1000,jane_austen,2,full_books/jane_austen_full.txt,0.20449040225124834,0.15881525510566188,-0.04567514714558646,3,False,oscar_wilde
flash,all_authors,f3,1000,2,1000,2000,jane_austen,2,full_books/jane_austen_full.txt,0.15992820403309563,0.14604632125605158,-0.013881882777044052,2,False,oscar_wilde
flash,all_authors,f3,1000,3,2000,3000,jane_austen,2,full_books/jane_austen_full.txt,0.13843851535101484,0.13163707349625794,-0.0068014418547568956,2,False,charles_dickens
flash,all_authors,f3,1000,4,3000,4000,jane_austen,2,full_books/jane_austen_full.txt,0.13478087712948908,0.10706253907291402,-0.02771833805657506,6,False,herbert_george_wells
flash,all_authors,f3,1000,5,4000,5000,jane_austen,2,full_books/jane_austen_full.txt,0.19936012069169504,0.12341009469639089,-0.07595002599530415,6,False,herbert_george_wells
flash,all_authors,f3,1000,1,0,1000,jane_austen,3,gutenberg_texts/161.txt,0.3028464570470985,0.12157231984652572,-0.18127413720057278,9,False,oscar_wilde
flash,all_authors,f3,1000,2,1000,2000,jane_austen,3,gutenberg_texts/161.txt,0.1346070824995622,0.10242732991760642,-0.03217975258195577,4,False,oscar_wilde
flash,all_authors,f3,1000,3,2000,3000,jane_austen,3,gutenberg_texts/161.txt,0.2922747526829519,0.17770536638923437,-0.11456938629371752,4,False,mary_shelley
flash,all_authors,f3,1000,4,3000,4000,jane_austen,3,gutenberg_texts/161.txt,0.26383393837545865,0.1463128312738569,-0.11752110710160174,9,False,oscar_wilde
flash,all_authors,f3,1000,5,4000,5000,jane_austen,3,gutenberg_texts/161.txt,0.2695088736297456,0.16310866441614189,-0.10640020921360374,8,False,oscar_wilde
flash,all_authors,f3,1000,1,0,1000,jane_austen,4,full_books/jane_austen_full.txt,0.15703217797047278,0.12866630710305593,-0.028365870867416848,3,False,charles_dickens
flash,all_authors,f3,1000,2,1000,2000,jane_austen,4,full_books/jane_austen_full.txt,0.06154081099036441,0.10280251430646076,0.04126170331609635,1,True,jane_austen
flash,all_authors,f3,1000,3,2000,3000,jane_austen,4,full_books/jane_austen_full.txt,0.1697162850352189,0.1097791936665427,-0.05993709136867621,6,False,charles_dickens
flash,all_authors,f3,1000,4,3000,4000,jane_austen,4,full_books/jane_austen_full.txt,0.18720584411797334,0.123960852041029,-0.06324499207694434,6,False,oscar_wilde
flash,all_authors,f3,1000,5,4000,5000,jane_austen,4,full_books/jane_austen_full.txt,0.3804342375735609,0.22057996140067265,-0.15985427617288822,4,False,mary_shelley
flash,all_authors,f3,1000,1,0,1000,jane_austen,5,full_books/jane_austen_full.txt,0.18725071317428682,0.2007837946893296,0.013533081515042789,1,True,jane_austen
flash,all_authors,f3,1000,2,1000,2000,jane_austen,5,full_books/jane_austen_full.txt,0.2765871409501278,0.1777500233181927,-0.09883711763193512,4,False,mary_shelley
flash,all_authors,f3,1000,3,2000,3000,jane_austen,5,full_books/jane_austen_full.txt,0.1463547789590266,0.1203624601002036,-0.025992318858823,2,False,oscar_wilde
flash,all_authors,f3,1000,4,3000,4000,jane_austen,5,full_books/jane_austen_full.txt,0.1612114939228511,0.04885636957792389,-0.11235512434492723,8,False,herbert_george_wells
flash,all_authors,f3,1000,5,4000,5000,jane_austen,5,full_books/jane_austen_full.txt,0.21423017905915648,0.08237727389997443,-0.13185290515918205,9,False,herbert_george_wells
flash,all_authors,f3,1000,1,0,1000,jane_austen,6,gutenberg_texts/161.txt,0.23314303784685825,0.13919444705319386,-0.09394859079366438,7,False,agnes_may_fleming
flash,all_authors,f3,1000,2,1000,2000,jane_austen,6,gutenberg_texts/161.txt,0.10512833994652776,0.07146643136203827,-0.03366190858448949,2,False,mary_shelley
flash,all_authors,f3,1000,3,2000,3000,jane_austen,6,gutenberg_texts/161.txt,0.08920124095721826,0.0874989418961554,-0.0017022990610628674,2,False,mary_shelley
flash,all_authors,f3,1000,4,3000,4000,jane_austen,6,gutenberg_texts/161.txt,0.2236432100062383,0.1650079099356957,-0.0586353000705426,5,False,mary_shelley
flash,all_authors,f3,1000,5,4000,5000,jane_austen,6,gutenberg_texts/161.txt,0.34811533957246693,0.14977237155642756,-0.19834296801603937,8,False,oscar_wilde
flash,all_authors,f3,1000,1,0,1000,jane_austen,7,full_books/jane_austen_full.txt,0.23129180660960022,0.13972526565851195,-0.09156654095108827,5,False,oscar_wilde
flash,all_authors,f3,1000,2,1000,2000,jane_austen,7,full_books/jane_austen_full.txt,0.2842817995888191,0.10419987018232786,-0.18008192940649126,8,False,oscar_wilde
flash,all_authors,f3,1000,3,2000,3000,jane_austen,7,full_books/jane_austen_full.txt,0.20872864309782943,0.08392940469257308,-0.12479923840525635,6,False,joseph_conrad
flash,all_authors,f3,1000,4,3000,4000,jane_austen,7,full_books/jane_austen_full.txt,0.38416782968079627,0.2316966268551223,-0.15247120282567397,4,False,mary_shelley
flash,all_authors,f3,1000,5,4000,5000,jane_austen,7,full_books/jane_austen_full.txt,0.392207524932264,0.2452908425021293,-0.14691668243013473,4,False,mary_shelley
flash,all_authors,f3,1000,1,0,1000,jane_austen,8,full_books/jane_austen_full.txt,0.16829205938581887,0.15034114490250547,-0.0179509144833134,3,False,charles_dickens
flash,all_authors,f3,1000,2,1000,2000,jane_austen,8,full_books/jane_austen_full.txt,0.06721261096526904,0.07336660045375255,0.006153989488483516,1,True,jane_austen
flash,all_authors,f3,1000,3,2000,3000,jane_austen,8,full_books/jane_austen_full.txt,0.1351144431904056,0.03173439369730863,-0.10338004949309698,9,False,herbert_george_wells
flash,all_authors,f3,1000,4,3000,4000,jane_austen,8,full_books/jane_austen_full.txt,0.20674698004578335,0.1015762467414423,-0.10517073330434104,7,False,herbert_george_wells
flash,all_authors,f3,1000,5,4000,5000,jane_austen,8,full_books/jane_austen_full.txt,0.26092634606141113,0.1687867150940362,-0.09213963096737493,3,False,mary_shelley
flash,all_authors,f3,1000,1,0,1000,jane_austen,9,gutenberg_texts/161.txt,0.22394230801451748,0.14416333425387626,-0.07977897376064122,8,False,oscar_wilde
flash,all_authors,f3,1000,2,1000,2000,jane_austen,9,gutenberg_texts/161.txt,0.20046021522778212,0.09590980129291239,-0.10455041393486973,8,False,herbert_george_wells
flash,all_authors,f3,1000,3,2000,3000,jane_austen,9,gutenberg_texts/161.txt,0.22585546802470963,0.08814367651917474,-0.1377117915055349,9,False,herbert_george_wells
flash,all_authors,f3,1000,4,3000,4000,jane_austen,9,gutenberg_texts/161.txt,0.09436896210040109,0.03063907640538862,-0.06372988569501248,6,False,herbert_george_wells
flash,all_authors,f3,1000,5,4000,5000,jane_austen,9,gutenberg_texts/161.txt,0.20941450804597397,0.04095897700859467,-0.1684555310373793,8,False,arthur_conan_doyle
flash,all_authors,f3,1000,1,0,1000,jane_austen,10,full_books/jane_austen_full.txt,0.06626322819025869,0.06214829444721754,-0.004114933743041151,3,False,agnes_may_fleming
flash,all_authors,f3,1000,2,1000,2000,jane_austen,10,full_books/jane_austen_full.txt,0.16102993500275736,0.10920495161743006,-0.0518249833853273,5,False,charles_dickens
flash,all_authors,f3,1000,3,2000,3000,jane_austen,10,full_books/jane_austen_full.txt,0.06947396580043563,0.07065259599355189,0.001178630193116259,1,True,jane_austen
flash,all_authors,f3,1000,4,3000,4000,jane_austen,10,full_books/jane_austen_full.txt,0.0518962478175168,0.07835687859437816,0.026460630776861366,1,True,jane_austen
flash,all_authors,f3,1000,5,4000,5000,jane_austen,10,full_books/jane_austen_full.txt,0.31891546480450655,0.17452026353781905,-0.1443952012666875,4,False,mary_shelley
flash,all_authors,f3,1000,1,0,1000,jane_austen,11,full_books/jane_austen_full.txt,0.1745745699224012,0.12839721358026307,-0.046177356342138126,4,False,oscar_wilde
flash,all_authors,f3,1000,2,1000,2000,jane_austen,11,full_books/jane_austen_full.txt,0.0711658180578027,0.08499891160758988,0.013833093549787179,1,True,jane_austen
flash,all_authors,f3,1000,3,2000,3000,jane_austen,11,full_books/jane_austen_full.txt,0.13824404313727057,0.10113641933710109,-0.03710762380016948,3,False,oscar_wilde
flash,all_authors,f3,1000,4,3000,4000,jane_austen,11,full_books/jane_austen_full.txt,0.1400845923953403,0.08169758798904438,-0.05838700440629592,4,False,oscar_wilde
flash,all_authors,f3,1000,5,4000,5000,jane_austen,11,full_books/jane_austen_full.txt,0.2004325445382041,0.058801867627634154,-0.14163067691056996,9,False,oscar_wilde
flash,all_authors,f3,1000,1,0,1000,jane_austen,12,gutenberg_texts/161.txt,0.33111372081009394,0.22411869380970897,-0.10699502700038496,5,False,agnes_may_fleming
flash,all_authors,f3,1000,2,1000,2000,jane_austen,12,gutenberg_texts/161.txt,0.07261171513254858,0.09070497757672827,0.018093262444179692,1,True,jane_austen
flash,all_authors,f3,1000,3,2000,3000,jane_austen,12,gutenberg_texts/161.txt,0.1882894470247052,0.10645493573229067,-0.08183451129241454,8,False,oscar_wilde
flash,all_authors,f3,1000,4,3000,4000,jane_austen,12,gutenberg_texts/161.txt,0.1981984897724823,0.14609854434897604,-0.052099945423506266,3,False,charles_dickens
flash,all_authors,f3,1000,5,4000,5000,jane_austen,12,gutenberg_texts/161.txt,0.18984187214543854,0.09502043872544927,-0.09482143341998928,6,False,charles_dickens
flash,all_authors,f3,1000,1,0,1000,jane_austen,13,full_books/jane_austen_full.txt,0.1611451825132232,0.11491956167212139,-0.04622562084110182,6,False,charles_dickens
flash,all_authors,f3,1000,2,1000,2000,jane_austen,13,full_books/jane_austen_full.txt,0.10600587965519584,0.060204238640749384,-0.045801641014446455,2,False,mary_shelley
flash,all_authors,f3,1000,3,2000,3000,jane_austen,13,full_books/jane_austen_full.txt,0.22693074325211995,0.11159697985773918,-0.11533376339438077,7,False,oscar_wilde
flash,all_authors,f3,1000,4,3000,4000,jane_austen,13,full_books/jane_austen_full.txt,0.1584176877269221,0.09632902711235337,-0.06208866061456873,5,False,oscar_wilde
flash,all_authors,f3,1000,5,4000,5000,jane_austen,13,full_books/jane_austen_full.txt,0.20576248967853458,0.1704623879536566,-0.03530010172487799,4,False,oscar_wilde
flash,all_authors,f3,1000,1,0,1000,jane_austen,14,full_books/jane_austen_full.txt,0.0779965426716243,0.0943180809094244,0.016321538237800096,1,True,jane_austen
flash,all_authors,f3,1000,2,1000,2000,jane_austen,14,full_books/jane_austen_full.txt,0.10513559000485757,0.06317470154653497,-0.041960888458322604,3,False,mary_shelley
flash,all_authors,f3,1000,3,2000,3000,jane_austen,14,full_books/jane_austen_full.txt,0.25972487180064174,0.15439392750217484,-0.1053309442984669,3,False,mary_shelley
flash,all_authors,f3,1000,4,3000,4000,jane_austen,14,full_books/jane_austen_full.txt,0.17260404973372057,0.13446106129179228,-0.03814298844192829,5,False,oscar_wilde
flash,all_authors,f3,1000,5,4000,5000,jane_austen,14,full_books/jane_austen_full.txt,0.26415597966976895,0.19447462715751354,-0.0696813525122554,4,False,mary_shelley
flash,all_authors,f3,1000,1,0,1000,jane_austen,15,gutenberg_texts/161.txt,0.20892045759024688,0.1338754352045366,-0.07504502238571029,7,False,oscar_wilde
flash,all_authors,f3,1000,2,1000,2000,jane_austen,15,gutenberg_texts/161.txt,0.286363422892219,0.20774463303418764,-0.07861878985803136,6,False,mary_shelley
flash,all_authors,f3,1000,3,2000,3000,jane_austen,15,gutenberg_texts/161.txt,0.20904569959201585,0.13634414947085619,-0.07270155012115967,7,False,oscar_wilde
flash,all_authors,f3,1000,4,3000,4000,jane_austen,15,gutenberg_texts/161.txt,0.1438517589290262,0.07421416357926963,-0.06963759534975658,3,False,mary_shelley
flash,all_authors,f3,1000,5,4000,5000,jane_austen,15,gutenberg_texts/161.txt,0.11172204451033241,0.09051560798635236,-0.02120643652398005,4,False,agnes_may_fleming
flash,all_authors,f3,1000,1,0,1000,jane_austen,16,full_books/jane_austen_full.txt,0.1606072291962434,0.15234933097861306,-0.008257898217630344,2,False,mary_shelley
flash,all_authors,f3,1000,2,1000,2000,jane_austen,16,full_books/jane_austen_full.txt,0.22872620980777317,0.17289682970814899,-0.05582938009962418,4,False,oscar_wilde
flash,all_authors,f3,1000,3,2000,3000,jane_austen,16,full_books/jane_austen_full.txt,0.16568259317290127,0.09725200057995011,-0.06843059259295116,7,False,arthur_conan_doyle
flash,all_authors,f3,1000,4,3000,4000,jane_austen,16,full_books/jane_austen_full.txt,0.16379407669578772,0.1064250108289316,-0.05736906586685611,5,False,charles_dickens
flash,all_authors,f3,1000,5,4000,5000,jane_austen,16,full_books/jane_austen_full.txt,0.1806904755614394,0.1595898389886357,-0.0211006365728037,3,False,oscar_wilde
flash,all_authors,f3,1000,1,0,1000,jane_austen,17,full_books/jane_austen_full.txt,0.16760255800725501,0.11091873892253035,-0.05668381908472467,7,False,oscar_wilde
flash,all_authors,f3,1000,2,1000,2000,jane_austen,17,full_books/jane_austen_full.txt,0.1707138089418805,0.1526276198665145,-0.01808618907536602,3,False,oscar_wilde
flash,all_authors,f3,1000,3,2000,3000,jane_austen,17,full_books/jane_austen_full.txt,0.08666768316724606,0.12684358710025503,0.040175903933008975,1,True,jane_austen
flash,all_authors,f3,1000,4,3000,4000,jane_austen,17,full_books/jane_austen_full.txt,0.27562153858186833,0.1862980103121947,-0.08932352826967363,6,False,oscar_wilde
flash,all_authors,f3,1000,5,4000,5000,jane_austen,17,full_books/jane_austen_full.txt,0.18090085690793173,0.12200002902325739,-0.05890082788467434,4,False,mary_shelley
flash,all_authors,f3,1000,1,0,1000,jane_austen,18,gutenberg_texts/161.txt,0.15078882197898638,0.10793682637370657,-0.042851995605279816,3,False,charles_dickens
flash,all_authors,f3,1000,2,1000,2000,jane_austen,18,gutenberg_texts/161.txt,0.09506855329129277,0.11384548594728203,0.01877693265598926,1,True,jane_austen
flash,all_authors,f3,1000,3,2000,3000,jane_austen,18,gutenberg_texts/161.txt,0.1856897522672028,0.1547027304623608,-0.030987021804842002,5,False,mary_shelley
flash,all_authors,f3,1000,4,3000,4000,jane_austen,18,gutenberg_texts/161.txt,0.14823440881925956,0.061122440296425565,-0.087111968522834,7,False,herbert_george_wells
flash,all_authors,f3,1000,5,4000,5000,jane_austen,18,gutenberg_texts/161.txt,0.18784313367734648,0.1568023168154229,-0.031040816861923587,5,False,oscar_wilde
flash,all_authors,f3,1000,1,0,1000,jane_austen,19,full_books/jane_austen_full.txt,0.16360831197538844,0.12105421460286014,-0.0425540973725283,6,False,charles_dickens
flash,all_authors,f3,1000,2,1000,2000,jane_austen,19,full_books/jane_austen_full.txt,0.1493578698915851,0.1516080953814914,0.0022502254899063046,1,True,jane_austen
flash,all_authors,f3,1000,3,2000,3000,jane_austen,19,full_books/jane_austen_full.txt,0.11275105584240204,0.04396462975967036,-0.06878642608273168,2,False,mary_shelley
flash,all_authors,f3,1000,4,3000,4000,jane_austen,19,full_books/jane_austen_full.txt,0.17291341343007688,0.13020338205286897,-0.04271003137720791,4,False,mary_shelley
flash,all_authors,f3,1000,5,4000,5000,jane_austen,19,full_books/jane_austen_full.txt,0.1845101847408428,0.09511569579232554,-0.08939448894851726,5,False,oscar_wilde
flash,all_authors,f3,1000,1,0,1000,jane_austen,20,full_books/jane_austen_full.txt,0.14124270751613727,0.14599638328642156,0.0047536757702842936,1,True,jane_austen
flash,all_authors,f3,1000,2,1000,2000,jane_austen,20,full_books/jane_austen_full.txt,0.0648915889455166,0.07211231780896687,0.007220728863450279,1,True,jane_austen
flash,all_authors,f3,1000,3,2000,3000,jane_austen,20,full_books/jane_austen_full.txt,0.08546049957955651,0.09664532584631118,0.011184826266754669,1,True,jane_austen
flash,all_authors,f3,1000,4,3000,4000,jane_austen,20,full_books/jane_austen_full.txt,0.2035845604770147,0.11077875078592704,-0.09280580969108766,7,False,oscar_wilde
flash,all_authors,f3,1000,5,4000,5000,jane_austen,20,full_books/jane_austen_full.txt,0.18204052743244284,0.07862031966993911,-0.10342020776250373,8,False,oscar_wilde
flash,all_authors,f3,1000,1,0,1000,herbert_george_wells,1,full_books/herbert_george_wells_full.txt,0.03197894116372807,0.06441082316409565,0.032431882000367576,1,True,herbert_george_wells
flash,all_authors,f3,1000,2,1000,2000,herbert_george_wells,1,full_books/herbert_george_wells_full.txt,0.0467164155407413,0.09901107031303948,0.05229465477229817,1,True,herbert_george_wells
flash,all_authors,f3,1000,3,2000,3000,herbert_george_wells,1,full_books/herbert_george_wells_full.txt,0.165639991420961,0.13307123918811337,-0.032568752232847636,2,False,mary_shelley
flash,all_authors,f3,1000,4,3000,4000,herbert_george_wells,1,full_books/herbert_george_wells_full.txt,0.17818775178968782,0.1812622022357066,0.003074450446018784,1,True,herbert_george_wells
flash,all_authors,f3,1000,5,4000,5000,herbert_george_wells,1,full_books/herbert_george_wells_full.txt,0.22238051518564456,0.23178277820525836,0.009402263019613805,1,True,herbert_george_wells
flash,all_authors,f3,1000,1,0,1000,herbert_george_wells,2,gutenberg_texts/35.txt,0.5962392853328111,0.26106702786208646,-0.33517225747072465,10,False,mary_shelley
flash,all_authors,f3,1000,2,1000,2000,herbert_george_wells,2,gutenberg_texts/35.txt,0.09244546160782964,0.05822662731538723,-0.03421883429244241,4,False,arthur_conan_doyle
flash,all_authors,f3,1000,3,2000,3000,herbert_george_wells,2,gutenberg_texts/35.txt,0.6470567586437702,0.33534903394014093,-0.3117077247036293,10,False,oscar_wilde
flash,all_authors,f3,1000,4,3000,4000,herbert_george_wells,2,gutenberg_texts/35.txt,0.2523862028541651,0.078517614137635,-0.17386858871653008,9,False,oscar_wilde
flash,all_authors,f3,1000,5,4000,5000,herbert_george_wells,2,gutenberg_texts/35.txt,0.2174913014583858,0.06826717822302092,-0.14922412323536488,7,False,joseph_conrad
flash,all_authors,f3,1000,1,0,1000,herbert_george_wells,3,full_books/herbert_george_wells_full.txt,0.17728548613216188,0.04302447833778192,-0.13426100779437997,7,False,arthur_conan_doyle
flash,all_authors,f3,1000,2,1000,2000,herbert_george_wells,3,full_books/herbert_george_wells_full.txt,0.03908172295827921,0.05886954433562776,0.019787821377348545,1,True,herbert_george_wells
flash,all_authors,f3,1000,3,2000,3000,herbert_george_wells,3,full_books/herbert_george_wells_full.txt,0.031970992440171625,0.062215553647557306,0.03024456120738568,1,True,herbert_george_wells
flash,all_authors,f3,1000,4,3000,4000,herbert_george_wells,3,full_books/herbert_george_wells_full.txt,0.11117740636116726,0.1983438708791278,0.08716646451796055,1,True,herbert_george_wells
flash,all_authors,f3,1000,5,4000,5000,herbert_george_wells,3,full_books/herbert_george_wells_full.txt,0.06712757765205662,0.06762690670150825,0.00049932904945163,1,True,herbert_george_wells
flash,all_authors,f3,1000,1,0,1000,herbert_george_wells,4,gutenberg_texts/35.txt,0.5702831351296972,0.1456621507911652,-0.424620984338532,10,False,mary_shelley
flash,all_authors,f3,1000,2,1000,2000,herbert_george_wells,4,gutenberg_texts/35.txt,0.4385466442252088,0.18089014706912557,-0.2576564971560832,10,False,mary_shelley
flash,all_authors,f3,1000,3,2000,3000,herbert_george_wells,4,gutenberg_texts/35.txt,0.4801652177339986,0.15677405505031985,-0.32339116268367873,10,False,mary_shelley
flash,all_authors,f3,1000,4,3000,4000,herbert_george_wells,4,gutenberg_texts/35.txt,0.4779742949103215,0.18969777801191692,-0.2882765168984046,10,False,mary_shelley
flash,all_authors,f3,1000,5,4000,5000,herbert_george_wells,4,gutenberg_texts/35.txt,0.6689717312405201,0.22163324975764687,-0.44733848148287325,10,False,mary_shelley
flash,all_authors,f3,1000,1,0,1000,herbert_george_wells,5,full_books/herbert_george_wells_full.txt,0.04198194529664121,0.07021298112416506,0.02823103582752385,1,True,herbert_george_wells
flash,all_authors,f3,1000,2,1000,2000,herbert_george_wells,5,full_books/herbert_george_wells_full.txt,0.038667399562859445,0.10016035806583817,0.06149295850297873,1,True,herbert_george_wells
flash,all_authors,f3,1000,3,2000,3000,herbert_george_wells,5,full_books/herbert_george_wells_full.txt,0.1509598278153076,0.15929853895585325,0.008338711140545657,1,True,herbert_george_wells
flash,all_authors,f3,1000,4,3000,4000,herbert_george_wells,5,full_books/herbert_george_wells_full.txt,0.25271774294611543,0.12446360446389793,-0.1282541384822175,8,False,charles_dickens
flash,all_authors,f3,1000,5,4000,5000,herbert_george_wells,5,full_books/herbert_george_wells_full.txt,0.5677039624535254,0.153035676216499,-0.4146682862370264,8,False,arthur_conan_doyle
flash,all_authors,f3,1000,1,0,1000,herbert_george_wells,6,gutenberg_texts/35.txt,0.6152847718469231,0.18385271674785267,-0.43143205509907046,10,False,mary_shelley
flash,all_authors,f3,1000,2,1000,2000,herbert_george_wells,6,gutenberg_texts/35.txt,0.5479895554404932,0.2104886956894869,-0.3375008597510063,9,False,mary_shelley
flash,all_authors,f3,1000,3,2000,3000,herbert_george_wells,6,gutenberg_texts/35.txt,0.0455324095036081,0.04372148739598345,-0.0018109221076246518,2,False,arthur_conan_doyle
flash,all_authors,f3,1000,4,3000,4000,herbert_george_wells,6,gutenberg_texts/35.txt,0.4777505456816735,0.1491910765479256,-0.3285594691337479,10,False,mary_shelley
flash,all_authors,f3,1000,5,4000,5000,herbert_george_wells,6,gutenberg_texts/35.txt,0.06455768647862378,0.03592271409042583,-0.028634972388197955,8,False,agnes_may_fleming
flash,all_authors,f3,1000,1,0,1000,herbert_george_wells,7,full_books/herbert_george_wells_full.txt,0.09830902985693114,0.14553720396530406,0.04722817410837292,1,True,herbert_george_wells
flash,all_authors,f3,1000,2,1000,2000,herbert_george_wells,7,full_books/herbert_george_wells_full.txt,0.14598435401038612,0.1554422095013189,0.009457855490932782,1,True,herbert_george_wells
flash,all_authors,f3,1000,3,2000,3000,herbert_george_wells,7,full_books/herbert_george_wells_full.txt,0.1408981045990948,0.14455357251108902,0.0036554679119942257,1,True,herbert_george_wells
flash,all_authors,f3,1000,4,3000,4000,herbert_george_wells,7,full_books/herbert_george_wells_full.txt,0.12144989792621817,0.11328829669302838,-0.008161601233189791,2,False,mary_shelley
flash,all_authors,f3,1000,5,4000,5000,herbert_george_wells,7,full_books/herbert_george_wells_full.txt,0.20961193831849279,0.17984125299607118,-0.02977068532242161,2,False,mary_shelley
flash,all_authors,f3,1000,1,0,1000,herbert_george_wells,8,gutenberg_texts/35.txt,0.15397635415915956,0.08324342071298317,-0.07073293344617639,3,False,oscar_wilde
flash,all_authors,f3,1000,2,1000,2000,herbert_george_wells,8,gutenberg_texts/35.txt,0.4381154950987805,0.19859327037619037,-0.23952222472259013,8,False,oscar_wilde
flash,all_authors,f3,1000,3,2000,3000,herbert_george_wells,8,gutenberg_texts/35.txt,0.4937010327377361,0.22142575865556732,-0.2722752740821688,9,False,mary_shelley
flash,all_authors,f3,1000,4,3000,4000,herbert_george_wells,8,gutenberg_texts/35.txt,0.506432679247598,0.20421286851722475,-0.3022198107303733,10,False,mary_shelley
flash,all_authors,f3,1000,5,4000,5000,herbert_george_wells,8,gutenberg_texts/35.txt,0.37743692215023644,0.22317117874571532,-0.15426574340452112,10,False,charles_dickens
flash,all_authors,f3,1000,1,0,1000,herbert_george_wells,9,full_books/herbert_george_wells_full.txt,0.055219420699829685,0.0718593649756951,0.016639944275865418,1,True,herbert_george_wells
flash,all_authors,f3,1000,2,1000,2000,herbert_george_wells,9,full_books/herbert_george_wells_full.txt,0.09200151785837626,0.07394058036757283,-0.01806093749080344,3,False,oscar_wilde
flash,all_authors,f3,1000,3,2000,3000,herbert_george_wells,9,full_books/herbert_george_wells_full.txt,0.053130746260818235,0.0746472424770232,0.021516496216204967,1,True,herbert_george_wells
flash,all_authors,f3,1000,4,3000,4000,herbert_george_wells,9,full_books/herbert_george_wells_full.txt,0.052903714875421025,0.06191056517263804,0.009006850297217012,1,True,herbert_george_wells
flash,all_authors,f3,1000,5,4000,5000,herbert_george_wells,9,full_books/herbert_george_wells_full.txt,0.06843592529680227,0.08094292840793545,0.012507003111133175,1,True,herbert_george_wells
flash,all_authors,f3,1000,1,0,1000,herbert_george_wells,10,gutenberg_texts/35.txt,0.4110184615823861,0.17135965781799983,-0.23965880376438625,10,False,mary_shelley
flash,all_authors,f3,1000,2,1000,2000,herbert_george_wells,10,gutenberg_texts/35.txt,0.4275576273625575,0.17569559411498592,-0.25186203324757156,10,False,mary_shelley
flash,all_authors,f3,1000,3,2000,3000,herbert_george_wells,10,gutenberg_texts/35.txt,0.5019179386219346,0.20257593722566872,-0.2993420013962659,10,False,mary_shelley
flash,all_authors,f3,1000,4,3000,4000,herbert_george_wells,10,gutenberg_texts/35.txt,0.49160279254905176,0.15938142772666747,-0.3322213648223843,10,False,mary_shelley
flash,all_authors,f3,1000,5,4000,5000,herbert_george_wells,10,gutenberg_texts/35.txt,0.57115170876956,0.21810988225826006,-0.35304182651129995,10,False,mary_shelley
flash,all_authors,f3,1000,1,0,1000,herbert_george_wells,11,full_books/herbert_george_wells_full.txt,0.12470423214586875,0.08972975337227504,-0.034974478773593706,5,False,arthur_conan_doyle
flash,all_authors,f3,1000,2,1000,2000,herbert_george_wells,11,full_books/herbert_george_wells_full.txt,0.07197954962622652,0.0880851708370658,0.016105621210839277,1,True,herbert_george_wells
flash,all_authors,f3,1000,3,2000,3000,herbert_george_wells,11,full_books/herbert_george_wells_full.txt,0.14627781931196307,0.07846127969495159,-0.06781653961701148,4,False,oscar_wilde
flash,all_authors,f3,1000,4,3000,4000,herbert_george_wells,11,full_books/herbert_george_wells_full.txt,0.03892656048982236,0.056192682329425536,0.017266121839603174,1,True,herbert_george_wells
flash,all_authors,f3,1000,5,4000,5000,herbert_george_wells,11,full_books/herbert_george_wells_full.txt,0.041591158800845934,0.055622233212036645,0.014031074411190711,1,True,herbert_george_wells
flash,all_authors,f3,1000,1,0,1000,herbert_george_wells,12,gutenberg_texts/35.txt,0.65061353467008,0.18746067700803284,-0.46315285766204717,10,False,mary_shelley
flash,all_authors,f3,1000,2,1000,2000,herbert_george_wells,12,gutenberg_texts/35.txt,0.5883234247654507,0.19016183777009307,-0.39816158699535764,10,False,mary_shelley
flash,all_authors,f3,1000,3,2000,3000,herbert_george_wells,12,gutenberg_texts/35.txt,0.5757117572352969,0.23889358586970047,-0.33681817136559644,10,False,mary_shelley
flash,all_authors,f3,1000,4,3000,4000,herbert_george_wells,12,gutenberg_texts/35.txt,0.5204493046911928,0.219908108788365,-0.3005411959028278,10,False,mary_shelley
flash,all_authors,f3,1000,5,4000,5000,herbert_george_wells,12,gutenberg_texts/35.txt,0.44360811708206993,0.21677517343306296,-0.22683294364900697,10,False,mary_shelley
flash,all_authors,f3,1000,1,0,1000,herbert_george_wells,13,full_books/herbert_george_wells_full.txt,0.05661127809330243,0.08763554371279476,0.031024265619492335,1,True,herbert_george_wells
flash,all_authors,f3,1000,2,1000,2000,herbert_george_wells,13,full_books/herbert_george_wells_full.txt,0.0991292367896307,0.14131396481272948,0.04218472802309878,1,True,herbert_george_wells
flash,all_authors,f3,1000,3,2000,3000,herbert_george_wells,13,full_books/herbert_george_wells_full.txt,0.15428228837588265,0.1427344993363903,-0.011547789039492357,2,False,mary_shelley
flash,all_authors,f3,1000,4,3000,4000,herbert_george_wells,13,full_books/herbert_george_wells_full.txt,0.2389339756124744,0.18709914433668343,-0.05183483127579097,2,False,mary_shelley
flash,all_authors,f3,1000,5,4000,5000,herbert_george_wells,13,full_books/herbert_george_wells_full.txt,0.20008335853849094,0.16101208685130172,-0.03907127168718921,2,False,mary_shelley
flash,all_authors,f3,1000,1,0,1000,herbert_george_wells,14,gutenberg_texts/35.txt,0.5244504895461648,0.14597624707735507,-0.37847424246880973,10,False,mary_shelley
flash,all_authors,f3,1000,2,1000,2000,herbert_george_wells,14,gutenberg_texts/35.txt,0.4901462531844454,0.16290225988121645,-0.32724399330322895,10,False,mary_shelley
flash,all_authors,f3,1000,3,2000,3000,herbert_george_wells,14,gutenberg_texts/35.txt,0.5236857499032669,0.17999171002438694,-0.3436940398788799,10,False,mary_shelley
flash,all_authors,f3,1000,4,3000,4000,herbert_george_wells,14,gutenberg_texts/35.txt,0.4826449915126782,0.23571734764747979,-0.24692764386519842,10,False,mary_shelley
flash,all_authors,f3,1000,5,4000,5000,herbert_george_wells,14,gutenberg_texts/35.txt,0.5062984796016495,0.28010693836323064,-0.2261915412384189,10,False,mary_shelley
flash,all_authors,f3,1000,1,0,1000,herbert_george_wells,15,full_books/herbert_george_wells_full.txt,0.12939784896497372,0.10378256748984957,-0.025615281475124152,3,False,arthur_conan_doyle
flash,all_authors,f3,1000,2,1000,2000,herbert_george_wells,15,full_books/herbert_george_wells_full.txt,0.05717055322140793,0.0438147776051241,-0.01335577561628383,3,False,jane_austen
flash,all_authors,f3,1000,3,2000,3000,herbert_george_wells,15,full_books/herbert_george_wells_full.txt,0.05588967760609878,0.08437631164998805,0.028486634043889264,1,True,herbert_george_wells
flash,all_authors,f3,1000,4,3000,4000,herbert_george_wells,15,full_books/herbert_george_wells_full.txt,0.0925640695050312,0.0964534343113125,0.003889364806281298,1,True,herbert_george_wells
flash,all_authors,f3,1000,5,4000,5000,herbert_george_wells,15,full_books/herbert_george_wells_full.txt,0.14470487877041302,0.05331977057312761,-0.0913851081972854,6,False,arthur_conan_doyle
flash,all_authors,f3,1000,1,0,1000,herbert_george_wells,16,gutenberg_texts/35.txt,0.48707025057508946,0.16057209903565076,-0.32649815153943873,10,False,mary_shelley
flash,all_authors,f3,1000,2,1000,2000,herbert_george_wells,16,gutenberg_texts/35.txt,0.5883861937921875,0.16721429158841294,-0.42117190220377454,10,False,mary_shelley
flash,all_authors,f3,1000,3,2000,3000,herbert_george_wells,16,gutenberg_texts/35.txt,0.40011544490269296,0.17853149438424068,-0.22158395051845228,10,False,oscar_wilde
flash,all_authors,f3,1000,4,3000,4000,herbert_george_wells,16,gutenberg_texts/35.txt,0.4631888711930854,0.17866574692440274,-0.28452312426868265,10,False,mary_shelley
flash,all_authors,f3,1000,5,4000,5000,herbert_george_wells,16,gutenberg_texts/35.txt,0.4720847164235106,0.24367760805361854,-0.22840710836989203,10,False,mary_shelley
flash,all_authors,f3,1000,1,0,1000,herbert_george_wells,17,full_books/herbert_george_wells_full.txt,0.1728675776776024,0.042597902834439136,-0.13026967484316326,8,False,arthur_conan_doyle
flash,all_authors,f3,1000,2,1000,2000,herbert_george_wells,17,full_books/herbert_george_wells_full.txt,0.06886903004363708,0.08126290075871544,0.012393870715078359,1,True,herbert_george_wells
flash,all_authors,f3,1000,3,2000,3000,herbert_george_wells,17,full_books/herbert_george_wells_full.txt,0.08411356974581433,0.16677140175572094,0.08265783200990662,1,True,herbert_george_wells
flash,all_authors,f3,1000,4,3000,4000,herbert_george_wells,17,full_books/herbert_george_wells_full.txt,0.11547454178571961,0.1771299650891671,0.061655423303447476,1,True,herbert_george_wells
flash,all_authors,f3,1000,5,4000,5000,herbert_george_wells,17,full_books/herbert_george_wells_full.txt,0.06352004671063712,0.06325747742855709,-0.00026256928208003016,2,False,oscar_wilde
flash,all_authors,f3,1000,1,0,1000,herbert_george_wells,18,gutenberg_texts/35.txt,0.7546625843664674,0.2969439425935117,-0.4577186417729557,10,False,mary_shelley
flash,all_authors,f3,1000,2,1000,2000,herbert_george_wells,18,gutenberg_texts/35.txt,0.33639219908802637,0.14933784660295868,-0.1870543524850677,10,False,mary_shelley
flash,all_authors,f3,1000,3,2000,3000,herbert_george_wells,18,gutenberg_texts/35.txt,0.14724991504138418,0.06909052235770477,-0.07815939268367941,6,False,oscar_wilde
flash,all_authors,f3,1000,4,3000,4000,herbert_george_wells,18,gutenberg_texts/35.txt,0.12997869384937508,0.04464405471398,-0.08533463913539507,5,False,oscar_wilde
flash,all_authors,f3,1000,5,4000,5000,herbert_george_wells,18,gutenberg_texts/35.txt,0.10931905394667063,0.05455966202937473,-0.0547593919172959,3,False,oscar_wilde
flash,all_authors,f3,1000,1,0,1000,herbert_george_wells,19,full_books/herbert_george_wells_full.txt,0.12327525866939454,0.06174974406448709,-0.06152551460490745,5,False,arthur_conan_doyle
flash,all_authors,f3,1000,2,1000,2000,herbert_george_wells,19,full_books/herbert_george_wells_full.txt,0.04536713854890565,0.06207671102740948,0.016709572478503826,1,True,herbert_george_wells
flash,all_authors,f3,1000,3,2000,3000,herbert_george_wells,19,full_books/herbert_george_wells_full.txt,0.03530756570728877,0.06083781744953216,0.02553025174224339,1,True,herbert_george_wells
flash,all_authors,f3,1000,4,3000,4000,herbert_george_wells,19,full_books/herbert_george_wells_full.txt,0.08951306014647421,0.0988320181190733,0.009318957972599087,1,True,herbert_george_wells
flash,all_authors,f3,1000,5,4000,5000,herbert_george_wells,19,full_books/herbert_george_wells_full.txt,0.11729295240022572,0.1483890279059388,0.031096075505713083,1,True,herbert_george_wells
flash,all_authors,f3,1000,1,0,1000,herbert_george_wells,20,gutenberg_texts/35.txt,0.5880716405675717,0.20268105713772983,-0.38539058342984184,10,False,mary_shelley
flash,all_authors,f3,1000,2,1000,2000,herbert_george_wells,20,gutenberg_texts/35.txt,0.12291841737138726,0.08215839867100139,-0.04076001870038587,3,False,oscar_wilde
flash,all_authors,f3,1000,3,2000,3000,herbert_george_wells,20,gutenberg_texts/35.txt,0.08350249933045041,0.0453456732289077,-0.03815682610154271,4,False,oscar_wilde
flash,all_authors,f3,1000,4,3000,4000,herbert_george_wells,20,gutenberg_texts/35.txt,0.09777691541751653,0.03736319006656114,-0.060413725350955384,5,False,oscar_wilde
flash,all_authors,f3,1000,5,4000,5000,herbert_george_wells,20,gutenberg_texts/35.txt,0.10843278476100998,0.06189708234956996,-0.04653570241144002,8,False,oscar_wilde
flash,all_authors,f3,1000,1,0,1000,agnes_may_fleming,1,full_books/agnes_may_fleming_full.txt,0.09316520720121842,0.08103686811294676,-0.012128339088271656,3,False,charles_dickens
flash,all_authors,f3,1000,2,1000,2000,agnes_may_fleming,1,full_books/agnes_may_fleming_full.txt,0.10009037229616807,0.06598373822823682,-0.034106634067931255,4,False,oscar_wilde
flash,all_authors,f3,1000,3,2000,3000,agnes_may_fleming,1,full_books/agnes_may_fleming_full.txt,0.125950588811962,0.07625886098016939,-0.04969172783179261,4,False,oscar_wilde
flash,all_authors,f3,1000,4,3000,4000,agnes_may_fleming,1,full_books/agnes_may_fleming_full.txt,0.082712328210026,0.057113554534013886,-0.025598773676012113,3,False,oscar_wilde
flash,all_authors,f3,1000,5,4000,5000,agnes_may_fleming,1,full_books/agnes_may_fleming_full.txt,0.08740743113263459,0.07640292583521145,-0.01100450529742314,3,False,jane_austen
flash,all_authors,f3,1000,1,0,1000,agnes_may_fleming,2,gutenberg_texts/7063.txt,0.1752099355036479,0.09232973177444011,-0.0828802037292078,9,False,jane_austen
flash,all_authors,f3,1000,2,1000,2000,agnes_may_fleming,2,gutenberg_texts/7063.txt,0.16635228835933652,0.07048963696806976,-0.09586265139126676,9,False,herbert_george_wells
flash,all_authors,f3,1000,3,2000,3000,agnes_may_fleming,2,gutenberg_texts/7063.txt,0.23785429426597823,0.09005893330780043,-0.1477953609581778,9,False,oscar_wilde
flash,all_authors,f3,1000,4,3000,4000,agnes_may_fleming,2,gutenberg_texts/7063.txt,0.29526028566120543,0.0886498381333378,-0.20661044752786764,10,False,joseph_conrad
flash,all_authors,f3,1000,5,4000,5000,agnes_may_fleming,2,gutenberg_texts/7063.txt,0.15846047973148936,0.055523081926104445,-0.10293739780538491,9,False,herbert_george_wells
flash,all_authors,f3,1000,1,0,1000,agnes_may_fleming,3,full_books/agnes_may_fleming_full.txt,0.12397780171373451,0.07795665353532145,-0.04602114817841306,2,False,charles_dickens
flash,all_authors,f3,1000,2,1000,2000,agnes_may_fleming,3,full_books/agnes_may_fleming_full.txt,0.15947057382669083,0.12639314436686977,-0.03307742945982106,5,False,oscar_wilde
flash,all_authors,f3,1000,3,2000,3000,agnes_may_fleming,3,full_books/agnes_may_fleming_full.txt,0.10638331837435651,0.11020420930250212,0.0038208909281456094,1,True,agnes_may_fleming
flash,all_authors,f3,1000,4,3000,4000,agnes_may_fleming,3,full_books/agnes_may_fleming_full.txt,0.1232905431935995,0.12023421501166481,-0.0030563281819346866,2,False,oscar_wilde
flash,all_authors,f3,1000,5,4000,5000,agnes_may_fleming,3,full_books/agnes_may_fleming_full.txt,0.17054965119479457,0.1396173681599687,-0.03093228303482587,3,False,oscar_wilde
flash,all_authors,f3,1000,1,0,1000,agnes_may_fleming,4,gutenberg_texts/7063.txt,0.1772187750772759,0.08760394473404537,-0.08961483034323053,9,False,charles_dickens
flash,all_authors,f3,1000,2,1000,2000,agnes_may_fleming,4,gutenberg_texts/7063.txt,0.1520845394962104,0.09373330177605432,-0.058351237720156074,7,False,charles_dickens
flash,all_authors,f3,1000,3,2000,3000,agnes_may_fleming,4,gutenberg_texts/7063.txt,0.264684135331046,0.07197153952759665,-0.19271259580344935,9,False,herbert_george_wells
flash,all_authors,f3,1000,4,3000,4000,agnes_may_fleming,4,gutenberg_texts/7063.txt,0.18090709387497603,0.06278013199454857,-0.11812696188042746,9,False,herbert_george_wells
flash,all_authors,f3,1000,5,4000,5000,agnes_may_fleming,4,gutenberg_texts/7063.txt,0.34698512347092153,0.08857862780027617,-0.25840649567064533,10,False,oscar_wilde
flash,all_authors,f3,1000,1,0,1000,agnes_may_fleming,5,full_books/agnes_may_fleming_full.txt,0.16076152572719268,0.11129383938679549,-0.04946768634039719,3,False,charles_dickens
flash,all_authors,f3,1000,2,1000,2000,agnes_may_fleming,5,full_books/agnes_may_fleming_full.txt,0.1308428219199546,0.12334279123863426,-0.007500030681320352,2,False,charles_dickens
flash,all_authors,f3,1000,3,2000,3000,agnes_may_fleming,5,full_books/agnes_may_fleming_full.txt,0.25470712232412906,0.0531772450481695,-0.20152987727595956,5,False,mary_shelley
flash,all_authors,f3,1000,4,3000,4000,agnes_may_fleming,5,full_books/agnes_may_fleming_full.txt,0.19657582709004798,0.134485819866079,-0.062090007223968985,4,False,oscar_wilde
flash,all_authors,f3,1000,5,4000,5000,agnes_may_fleming,5,full_books/agnes_may_fleming_full.txt,0.039288477935557564,0.045744831060719256,0.0064563531251616915,1,True,agnes_may_fleming
flash,all_authors,f3,1000,1,0,1000,agnes_may_fleming,6,gutenberg_texts/7063.txt,0.17264524081865165,0.08662714180904646,-0.08601809900960519,7,False,charles_dickens
flash,all_authors,f3,1000,2,1000,2000,agnes_may_fleming,6,gutenberg_texts/7063.txt,0.24498354190857077,0.12069868478599206,-0.12428485712257871,9,False,oscar_wilde
flash,all_authors,f3,1000,3,2000,3000,agnes_may_fleming,6,gutenberg_texts/7063.txt,0.20241330510362826,0.11003699959775647,-0.0923763055058718,9,False,herbert_george_wells
flash,all_authors,f3,1000,4,3000,4000,agnes_may_fleming,6,gutenberg_texts/7063.txt,0.2658359322005175,0.1437147373428021,-0.12212119485771539,8,False,oscar_wilde
flash,all_authors,f3,1000,5,4000,5000,agnes_may_fleming,6,gutenberg_texts/7063.txt,0.22270378347004552,0.07475629216778806,-0.14794749130225746,9,False,herbert_george_wells
flash,all_authors,f3,1000,1,0,1000,agnes_may_fleming,7,full_books/agnes_may_fleming_full.txt,0.18476720336742528,0.14132475627559135,-0.043442447091833924,6,False,oscar_wilde
flash,all_authors,f3,1000,2,1000,2000,agnes_may_fleming,7,full_books/agnes_may_fleming_full.txt,0.2299738753689057,0.1624875127520157,-0.06748636261689,5,False,oscar_wilde
flash,all_authors,f3,1000,3,2000,3000,agnes_may_fleming,7,full_books/agnes_may_fleming_full.txt,0.09970882112007289,0.07819025376350107,-0.021518567356571816,2,False,oscar_wilde
flash,all_authors,f3,1000,4,3000,4000,agnes_may_fleming,7,full_books/agnes_may_fleming_full.txt,0.13128013656800405,0.08260601772902541,-0.04867411883897864,4,False,oscar_wilde
flash,all_authors,f3,1000,5,4000,5000,agnes_may_fleming,7,full_books/agnes_may_fleming_full.txt,0.09418163708486828,0.07557333088283578,-0.018608306202032493,5,False,oscar_wilde
flash,all_authors,f3,1000,1,0,1000,agnes_may_fleming,8,gutenberg_texts/7063.txt,0.15218315759246995,0.06790414102284863,-0.08427901656962132,9,False,jane_austen
flash,all_authors,f3,1000,2,1000,2000,agnes_may_fleming,8,gutenberg_texts/7063.txt,0.3322724324046214,0.11267225573324267,-0.2196001766713787,10,False,oscar_wilde
flash,all_authors,f3,1000,3,2000,3000,agnes_may_fleming,8,gutenberg_texts/7063.txt,0.23085330372235988,0.07562856696971669,-0.1552247367526432,9,False,herbert_george_wells
flash,all_authors,f3,1000,4,3000,4000,agnes_may_fleming,8,gutenberg_texts/7063.txt,0.26824485084126515,0.07076044226070753,-0.1974844085805576,9,False,herbert_george_wells
flash,all_authors,f3,1000,5,4000,5000,agnes_may_fleming,8,gutenberg_texts/7063.txt,0.17720001080099693,0.06094068082669072,-0.11625932997430621,9,False,herbert_george_wells
flash,all_authors,f3,1000,1,0,1000,agnes_may_fleming,9,full_books/agnes_may_fleming_full.txt,0.24153301920264092,0.13370709857406127,-0.10782592062857965,5,False,mary_shelley
flash,all_authors,f3,1000,2,1000,2000,agnes_may_fleming,9,full_books/agnes_may_fleming_full.txt,0.3902223210847082,0.21817330380530203,-0.1720490172794062,6,False,joseph_conrad
flash,all_authors,f3,1000,3,2000,3000,agnes_may_fleming,9,full_books/agnes_may_fleming_full.txt,0.3368262975460298,0.2094423695802721,-0.12738392796575768,5,False,joseph_conrad
flash,all_authors,f3,1000,4,3000,4000,agnes_may_fleming,9,full_books/agnes_may_fleming_full.txt,0.33907325569811575,0.19906281476085833,-0.14001044093725742,5,False,mary_shelley
flash,all_authors,f3,1000,5,4000,5000,agnes_may_fleming,9,full_books/agnes_may_fleming_full.txt,0.25922082562010085,0.1836008120149818,-0.07562001360511905,5,False,oscar_wilde
flash,all_authors,f3,1000,1,0,1000,agnes_may_fleming,10,gutenberg_texts/7063.txt,0.29042246505081115,0.11807481065677959,-0.17234765439403155,10,False,oscar_wilde
flash,all_authors,f3,1000,2,1000,2000,agnes_may_fleming,10,gutenberg_texts/7063.txt,0.22492515779297106,0.07705795040957317,-0.1478672073833979,9,False,herbert_george_wells
flash,all_authors,f3,1000,3,2000,3000,agnes_may_fleming,10,gutenberg_texts/7063.txt,0.5191351402882423,0.17860861542451903,-0.34052652486372326,10,False,oscar_wilde
flash,all_authors,f3,1000,4,3000,4000,agnes_may_fleming,10,gutenberg_texts/7063.txt,0.3011722223346637,0.0997664179876612,-0.20140580434700248,10,False,oscar_wilde
flash,all_authors,f3,1000,5,4000,5000,agnes_may_fleming,10,gutenberg_texts/7063.txt,0.1784879985156048,0.07867311648916372,-0.09981488202644107,8,False,herbert_george_wells
flash,all_authors,f3,1000,1,0,1000,agnes_may_fleming,11,full_books/agnes_may_fleming_full.txt,0.13300096436868777,0.07745142729146948,-0.0555495370772183,2,False,charles_dickens
flash,all_authors,f3,1000,2,1000,2000,agnes_may_fleming,11,full_books/agnes_may_fleming_full.txt,0.13898103181393678,0.1355899242032342,-0.003391107610702576,2,False,charles_dickens
flash,all_authors,f3,1000,3,2000,3000,agnes_may_fleming,11,full_books/agnes_may_fleming_full.txt,0.26938758859995865,0.19031219548250985,-0.0790753931174488,7,False,mary_shelley
flash,all_authors,f3,1000,4,3000,4000,agnes_may_fleming,11,full_books/agnes_may_fleming_full.txt,0.13518680271271083,0.12984683647691575,-0.0053399662357950795,2,False,oscar_wilde
flash,all_authors,f3,1000,5,4000,5000,agnes_may_fleming,11,full_books/agnes_may_fleming_full.txt,0.11476752663687807,0.11299581870082957,-0.0017717079360485,2,False,herbert_george_wells
flash,all_authors,f3,1000,1,0,1000,agnes_may_fleming,12,gutenberg_texts/7063.txt,0.3284232418237756,0.1697168292664897,-0.15870641255728588,10,False,oscar_wilde
flash,all_authors,f3,1000,2,1000,2000,agnes_may_fleming,12,gutenberg_texts/7063.txt,0.4439783733980365,0.20174187448474287,-0.2422364989132936,10,False,oscar_wilde
flash,all_authors,f3,1000,3,2000,3000,agnes_may_fleming,12,gutenberg_texts/7063.txt,0.33764093767275316,0.1720565561746096,-0.16558438149814356,9,False,oscar_wilde
flash,all_authors,f3,1000,4,3000,4000,agnes_may_fleming,12,gutenberg_texts/7063.txt,0.4690141842608908,0.1657558064153657,-0.3032583778455251,10,False,oscar_wilde
flash,all_authors,f3,1000,5,4000,5000,agnes_may_fleming,12,gutenberg_texts/7063.txt,0.3528625498734355,0.12245480332472582,-0.2304077465487097,10,False,oscar_wilde
flash,all_authors,f3,1000,1,0,1000,agnes_may_fleming,13,full_books/agnes_may_fleming_full.txt,0.15240202401853567,0.1210395054274356,-0.031362518591100064,3,False,oscar_wilde
flash,all_authors,f3,1000,2,1000,2000,agnes_may_fleming,13,full_books/agnes_may_fleming_full.txt,0.24925964180359853,0.16922167232916313,-0.0800379694744354,6,False,mary_shelley
flash,all_authors,f3,1000,3,2000,3000,agnes_may_fleming,13,full_books/agnes_may_fleming_full.txt,0.21159047265020434,0.04747898250000573,-0.1641114901501986,7,False,mary_shelley
flash,all_authors,f3,1000,4,3000,4000,agnes_may_fleming,13,full_books/agnes_may_fleming_full.txt,0.23105809688052814,0.14201486550866907,-0.08904323137185907,5,False,oscar_wilde
flash,all_authors,f3,1000,5,4000,5000,agnes_may_fleming,13,full_books/agnes_may_fleming_full.txt,0.21493037709131238,0.13550788986473483,-0.07942248722657755,5,False,mary_shelley
flash,all_authors,f3,1000,1,0,1000,agnes_may_fleming,14,gutenberg_texts/7063.txt,0.17439365127281534,0.11403821448561123,-0.060355436787204106,4,False,charles_dickens
flash,all_authors,f3,1000,2,1000,2000,agnes_may_fleming,14,gutenberg_texts/7063.txt,0.27801336377755165,0.10073516350488791,-0.17727820027266372,9,False,oscar_wilde
flash,all_authors,f3,1000,3,2000,3000,agnes_may_fleming,14,gutenberg_texts/7063.txt,0.33690343733532624,0.10307718050958858,-0.23382625682573766,9,False,herbert_george_wells
flash,all_authors,f3,1000,4,3000,4000,agnes_may_fleming,14,gutenberg_texts/7063.txt,0.2709413145766152,0.09437687267719946,-0.17656444189941572,9,False,oscar_wilde
flash,all_authors,f3,1000,5,4000,5000,agnes_may_fleming,14,gutenberg_texts/7063.txt,0.2982973563381155,0.07919446559587635,-0.21910289074223915,10,False,mary_shelley
flash,all_authors,f3,1000,1,0,1000,agnes_may_fleming,15,full_books/agnes_may_fleming_full.txt,0.23787243481575357,0.17432569521376923,-0.06354673960198434,5,False,charles_dickens
flash,all_authors,f3,1000,2,1000,2000,agnes_may_fleming,15,full_books/agnes_may_fleming_full.txt,0.434968294045182,0.2497216982834827,-0.1852465957616993,5,False,mary_shelley
flash,all_authors,f3,1000,3,2000,3000,agnes_may_fleming,15,full_books/agnes_may_fleming_full.txt,0.358045854413242,0.22176970493731954,-0.13627614947592245,6,False,mary_shelley
flash,all_authors,f3,1000,4,3000,4000,agnes_may_fleming,15,full_books/agnes_may_fleming_full.txt,0.14623346069152252,0.09576527349635454,-0.05046818719516798,4,False,oscar_wilde
flash,all_authors,f3,1000,5,4000,5000,agnes_may_fleming,15,full_books/agnes_may_fleming_full.txt,0.06254851231270461,0.04085294715390705,-0.021695565158797565,4,False,herbert_george_wells
flash,all_authors,f3,1000,1,0,1000,agnes_may_fleming,16,gutenberg_texts/7063.txt,0.17494405513524136,0.09770248150425827,-0.07724157363098309,6,False,charles_dickens
flash,all_authors,f3,1000,2,1000,2000,agnes_may_fleming,16,gutenberg_texts/7063.txt,0.30447572196151484,0.10752146021945758,-0.19695426174205727,9,False,oscar_wilde
flash,all_authors,f3,1000,3,2000,3000,agnes_may_fleming,16,gutenberg_texts/7063.txt,0.3055897607310325,0.08175307705689053,-0.22383668367414197,9,False,arthur_conan_doyle
flash,all_authors,f3,1000,4,3000,4000,agnes_may_fleming,16,gutenberg_texts/7063.txt,0.2927550821536312,0.06233115525014121,-0.23042392690349,10,False,oscar_wilde
flash,all_authors,f3,1000,5,4000,5000,agnes_may_fleming,16,gutenberg_texts/7063.txt,0.45615776952789644,0.1665768092617351,-0.2895809602661613,10,False,oscar_wilde
flash,all_authors,f3,1000,1,0,1000,agnes_may_fleming,17,full_books/agnes_may_fleming_full.txt,0.12099385449713934,0.07758786931067158,-0.043405985186467766,2,False,charles_dickens
flash,all_authors,f3,1000,2,1000,2000,agnes_may_fleming,17,full_books/agnes_may_fleming_full.txt,0.1203741899014179,0.11937682576267804,-0.0009973641387398674,2,False,charles_dickens
flash,all_authors,f3,1000,3,2000,3000,agnes_may_fleming,17,full_books/agnes_may_fleming_full.txt,0.1257967598202899,0.08513089306643862,-0.04066586675385128,2,False,oscar_wilde
flash,all_authors,f3,1000,4,3000,4000,agnes_may_fleming,17,full_books/agnes_may_fleming_full.txt,0.07445339431565284,0.06537693917759617,-0.009076455138056674,2,False,charles_dickens
flash,all_authors,f3,1000,5,4000,5000,agnes_may_fleming,17,full_books/agnes_may_fleming_full.txt,0.06036517950514025,0.08864339151685574,0.028278212011715494,1,True,agnes_may_fleming
flash,all_authors,f3,1000,1,0,1000,agnes_may_fleming,18,gutenberg_texts/7063.txt,0.15489779194708428,0.07170680142562186,-0.08319099052146242,5,False,charles_dickens
flash,all_authors,f3,1000,2,1000,2000,agnes_may_fleming,18,gutenberg_texts/7063.txt,0.22430993133488342,0.10995179835562384,-0.11435813297925958,9,False,oscar_wilde
flash,all_authors,f3,1000,3,2000,3000,agnes_may_fleming,18,gutenberg_texts/7063.txt,0.2708433899170536,0.07337402718927734,-0.19746936272777627,9,False,oscar_wilde
flash,all_authors,f3,1000,4,3000,4000,agnes_may_fleming,18,gutenberg_texts/7063.txt,0.2555730091520332,0.07329924536431888,-0.18227376378771432,9,False,herbert_george_wells
flash,all_authors,f3,1000,5,4000,5000,agnes_may_fleming,18,gutenberg_texts/7063.txt,0.2053889931446142,0.04273641287454294,-0.16265258027007126,9,False,herbert_george_wells
flash,all_authors,f3,1000,1,0,1000,agnes_may_fleming,19,full_books/agnes_may_fleming_full.txt,0.1629903755904648,0.11308619886467823,-0.04990417672578658,3,False,charles_dickens
flash,all_authors,f3,1000,2,1000,2000,agnes_may_fleming,19,full_books/agnes_may_fleming_full.txt,0.12439956270035833,0.09799189161309799,-0.026407671087260345,5,False,mary_shelley
flash,all_authors,f3,1000,3,2000,3000,agnes_may_fleming,19,full_books/agnes_may_fleming_full.txt,0.1032514912900212,0.09209956181368562,-0.011151929476335587,3,False,herbert_george_wells
flash,all_authors,f3,1000,4,3000,4000,agnes_may_fleming,19,full_books/agnes_may_fleming_full.txt,0.04288154534327383,0.04664410630743852,0.0037625609641646837,1,True,agnes_may_fleming
flash,all_authors,f3,1000,5,4000,5000,agnes_may_fleming,19,full_books/agnes_may_fleming_full.txt,0.1629568536154204,0.11901207051786232,-0.043944783097558074,4,False,oscar_wilde
flash,all_authors,f3,1000,1,0,1000,agnes_may_fleming,20,gutenberg_texts/7063.txt,0.22336183159361883,0.0909835386112808,-0.13237829298233802,10,False,oscar_wilde
flash,all_authors,f3,1000,2,1000,2000,agnes_may_fleming,20,gutenberg_texts/7063.txt,0.2973442150626786,0.02840321253076618,-0.26894100253191244,10,False,mary_shelley
flash,all_authors,f3,1000,3,2000,3000,agnes_may_fleming,20,gutenberg_texts/7063.txt,0.37367899354353384,0.04422841801124091,-0.32945057553229296,10,False,mary_shelley
flash,all_authors,f3,1000,4,3000,4000,agnes_may_fleming,20,gutenberg_texts/7063.txt,0.31918892857923375,0.12046650967525126,-0.1987224189039825,10,False,oscar_wilde
flash,all_authors,f3,1000,5,4000,5000,agnes_may_fleming,20,gutenberg_texts/7063.txt,0.49519557175054324,0.1607763524353073,-0.33441921931523594,10,False,oscar_wilde
flash,all_authors,f3,1000,1,0,1000,charles_dickens,1,gutenberg_texts/46.txt,0.40255361463062406,0.21491708721303843,-0.18763652741758563,5,False,mary_shelley
flash,all_authors,f3,1000,2,1000,2000,charles_dickens,1,gutenberg_texts/46.txt,0.04867976539234708,0.04674898265661052,-0.001930782735736561,2,False,mary_shelley
flash,all_authors,f3,1000,3,2000,3000,charles_dickens,1,gutenberg_texts/46.txt,0.49326540014288306,0.26989073626292004,-0.22337466387996302,5,False,mary_shelley
flash,all_authors,f3,1000,4,3000,4000,charles_dickens,1,gutenberg_texts/46.txt,0.4107812769575002,0.22154249088859912,-0.1892387860689011,5,False,mary_shelley
flash,all_authors,f3,1000,5,4000,5000,charles_dickens,1,gutenberg_texts/46.txt,0.4590592802115004,0.2896679848956261,-0.16939129531587427,3,False,mary_shelley
flash,all_authors,f3,1000,1,0,1000,charles_dickens,2,gutenberg_texts/98.txt,0.10752214945657218,0.11511190172204025,0.007589752265468069,1,True,charles_dickens
flash,all_authors,f3,1000,2,1000,2000,charles_dickens,2,gutenberg_texts/98.txt,0.18512880220069147,0.14266048514581126,-0.04246831705488022,5,False,oscar_wilde
flash,all_authors,f3,1000,3,2000,3000,charles_dickens,2,gutenberg_texts/98.txt,0.2253395950115734,0.1486528297253047,-0.07668676528626872,7,False,oscar_wilde
flash,all_authors,f3,1000,4,3000,4000,charles_dickens,2,gutenberg_texts/98.txt,0.18998662848925163,0.14184017254219244,-0.048146455947059186,7,False,oscar_wilde
flash,all_authors,f3,1000,5,4000,5000,charles_dickens,2,gutenberg_texts/98.txt,0.16754654044683964,0.07886239726215971,-0.08868414318467993,6,False,herbert_george_wells
flash,all_authors,f3,1000,1,0,1000,charles_dickens,3,gutenberg_texts/1400.txt,0.41314810232071253,0.1936504828105372,-0.21949761951017532,5,False,mary_shelley
flash,all_authors,f3,1000,2,1000,2000,charles_dickens,3,gutenberg_texts/1400.txt,0.23225914044807486,0.1688709790374892,-0.06338816141058565,6,False,mary_shelley
flash,all_authors,f3,1000,3,2000,3000,charles_dickens,3,gutenberg_texts/1400.txt,0.15752694647325685,0.1182474994700468,-0.03927944700321005,5,False,oscar_wilde
flash,all_authors,f3,1000,4,3000,4000,charles_dickens,3,gutenberg_texts/1400.txt,0.16864618694458922,0.15487538806145473,-0.013770798883134483,2,False,oscar_wilde
flash,all_authors,f3,1000,5,4000,5000,charles_dickens,3,gutenberg_texts/1400.txt,0.13995826164844585,0.10413607940619865,-0.0358221822422472,3,False,oscar_wilde
flash,all_authors,f3,1000,1,0,1000,charles_dickens,4,gutenberg_texts/46.txt,0.3415876515606818,0.18115498117071982,-0.160432670389962,4,False,mary_shelley
flash,all_authors,f3,1000,2,1000,2000,charles_dickens,4,gutenberg_texts/46.txt,0.3336105119189775,0.2299749811369657,-0.10363553078201179,4,False,mary_shelley
flash,all_authors,f3,1000,3,2000,3000,charles_dickens,4,gutenberg_texts/46.txt,0.3501265195959119,0.15235843554727987,-0.19776808404863203,5,False,mary_shelley
flash,all_authors,f3,1000,4,3000,4000,charles_dickens,4,gutenberg_texts/46.txt,0.3998400761331504,0.2215699824397916,-0.17827009369335883,6,False,mary_shelley
flash,all_authors,f3,1000,5,4000,5000,charles_dickens,4,gutenberg_texts/46.txt,0.42002652126976014,0.18847494452510447,-0.23155157674465568,5,False,mary_shelley
flash,all_authors,f3,1000,1,0,1000,charles_dickens,5,gutenberg_texts/98.txt,0.1778134883802745,0.16983950735833217,-0.007973981021942328,3,False,oscar_wilde
flash,all_authors,f3,1000,2,1000,2000,charles_dickens,5,gutenberg_texts/98.txt,0.21084246574074486,0.15517774918531102,-0.05566471655543384,7,False,oscar_wilde
flash,all_authors,f3,1000,3,2000,3000,charles_dickens,5,gutenberg_texts/98.txt,0.205726132963101,0.1298503605164647,-0.07587577244663629,6,False,oscar_wilde
flash,all_authors,f3,1000,4,3000,4000,charles_dickens,5,gutenberg_texts/98.txt,0.1533548453516032,0.10584602239470094,-0.04750882295690227,5,False,oscar_wilde
flash,all_authors,f3,1000,5,4000,5000,charles_dickens,5,gutenberg_texts/98.txt,0.07034897897115829,0.06631511210896562,-0.0040338668621926616,2,False,arthur_conan_doyle
flash,all_authors,f3,1000,1,0,1000,charles_dickens,6,gutenberg_texts/1400.txt,0.13220516889667733,0.14454421330289036,0.012339044406213029,1,True,charles_dickens
flash,all_authors,f3,1000,2,1000,2000,charles_dickens,6,gutenberg_texts/1400.txt,0.11867399483071424,0.11149406172339914,-0.007179933107315101,2,False,oscar_wilde
flash,all_authors,f3,1000,3,2000,3000,charles_dickens,6,gutenberg_texts/1400.txt,0.127556570110111,0.129851793332162,0.0022952232220510016,1,True,charles_dickens
flash,all_authors,f3,1000,4,3000,4000,charles_dickens,6,gutenberg_texts/1400.txt,0.3588835378690126,0.2130989965471505,-0.1457845413218621,8,False,mary_shelley
flash,all_authors,f3,1000,5,4000,5000,charles_dickens,6,gutenberg_texts/1400.txt,0.07438955281507187,0.06505890622300847,-0.009330646592063396,3,False,agnes_may_fleming
flash,all_authors,f3,1000,1,0,1000,charles_dickens,7,gutenberg_texts/46.txt,0.15629242066149263,0.17856713898521304,0.02227471832372041,1,True,charles_dickens
flash,all_authors,f3,1000,2,1000,2000,charles_dickens,7,gutenberg_texts/46.txt,0.17208400489563533,0.1395947775777962,-0.032489227317839126,5,False,oscar_wilde
flash,all_authors,f3,1000,3,2000,3000,charles_dickens,7,gutenberg_texts/46.txt,0.2532283147313054,0.13642427109309024,-0.11680404363821517,6,False,mary_shelley
flash,all_authors,f3,1000,4,3000,4000,charles_dickens,7,gutenberg_texts/46.txt,0.2641368442200825,0.16599455009281092,-0.09814229412727157,6,False,mary_shelley
flash,all_authors,f3,1000,5,4000,5000,charles_dickens,7,gutenberg_texts/46.txt,0.09758222837672202,0.10499393732817724,0.007411708951455223,1,True,charles_dickens
flash,all_authors,f3,1000,1,0,1000,charles_dickens,8,gutenberg_texts/98.txt,0.26266909035773256,0.21651977503614345,-0.04614931532158911,3,False,mary_shelley
flash,all_authors,f3,1000,2,1000,2000,charles_dickens,8,gutenberg_texts/98.txt,0.3435080739103172,0.20233364221733788,-0.1411744316929793,5,False,mary_shelley
flash,all_authors,f3,1000,3,2000,3000,charles_dickens,8,gutenberg_texts/98.txt,0.32469163943092644,0.1943315808018695,-0.13036005862905695,6,False,mary_shelley
flash,all_authors,f3,1000,4,3000,4000,charles_dickens,8,gutenberg_texts/98.txt,0.11787102648670156,0.07716408708177906,-0.040706939404922496,7,False,jane_austen
flash,all_authors,f3,1000,5,4000,5000,charles_dickens,8,gutenberg_texts/98.txt,0.3025718749352447,0.2165730189012007,-0.08599885603404397,6,False,oscar_wilde
flash,all_authors,f3,1000,1,0,1000,charles_dickens,9,gutenberg_texts/1400.txt,0.43106640978995775,0.1884203619485791,-0.24264604784137864,5,False,mary_shelley
flash,all_authors,f3,1000,2,1000,2000,charles_dickens,9,gutenberg_texts/1400.txt,0.35958624647759624,0.20113482776367295,-0.1584514187139233,6,False,mary_shelley
flash,all_authors,f3,1000,3,2000,3000,charles_dickens,9,gutenberg_texts/1400.txt,0.348553317364743,0.19603080509015783,-0.15252251227458516,5,False,mary_shelley
flash,all_authors,f3,1000,4,3000,4000,charles_dickens,9,gutenberg_texts/1400.txt,0.26558298516439166,0.20992915566910708,-0.05565382949528458,3,False,mary_shelley
flash,all_authors,f3,1000,5,4000,5000,charles_dickens,9,gutenberg_texts/1400.txt,0.18880662888272423,0.10876185834201865,-0.08004477054070558,3,False,mary_shelley
flash,all_authors,f3,1000,1,0,1000,charles_dickens,10,gutenberg_texts/46.txt,0.4059315441846175,0.20127106749355464,-0.20466047669106288,5,False,mary_shelley
flash,all_authors,f3,1000,2,1000,2000,charles_dickens,10,gutenberg_texts/46.txt,0.377897416284234,0.19093064557332579,-0.18696677071090823,8,False,mary_shelley
flash,all_authors,f3,1000,3,2000,3000,charles_dickens,10,gutenberg_texts/46.txt,0.12020983793475443,0.05501751713928828,-0.06519232079546615,6,False,oscar_wilde
flash,all_authors,f3,1000,4,3000,4000,charles_dickens,10,gutenberg_texts/46.txt,0.15369634932370524,0.06673062420778832,-0.08696572511591692,7,False,oscar_wilde
flash,all_authors,f3,1000,5,4000,5000,charles_dickens,10,gutenberg_texts/46.txt,0.13660086242653766,0.08818675877359328,-0.04841410365294438,5,False,oscar_wilde
flash,all_authors,f3,1000,1,0,1000,charles_dickens,11,gutenberg_texts/98.txt,0.14181779014862816,0.10824400377685525,-0.03357378637177291,5,False,herbert_george_wells
flash,all_authors,f3,1000,2,1000,2000,charles_dickens,11,gutenberg_texts/98.txt,0.4480421908541622,0.23927792079013532,-0.20876427006402687,9,False,oscar_wilde
flash,all_authors,f3,1000,3,2000,3000,charles_dickens,11,gutenberg_texts/98.txt,0.4356761047538691,0.1899218895041604,-0.2457542152497087,7,False,mary_shelley
flash,all_authors,f3,1000,4,3000,4000,charles_dickens,11,gutenberg_texts/98.txt,0.4246547345979708,0.2048251744729672,-0.21982956012500363,5,False,mary_shelley
flash,all_authors,f3,1000,5,4000,5000,charles_dickens,11,gutenberg_texts/98.txt,0.3921579775870762,0.1852985705628052,-0.20685940702427102,5,False,mary_shelley
flash,all_authors,f3,1000,1,0,1000,charles_dickens,12,gutenberg_texts/1400.txt,0.12580326218995153,0.12098734075525172,-0.004815921434699805,3,False,oscar_wilde
flash,all_authors,f3,1000,2,1000,2000,charles_dickens,12,gutenberg_texts/1400.txt,0.2816599374950893,0.1899455503770201,-0.09171438711806917,7,False,oscar_wilde
flash,all_authors,f3,1000,3,2000,3000,charles_dickens,12,gutenberg_texts/1400.txt,0.3224411780669249,0.15386553638339734,-0.16857564168352757,8,False,oscar_wilde
flash,all_authors,f3,1000,4,3000,4000,charles_dickens,12,gutenberg_texts/1400.txt,0.2928085946644513,0.1625222609220362,-0.1302863337424151,8,False,oscar_wilde
flash,all_authors,f3,1000,5,4000,5000,charles_dickens,12,gutenberg_texts/1400.txt,0.18793956036753623,0.13585829993465662,-0.05208126043287961,4,False,oscar_wilde
flash,all_authors,f3,1000,1,0,1000,charles_dickens,13,gutenberg_texts/46.txt,0.20629868916154667,0.17804743545173207,-0.0282512537098146,3,False,mary_shelley
flash,all_authors,f3,1000,2,1000,2000,charles_dickens,13,gutenberg_texts/46.txt,0.2165155731286893,0.14419491343520377,-0.07232065969348553,6,False,joseph_conrad
flash,all_authors,f3,1000,3,2000,3000,charles_dickens,13,gutenberg_texts/46.txt,0.15859370457896882,0.08118872215695164,-0.07740498242201718,6,False,herbert_george_wells
flash,all_authors,f3,1000,4,3000,4000,charles_dickens,13,gutenberg_texts/46.txt,0.10175912923427438,0.083669497288759,-0.018089631945515383,4,False,herbert_george_wells
flash,all_authors,f3,1000,5,4000,5000,charles_dickens,13,gutenberg_texts/46.txt,0.23270894625039018,0.18249701965213777,-0.05021192659825241,5,False,mary_shelley
flash,all_authors,f3,1000,1,0,1000,charles_dickens,14,gutenberg_texts/98.txt,0.21299295559695033,0.18819525603305645,-0.024797699563893882,3,False,mary_shelley
flash,all_authors,f3,1000,2,1000,2000,charles_dickens,14,gutenberg_texts/98.txt,0.4208910094753748,0.19469454864928712,-0.22619646082608766,8,False,mary_shelley
flash,all_authors,f3,1000,3,2000,3000,charles_dickens,14,gutenberg_texts/98.txt,0.3624091776712106,0.16094112102715977,-0.20146805664405085,6,False,mary_shelley
flash,all_authors,f3,1000,4,3000,4000,charles_dickens,14,gutenberg_texts/98.txt,0.2553940947107148,0.13889298539400202,-0.11650110931671276,6,False,mary_shelley
flash,all_authors,f3,1000,5,4000,5000,charles_dickens,14,gutenberg_texts/98.txt,0.4172450482201923,0.24357849306173832,-0.173666555158454,7,False,mary_shelley
flash,all_authors,f3,1000,1,0,1000,charles_dickens,15,gutenberg_texts/1400.txt,0.26405972361053437,0.19333705966510142,-0.07072266394543295,3,False,mary_shelley
flash,all_authors,f3,1000,2,1000,2000,charles_dickens,15,gutenberg_texts/1400.txt,0.1372650742189142,0.08000883823102448,-0.05725623598788973,6,False,oscar_wilde
flash,all_authors,f3,1000,3,2000,3000,charles_dickens,15,gutenberg_texts/1400.txt,0.3033979939566513,0.15742489945899957,-0.14597309449765172,5,False,mary_shelley
flash,all_authors,f3,1000,4,3000,4000,charles_dickens,15,gutenberg_texts/1400.txt,0.22268521565735513,0.1522895954641003,-0.07039562019325482,5,False,mary_shelley
flash,all_authors,f3,1000,5,4000,5000,charles_dickens,15,gutenberg_texts/1400.txt,0.15571257480666284,0.1634570427382555,0.007744467931592669,1,True,charles_dickens
flash,all_authors,f3,1000,1,0,1000,charles_dickens,16,gutenberg_texts/46.txt,0.11658595596626692,0.141563848161721,0.02497789219545407,1,True,charles_dickens
flash,all_authors,f3,1000,2,1000,2000,charles_dickens,16,gutenberg_texts/46.txt,0.055052559820214744,0.06340423081111471,0.008351670990899965,1,True,charles_dickens
flash,all_authors,f3,1000,3,2000,3000,charles_dickens,16,gutenberg_texts/46.txt,0.05890748591922838,0.06928104069703622,0.010373554777807839,1,True,charles_dickens
flash,all_authors,f3,1000,4,3000,4000,charles_dickens,16,gutenberg_texts/46.txt,0.0729829746227031,0.07768558774796333,0.004702613125260227,1,True,charles_dickens
flash,all_authors,f3,1000,5,4000,5000,charles_dickens,16,gutenberg_texts/46.txt,0.03323329120947702,0.0329116139273656,-0.00032167728211141694,2,False,agnes_may_fleming
flash,all_authors,f3,1000,1,0,1000,charles_dickens,17,gutenberg_texts/98.txt,0.15232729071108528,0.15346088224233084,0.0011335915312455647,1,True,charles_dickens
flash,all_authors,f3,1000,2,1000,2000,charles_dickens,17,gutenberg_texts/98.txt,0.17377895461385298,0.05824353838409064,-0.11553541622976235,8,False,oscar_wilde
flash,all_authors,f3,1000,3,2000,3000,charles_dickens,17,gutenberg_texts/98.txt,0.22073646337807726,0.11288638099946266,-0.1078500823786146,7,False,oscar_wilde
flash,all_authors,f3,1000,4,3000,4000,charles_dickens,17,gutenberg_texts/98.txt,0.33073578481658616,0.17901817833817646,-0.1517176064784097,8,False,mary_shelley
flash,all_authors,f3,1000,5,4000,5000,charles_dickens,17,gutenberg_texts/98.txt,0.3242894361311349,0.1434557789720907,-0.18083365715904423,9,False,oscar_wilde
flash,all_authors,f3,1000,1,0,1000,charles_dickens,18,gutenberg_texts/1400.txt,0.4150088079967121,0.23892878666591555,-0.17608002133079653,5,False,mary_shelley
flash,all_authors,f3,1000,2,1000,2000,charles_dickens,18,gutenberg_texts/1400.txt,0.40069868100731887,0.22681434256889285,-0.17388433843842602,5,False,mary_shelley
flash,all_authors,f3,1000,3,2000,3000,charles_dickens,18,gutenberg_texts/1400.txt,0.42690996438243783,0.2254415687220776,-0.20146839566036023,5,False,mary_shelley
flash,all_authors,f3,1000,4,3000,4000,charles_dickens,18,gutenberg_texts/1400.txt,0.3848450451855347,0.24004590259404573,-0.14479914259148896,4,False,mary_shelley
flash,all_authors,f3,1000,5,4000,5000,charles_dickens,18,gutenberg_texts/1400.txt,0.3576829085215187,0.25316348043657316,-0.10451942808494552,2,False,mary_shelley
flash,all_authors,f3,1000,1,0,1000,charles_dickens,19,gutenberg_texts/46.txt,0.06366843935336652,0.10318257721438046,0.03951413786101393,1,True,charles_dickens
flash,all_authors,f3,1000,2,1000,2000,charles_dickens,19,gutenberg_texts/46.txt,0.1989120314302804,0.1760911091248594,-0.022820922305421015,2,False,mary_shelley
flash,all_authors,f3,1000,3,2000,3000,charles_dickens,19,gutenberg_texts/46.txt,0.47108106449781834,0.2568091219893567,-0.21427194250846165,5,False,mary_shelley
flash,all_authors,f3,1000,4,3000,4000,charles_dickens,19,gutenberg_texts/46.txt,0.1401672741278834,0.08516591352761088,-0.055001360600272525,4,False,oscar_wilde
flash,all_authors,f3,1000,5,4000,5000,charles_dickens,19,gutenberg_texts/46.txt,0.30258723168967155,0.13357922122024204,-0.1690080104694295,6,False,mary_shelley
flash,all_authors,f3,1000,1,0,1000,charles_dickens,20,gutenberg_texts/98.txt,0.1899656322213841,0.1553111033256909,-0.034654528895693204,6,False,oscar_wilde
flash,all_authors,f3,1000,2,1000,2000,charles_dickens,20,gutenberg_texts/98.txt,0.1901503937738574,0.0956093656923188,-0.0945410280815386,9,False,oscar_wilde
flash,all_authors,f3,1000,3,2000,3000,charles_dickens,20,gutenberg_texts/98.txt,0.20892587199590135,0.12020485541762689,-0.08872101657827446,8,False,oscar_wilde
flash,all_authors,f3,1000,4,3000,4000,charles_dickens,20,gutenberg_texts/98.txt,0.24581814066252322,0.14086493545880846,-0.10495320520371476,8,False,mary_shelley
flash,all_authors,f3,1000,5,4000,5000,charles_dickens,20,gutenberg_texts/98.txt,0.09403283716588269,0.08091054562461403,-0.013122291541268663,3,False,arthur_conan_doyle
flash,all_authors,f3,1000,1,0,1000,mark_twain,1,gutenberg_texts/74.txt,0.2253432320460954,0.0780141538180379,-0.14732907822805752,8,False,herbert_george_wells
flash,all_authors,f3,1000,2,1000,2000,mark_twain,1,gutenberg_texts/74.txt,0.2043833550251227,0.025282080696873294,-0.1791012743282494,8,False,herbert_george_wells
flash,all_authors,f3,1000,3,2000,3000,mark_twain,1,gutenberg_texts/74.txt,0.08485743983799146,0.07582423812113535,-0.009033201716856107,4,False,oscar_wilde
flash,all_authors,f3,1000,4,3000,4000,mark_twain,1,gutenberg_texts/74.txt,0.2606914779701008,0.1140219774363877,-0.14666950053371308,9,False,oscar_wilde
flash,all_authors,f3,1000,5,4000,5000,mark_twain,1,gutenberg_texts/74.txt,0.2412986698635741,0.14642446979190887,-0.09487420007166522,8,False,oscar_wilde
flash,all_authors,f3,1000,1,0,1000,mark_twain,2,gutenberg_texts/76.txt,0.20803223862043196,0.07483461798205894,-0.13319762063837304,9,False,mary_shelley
flash,all_authors,f3,1000,2,1000,2000,mark_twain,2,gutenberg_texts/76.txt,0.08818366647278264,0.03917100360976523,-0.04901266286301741,4,False,herbert_george_wells
flash,all_authors,f3,1000,3,2000,3000,mark_twain,2,gutenberg_texts/76.txt,0.19479400834599697,0.12603219727056192,-0.06876181107543505,5,False,oscar_wilde
flash,all_authors,f3,1000,4,3000,4000,mark_twain,2,gutenberg_texts/76.txt,0.245712763130801,0.10868055162509471,-0.1370322115057063,6,False,oscar_wilde
flash,all_authors,f3,1000,5,4000,5000,mark_twain,2,gutenberg_texts/76.txt,0.27905199381906043,0.1651268077775122,-0.11392518604154822,5,False,oscar_wilde
flash,all_authors,f3,1000,1,0,1000,mark_twain,3,gutenberg_texts/74.txt,0.19876822460463986,0.10644756802861938,-0.09232065657602048,8,False,charles_dickens
flash,all_authors,f3,1000,2,1000,2000,mark_twain,3,gutenberg_texts/74.txt,0.31844117308711956,0.174596589321294,-0.14384458376582557,5,False,mary_shelley
flash,all_authors,f3,1000,3,2000,3000,mark_twain,3,gutenberg_texts/74.txt,0.47737701689540135,0.2968975628824848,-0.18047945401291654,5,False,mary_shelley
flash,all_authors,f3,1000,4,3000,4000,mark_twain,3,gutenberg_texts/74.txt,0.2734044887964077,0.11571257409870378,-0.15769191469770394,8,False,charles_dickens
flash,all_authors,f3,1000,5,4000,5000,mark_twain,3,gutenberg_texts/74.txt,0.43861972855608305,0.22810469050390797,-0.21051503805217509,7,False,mary_shelley
flash,all_authors,f3,1000,1,0,1000,mark_twain,4,gutenberg_texts/76.txt,0.2657054425657779,0.14481750719876774,-0.12088793536701015,9,False,oscar_wilde
flash,all_authors,f3,1000,2,1000,2000,mark_twain,4,gutenberg_texts/76.txt,0.2931755723058285,0.1537947490783817,-0.13938082322744683,9,False,mary_shelley
flash,all_authors,f3,1000,3,2000,3000,mark_twain,4,gutenberg_texts/76.txt,0.3689348030907448,0.15411671089415846,-0.21481809219658632,8,False,mary_shelley
flash,all_authors,f3,1000,4,3000,4000,mark_twain,4,gutenberg_texts/76.txt,0.37773559660413875,0.17889122967636226,-0.1988443669277765,8,False,mary_shelley
flash,all_authors,f3,1000,5,4000,5000,mark_twain,4,gutenberg_texts/76.txt,0.28765746091612826,0.1443031445834354,-0.14335431633269285,8,False,mary_shelley
flash,all_authors,f3,1000,1,0,1000,mark_twain,5,gutenberg_texts/74.txt,0.2466466322785246,0.12080313392844967,-0.1258434983500749,8,False,charles_dickens
flash,all_authors,f3,1000,2,1000,2000,mark_twain,5,gutenberg_texts/74.txt,0.1006229874160063,0.0800428851360848,-0.02058010227992149,5,False,herbert_george_wells
flash,all_authors,f3,1000,3,2000,3000,mark_twain,5,gutenberg_texts/74.txt,0.19422821458246434,0.12538019054708888,-0.06884802403537546,8,False,oscar_wilde
flash,all_authors,f3,1000,4,3000,4000,mark_twain,5,gutenberg_texts/74.txt,0.26910262205365426,0.13320126684918449,-0.13590135520446978,9,False,oscar_wilde
flash,all_authors,f3,1000,5,4000,5000,mark_twain,5,gutenberg_texts/74.txt,0.25855523448725126,0.1684730310000012,-0.09008220348725007,7,False,mary_shelley
flash,all_authors,f3,1000,1,0,1000,mark_twain,6,gutenberg_texts/76.txt,0.1438304022599137,0.06990693562321082,-0.07392346663670288,7,False,herbert_george_wells
flash,all_authors,f3,1000,2,1000,2000,mark_twain,6,gutenberg_texts/76.txt,0.17859313515559408,0.05772565228766347,-0.12086748286793061,6,False,herbert_george_wells
flash,all_authors,f3,1000,3,2000,3000,mark_twain,6,gutenberg_texts/76.txt,0.2004149929087585,0.074441881084473,-0.1259731118242855,7,False,herbert_george_wells
flash,all_authors,f3,1000,4,3000,4000,mark_twain,6,gutenberg_texts/76.txt,0.14845191917611122,0.07157420196177111,-0.07687771721434011,5,False,arthur_conan_doyle
flash,all_authors,f3,1000,5,4000,5000,mark_twain,6,gutenberg_texts/76.txt,0.14187322074314018,0.0569243256388578,-0.08494889510428238,4,False,herbert_george_wells
flash,all_authors,f3,1000,1,0,1000,mark_twain,7,gutenberg_texts/74.txt,0.22526742574781516,0.13098783890265353,-0.09427958684516163,8,False,oscar_wilde
flash,all_authors,f3,1000,2,1000,2000,mark_twain,7,gutenberg_texts/74.txt,0.39773414359082543,0.262703838013823,-0.1350303055770024,5,False,mary_shelley
flash,all_authors,f3,1000,3,2000,3000,mark_twain,7,gutenberg_texts/74.txt,0.25334699876552563,0.16003164072233603,-0.0933153580431896,5,False,mary_shelley
flash,all_authors,f3,1000,4,3000,4000,mark_twain,7,gutenberg_texts/74.txt,0.24059050059693074,0.09070173577827333,-0.14988876481865743,8,False,herbert_george_wells
flash,all_authors,f3,1000,5,4000,5000,mark_twain,7,gutenberg_texts/74.txt,0.19186613296874266,0.12418637305135534,-0.06767975991738732,8,False,oscar_wilde
flash,all_authors,f3,1000,1,0,1000,mark_twain,8,gutenberg_texts/76.txt,0.16446663250829577,0.057595289761403205,-0.10687134274689256,9,False,jane_austen
flash,all_authors,f3,1000,2,1000,2000,mark_twain,8,gutenberg_texts/76.txt,0.30165687310235234,0.13506273458177287,-0.16659413852057947,9,False,oscar_wilde
flash,all_authors,f3,1000,3,2000,3000,mark_twain,8,gutenberg_texts/76.txt,0.27181559837159613,0.12779668653637316,-0.14401891183522297,9,False,oscar_wilde
flash,all_authors,f3,1000,4,3000,4000,mark_twain,8,gutenberg_texts/76.txt,0.26263480778912396,0.08209025908987129,-0.18054454869925268,6,False,oscar_wilde
flash,all_authors,f3,1000,5,4000,5000,mark_twain,8,gutenberg_texts/76.txt,0.301325390716843,0.1707222508817261,-0.1306031398351169,5,False,mary_shelley
flash,all_authors,f3,1000,1,0,1000,mark_twain,9,gutenberg_texts/74.txt,0.17553855514887248,0.06480773978100285,-0.11073081536786963,9,False,herbert_george_wells
flash,all_authors,f3,1000,2,1000,2000,mark_twain,9,gutenberg_texts/74.txt,0.13271462702763875,0.07628670824789303,-0.05642791877974572,5,False,oscar_wilde
flash,all_authors,f3,1000,3,2000,3000,mark_twain,9,gutenberg_texts/74.txt,0.13326791113062214,0.05856002339814871,-0.07470788773247343,7,False,herbert_george_wells
flash,all_authors,f3,1000,4,3000,4000,mark_twain,9,gutenberg_texts/74.txt,0.16586443001445297,0.08565083762175595,-0.08021359239269703,8,False,oscar_wilde
flash,all_authors,f3,1000,5,4000,5000,mark_twain,9,gutenberg_texts/74.txt,0.20677411852506716,0.1075363107529207,-0.09923780777214647,8,False,oscar_wilde
flash,all_authors,f3,1000,1,0,1000,mark_twain,10,gutenberg_texts/76.txt,0.46171065905404235,0.22069543287178744,-0.2410152261822549,9,False,charles_dickens
flash,all_authors,f3,1000,2,1000,2000,mark_twain,10,gutenberg_texts/76.txt,0.42985145778560524,0.20542797533715257,-0.22442348244845267,9,False,mary_shelley
flash,all_authors,f3,1000,3,2000,3000,mark_twain,10,gutenberg_texts/76.txt,0.4444815292522593,0.2658159512968526,-0.17866557795540672,10,False,charles_dickens
flash,all_authors,f3,1000,4,3000,4000,mark_twain,10,gutenberg_texts/76.txt,0.3663838234845094,0.14362845375318486,-0.2227553697313245,10,False,charles_dickens
flash,all_authors,f3,1000,5,4000,5000,mark_twain,10,gutenberg_texts/76.txt,0.2863170922473572,0.16466068825478666,-0.12165640399257052,9,False,charles_dickens
flash,all_authors,f3,1000,1,0,1000,mark_twain,11,gutenberg_texts/74.txt,0.3192081457084276,0.20012728288151657,-0.11908086282691102,8,False,mary_shelley
flash,all_authors,f3,1000,2,1000,2000,mark_twain,11,gutenberg_texts/74.txt,0.17092186667290288,0.12553643062266992,-0.04538543605023296,4,False,oscar_wilde
flash,all_authors,f3,1000,3,2000,3000,mark_twain,11,gutenberg_texts/74.txt,0.22670519171098416,0.12426337638670643,-0.10244181532427774,8,False,oscar_wilde
flash,all_authors,f3,1000,4,3000,4000,mark_twain,11,gutenberg_texts/74.txt,0.18238545758921568,0.13869378915215558,-0.0436916684370601,5,False,oscar_wilde
flash,all_authors,f3,1000,5,4000,5000,mark_twain,11,gutenberg_texts/74.txt,0.11185555765161667,0.031302342436963095,-0.08055321521465358,6,False,oscar_wilde
flash,all_authors,f3,1000,1,0,1000,mark_twain,12,gutenberg_texts/76.txt,0.2257591499528359,0.08803133901399796,-0.13772781093883796,9,False,charles_dickens
flash,all_authors,f3,1000,2,1000,2000,mark_twain,12,gutenberg_texts/76.txt,0.13891012704197364,0.05455342146112661,-0.08435670558084704,8,False,herbert_george_wells
flash,all_authors,f3,1000,3,2000,3000,mark_twain,12,gutenberg_texts/76.txt,0.13189007887131748,0.061421714877424496,-0.07046836399389299,6,False,oscar_wilde
flash,all_authors,f3,1000,4,3000,4000,mark_twain,12,gutenberg_texts/76.txt,0.17432549314191798,0.04696555718262436,-0.12735993595929362,7,False,joseph_conrad
flash,all_authors,f3,1000,5,4000,5000,mark_twain,12,gutenberg_texts/76.txt,0.11428113557197041,0.053857773788025795,-0.06042336178394461,7,False,oscar_wilde
flash,all_authors,f3,1000,1,0,1000,mark_twain,13,gutenberg_texts/74.txt,0.14968376946546474,0.10055617220294866,-0.04912759726251609,7,False,charles_dickens
flash,all_authors,f3,1000,2,1000,2000,mark_twain,13,gutenberg_texts/74.txt,0.17192197498099165,0.059048066088206994,-0.11287390889278466,6,False,oscar_wilde
flash,all_authors,f3,1000,3,2000,3000,mark_twain,13,gutenberg_texts/74.txt,0.19756878341937387,0.09107282914308436,-0.10649595427628951,7,False,oscar_wilde
flash,all_authors,f3,1000,4,3000,4000,mark_twain,13,gutenberg_texts/74.txt,0.20722515621678525,0.06370801278528757,-0.14351714343149768,9,False,herbert_george_wells
flash,all_authors,f3,1000,5,4000,5000,mark_twain,13,gutenberg_texts/74.txt,0.16693292789486466,0.07090785073510687,-0.09602507715975779,8,False,herbert_george_wells
flash,all_authors,f3,1000,1,0,1000,mark_twain,14,gutenberg_texts/76.txt,0.2595615963640109,0.11213111330625057,-0.1474304830577603,6,False,herbert_george_wells
flash,all_authors,f3,1000,2,1000,2000,mark_twain,14,gutenberg_texts/76.txt,0.30351824373118497,0.18178600489178898,-0.12173223883939599,6,False,arthur_conan_doyle
flash,all_authors,f3,1000,3,2000,3000,mark_twain,14,gutenberg_texts/76.txt,0.21126816057256548,0.12421543119305126,-0.08705272937951422,6,False,arthur_conan_doyle
flash,all_authors,f3,1000,4,3000,4000,mark_twain,14,gutenberg_texts/76.txt,0.07972515313334111,0.03587351857852925,-0.04385163455481186,3,False,herbert_george_wells
flash,all_authors,f3,1000,5,4000,5000,mark_twain,14,gutenberg_texts/76.txt,0.1488134788849421,0.06896222459391571,-0.07985125429102638,8,False,herbert_george_wells
flash,all_authors,f3,1000,1,0,1000,mark_twain,15,gutenberg_texts/74.txt,0.19173342746315422,0.11941192695284106,-0.07232150051031316,8,False,oscar_wilde
flash,all_authors,f3,1000,2,1000,2000,mark_twain,15,gutenberg_texts/74.txt,0.20098127753811856,0.1595009648485565,-0.041480312689562066,7,False,oscar_wilde
flash,all_authors,f3,1000,3,2000,3000,mark_twain,15,gutenberg_texts/74.txt,0.1690339334558844,0.09141742823156437,-0.07761650522432004,7,False,oscar_wilde
flash,all_authors,f3,1000,4,3000,4000,mark_twain,15,gutenberg_texts/74.txt,0.18202821148298243,0.07210320086831307,-0.10992501061466936,7,False,arthur_conan_doyle
flash,all_authors,f3,1000,5,4000,5000,mark_twain,15,gutenberg_texts/74.txt,0.15321843787719652,0.05055580239171319,-0.10266263548548334,7,False,herbert_george_wells
flash,all_authors,f3,1000,1,0,1000,mark_twain,16,gutenberg_texts/76.txt,0.2419186215222254,0.09763518125443124,-0.14428344026779416,9,False,oscar_wilde
flash,all_authors,f3,1000,2,1000,2000,mark_twain,16,gutenberg_texts/76.txt,0.4594145040152409,0.25301036401803256,-0.20640413999720836,9,False,mary_shelley
flash,all_authors,f3,1000,3,2000,3000,mark_twain,16,gutenberg_texts/76.txt,0.27296981130468173,0.14578675191271492,-0.1271830593919668,9,False,oscar_wilde
flash,all_authors,f3,1000,4,3000,4000,mark_twain,16,gutenberg_texts/76.txt,0.2959523204819378,0.1783810716902177,-0.11757124879172012,9,False,oscar_wilde
flash,all_authors,f3,1000,5,4000,5000,mark_twain,16,gutenberg_texts/76.txt,0.27814138322109544,0.16376342144489933,-0.11437796177619611,8,False,oscar_wilde
flash,all_authors,f3,1000,1,0,1000,mark_twain,17,gutenberg_texts/74.txt,0.30163499017792744,0.15763567063718392,-0.14399931954074352,5,False,mary_shelley
flash,all_authors,f3,1000,2,1000,2000,mark_twain,17,gutenberg_texts/74.txt,0.3835929283853128,0.21713894526795383,-0.16645398311735896,5,False,mary_shelley
flash,all_authors,f3,1000,3,2000,3000,mark_twain,17,gutenberg_texts/74.txt,0.4017984054625394,0.21477850992987552,-0.1870198955326639,5,False,mary_shelley
flash,all_authors,f3,1000,4,3000,4000,mark_twain,17,gutenberg_texts/74.txt,0.4818999276269424,0.27610549282791336,-0.20579443479902904,6,False,mary_shelley
flash,all_authors,f3,1000,5,4000,5000,mark_twain,17,gutenberg_texts/74.txt,0.41746211880352313,0.23849410715140817,-0.17896801165211496,5,False,mary_shelley
flash,all_authors,f3,1000,1,0,1000,mark_twain,18,gutenberg_texts/76.txt,0.31091162608114603,0.16486858407310326,-0.14604304200804277,9,False,oscar_wilde
flash,all_authors,f3,1000,2,1000,2000,mark_twain,18,gutenberg_texts/76.txt,0.25075229819162437,0.1393566522271415,-0.11139564596448287,8,False,oscar_wilde
flash,all_authors,f3,1000,3,2000,3000,mark_twain,18,gutenberg_texts/76.txt,0.2141188971943073,0.10208417541263946,-0.11203472178166783,8,False,oscar_wilde
flash,all_authors,f3,1000,4,3000,4000,mark_twain,18,gutenberg_texts/76.txt,0.39660271680613574,0.15259294502877513,-0.2440097717773606,8,False,mary_shelley
flash,all_authors,f3,1000,5,4000,5000,mark_twain,18,gutenberg_texts/76.txt,0.2489179547413775,0.11787237428043633,-0.13104558046094117,8,False,joseph_conrad
flash,all_authors,f3,1000,1,0,1000,mark_twain,19,gutenberg_texts/74.txt,0.1832437439543739,0.07525961510873513,-0.10798412884563877,8,False,oscar_wilde
flash,all_authors,f3,1000,2,1000,2000,mark_twain,19,gutenberg_texts/74.txt,0.13364783267903937,0.08277124401214966,-0.05087658866688971,4,False,herbert_george_wells
flash,all_authors,f3,1000,3,2000,3000,mark_twain,19,gutenberg_texts/74.txt,0.23945355052618394,0.12041781228007017,-0.11903573824611377,8,False,oscar_wilde
flash,all_authors,f3,1000,4,3000,4000,mark_twain,19,gutenberg_texts/74.txt,0.24840434198644715,0.133900652936812,-0.11450368904963515,7,False,oscar_wilde
flash,all_authors,f3,1000,5,4000,5000,mark_twain,19,gutenberg_texts/74.txt,0.14436162530085067,0.06954387012111006,-0.07481775517974061,8,False,oscar_wilde
flash,all_authors,f3,1000,1,0,1000,mark_twain,20,gutenberg_texts/76.txt,0.20655833273791577,0.10329042632501109,-0.10326790641290468,8,False,herbert_george_wells
flash,all_authors,f3,1000,2,1000,2000,mark_twain,20,gutenberg_texts/76.txt,0.4162156414508896,0.17748470978336028,-0.2387309316675293,9,False,mary_shelley
flash,all_authors,f3,1000,3,2000,3000,mark_twain,20,gutenberg_texts/76.txt,0.3532953797349069,0.1840969606905557,-0.16919841904435118,9,False,mary_shelley
flash,all_authors,f3,1000,4,3000,4000,mark_twain,20,gutenberg_texts/76.txt,0.535242043152908,0.12235980552451622,-0.4128822376283918,8,False,mary_shelley
flash,all_authors,f3,1000,5,4000,5000,mark_twain,20,gutenberg_texts/76.txt,0.412348399399271,0.1654362087615446,-0.24691219063772638,8,False,mary_shelley
flash,all_authors,f3,1000,1,0,1000,arthur_conan_doyle,1,gutenberg_texts/1661.txt,0.13630369549415,0.10556110858758577,-0.03074258690656423,5,False,charles_dickens
flash,all_authors,f3,1000,2,1000,2000,arthur_conan_doyle,1,gutenberg_texts/1661.txt,0.12038659719931834,0.08291071471851867,-0.037475882480799666,5,False,herbert_george_wells
flash,all_authors,f3,1000,3,2000,3000,arthur_conan_doyle,1,gutenberg_texts/1661.txt,0.24410001927198707,0.07652957525135051,-0.16757044402063656,10,False,mary_shelley
flash,all_authors,f3,1000,4,3000,4000,arthur_conan_doyle,1,gutenberg_texts/1661.txt,0.04793956073342343,0.040108654391191115,-0.007830906342232317,2,False,herbert_george_wells
flash,all_authors,f3,1000,5,4000,5000,arthur_conan_doyle,1,gutenberg_texts/1661.txt,0.08304615082699017,0.08826360323263725,0.005217452405647083,1,True,arthur_conan_doyle
flash,all_authors,f3,1000,1,0,1000,arthur_conan_doyle,2,gutenberg_texts/244.txt,0.07584421444474926,0.05969223346440909,-0.016151980980340166,2,False,herbert_george_wells
flash,all_authors,f3,1000,2,1000,2000,arthur_conan_doyle,2,gutenberg_texts/244.txt,0.20097257337321087,0.06937635063384387,-0.131596222739367,5,False,oscar_wilde
flash,all_authors,f3,1000,3,2000,3000,arthur_conan_doyle,2,gutenberg_texts/244.txt,0.1799342637682901,0.03559766121732491,-0.1443366025509652,6,False,oscar_wilde
flash,all_authors,f3,1000,4,3000,4000,arthur_conan_doyle,2,gutenberg_texts/244.txt,0.08123610668842499,0.03396745686124386,-0.047268649827181125,3,False,herbert_george_wells
flash,all_authors,f3,1000,5,4000,5000,arthur_conan_doyle,2,gutenberg_texts/244.txt,0.05963486132193267,0.04262387074810159,-0.017010990573831083,3,False,herbert_george_wells
flash,all_authors,f3,1000,1,0,1000,arthur_conan_doyle,3,gutenberg_texts/2852.txt,0.1274148005847303,0.058118870974346065,-0.06929592961038422,7,False,jane_austen
flash,all_authors,f3,1000,2,1000,2000,arthur_conan_doyle,3,gutenberg_texts/2852.txt,0.1462584533182738,0.12063641803137899,-0.025622035286894815,6,False,charles_dickens
flash,all_authors,f3,1000,3,2000,3000,arthur_conan_doyle,3,gutenberg_texts/2852.txt,0.07490191538829993,0.056546521483064535,-0.018355393905235398,5,False,agnes_may_fleming
flash,all_authors,f3,1000,4,3000,4000,arthur_conan_doyle,3,gutenberg_texts/2852.txt,0.09017577623757614,0.07216834681371534,-0.0180074294238608,4,False,herbert_george_wells
flash,all_authors,f3,1000,5,4000,5000,arthur_conan_doyle,3,gutenberg_texts/2852.txt,0.10841590941983965,0.07347039200679481,-0.034945517413044844,3,False,herbert_george_wells
flash,all_authors,f3,1000,1,0,1000,arthur_conan_doyle,4,gutenberg_texts/1661.txt,0.19615229037596177,0.13769357464830626,-0.058458715727655514,4,False,charles_dickens
flash,all_authors,f3,1000,2,1000,2000,arthur_conan_doyle,4,gutenberg_texts/1661.txt,0.1086283747065887,0.06916421756249795,-0.03946415714409075,8,False,agnes_may_fleming
flash,all_authors,f3,1000,3,2000,3000,arthur_conan_doyle,4,gutenberg_texts/1661.txt,0.07594793084436326,0.06404100612801841,-0.011906924716344844,3,False,agnes_may_fleming
flash,all_authors,f3,1000,4,3000,4000,arthur_conan_doyle,4,gutenberg_texts/1661.txt,0.08240221282584968,0.052721015038995386,-0.029681197786854296,2,False,agnes_may_fleming
flash,all_authors,f3,1000,5,4000,5000,arthur_conan_doyle,4,gutenberg_texts/1661.txt,0.08730131674077184,0.06396159705930454,-0.023339719681467294,4,False,herbert_george_wells
flash,all_authors,f3,1000,1,0,1000,arthur_conan_doyle,5,gutenberg_texts/244.txt,0.43681957477879635,0.13941695900132423,-0.2974026157774721,10,False,mary_shelley
flash,all_authors,f3,1000,2,1000,2000,arthur_conan_doyle,5,gutenberg_texts/244.txt,0.5949445362976937,0.21750008760218603,-0.3774444486955077,10,False,mary_shelley
flash,all_authors,f3,1000,3,2000,3000,arthur_conan_doyle,5,gutenberg_texts/244.txt,0.5362961807000518,0.2174677924318529,-0.3188283882681989,10,False,mary_shelley
flash,all_authors,f3,1000,4,3000,4000,arthur_conan_doyle,5,gutenberg_texts/244.txt,0.4015217699255434,0.1586343553823093,-0.2428874145432341,10,False,mary_shelley
flash,all_authors,f3,1000,5,4000,5000,arthur_conan_doyle,5,gutenberg_texts/244.txt,0.4285079487711402,0.17514400638224467,-0.2533639423888955,10,False,mary_shelley
flash,all_authors,f3,1000,1,0,1000,arthur_conan_doyle,6,gutenberg_texts/2852.txt,0.12474098579290954,0.06178254751413641,-0.06295843827877314,5,False,jane_austen
flash,all_authors,f3,1000,2,1000,2000,arthur_conan_doyle,6,gutenberg_texts/2852.txt,0.09008647142212886,0.03450787504600637,-0.05557859637612249,4,False,charles_dickens
flash,all_authors,f3,1000,3,2000,3000,arthur_conan_doyle,6,gutenberg_texts/2852.txt,0.07319281949524677,0.09024689417544325,0.017054074680196485,1,True,arthur_conan_doyle
flash,all_authors,f3,1000,4,3000,4000,arthur_conan_doyle,6,gutenberg_texts/2852.txt,0.07263015860094751,0.07252846823795892,-0.00010169036298859901,2,False,herbert_george_wells
flash,all_authors,f3,1000,5,4000,5000,arthur_conan_doyle,6,gutenberg_texts/2852.txt,0.24321519295825472,0.14215468155524671,-0.10106051140300801,9,False,jane_austen
flash,all_authors,f3,1000,1,0,1000,arthur_conan_doyle,7,gutenberg_texts/1661.txt,0.45202670337770356,0.2542512154978585,-0.19777548787984506,9,False,mary_shelley
flash,all_authors,f3,1000,2,1000,2000,arthur_conan_doyle,7,gutenberg_texts/1661.txt,0.1350403620715194,0.07876256648504774,-0.056277795586471654,4,False,oscar_wilde
flash,all_authors,f3,1000,3,2000,3000,arthur_conan_doyle,7,gutenberg_texts/1661.txt,0.10295956550863805,0.06253021586836668,-0.04042934964027137,4,False,herbert_george_wells
flash,all_authors,f3,1000,4,3000,4000,arthur_conan_doyle,7,gutenberg_texts/1661.txt,0.08810207717058724,0.07605468153133457,-0.012047395639252667,4,False,herbert_george_wells
flash,all_authors,f3,1000,5,4000,5000,arthur_conan_doyle,7,gutenberg_texts/1661.txt,0.1539078993505387,0.09931418128571538,-0.05459371806482331,7,False,herbert_george_wells
flash,all_authors,f3,1000,1,0,1000,arthur_conan_doyle,8,gutenberg_texts/244.txt,0.20991105821772044,0.1516872759039005,-0.058223782313819944,6,False,charles_dickens
flash,all_authors,f3,1000,2,1000,2000,arthur_conan_doyle,8,gutenberg_texts/244.txt,0.16569506432747116,0.07986714013548307,-0.08582792419198809,8,False,oscar_wilde
flash,all_authors,f3,1000,3,2000,3000,arthur_conan_doyle,8,gutenberg_texts/244.txt,0.1710338959487016,0.05563815901339715,-0.11539573693530446,5,False,oscar_wilde
flash,all_authors,f3,1000,4,3000,4000,arthur_conan_doyle,8,gutenberg_texts/244.txt,0.12903283431684676,0.08032348669909896,-0.0487093476177478,4,False,herbert_george_wells
flash,all_authors,f3,1000,5,4000,5000,arthur_conan_doyle,8,gutenberg_texts/244.txt,0.24289489096648753,0.10469326815965206,-0.13820162280683546,9,False,oscar_wilde
flash,all_authors,f3,1000,1,0,1000,arthur_conan_doyle,9,gutenberg_texts/2852.txt,0.2325241050325633,0.15240214281611106,-0.08012196221645224,9,False,charles_dickens
flash,all_authors,f3,1000,2,1000,2000,arthur_conan_doyle,9,gutenberg_texts/2852.txt,0.06655602729772782,0.055059746687194995,-0.011496280610532823,2,False,herbert_george_wells
flash,all_authors,f3,1000,3,2000,3000,arthur_conan_doyle,9,gutenberg_texts/2852.txt,0.03643579108421823,0.03234825400119374,-0.004087537083024492,2,False,agnes_may_fleming
flash,all_authors,f3,1000,4,3000,4000,arthur_conan_doyle,9,gutenberg_texts/2852.txt,0.08160298527368554,0.06779883298815331,-0.013804152285532223,4,False,herbert_george_wells
flash,all_authors,f3,1000,5,4000,5000,arthur_conan_doyle,9,gutenberg_texts/2852.txt,0.08908617531882712,0.07875613859931167,-0.010330036719515448,2,False,agnes_may_fleming
flash,all_authors,f3,1000,1,0,1000,arthur_conan_doyle,10,gutenberg_texts/1661.txt,0.14118733224516367,0.08099916973015481,-0.06018816251500886,4,False,charles_dickens
flash,all_authors,f3,1000,2,1000,2000,arthur_conan_doyle,10,gutenberg_texts/1661.txt,0.10616840286146714,0.06347250142150324,-0.04269590143996391,5,False,charles_dickens
flash,all_authors,f3,1000,3,2000,3000,arthur_conan_doyle,10,gutenberg_texts/1661.txt,0.12883932180481067,0.09264079557186494,-0.03619852623294573,5,False,oscar_wilde
flash,all_authors,f3,1000,4,3000,4000,arthur_conan_doyle,10,gutenberg_texts/1661.txt,0.1598619737940502,0.07954507000413467,-0.08031690378991553,6,False,charles_dickens
flash,all_authors,f3,1000,5,4000,5000,arthur_conan_doyle,10,gutenberg_texts/1661.txt,0.12613193803889408,0.06853067941191175,-0.05760125862698233,5,False,charles_dickens
flash,all_authors,f3,1000,1,0,1000,arthur_conan_doyle,11,gutenberg_texts/244.txt,0.37357488248744086,0.16048414595765115,-0.21309073652978971,9,False,mary_shelley
flash,all_authors,f3,1000,2,1000,2000,arthur_conan_doyle,11,gutenberg_texts/244.txt,0.3281831183865837,0.12578793128578156,-0.20239518710080215,10,False,mary_shelley
flash,all_authors,f3,1000,3,2000,3000,arthur_conan_doyle,11,gutenberg_texts/244.txt,0.13402234068270102,0.08361484634162886,-0.05040749434107217,8,False,oscar_wilde
flash,all_authors,f3,1000,4,3000,4000,arthur_conan_doyle,11,gutenberg_texts/244.txt,0.3453270314655784,0.12404213565990835,-0.22128489580567007,9,False,mary_shelley
flash,all_authors,f3,1000,5,4000,5000,arthur_conan_doyle,11,gutenberg_texts/244.txt,0.3434025017716915,0.21285507883488916,-0.13054742293680235,9,False,mary_shelley
flash,all_authors,f3,1000,1,0,1000,arthur_conan_doyle,12,gutenberg_texts/2852.txt,0.10199669975788177,0.07013062961708463,-0.031866070140797134,3,False,charles_dickens
flash,all_authors,f3,1000,2,1000,2000,arthur_conan_doyle,12,gutenberg_texts/2852.txt,0.11715706875232734,0.08100302057028393,-0.036154048182043416,3,False,charles_dickens
flash,all_authors,f3,1000,3,2000,3000,arthur_conan_doyle,12,gutenberg_texts/2852.txt,0.06307557826976457,0.08006572591865625,0.016990147648891687,1,True,arthur_conan_doyle
flash,all_authors,f3,1000,4,3000,4000,arthur_conan_doyle,12,gutenberg_texts/2852.txt,0.06861401612089023,0.06333742516800385,-0.005276590952886379,2,False,herbert_george_wells
flash,all_authors,f3,1000,5,4000,5000,arthur_conan_doyle,12,gutenberg_texts/2852.txt,0.17056317319672784,0.09731618303519948,-0.07324699016152836,4,False,oscar_wilde
flash,all_authors,f3,1000,1,0,1000,arthur_conan_doyle,13,gutenberg_texts/1661.txt,0.14976152984552593,0.12535322444919791,-0.024408305396328017,4,False,charles_dickens
flash,all_authors,f3,1000,2,1000,2000,arthur_conan_doyle,13,gutenberg_texts/1661.txt,0.0976247831063861,0.05747896311295278,-0.04014581999343332,7,False,agnes_may_fleming
flash,all_authors,f3,1000,3,2000,3000,arthur_conan_doyle,13,gutenberg_texts/1661.txt,0.136700246489065,0.07611986257575475,-0.06058038391331026,7,False,charles_dickens
flash,all_authors,f3,1000,4,3000,4000,arthur_conan_doyle,13,gutenberg_texts/1661.txt,0.1772754216302675,0.09851472810985563,-0.07876069352041186,8,False,oscar_wilde
flash,all_authors,f3,1000,5,4000,5000,arthur_conan_doyle,13,gutenberg_texts/1661.txt,0.162729566144882,0.0881252215255104,-0.07460434461937158,5,False,oscar_wilde
flash,all_authors,f3,1000,1,0,1000,arthur_conan_doyle,14,gutenberg_texts/244.txt,0.4483891895632853,0.15382470037999685,-0.2945644891832884,10,False,mary_shelley
flash,all_authors,f3,1000,2,1000,2000,arthur_conan_doyle,14,gutenberg_texts/244.txt,0.5772513778569044,0.26446267895463205,-0.31278869890227234,9,False,mary_shelley
flash,all_authors,f3,1000,3,2000,3000,arthur_conan_doyle,14,gutenberg_texts/244.txt,0.569327207883697,0.22324250711069665,-0.3460847007730003,9,False,mary_shelley
flash,all_authors,f3,1000,4,3000,4000,arthur_conan_doyle,14,gutenberg_texts/244.txt,0.5690769617782412,0.25284243598727685,-0.31623452579096434,9,False,mary_shelley
flash,all_authors,f3,1000,5,4000,5000,arthur_conan_doyle,14,gutenberg_texts/244.txt,0.5095687957198314,0.210683075433713,-0.2988857202861184,10,False,mary_shelley
flash,all_authors,f3,1000,1,0,1000,arthur_conan_doyle,15,gutenberg_texts/2852.txt,0.3806936940776058,0.21858674112880344,-0.16210695294880234,9,False,mary_shelley
flash,all_authors,f3,1000,2,1000,2000,arthur_conan_doyle,15,gutenberg_texts/2852.txt,0.27427230481624887,0.18401112003360293,-0.09026118478264594,8,False,oscar_wilde
flash,all_authors,f3,1000,3,2000,3000,arthur_conan_doyle,15,gutenberg_texts/2852.txt,0.5136142932165014,0.1879089423350074,-0.325705350881494,9,False,mary_shelley
flash,all_authors,f3,1000,4,3000,4000,arthur_conan_doyle,15,gutenberg_texts/2852.txt,0.4732767313404592,0.16214765215057536,-0.31112907918988386,9,False,mary_shelley
flash,all_authors,f3,1000,5,4000,5000,arthur_conan_doyle,15,gutenberg_texts/2852.txt,0.49396227319800656,0.23336835297884245,-0.2605939202191641,9,False,mary_shelley
flash,all_authors,f3,1000,1,0,1000,arthur_conan_doyle,16,gutenberg_texts/1661.txt,0.16427822666787695,0.12106598518694024,-0.043212241480936706,7,False,oscar_wilde
flash,all_authors,f3,1000,2,1000,2000,arthur_conan_doyle,16,gutenberg_texts/1661.txt,0.1372539842165481,0.08315018702963163,-0.05410379718691648,9,False,jane_austen
flash,all_authors,f3,1000,3,2000,3000,arthur_conan_doyle,16,gutenberg_texts/1661.txt,0.07588573709024189,0.08256364872537456,0.006677911635132663,1,True,arthur_conan_doyle
flash,all_authors,f3,1000,4,3000,4000,arthur_conan_doyle,16,gutenberg_texts/1661.txt,0.13892842700380842,0.0664730047491012,-0.07245542225470722,9,False,jane_austen
flash,all_authors,f3,1000,5,4000,5000,arthur_conan_doyle,16,gutenberg_texts/1661.txt,0.08058324398626081,0.0682927126430338,-0.01229053134322701,2,False,herbert_george_wells
flash,all_authors,f3,1000,1,0,1000,arthur_conan_doyle,17,gutenberg_texts/244.txt,0.39745468635612125,0.13677093928633272,-0.26068374706978853,9,False,mary_shelley
flash,all_authors,f3,1000,2,1000,2000,arthur_conan_doyle,17,gutenberg_texts/244.txt,0.5279161112592249,0.2372942195325187,-0.29062189172670616,9,False,mary_shelley
flash,all_authors,f3,1000,3,2000,3000,arthur_conan_doyle,17,gutenberg_texts/244.txt,0.5410831643772069,0.18432334043093057,-0.35675982394627637,10,False,mary_shelley
flash,all_authors,f3,1000,4,3000,4000,arthur_conan_doyle,17,gutenberg_texts/244.txt,0.5850536473689876,0.23721918999980693,-0.3478344573691806,9,False,mary_shelley
flash,all_authors,f3,1000,5,4000,5000,arthur_conan_doyle,17,gutenberg_texts/244.txt,0.6369816287081758,0.2875408324360935,-0.34944079627208224,9,False,mary_shelley
flash,all_authors,f3,1000,1,0,1000,arthur_conan_doyle,18,gutenberg_texts/2852.txt,0.12155277192090774,0.12219904025492465,0.0006462683340169029,1,True,arthur_conan_doyle
flash,all_authors,f3,1000,2,1000,2000,arthur_conan_doyle,18,gutenberg_texts/2852.txt,0.20219428848683443,0.1196277586113658,-0.08256652987546863,8,False,oscar_wilde
flash,all_authors,f3,1000,3,2000,3000,arthur_conan_doyle,18,gutenberg_texts/2852.txt,0.22327349789769357,0.14807231828712358,-0.07520117961056999,4,False,oscar_wilde
flash,all_authors,f3,1000,4,3000,4000,arthur_conan_doyle,18,gutenberg_texts/2852.txt,0.18564381738593955,0.09792059804396225,-0.0877232193419773,7,False,oscar_wilde
flash,all_authors,f3,1000,5,4000,5000,arthur_conan_doyle,18,gutenberg_texts/2852.txt,0.16443939679950506,0.09894757474801413,-0.06549182205149093,8,False,oscar_wilde
flash,all_authors,f3,1000,1,0,1000,arthur_conan_doyle,19,gutenberg_texts/1661.txt,0.1301802823355774,0.08857656666521041,-0.041603715670367,5,False,oscar_wilde
flash,all_authors,f3,1000,2,1000,2000,arthur_conan_doyle,19,gutenberg_texts/1661.txt,0.08259250439132737,0.10437742146258659,0.02178491707125922,1,True,arthur_conan_doyle
flash,all_authors,f3,1000,3,2000,3000,arthur_conan_doyle,19,gutenberg_texts/1661.txt,0.05393094587075207,0.05591710536205048,0.001986159491298413,1,True,arthur_conan_doyle
flash,all_authors,f3,1000,4,3000,4000,arthur_conan_doyle,19,gutenberg_texts/1661.txt,0.07638117569983133,0.09113878873055702,0.014757613030725689,1,True,arthur_conan_doyle
flash,all_authors,f3,1000,5,4000,5000,arthur_conan_doyle,19,gutenberg_texts/1661.txt,0.04461154357758562,0.047274766589446085,0.0026632230118604633,1,True,arthur_conan_doyle
flash,all_authors,f3,1000,1,0,1000,arthur_conan_doyle,20,gutenberg_texts/244.txt,0.12914863838006094,0.1254636773138483,-0.003684961066212633,3,False,herbert_george_wells
flash,all_authors,f3,1000,2,1000,2000,arthur_conan_doyle,20,gutenberg_texts/244.txt,0.14386711683161177,0.08707512204839021,-0.056791994783221555,7,False,herbert_george_wells
flash,all_authors,f3,1000,3,2000,3000,arthur_conan_doyle,20,gutenberg_texts/244.txt,0.0921254024350343,0.07133708582145507,-0.02078831661357923,5,False,jane_austen
flash,all_authors,f3,1000,4,3000,4000,arthur_conan_doyle,20,gutenberg_texts/244.txt,0.0948465632483359,0.06941861677404845,-0.02542794647428745,5,False,agnes_may_fleming
flash,all_authors,f3,1000,5,4000,5000,arthur_conan_doyle,20,gutenberg_texts/244.txt,0.1684637899818445,0.0721833163120782,-0.0962804736697663,9,False,oscar_wilde
flash,all_authors,f3,1000,1,0,1000,mary_shelley,1,gutenberg_texts/84.txt,0.23387214902028405,0.38117751862378824,0.14730536960350418,1,True,mary_shelley
flash,all_authors,f3,1000,2,1000,2000,mary_shelley,1,gutenberg_texts/84.txt,0.19116336972005477,0.32343015607766595,0.1322667863576112,1,True,mary_shelley
flash,all_authors,f3,1000,3,2000,3000,mary_shelley,1,gutenberg_texts/84.txt,0.23170143145497935,0.33153086046513475,0.0998294290101554,1,True,mary_shelley
flash,all_authors,f3,1000,4,3000,4000,mary_shelley,1,gutenberg_texts/84.txt,0.22923849639321062,0.32853042011278527,0.09929192371957465,1,True,mary_shelley
flash,all_authors,f3,1000,5,4000,5000,mary_shelley,1,gutenberg_texts/84.txt,0.23681086982293512,0.2365192688957078,-0.00029160092722732567,2,False,charles_dickens
flash,all_authors,f3,1000,1,0,1000,mary_shelley,2,gutenberg_texts/18247.txt,0.2247029316150711,0.3146683734129433,0.08996544179787219,1,True,mary_shelley
flash,all_authors,f3,1000,2,1000,2000,mary_shelley,2,gutenberg_texts/18247.txt,0.22446533150721473,0.32235890494062297,0.09789357343340824,1,True,mary_shelley
flash,all_authors,f3,1000,3,2000,3000,mary_shelley,2,gutenberg_texts/18247.txt,0.20953387609072535,0.3301731785672226,0.12063930247649726,1,True,mary_shelley
flash,all_authors,f3,1000,4,3000,4000,mary_shelley,2,gutenberg_texts/18247.txt,0.2094579068881525,0.31075867583754935,0.10130076894939685,1,True,mary_shelley
flash,all_authors,f3,1000,5,4000,5000,mary_shelley,2,gutenberg_texts/18247.txt,0.25596859334956296,0.23549427659146388,-0.020474316758099076,2,False,jane_austen
flash,all_authors,f3,1000,1,0,1000,mary_shelley,3,gutenberg_texts/84.txt,0.2185014293581334,0.30388752237002914,0.08538609301189573,1,True,mary_shelley
flash,all_authors,f3,1000,2,1000,2000,mary_shelley,3,gutenberg_texts/84.txt,0.26562818220109985,0.4412536520915745,0.17562546989047467,1,True,mary_shelley
flash,all_authors,f3,1000,3,2000,3000,mary_shelley,3,gutenberg_texts/84.txt,0.24703248224347668,0.34912026449123806,0.10208778224776138,1,True,mary_shelley
flash,all_authors,f3,1000,4,3000,4000,mary_shelley,3,gutenberg_texts/84.txt,0.21489790338136153,0.345567232095645,0.13066932871428347,1,True,mary_shelley
flash,all_authors,f3,1000,5,4000,5000,mary_shelley,3,gutenberg_texts/84.txt,0.21532169196799697,0.36471152270940776,0.1493898307414108,1,True,mary_shelley
flash,all_authors,f3,1000,1,0,1000,mary_shelley,4,gutenberg_texts/18247.txt,0.1493065324411924,0.19913036053786493,0.04982382809667252,1,True,mary_shelley
flash,all_authors,f3,1000,2,1000,2000,mary_shelley,4,gutenberg_texts/18247.txt,0.1878223420607831,0.27896010513427777,0.09113776307349467,1,True,mary_shelley
flash,all_authors,f3,1000,3,2000,3000,mary_shelley,4,gutenberg_texts/18247.txt,0.2650801782814528,0.3702793138683519,0.10519913558689908,1,True,mary_shelley
flash,all_authors,f3,1000,4,3000,4000,mary_shelley,4,gutenberg_texts/18247.txt,0.20772490198943577,0.3234001076801863,0.11567520569075052,1,True,mary_shelley
flash,all_authors,f3,1000,5,4000,5000,mary_shelley,4,gutenberg_texts/18247.txt,0.2522417743631554,0.3233503150543151,0.07110854069115968,1,True,mary_shelley
flash,all_authors,f3,1000,1,0,1000,mary_shelley,5,gutenberg_texts/84.txt,0.19742410384779646,0.1241098837178571,-0.07331422012993936,7,False,oscar_wilde
flash,all_authors,f3,1000,2,1000,2000,mary_shelley,5,gutenberg_texts/84.txt,0.5158937589322953,0.05997890641603086,-0.4559148525162644,10,False,arthur_conan_doyle
flash,all_authors,f3,1000,3,2000,3000,mary_shelley,5,gutenberg_texts/84.txt,0.39395310246004406,0.07846058014188806,-0.315492522318156,10,False,oscar_wilde
flash,all_authors,f3,1000,4,3000,4000,mary_shelley,5,gutenberg_texts/84.txt,0.3655307546728869,0.057728838298738164,-0.3078019163741488,10,False,herbert_george_wells
flash,all_authors,f3,1000,5,4000,5000,mary_shelley,5,gutenberg_texts/84.txt,0.425021200069276,0.04838427589798379,-0.37663692417129224,10,False,herbert_george_wells
flash,all_authors,f3,1000,1,0,1000,mary_shelley,6,gutenberg_texts/18247.txt,0.12388969228945393,0.10284990383204975,-0.021039788457404174,3,False,oscar_wilde
flash,all_authors,f3,1000,2,1000,2000,mary_shelley,6,gutenberg_texts/18247.txt,0.1050836509324386,0.11785148396347947,0.01276783303104087,1,True,mary_shelley
flash,all_authors,f3,1000,3,2000,3000,mary_shelley,6,gutenberg_texts/18247.txt,0.11641060510901842,0.09766216412175167,-0.018748440987266746,3,False,oscar_wilde
flash,all_authors,f3,1000,4,3000,4000,mary_shelley,6,gutenberg_texts/18247.txt,0.13627323654413095,0.1305581483570934,-0.005715088187037559,3,False,oscar_wilde
flash,all_authors,f3,1000,5,4000,5000,mary_shelley,6,gutenberg_texts/18247.txt,0.1541211579691806,0.18024086201072348,0.026119704041542874,1,True,mary_shelley
flash,all_authors,f3,1000,1,0,1000,mary_shelley,7,gutenberg_texts/84.txt,0.22596005636281388,0.3522431391959257,0.12628308283311182,1,True,mary_shelley
flash,all_authors,f3,1000,2,1000,2000,mary_shelley,7,gutenberg_texts/84.txt,0.1939699280985364,0.3277458137783441,0.13377588567980772,1,True,mary_shelley
flash,all_authors,f3,1000,3,2000,3000,mary_shelley,7,gutenberg_texts/84.txt,0.2686965182396465,0.4044711897102088,0.13577467147056227,1,True,mary_shelley
flash,all_authors,f3,1000,4,3000,4000,mary_shelley,7,gutenberg_texts/84.txt,0.22357000842502722,0.2607579548337897,0.037187946408762496,1,True,mary_shelley
flash,all_authors,f3,1000,5,4000,5000,mary_shelley,7,gutenberg_texts/84.txt,0.17981718695886326,0.18673797332526823,0.006920786366404974,1,True,mary_shelley
flash,all_authors,f3,1000,1,0,1000,mary_shelley,8,gutenberg_texts/18247.txt,0.07456497050950708,0.1092188278687377,0.034653857359230614,1,True,mary_shelley
flash,all_authors,f3,1000,2,1000,2000,mary_shelley,8,gutenberg_texts/18247.txt,0.02717667269952085,0.10508950187807628,0.07791282917855544,1,True,mary_shelley
flash,all_authors,f3,1000,3,2000,3000,mary_shelley,8,gutenberg_texts/18247.txt,0.11585884026602575,0.1616686802818674,0.04580984001584165,1,True,mary_shelley
flash,all_authors,f3,1000,4,3000,4000,mary_shelley,8,gutenberg_texts/18247.txt,0.13572266107864894,0.17145366505136653,0.035731003972717584,1,True,mary_shelley
flash,all_authors,f3,1000,5,4000,5000,mary_shelley,8,gutenberg_texts/18247.txt,0.13238946287575795,0.20402813019044885,0.0716386673146909,1,True,mary_shelley
flash,all_authors,f3,1000,1,0,1000,mary_shelley,9,gutenberg_texts/84.txt,0.21120139355948953,0.2815053020515326,0.0703039084920431,1,True,mary_shelley
flash,all_authors,f3,1000,2,1000,2000,mary_shelley,9,gutenberg_texts/84.txt,0.09804699993667051,0.1954279038997886,0.09738090396311808,1,True,mary_shelley
flash,all_authors,f3,1000,3,2000,3000,mary_shelley,9,gutenberg_texts/84.txt,0.1856428523804202,0.3301895612205189,0.1445467088400987,1,True,mary_shelley
flash,all_authors,f3,1000,4,3000,4000,mary_shelley,9,gutenberg_texts/84.txt,0.22900528690619049,0.33351985087321456,0.10451456396702408,1,True,mary_shelley
flash,all_authors,f3,1000,5,4000,5000,mary_shelley,9,gutenberg_texts/84.txt,0.1667524808761016,0.23589802574083818,0.06914554486473659,1,True,mary_shelley
flash,all_authors,f3,1000,1,0,1000,mary_shelley,10,gutenberg_texts/18247.txt,0.12160922696899425,0.19207714962332828,0.07046792265433403,1,True,mary_shelley
flash,all_authors,f3,1000,2,1000,2000,mary_shelley,10,gutenberg_texts/18247.txt,0.1096574533777368,0.08351543425338626,-0.026142019124350546,3,False,oscar_wilde
flash,all_authors,f3,1000,3,2000,3000,mary_shelley,10,gutenberg_texts/18247.txt,0.17034457987399554,0.07609863571755225,-0.09424594415644329,5,False,oscar_wilde
flash,all_authors,f3,1000,4,3000,4000,mary_shelley,10,gutenberg_texts/18247.txt,0.15218999299286645,0.08791249005164906,-0.0642775029412174,4,False,oscar_wilde
flash,all_authors,f3,1000,5,4000,5000,mary_shelley,10,gutenberg_texts/18247.txt,0.14958748383931095,0.03660168955568388,-0.11298579428362707,9,False,herbert_george_wells
flash,all_authors,f3,1000,1,0,1000,mary_shelley,11,gutenberg_texts/84.txt,0.18023521759709893,0.22748569592572584,0.047250478328626916,1,True,mary_shelley
flash,all_authors,f3,1000,2,1000,2000,mary_shelley,11,gutenberg_texts/84.txt,0.20924365189581168,0.32753583532007025,0.11829218342425857,1,True,mary_shelley
flash,all_authors,f3,1000,3,2000,3000,mary_shelley,11,gutenberg_texts/84.txt,0.19114872290165882,0.21504372030084462,0.023894997399185797,1,True,mary_shelley
flash,all_authors,f3,1000,4,3000,4000,mary_shelley,11,gutenberg_texts/84.txt,0.218828904850401,0.23034740615472626,0.011518501304325274,1,True,mary_shelley
flash,all_authors,f3,1000,5,4000,5000,mary_shelley,11,gutenberg_texts/84.txt,0.2450038568988956,0.10416783825123421,-0.14083601864766138,10,False,charles_dickens
flash,all_authors,f3,1000,1,0,1000,mary_shelley,12,gutenberg_texts/18247.txt,0.10295558807414527,0.13681154080270821,0.03385595272856294,1,True,mary_shelley
flash,all_authors,f3,1000,2,1000,2000,mary_shelley,12,gutenberg_texts/18247.txt,0.23890943759357158,0.14774522916286548,-0.0911642084307061,8,False,charles_dickens
flash,all_authors,f3,1000,3,2000,3000,mary_shelley,12,gutenberg_texts/18247.txt,0.31279240200079284,0.11442841437118767,-0.19836398762960517,9,False,mark_twain
flash,all_authors,f3,1000,4,3000,4000,mary_shelley,12,gutenberg_texts/18247.txt,0.24589867110768537,0.19804174300991972,-0.04785692809776565,2,False,oscar_wilde
flash,all_authors,f3,1000,5,4000,5000,mary_shelley,12,gutenberg_texts/18247.txt,0.23133722794992748,0.3582623845039213,0.1269251565539938,1,True,mary_shelley
flash,all_authors,f3,1000,1,0,1000,mary_shelley,13,gutenberg_texts/84.txt,0.18098691930959795,0.2841451317799178,0.10315821247031984,1,True,mary_shelley
flash,all_authors,f3,1000,2,1000,2000,mary_shelley,13,gutenberg_texts/84.txt,0.22844566905404776,0.2643701776625147,0.03592450860846694,1,True,mary_shelley
flash,all_authors,f3,1000,3,2000,3000,mary_shelley,13,gutenberg_texts/84.txt,0.21357220177532196,0.23257087263318418,0.01899867085786222,1,True,mary_shelley
flash,all_authors,f3,1000,4,3000,4000,mary_shelley,13,gutenberg_texts/84.txt,0.14868430596127638,0.24479803866277436,0.09611373270149798,1,True,mary_shelley
flash,all_authors,f3,1000,5,4000,5000,mary_shelley,13,gutenberg_texts/84.txt,0.16325573074697036,0.32844005080514227,0.1651843200581719,1,True,mary_shelley
flash,all_authors,f3,1000,1,0,1000,mary_shelley,14,gutenberg_texts/18247.txt,0.1503515457919124,0.21313510012082415,0.06278355432891175,1,True,mary_shelley
flash,all_authors,f3,1000,2,1000,2000,mary_shelley,14,gutenberg_texts/18247.txt,0.07575192523611274,0.24382774386331094,0.1680758186271982,1,True,mary_shelley
flash,all_authors,f3,1000,3,2000,3000,mary_shelley,14,gutenberg_texts/18247.txt,0.26135273909388074,0.35039692662868144,0.0890441875348007,1,True,mary_shelley
flash,all_authors,f3,1000,4,3000,4000,mary_shelley,14,gutenberg_texts/18247.txt,0.2249195800760401,0.3231526924107017,0.09823311233466162,1,True,mary_shelley
flash,all_authors,f3,1000,5,4000,5000,mary_shelley,14,gutenberg_texts/18247.txt,0.23873692877642747,0.10611213129278604,-0.13262479748364142,7,False,charles_dickens
flash,all_authors,f3,1000,1,0,1000,mary_shelley,15,gutenberg_texts/84.txt,0.2675378677444635,0.3836379194087227,0.11610005166425924,1,True,mary_shelley
flash,all_authors,f3,1000,2,1000,2000,mary_shelley,15,gutenberg_texts/84.txt,0.08138966809184693,0.2694752879097993,0.18808561981795235,1,True,mary_shelley
flash,all_authors,f3,1000,3,2000,3000,mary_shelley,15,gutenberg_texts/84.txt,0.307550758819056,0.3810895427726701,0.07353878395361407,1,True,mary_shelley
flash,all_authors,f3,1000,4,3000,4000,mary_shelley,15,gutenberg_texts/84.txt,0.19389359644039325,0.2611623521334782,0.06726875569308496,1,True,mary_shelley
flash,all_authors,f3,1000,5,4000,5000,mary_shelley,15,gutenberg_texts/84.txt,0.19468854318840814,0.1562717700894167,-0.03841677309899144,4,False,oscar_wilde
flash,all_authors,f3,1000,1,0,1000,mary_shelley,16,gutenberg_texts/18247.txt,0.12723266064914338,0.17172098191170143,0.044488321262558056,1,True,mary_shelley
flash,all_authors,f3,1000,2,1000,2000,mary_shelley,16,gutenberg_texts/18247.txt,0.12414612536900321,0.10771668899915258,-0.016429436369850628,2,False,oscar_wilde
flash,all_authors,f3,1000,3,2000,3000,mary_shelley,16,gutenberg_texts/18247.txt,0.20446457602040577,0.07790616047597151,-0.12655841554443426,9,False,oscar_wilde
flash,all_authors,f3,1000,4,3000,4000,mary_shelley,16,gutenberg_texts/18247.txt,0.22486632707253665,0.061041718917488864,-0.1638246081550478,9,False,oscar_wilde
flash,all_authors,f3,1000,5,4000,5000,mary_shelley,16,gutenberg_texts/18247.txt,0.12032296076128836,0.10160079866196342,-0.018722162099324938,3,False,oscar_wilde
flash,all_authors,f3,1000,1,0,1000,mary_shelley,17,gutenberg_texts/84.txt,0.2132897744554981,0.3515446304543675,0.1382548559988694,1,True,mary_shelley
flash,all_authors,f3,1000,2,1000,2000,mary_shelley,17,gutenberg_texts/84.txt,0.2073462326256574,0.1867517920036246,-0.020594440622032806,3,False,oscar_wilde
flash,all_authors,f3,1000,3,2000,3000,mary_shelley,17,gutenberg_texts/84.txt,0.1944076944022214,0.22420701582103167,0.029799321418810282,1,True,mary_shelley
flash,all_authors,f3,1000,4,3000,4000,mary_shelley,17,gutenberg_texts/84.txt,0.17991910107156858,0.33098151943565046,0.15106241836408188,1,True,mary_shelley
flash,all_authors,f3,1000,5,4000,5000,mary_shelley,17,gutenberg_texts/84.txt,0.17933099418068874,0.23147358129650014,0.052142587115811406,1,True,mary_shelley
flash,all_authors,f3,1000,1,0,1000,mary_shelley,18,gutenberg_texts/18247.txt,0.09947939333464066,0.17394593854905444,0.07446654521441377,1,True,mary_shelley
flash,all_authors,f3,1000,2,1000,2000,mary_shelley,18,gutenberg_texts/18247.txt,0.08208196856899914,0.13057425184989288,0.048492283280893736,1,True,mary_shelley
flash,all_authors,f3,1000,3,2000,3000,mary_shelley,18,gutenberg_texts/18247.txt,0.05464572214154159,0.06912328047680118,0.014477558335259585,1,True,mary_shelley
flash,all_authors,f3,1000,4,3000,4000,mary_shelley,18,gutenberg_texts/18247.txt,0.13752512296901093,0.12555389038526754,-0.011971232583743385,2,False,oscar_wilde
flash,all_authors,f3,1000,5,4000,5000,mary_shelley,18,gutenberg_texts/18247.txt,0.050347808099075894,0.05684061165345484,0.006492803554378944,1,True,mary_shelley
flash,all_authors,f3,1000,1,0,1000,mary_shelley,19,gutenberg_texts/84.txt,0.2987622140019231,0.3874654050922046,0.08870319109028152,1,True,mary_shelley
flash,all_authors,f3,1000,2,1000,2000,mary_shelley,19,gutenberg_texts/84.txt,0.2586818897883321,0.16432165070710575,-0.09436023908122637,4,False,oscar_wilde
flash,all_authors,f3,1000,3,2000,3000,mary_shelley,19,gutenberg_texts/84.txt,0.21496237084128858,0.35103899147538753,0.13607662063409895,1,True,mary_shelley
flash,all_authors,f3,1000,4,3000,4000,mary_shelley,19,gutenberg_texts/84.txt,0.21913351988008095,0.3308614932803258,0.11172797340024487,1,True,mary_shelley
flash,all_authors,f3,1000,5,4000,5000,mary_shelley,19,gutenberg_texts/84.txt,0.2361048527984021,0.30269712556118633,0.06659227276278423,1,True,mary_shelley
flash,all_authors,f3,1000,1,0,1000,mary_shelley,20,gutenberg_texts/18247.txt,0.10249200403620967,0.09653039097029655,-0.005961613065913127,2,False,jane_austen
flash,all_authors,f3,1000,2,1000,2000,mary_shelley,20,gutenberg_texts/18247.txt,0.19240624745032037,0.24666894988651517,0.0542627024361948,1,True,mary_shelley
flash,all_authors,f3,1000,3,2000,3000,mary_shelley,20,gutenberg_texts/18247.txt,0.3166028638064894,0.4107477802766085,0.09414491647011913,1,True,mary_shelley
flash,all_authors,f3,1000,4,3000,4000,mary_shelley,20,gutenberg_texts/18247.txt,0.20023442792175133,0.16856302557615277,-0.031671402345598565,5,False,charles_dickens
flash,all_authors,f3,1000,5,4000,5000,mary_shelley,20,gutenberg_texts/18247.txt,0.2597596109348477,0.2636253063512503,0.003865695416402637,1,True,mary_shelley
flash,all_authors,f3,1000,1,0,1000,charlotte_bronte,1,gutenberg_texts/1260.txt,0.18910280323404705,0.12750673653672126,-0.061596066697325785,8,False,charles_dickens
flash,all_authors,f3,1000,2,1000,2000,charlotte_bronte,1,gutenberg_texts/1260.txt,0.13056126035839458,0.0319703763554728,-0.09859088400292178,9,False,jane_austen
flash,all_authors,f3,1000,3,2000,3000,charlotte_bronte,1,gutenberg_texts/1260.txt,0.178993991988905,0.0828051752334307,-0.0961888167554743,9,False,oscar_wilde
flash,all_authors,f3,1000,4,3000,4000,charlotte_bronte,1,gutenberg_texts/1260.txt,0.23250697777624096,0.0965506017808292,-0.13595637599541177,10,False,joseph_conrad
flash,all_authors,f3,1000,5,4000,5000,charlotte_bronte,1,gutenberg_texts/1260.txt,0.14361606881003547,0.039871447307904914,-0.10374462150213055,9,False,oscar_wilde
flash,all_authors,f3,1000,1,0,1000,charlotte_bronte,2,gutenberg_texts/30486.txt,0.2280590599491443,0.11632130493794679,-0.11173775501119751,7,False,charles_dickens
flash,all_authors,f3,1000,2,1000,2000,charlotte_bronte,2,gutenberg_texts/30486.txt,0.5944761515284932,0.2251875617868043,-0.3692885897416889,10,False,mary_shelley
flash,all_authors,f3,1000,3,2000,3000,charlotte_bronte,2,gutenberg_texts/30486.txt,0.5795224302626619,0.21391555276578234,-0.3656068774968796,10,False,mary_shelley
flash,all_authors,f3,1000,4,3000,4000,charlotte_bronte,2,gutenberg_texts/30486.txt,0.5213776546746128,0.09630953559499321,-0.4250681190796196,10,False,mary_shelley
flash,all_authors,f3,1000,5,4000,5000,charlotte_bronte,2,gutenberg_texts/30486.txt,0.6436019785161818,0.25250238031536154,-0.3910995982008203,10,False,mary_shelley
flash,all_authors,f3,1000,1,0,1000,charlotte_bronte,3,gutenberg_texts/1260.txt,0.22941399824443487,0.12366549245422949,-0.10574850579020538,10,False,oscar_wilde
flash,all_authors,f3,1000,2,1000,2000,charlotte_bronte,3,gutenberg_texts/1260.txt,0.44554947850429777,0.19619912801678302,-0.24935035048751475,9,False,mary_shelley
flash,all_authors,f3,1000,3,2000,3000,charlotte_bronte,3,gutenberg_texts/1260.txt,0.3683854016454359,0.18108186875216709,-0.1873035328932688,10,False,joseph_conrad
flash,all_authors,f3,1000,4,3000,4000,charlotte_bronte,3,gutenberg_texts/1260.txt,0.23255238110620086,0.09375811860177947,-0.1387942625044214,8,False,joseph_conrad
flash,all_authors,f3,1000,5,4000,5000,charlotte_bronte,3,gutenberg_texts/1260.txt,0.21045332795091162,0.1038345960662649,-0.10661873188464673,9,False,herbert_george_wells
flash,all_authors,f3,1000,1,0,1000,charlotte_bronte,4,gutenberg_texts/30486.txt,0.30918049440816203,0.09563872711616236,-0.21354176729199967,9,False,arthur_conan_doyle
flash,all_authors,f3,1000,2,1000,2000,charlotte_bronte,4,gutenberg_texts/30486.txt,0.3435274650933721,0.1361886455822632,-0.2073388195111089,10,False,oscar_wilde
flash,all_authors,f3,1000,3,2000,3000,charlotte_bronte,4,gutenberg_texts/30486.txt,0.147373370307193,0.07147375589183225,-0.07589961441536075,10,False,mark_twain
flash,all_authors,f3,1000,4,3000,4000,charlotte_bronte,4,gutenberg_texts/30486.txt,0.39870781536335953,0.1911654799867206,-0.20754233537663894,10,False,oscar_wilde
flash,all_authors,f3,1000,5,4000,5000,charlotte_bronte,4,gutenberg_texts/30486.txt,0.3052181255674978,0.10760984197182931,-0.19760828359566845,10,False,oscar_wilde
flash,all_authors,f3,1000,1,0,1000,charlotte_bronte,5,gutenberg_texts/1260.txt,0.26525348186317604,0.13754446564850004,-0.127709016214676,10,False,oscar_wilde
flash,all_authors,f3,1000,2,1000,2000,charlotte_bronte,5,gutenberg_texts/1260.txt,0.27776468279378513,0.14590757898507617,-0.13185710380870896,10,False,joseph_conrad
flash,all_authors,f3,1000,3,2000,3000,charlotte_bronte,5,gutenberg_texts/1260.txt,0.19589045005995692,0.06375271215872465,-0.1321377379012323,7,False,oscar_wilde
flash,all_authors,f3,1000,4,3000,4000,charlotte_bronte,5,gutenberg_texts/1260.txt,0.18320625315390807,0.06722008519012446,-0.11598616796378361,9,False,oscar_wilde
flash,all_authors,f3,1000,5,4000,5000,charlotte_bronte,5,gutenberg_texts/1260.txt,0.17476637442689918,0.052214792223701845,-0.12255158220319734,7,False,herbert_george_wells
flash,all_authors,f3,1000,1,0,1000,charlotte_bronte,6,gutenberg_texts/30486.txt,0.2766838700018225,0.1243091143569049,-0.1523747556449176,9,False,charles_dickens
flash,all_authors,f3,1000,2,1000,2000,charlotte_bronte,6,gutenberg_texts/30486.txt,0.15548522746990137,0.047915859371260944,-0.10756936809864043,8,False,charles_dickens
flash,all_authors,f3,1000,3,2000,3000,charlotte_bronte,6,gutenberg_texts/30486.txt,0.27681585556103744,0.07776843944685165,-0.1990474161141858,9,False,agnes_may_fleming
flash,all_authors,f3,1000,4,3000,4000,charlotte_bronte,6,gutenberg_texts/30486.txt,0.22624073502246983,0.03609999160271421,-0.19014074341975562,9,False,oscar_wilde
flash,all_authors,f3,1000,5,4000,5000,charlotte_bronte,6,gutenberg_texts/30486.txt,0.292605347146729,0.06947322623273974,-0.22313212091398923,10,False,oscar_wilde
flash,all_authors,f3,1000,1,0,1000,charlotte_bronte,7,gutenberg_texts/1260.txt,0.30521932074599056,0.13063333466513005,-0.1745859860808605,9,False,mary_shelley
flash,all_authors,f3,1000,2,1000,2000,charlotte_bronte,7,gutenberg_texts/1260.txt,0.4360966227804682,0.058075527968157556,-0.3780210948123106,8,False,mary_shelley
flash,all_authors,f3,1000,3,2000,3000,charlotte_bronte,7,gutenberg_texts/1260.txt,0.3618547504768679,0.1371548826518825,-0.22469986782498538,9,False,mary_shelley
flash,all_authors,f3,1000,4,3000,4000,charlotte_bronte,7,gutenberg_texts/1260.txt,0.19024837334259515,0.08522801847027006,-0.10502035487232508,8,False,herbert_george_wells
flash,all_authors,f3,1000,5,4000,5000,charlotte_bronte,7,gutenberg_texts/1260.txt,0.09253749031506844,0.036533810860433,-0.05600367945463544,5,False,herbert_george_wells
flash,all_authors,f3,1000,1,0,1000,charlotte_bronte,8,gutenberg_texts/30486.txt,0.3176015795413303,0.11899436651502261,-0.19860721302630768,10,False,charles_dickens
flash,all_authors,f3,1000,2,1000,2000,charlotte_bronte,8,gutenberg_texts/30486.txt,0.32839288571875175,0.05462794683576922,-0.27376493888298253,9,False,herbert_george_wells
flash,all_authors,f3,1000,3,2000,3000,charlotte_bronte,8,gutenberg_texts/30486.txt,0.23254250153482237,0.0536517618276277,-0.17889073970719466,10,False,jane_austen
flash,all_authors,f3,1000,4,3000,4000,charlotte_bronte,8,gutenberg_texts/30486.txt,0.3446994055481416,0.09258946919134224,-0.25210993635679935,10,False,oscar_wilde
flash,all_authors,f3,1000,5,4000,5000,charlotte_bronte,8,gutenberg_texts/30486.txt,0.34442237597954717,0.10080731774985587,-0.24361505822969132,10,False,herbert_george_wells
flash,all_authors,f3,1000,1,0,1000,charlotte_bronte,9,gutenberg_texts/1260.txt,0.32260075946139666,0.13922125201686725,-0.1833795074445294,8,False,mary_shelley
flash,all_authors,f3,1000,2,1000,2000,charlotte_bronte,9,gutenberg_texts/1260.txt,0.3540693610244899,0.1470627099764285,-0.20700665104806137,9,False,mary_shelley
flash,all_authors,f3,1000,3,2000,3000,charlotte_bronte,9,gutenberg_texts/1260.txt,0.18826440817342482,0.0851222597587227,-0.10314214841470212,9,False,oscar_wilde
flash,all_authors,f3,1000,4,3000,4000,charlotte_bronte,9,gutenberg_texts/1260.txt,0.13047592954258022,0.06214388072514604,-0.06833204881743418,8,False,oscar_wilde
flash,all_authors,f3,1000,5,4000,5000,charlotte_bronte,9,gutenberg_texts/1260.txt,0.1971622349375894,0.10320228997388195,-0.09395994496370744,9,False,oscar_wilde
flash,all_authors,f3,1000,1,0,1000,charlotte_bronte,10,gutenberg_texts/30486.txt,0.24794804261126732,0.1209034518423815,-0.1270445907688858,9,False,arthur_conan_doyle
flash,all_authors,f3,1000,2,1000,2000,charlotte_bronte,10,gutenberg_texts/30486.txt,0.43673841982459793,0.1456194160506125,-0.2911190037739855,10,False,oscar_wilde
flash,all_authors,f3,1000,3,2000,3000,charlotte_bronte,10,gutenberg_texts/30486.txt,0.480461640196765,0.17950841449943772,-0.3009532256973273,10,False,oscar_wilde
flash,all_authors,f3,1000,4,3000,4000,charlotte_bronte,10,gutenberg_texts/30486.txt,0.5088525027673887,0.1895404813723815,-0.3193120213950072,10,False,mary_shelley
flash,all_authors,f3,1000,5,4000,5000,charlotte_bronte,10,gutenberg_texts/30486.txt,0.661989427567539,0.22529628197996446,-0.43669314558757455,10,False,mary_shelley
flash,all_authors,f3,1000,1,0,1000,charlotte_bronte,11,gutenberg_texts/1260.txt,0.2868468826664974,0.1556068395934987,-0.1312400430729987,9,False,charles_dickens
flash,all_authors,f3,1000,2,1000,2000,charlotte_bronte,11,gutenberg_texts/1260.txt,0.2326813568838564,0.08721891951819472,-0.1454624373656617,9,False,oscar_wilde
flash,all_authors,f3,1000,3,2000,3000,charlotte_bronte,11,gutenberg_texts/1260.txt,0.309470498972996,0.14181655930249512,-0.16765393967050088,10,False,oscar_wilde
flash,all_authors,f3,1000,4,3000,4000,charlotte_bronte,11,gutenberg_texts/1260.txt,0.30914998059738596,0.10538443739622119,-0.20376554320116477,9,False,oscar_wilde
flash,all_authors,f3,1000,5,4000,5000,charlotte_bronte,11,gutenberg_texts/1260.txt,0.3827721768380696,0.17755034181119186,-0.2052218350268777,8,False,mary_shelley
flash,all_authors,f3,1000,1,0,1000,charlotte_bronte,12,gutenberg_texts/30486.txt,0.16554559791777534,0.07733671340605983,-0.08820888451171552,6,False,charles_dickens
flash,all_authors,f3,1000,2,1000,2000,charlotte_bronte,12,gutenberg_texts/30486.txt,0.18416757042319157,0.08020366654983725,-0.10396390387335432,9,False,oscar_wilde
flash,all_authors,f3,1000,3,2000,3000,charlotte_bronte,12,gutenberg_texts/30486.txt,0.08199843043147173,0.05047142388904019,-0.03152700654243154,5,False,agnes_may_fleming
flash,all_authors,f3,1000,4,3000,4000,charlotte_bronte,12,gutenberg_texts/30486.txt,0.23812968034064452,0.06961332645480485,-0.1685163538858397,10,False,charles_dickens
flash,all_authors,f3,1000,5,4000,5000,charlotte_bronte,12,gutenberg_texts/30486.txt,0.3021506655230291,0.05034329762748576,-0.25180736789554337,10,False,oscar_wilde
flash,all_authors,f3,1000,1,0,1000,charlotte_bronte,13,gutenberg_texts/1260.txt,0.25922775555923416,0.10913520069367263,-0.15009255486556153,10,False,joseph_conrad
flash,all_authors,f3,1000,2,1000,2000,charlotte_bronte,13,gutenberg_texts/1260.txt,0.2790387167769306,0.11223378716237951,-0.16680492961455107,10,False,oscar_wilde
flash,all_authors,f3,1000,3,2000,3000,charlotte_bronte,13,gutenberg_texts/1260.txt,0.37735304219147975,0.17076235774729218,-0.20659068444418757,10,False,joseph_conrad
flash,all_authors,f3,1000,4,3000,4000,charlotte_bronte,13,gutenberg_texts/1260.txt,0.3011037059125124,0.1331214517397598,-0.1679822541727526,10,False,joseph_conrad
flash,all_authors,f3,1000,5,4000,5000,charlotte_bronte,13,gutenberg_texts/1260.txt,0.46952252795276816,0.20802091277295223,-0.26150161517981596,10,False,mary_shelley
flash,all_authors,f3,1000,1,0,1000,charlotte_bronte,14,gutenberg_texts/30486.txt,0.2573134884007057,0.09663097402098557,-0.16068251437972014,9,False,herbert_george_wells
flash,all_authors,f3,1000,2,1000,2000,charlotte_bronte,14,gutenberg_texts/30486.txt,0.2478010133655366,0.06411455069003577,-0.18368646267550082,10,False,oscar_wilde
flash,all_authors,f3,1000,3,2000,3000,charlotte_bronte,14,gutenberg_texts/30486.txt,0.24359720024116002,0.09829872074882917,-0.14529847949233085,9,False,oscar_wilde
flash,all_authors,f3,1000,4,3000,4000,charlotte_bronte,14,gutenberg_texts/30486.txt,0.2835913026655293,0.0831951918901273,-0.20039611077540198,10,False,oscar_wilde
flash,all_authors,f3,1000,5,4000,5000,charlotte_bronte,14,gutenberg_texts/30486.txt,0.3094703078995007,0.08762425904087483,-0.22184604885862585,10,False,herbert_george_wells
flash,all_authors,f3,1000,1,0,1000,charlotte_bronte,15,gutenberg_texts/1260.txt,0.2223778988423753,0.10803899428819828,-0.11433890455417701,9,False,herbert_george_wells
flash,all_authors,f3,1000,2,1000,2000,charlotte_bronte,15,gutenberg_texts/1260.txt,0.2635590366470078,0.03428309907468024,-0.22927593757232756,9,False,mary_shelley
flash,all_authors,f3,1000,3,2000,3000,charlotte_bronte,15,gutenberg_texts/1260.txt,0.27944772452385186,0.14331850866519488,-0.13612921585865698,10,False,mary_shelley
flash,all_authors,f3,1000,4,3000,4000,charlotte_bronte,15,gutenberg_texts/1260.txt,0.21620326966545517,0.09488138318222691,-0.12132188648322825,9,False,oscar_wilde
flash,all_authors,f3,1000,5,4000,5000,charlotte_bronte,15,gutenberg_texts/1260.txt,0.22269973129779305,0.12199214640991274,-0.10070758488788031,10,False,joseph_conrad
flash,all_authors,f3,1000,1,0,1000,charlotte_bronte,16,gutenberg_texts/30486.txt,0.2234596429176358,0.10112270231883365,-0.12233694059880214,9,False,charles_dickens
flash,all_authors,f3,1000,2,1000,2000,charlotte_bronte,16,gutenberg_texts/30486.txt,0.42549731206566044,0.2013763180281025,-0.22412099403755795,10,False,oscar_wilde
flash,all_authors,f3,1000,3,2000,3000,charlotte_bronte,16,gutenberg_texts/30486.txt,0.3559129859030595,0.18185629587296204,-0.17405669003009744,10,False,joseph_conrad
flash,all_authors,f3,1000,4,3000,4000,charlotte_bronte,16,gutenberg_texts/30486.txt,0.4553677605815891,0.1517509911552358,-0.3036167694263533,10,False,joseph_conrad
flash,all_authors,f3,1000,5,4000,5000,charlotte_bronte,16,gutenberg_texts/30486.txt,0.42388974870363155,0.17507495497564912,-0.24881479372798243,10,False,oscar_wilde
flash,all_authors,f3,1000,1,0,1000,charlotte_bronte,17,gutenberg_texts/1260.txt,0.30421098770474647,0.11569198916657075,-0.18851899853817572,9,False,mary_shelley
flash,all_authors,f3,1000,2,1000,2000,charlotte_bronte,17,gutenberg_texts/1260.txt,0.3150510461462604,0.1577494743909882,-0.1573015717552722,9,False,joseph_conrad
flash,all_authors,f3,1000,3,2000,3000,charlotte_bronte,17,gutenberg_texts/1260.txt,0.25029793002122164,0.08637928077726442,-0.16391864924395722,8,False,oscar_wilde
flash,all_authors,f3,1000,4,3000,4000,charlotte_bronte,17,gutenberg_texts/1260.txt,0.1924391892935733,0.11327194413654787,-0.07916724515702542,9,False,charles_dickens
flash,all_authors,f3,1000,5,4000,5000,charlotte_bronte,17,gutenberg_texts/1260.txt,0.2563874978905631,0.10140084804693483,-0.15498664984362825,9,False,oscar_wilde
flash,all_authors,f3,1000,1,0,1000,charlotte_bronte,18,gutenberg_texts/30486.txt,0.33547467538396397,0.14398475025839366,-0.1914899251255703,10,False,charles_dickens
flash,all_authors,f3,1000,2,1000,2000,charlotte_bronte,18,gutenberg_texts/30486.txt,0.19141823901338778,0.06442946698581797,-0.1269887720275698,9,False,mary_shelley
flash,all_authors,f3,1000,3,2000,3000,charlotte_bronte,18,gutenberg_texts/30486.txt,0.3570265804968877,0.09372446738977525,-0.26330211310711243,10,False,herbert_george_wells
flash,all_authors,f3,1000,4,3000,4000,charlotte_bronte,18,gutenberg_texts/30486.txt,0.3425402765661715,0.11400002225131416,-0.2285402543148573,10,False,oscar_wilde
flash,all_authors,f3,1000,5,4000,5000,charlotte_bronte,18,gutenberg_texts/30486.txt,0.40737679121353526,0.13414082180192496,-0.2732359694116103,10,False,oscar_wilde
flash,all_authors,f3,1000,1,0,1000,charlotte_bronte,19,gutenberg_texts/1260.txt,0.22100706867062267,0.08900008486605657,-0.1320069838045661,9,False,charles_dickens
flash,all_authors,f3,1000,2,1000,2000,charlotte_bronte,19,gutenberg_texts/1260.txt,0.36577346165058844,0.21863685348210438,-0.14713660816848406,10,False,charles_dickens
flash,all_authors,f3,1000,3,2000,3000,charlotte_bronte,19,gutenberg_texts/1260.txt,0.2537045016498956,0.16414329711595646,-0.08956120453393915,10,False,charles_dickens
flash,all_authors,f3,1000,4,3000,4000,charlotte_bronte,19,gutenberg_texts/1260.txt,0.25125584299899456,0.0792576964703211,-0.17199814652867346,7,False,oscar_wilde
flash,all_authors,f3,1000,5,4000,5000,charlotte_bronte,19,gutenberg_texts/1260.txt,0.2903065175054124,0.17795054979811076,-0.11235596770730166,4,False,joseph_conrad
flash,all_authors,f3,1000,1,0,1000,charlotte_bronte,20,gutenberg_texts/30486.txt,0.32333282427451265,0.11197670044995114,-0.2113561238245615,10,False,charles_dickens
flash,all_authors,f3,1000,2,1000,2000,charlotte_bronte,20,gutenberg_texts/30486.txt,0.2382737637302865,0.11533421464732771,-0.12293954908295879,10,False,oscar_wilde
flash,all_authors,f3,1000,3,2000,3000,charlotte_bronte,20,gutenberg_texts/30486.txt,0.4157070118813932,0.19172159439989644,-0.22398541748149675,10,False,mary_shelley
flash,all_authors,f3,1000,4,3000,4000,charlotte_bronte,20,gutenberg_texts/30486.txt,0.25709772861003477,0.09009939120029689,-0.16699833740973788,10,False,herbert_george_wells
flash,all_authors,f3,1000,5,4000,5000,charlotte_bronte,20,gutenberg_texts/30486.txt,0.3586406902599371,0.11322850556469752,-0.2454121846952396,10,False,joseph_conrad
flash,all_authors,f3,1000,1,0,1000,oscar_wilde,1,gutenberg_texts/174.txt,0.2579926585353762,0.16042467720337156,-0.09756798133200462,9,False,joseph_conrad
flash,all_authors,f3,1000,2,1000,2000,oscar_wilde,1,gutenberg_texts/174.txt,0.3219879395955478,0.10827737147127033,-0.21371056812427747,10,False,charles_dickens
flash,all_authors,f3,1000,3,2000,3000,oscar_wilde,1,gutenberg_texts/174.txt,0.4425509201801145,0.08730801544013775,-0.3552429047399768,10,False,herbert_george_wells
flash,all_authors,f3,1000,4,3000,4000,oscar_wilde,1,gutenberg_texts/174.txt,0.1689187233139146,0.13592648715893954,-0.03299223615497507,3,False,joseph_conrad
flash,all_authors,f3,1000,5,4000,5000,oscar_wilde,1,gutenberg_texts/174.txt,0.29725629776996615,0.12057657507821856,-0.1766797226917476,10,False,herbert_george_wells
flash,all_authors,f3,1000,1,0,1000,oscar_wilde,2,gutenberg_texts/773.txt,0.17780038127041983,0.13523993895819847,-0.042560442312221364,6,False,herbert_george_wells
flash,all_authors,f3,1000,2,1000,2000,oscar_wilde,2,gutenberg_texts/773.txt,0.3214126089348724,0.11148503865428305,-0.20992757028058934,9,False,mary_shelley
flash,all_authors,f3,1000,3,2000,3000,oscar_wilde,2,gutenberg_texts/773.txt,0.4265568964858681,0.21961511659540964,-0.20694177989045845,9,False,mary_shelley
flash,all_authors,f3,1000,4,3000,4000,oscar_wilde,2,gutenberg_texts/773.txt,0.36060381923052126,0.14910134843456915,-0.2115024707959521,9,False,mary_shelley
flash,all_authors,f3,1000,5,4000,5000,oscar_wilde,2,gutenberg_texts/773.txt,0.45976937870149087,0.22217396770688774,-0.23759541099460313,9,False,mary_shelley
flash,all_authors,f3,1000,1,0,1000,oscar_wilde,3,gutenberg_texts/174.txt,0.38869666765366734,0.17784157930051261,-0.21085508835315472,10,False,charles_dickens
flash,all_authors,f3,1000,2,1000,2000,oscar_wilde,3,gutenberg_texts/174.txt,0.11667250316561704,0.1770656778811419,0.06039317471552484,1,True,oscar_wilde
flash,all_authors,f3,1000,3,2000,3000,oscar_wilde,3,gutenberg_texts/174.txt,0.07489973468353886,0.18680920438228465,0.1119094696987458,1,True,oscar_wilde
flash,all_authors,f3,1000,4,3000,4000,oscar_wilde,3,gutenberg_texts/174.txt,0.06519605323546195,0.2280256134692062,0.16282956023374423,1,True,oscar_wilde
flash,all_authors,f3,1000,5,4000,5000,oscar_wilde,3,gutenberg_texts/174.txt,0.2294286635054084,0.163463729970057,-0.06596493353535138,8,False,herbert_george_wells
flash,all_authors,f3,1000,1,0,1000,oscar_wilde,4,gutenberg_texts/773.txt,0.21334611594299072,0.15449042866800217,-0.05885568727498855,7,False,joseph_conrad
flash,all_authors,f3,1000,2,1000,2000,oscar_wilde,4,gutenberg_texts/773.txt,0.18854355459757105,0.1396074314103376,-0.04893612318723345,8,False,joseph_conrad
flash,all_authors,f3,1000,3,2000,3000,oscar_wilde,4,gutenberg_texts/773.txt,0.2531981386860164,0.15911036382047225,-0.09408777486554418,9,False,joseph_conrad
flash,all_authors,f3,1000,4,3000,4000,oscar_wilde,4,gutenberg_texts/773.txt,0.27636821535599987,0.1444290958067711,-0.13193911954922877,5,False,joseph_conrad
flash,all_authors,f3,1000,5,4000,5000,oscar_wilde,4,gutenberg_texts/773.txt,0.20150522068234372,0.12370746759706613,-0.07779775308527759,7,False,joseph_conrad
flash,all_authors,f3,1000,1,0,1000,oscar_wilde,5,gutenberg_texts/174.txt,0.3056516716486366,0.1388216525158565,-0.16683001913278012,10,False,joseph_conrad
flash,all_authors,f3,1000,2,1000,2000,oscar_wilde,5,gutenberg_texts/174.txt,0.3044329562911275,0.1309303411366607,-0.1735026151544668,10,False,joseph_conrad
flash,all_authors,f3,1000,3,2000,3000,oscar_wilde,5,gutenberg_texts/174.txt,0.35124011352329715,0.0639742069952582,-0.28726590652803896,10,False,joseph_conrad
flash,all_authors,f3,1000,4,3000,4000,oscar_wilde,5,gutenberg_texts/174.txt,0.25089269140765386,0.10734408085982355,-0.1435486105478303,9,False,joseph_conrad
flash,all_authors,f3,1000,5,4000,5000,oscar_wilde,5,gutenberg_texts/174.txt,0.2247758808805331,0.14311150780401827,-0.08166437307651483,8,False,joseph_conrad
flash,all_authors,f3,1000,1,0,1000,oscar_wilde,6,gutenberg_texts/773.txt,0.40344485830625926,0.12060401267210438,-0.2828408456341549,10,False,mary_shelley
flash,all_authors,f3,1000,2,1000,2000,oscar_wilde,6,gutenberg_texts/773.txt,0.1998902105952221,0.1019909944035818,-0.09789921619164031,5,False,joseph_conrad
flash,all_authors,f3,1000,3,2000,3000,oscar_wilde,6,gutenberg_texts/773.txt,0.2941780491099535,0.15731190325123226,-0.13686614585872123,6,False,joseph_conrad
flash,all_authors,f3,1000,4,3000,4000,oscar_wilde,6,gutenberg_texts/773.txt,0.4973874334228077,0.16081084193961429,-0.3365765914831934,10,False,mary_shelley
flash,all_authors,f3,1000,5,4000,5000,oscar_wilde,6,gutenberg_texts/773.txt,0.23908848580641853,0.15735425075372433,-0.0817342350526942,7,False,herbert_george_wells
flash,all_authors,f3,1000,1,0,1000,oscar_wilde,7,gutenberg_texts/174.txt,0.45034456725813543,0.19259668782795009,-0.25774787943018534,10,False,charles_dickens
flash,all_authors,f3,1000,2,1000,2000,oscar_wilde,7,gutenberg_texts/174.txt,0.32466832092451686,0.11210476946950738,-0.2125635514550095,10,False,herbert_george_wells
flash,all_authors,f3,1000,3,2000,3000,oscar_wilde,7,gutenberg_texts/174.txt,0.35435779668365636,0.10540068255599132,-0.24895711412766502,10,False,agnes_may_fleming
flash,all_authors,f3,1000,4,3000,4000,oscar_wilde,7,gutenberg_texts/174.txt,0.06440523287836507,0.18055333979677216,0.11614810691840709,1,True,oscar_wilde
flash,all_authors,f3,1000,5,4000,5000,oscar_wilde,7,gutenberg_texts/174.txt,0.08639149830493956,0.16164587991506738,0.07525438161012782,1,True,oscar_wilde
flash,all_authors,f3,1000,1,0,1000,oscar_wilde,8,gutenberg_texts/773.txt,0.2375439881204119,0.16073856984855314,-0.07680541827185874,7,False,joseph_conrad
flash,all_authors,f3,1000,2,1000,2000,oscar_wilde,8,gutenberg_texts/773.txt,0.20209531939691588,0.16170180459525246,-0.04039351480166342,7,False,joseph_conrad
flash,all_authors,f3,1000,3,2000,3000,oscar_wilde,8,gutenberg_texts/773.txt,0.18988181955449432,0.15419325015122995,-0.03568856940326437,7,False,herbert_george_wells
flash,all_authors,f3,1000,4,3000,4000,oscar_wilde,8,gutenberg_texts/773.txt,0.17897329093678696,0.1314396011860498,-0.04753368975073716,6,False,joseph_conrad
flash,all_authors,f3,1000,5,4000,5000,oscar_wilde,8,gutenberg_texts/773.txt,0.20380753093348472,0.14011071548997292,-0.0636968154435118,9,False,agnes_may_fleming
flash,all_authors,f3,1000,1,0,1000,oscar_wilde,9,gutenberg_texts/174.txt,0.38019913021990354,0.12382638750847542,-0.2563727427114281,10,False,charles_dickens
flash,all_authors,f3,1000,2,1000,2000,oscar_wilde,9,gutenberg_texts/174.txt,0.2980442681024501,0.1475131205657517,-0.1505311475366984,10,False,charles_dickens
flash,all_authors,f3,1000,3,2000,3000,oscar_wilde,9,gutenberg_texts/174.txt,0.12016797054916215,0.16298794702120137,0.04281997647203922,1,True,oscar_wilde
flash,all_authors,f3,1000,4,3000,4000,oscar_wilde,9,gutenberg_texts/174.txt,0.20229859816164472,0.176159022717162,-0.026139575444482727,2,False,mary_shelley
flash,all_authors,f3,1000,5,4000,5000,oscar_wilde,9,gutenberg_texts/174.txt,0.27448906432944203,0.15484749559350125,-0.11964156873594078,9,False,joseph_conrad
flash,all_authors,f3,1000,1,0,1000,oscar_wilde,10,gutenberg_texts/773.txt,0.5304461136381602,0.2272910487485239,-0.3031550648896363,9,False,mary_shelley
flash,all_authors,f3,1000,2,1000,2000,oscar_wilde,10,gutenberg_texts/773.txt,0.17490738544967258,0.11974212621102663,-0.055165259238645944,4,False,herbert_george_wells
flash,all_authors,f3,1000,3,2000,3000,oscar_wilde,10,gutenberg_texts/773.txt,0.5532119413844776,0.1990714023981155,-0.3541405389863621,10,False,mary_shelley
flash,all_authors,f3,1000,4,3000,4000,oscar_wilde,10,gutenberg_texts/773.txt,0.5380560252320549,0.22351775941382676,-0.3145382658182281,10,False,mary_shelley
flash,all_authors,f3,1000,5,4000,5000,oscar_wilde,10,gutenberg_texts/773.txt,0.6032912332980868,0.1757198183683628,-0.42757141492972395,10,False,mary_shelley
flash,all_authors,f3,1000,1,0,1000,oscar_wilde,11,gutenberg_texts/174.txt,0.29586051687112047,0.1431581333631541,-0.15270238350796636,10,False,joseph_conrad
flash,all_authors,f3,1000,2,1000,2000,oscar_wilde,11,gutenberg_texts/174.txt,0.3631630724240831,0.13738233221911186,-0.22578074020497121,10,False,agnes_may_fleming
flash,all_authors,f3,1000,3,2000,3000,oscar_wilde,11,gutenberg_texts/174.txt,0.30359120008890783,0.15947872212933306,-0.14411247795957477,10,False,agnes_may_fleming
flash,all_authors,f3,1000,4,3000,4000,oscar_wilde,11,gutenberg_texts/174.txt,0.468985603190919,0.1252636948943564,-0.3437219082965626,10,False,herbert_george_wells
flash,all_authors,f3,1000,5,4000,5000,oscar_wilde,11,gutenberg_texts/174.txt,0.08858798471302609,0.2001459864214657,0.1115580017084396,1,True,oscar_wilde
flash,all_authors,f3,1000,1,0,1000,oscar_wilde,12,gutenberg_texts/773.txt,0.16472319424784992,0.11134109370351263,-0.0533821005443373,5,False,herbert_george_wells
flash,all_authors,f3,1000,2,1000,2000,oscar_wilde,12,gutenberg_texts/773.txt,0.13047283101264984,0.08620347227193749,-0.04426935874071235,3,False,herbert_george_wells
flash,all_authors,f3,1000,3,2000,3000,oscar_wilde,12,gutenberg_texts/773.txt,0.48540147204236883,0.2204275935414284,-0.26497387850094045,9,False,mary_shelley
flash,all_authors,f3,1000,4,3000,4000,oscar_wilde,12,gutenberg_texts/773.txt,0.25088077287302424,0.16072606543437898,-0.09015470743864526,9,False,mary_shelley
flash,all_authors,f3,1000,5,4000,5000,oscar_wilde,12,gutenberg_texts/773.txt,0.14168716056639946,0.0910762905669112,-0.05061086999948826,5,False,herbert_george_wells
flash,all_authors,f3,1000,1,0,1000,oscar_wilde,13,gutenberg_texts/174.txt,0.12660477157472044,0.15843000967026574,0.0318252380955453,1,True,oscar_wilde
flash,all_authors,f3,1000,2,1000,2000,oscar_wilde,13,gutenberg_texts/174.txt,0.11124570402915561,0.19003281223259683,0.07878710820344122,1,True,oscar_wilde
flash,all_authors,f3,1000,3,2000,3000,oscar_wilde,13,gutenberg_texts/174.txt,0.07373782085614039,0.22676615358807886,0.15302833273193847,1,True,oscar_wilde
flash,all_authors,f3,1000,4,3000,4000,oscar_wilde,13,gutenberg_texts/174.txt,0.08477339310300848,0.2528994359477216,0.1681260428447131,1,True,oscar_wilde
flash,all_authors,f3,1000,5,4000,5000,oscar_wilde,13,gutenberg_texts/174.txt,0.1463696246945403,0.19571518629188578,0.04934556159734549,1,True,oscar_wilde
flash,all_authors,f3,1000,1,0,1000,oscar_wilde,14,gutenberg_texts/773.txt,0.26441019903608065,0.09542469510756456,-0.16898550392851608,10,False,charles_dickens
flash,all_authors,f3,1000,2,1000,2000,oscar_wilde,14,gutenberg_texts/773.txt,0.3526687791507555,0.23215119932046563,-0.12051757983028988,7,False,joseph_conrad
flash,all_authors,f3,1000,3,2000,3000,oscar_wilde,14,gutenberg_texts/773.txt,0.34224956906129567,0.18943887451226318,-0.15281069454903248,6,False,joseph_conrad
flash,all_authors,f3,1000,4,3000,4000,oscar_wilde,14,gutenberg_texts/773.txt,0.23099960215747115,0.1364736773352162,-0.09452592482225494,5,False,joseph_conrad
flash,all_authors,f3,1000,5,4000,5000,oscar_wilde,14,gutenberg_texts/773.txt,0.12128832827796322,0.06438216204370091,-0.05690616623426231,5,False,joseph_conrad
flash,all_authors,f3,1000,1,0,1000,oscar_wilde,15,gutenberg_texts/174.txt,0.31084891906185114,0.13789056575774747,-0.17295835330410367,10,False,joseph_conrad
flash,all_authors,f3,1000,2,1000,2000,oscar_wilde,15,gutenberg_texts/174.txt,0.39999391724386674,0.06697538984942314,-0.3330185273944436,10,False,jane_austen
flash,all_authors,f3,1000,3,2000,3000,oscar_wilde,15,gutenberg_texts/174.txt,0.5674057026531321,0.06083443746289194,-0.5065712651902401,10,False,herbert_george_wells
flash,all_authors,f3,1000,4,3000,4000,oscar_wilde,15,gutenberg_texts/174.txt,0.3955980846637112,0.12257614685058368,-0.27302193781312756,10,False,herbert_george_wells
flash,all_authors,f3,1000,5,4000,5000,oscar_wilde,15,gutenberg_texts/174.txt,0.6423740240059633,0.12451284560852227,-0.5178611783974411,10,False,jane_austen
flash,all_authors,f3,1000,1,0,1000,oscar_wilde,16,gutenberg_texts/773.txt,0.5385914123087314,0.1834635295505121,-0.3551278827582193,10,False,mary_shelley
flash,all_authors,f3,1000,2,1000,2000,oscar_wilde,16,gutenberg_texts/773.txt,0.48923906835364567,0.17006354978783056,-0.3191755185658151,10,False,mary_shelley
flash,all_authors,f3,1000,3,2000,3000,oscar_wilde,16,gutenberg_texts/773.txt,0.6348220648587805,0.201734089290265,-0.4330879755685154,10,False,mary_shelley
flash,all_authors,f3,1000,4,3000,4000,oscar_wilde,16,gutenberg_texts/773.txt,0.4387452517691028,0.1826226687312538,-0.25612258303784896,9,False,mary_shelley
flash,all_authors,f3,1000,5,4000,5000,oscar_wilde,16,gutenberg_texts/773.txt,0.38277361978588526,0.2301380919167396,-0.15263552786914567,9,False,mary_shelley
flash,all_authors,f3,1000,1,0,1000,oscar_wilde,17,gutenberg_texts/174.txt,0.46949779879456,0.12808268814393073,-0.34141511065062924,10,False,charles_dickens
flash,all_authors,f3,1000,2,1000,2000,oscar_wilde,17,gutenberg_texts/174.txt,0.44836025357825926,0.09578833854693716,-0.3525719150313221,10,False,charles_dickens
flash,all_authors,f3,1000,3,2000,3000,oscar_wilde,17,gutenberg_texts/174.txt,0.2750090363765796,0.13081383010535053,-0.14419520627122906,10,False,charles_dickens
flash,all_authors,f3,1000,4,3000,4000,oscar_wilde,17,gutenberg_texts/174.txt,0.49349775392392764,0.10735130480878011,-0.3861464491151475,10,False,charles_dickens
flash,all_authors,f3,1000,5,4000,5000,oscar_wilde,17,gutenberg_texts/174.txt,0.41248097733757594,0.09753846466014669,-0.31494251267742923,10,False,herbert_george_wells
flash,all_authors,f3,1000,1,0,1000,oscar_wilde,18,gutenberg_texts/773.txt,0.2376773730015148,0.16430684487471847,-0.07337052812679634,8,False,joseph_conrad
flash,all_authors,f3,1000,2,1000,2000,oscar_wilde,18,gutenberg_texts/773.txt,0.362394041393216,0.15138731076640086,-0.21100673062681516,8,False,mary_shelley
flash,all_authors,f3,1000,3,2000,3000,oscar_wilde,18,gutenberg_texts/773.txt,0.2655588745932145,0.17970160978075697,-0.0858572648124575,9,False,joseph_conrad
flash,all_authors,f3,1000,4,3000,4000,oscar_wilde,18,gutenberg_texts/773.txt,0.21783918278036293,0.11660357054496605,-0.10123561223539689,8,False,joseph_conrad
flash,all_authors,f3,1000,5,4000,5000,oscar_wilde,18,gutenberg_texts/773.txt,0.37361793406442706,0.16696352910800943,-0.20665440495641763,9,False,mary_shelley
flash,all_authors,f3,1000,1,0,1000,oscar_wilde,19,gutenberg_texts/174.txt,0.44802449809065636,0.11244272003820993,-0.33558177805244643,10,False,charles_dickens
flash,all_authors,f3,1000,2,1000,2000,oscar_wilde,19,gutenberg_texts/174.txt,0.5110237179437825,0.1068008385039147,-0.40422287943986784,10,False,charles_dickens
flash,all_authors,f3,1000,3,2000,3000,oscar_wilde,19,gutenberg_texts/174.txt,0.26973042271275427,0.16768017550057435,-0.10205024721217992,10,False,agnes_may_fleming
flash,all_authors,f3,1000,4,3000,4000,oscar_wilde,19,gutenberg_texts/174.txt,0.31785055974034276,0.12495683965112352,-0.19289372008921923,10,False,agnes_may_fleming
flash,all_authors,f3,1000,5,4000,5000,oscar_wilde,19,gutenberg_texts/174.txt,0.4692299217950438,0.08014885901536596,-0.38908106277967786,10,False,charles_dickens
flash,all_authors,f3,1000,1,0,1000,oscar_wilde,20,gutenberg_texts/773.txt,0.24370730323002537,0.15076729508876718,-0.09294000814125819,8,False,joseph_conrad
flash,all_authors,f3,1000,2,1000,2000,oscar_wilde,20,gutenberg_texts/773.txt,0.07219333978581086,0.057784799640506555,-0.0144085401453043,3,False,herbert_george_wells
flash,all_authors,f3,1000,3,2000,3000,oscar_wilde,20,gutenberg_texts/773.txt,0.15219218691467454,0.09835847446464585,-0.05383371245002869,3,False,joseph_conrad
flash,all_authors,f3,1000,4,3000,4000,oscar_wilde,20,gutenberg_texts/773.txt,0.15353042903051037,0.09699407052121198,-0.05653635850929839,3,False,herbert_george_wells
flash,all_authors,f3,1000,5,4000,5000,oscar_wilde,20,gutenberg_texts/773.txt,0.31340561426168806,0.16701523511781086,-0.1463903791438772,10,False,charles_dickens
flash,all_authors,f3,1000,1,0,1000,joseph_conrad,1,gutenberg_texts/219.txt,0.37194365399074447,0.16889088089999954,-0.20305277309074493,6,False,mary_shelley
flash,all_authors,f3,1000,2,1000,2000,joseph_conrad,1,gutenberg_texts/219.txt,0.38803100496830256,0.1851745953708516,-0.20285640959745097,5,False,mary_shelley
flash,all_authors,f3,1000,3,2000,3000,joseph_conrad,1,gutenberg_texts/219.txt,0.32373273578536615,0.1257077824736639,-0.19802495331170225,7,False,mary_shelley
flash,all_authors,f3,1000,4,3000,4000,joseph_conrad,1,gutenberg_texts/219.txt,0.41543617968972435,0.25363046464687405,-0.1618057150428503,8,False,mary_shelley
flash,all_authors,f3,1000,5,4000,5000,joseph_conrad,1,gutenberg_texts/219.txt,0.33751223374333983,0.22307273828346486,-0.11443949545987497,9,False,charles_dickens
flash,all_authors,f3,1000,1,0,1000,joseph_conrad,2,gutenberg_texts/5658.txt,0.35681027774676477,0.08107723858114246,-0.2757330391656223,10,False,charles_dickens
flash,all_authors,f3,1000,2,1000,2000,joseph_conrad,2,gutenberg_texts/5658.txt,0.43222867640394724,0.07289998574763079,-0.35932869065631645,10,False,charles_dickens
flash,all_authors,f3,1000,3,2000,3000,joseph_conrad,2,gutenberg_texts/5658.txt,0.24724927355242282,0.1126248111132009,-0.13462446243922194,10,False,oscar_wilde
flash,all_authors,f3,1000,4,3000,4000,joseph_conrad,2,gutenberg_texts/5658.txt,0.12346171775673662,0.15838274184146983,0.034921024084733215,1,True,joseph_conrad
flash,all_authors,f3,1000,5,4000,5000,joseph_conrad,2,gutenberg_texts/5658.txt,0.3732526426113868,0.18323776628347904,-0.19001487632790776,10,False,charles_dickens
flash,all_authors,f3,1000,1,0,1000,joseph_conrad,3,gutenberg_texts/219.txt,0.2844851353453211,0.17972753767976568,-0.10475759766555542,5,False,mary_shelley
flash,all_authors,f3,1000,2,1000,2000,joseph_conrad,3,gutenberg_texts/219.txt,0.21082969580637356,0.14640093022212725,-0.06442876558424632,3,False,mary_shelley
flash,all_authors,f3,1000,3,2000,3000,joseph_conrad,3,gutenberg_texts/219.txt,0.10719640247292067,0.04729516495072065,-0.05990123752220002,3,False,oscar_wilde
flash,all_authors,f3,1000,4,3000,4000,joseph_conrad,3,gutenberg_texts/219.txt,0.09841933144227219,0.039006984203282864,-0.059412347238989326,3,False,oscar_wilde
flash,all_authors,f3,1000,5,4000,5000,joseph_conrad,3,gutenberg_texts/219.txt,0.39788658252738845,0.19098572173545977,-0.20690086079192868,7,False,mary_shelley
flash,all_authors,f3,1000,1,0,1000,joseph_conrad,4,gutenberg_texts/5658.txt,0.2735240022744374,0.12329401706159444,-0.15022998521284298,10,False,oscar_wilde
flash,all_authors,f3,1000,2,1000,2000,joseph_conrad,4,gutenberg_texts/5658.txt,0.15118861419978477,0.1660767020889445,0.01488808788915974,1,True,joseph_conrad
flash,all_authors,f3,1000,3,2000,3000,joseph_conrad,4,gutenberg_texts/5658.txt,0.1965307448969047,0.2142771135635338,0.017746368666629098,1,True,joseph_conrad
flash,all_authors,f3,1000,4,3000,4000,joseph_conrad,4,gutenberg_texts/5658.txt,0.31088566738132684,0.25886720600573826,-0.052018461375588576,6,False,charles_dickens
flash,all_authors,f3,1000,5,4000,5000,joseph_conrad,4,gutenberg_texts/5658.txt,0.35374723301295213,0.2949819619288753,-0.05876527108407681,6,False,mary_shelley
flash,all_authors,f3,1000,1,0,1000,joseph_conrad,5,gutenberg_texts/219.txt,0.26420400565758373,0.17835909854379,-0.08584490711379372,5,False,mary_shelley
flash,all_authors,f3,1000,2,1000,2000,joseph_conrad,5,gutenberg_texts/219.txt,0.16760739107198247,0.12496425258718459,-0.04264313848479788,3,False,oscar_wilde
flash,all_authors,f3,1000,3,2000,3000,joseph_conrad,5,gutenberg_texts/219.txt,0.3807896832343255,0.1924750716770478,-0.1883146115572777,5,False,mary_shelley
flash,all_authors,f3,1000,4,3000,4000,joseph_conrad,5,gutenberg_texts/219.txt,0.3814187555185111,0.24250723773861566,-0.13891151777989547,9,False,mary_shelley
flash,all_authors,f3,1000,5,4000,5000,joseph_conrad,5,gutenberg_texts/219.txt,0.4014651786552706,0.25355867584071906,-0.14790650281455153,9,False,mary_shelley
flash,all_authors,f3,1000,1,0,1000,joseph_conrad,6,gutenberg_texts/5658.txt,0.2691614334467935,0.11179516278250871,-0.15736627066428477,10,False,charles_dickens
flash,all_authors,f3,1000,2,1000,2000,joseph_conrad,6,gutenberg_texts/5658.txt,0.21123041142758756,0.10947789832195848,-0.10175251310562908,9,False,charles_dickens
flash,all_authors,f3,1000,3,2000,3000,joseph_conrad,6,gutenberg_texts/5658.txt,0.15682837084928522,0.1423394901529779,-0.014488880696307327,2,False,oscar_wilde
flash,all_authors,f3,1000,4,3000,4000,joseph_conrad,6,gutenberg_texts/5658.txt,0.22693315501512565,0.10217621762456836,-0.1247569373905573,8,False,oscar_wilde
flash,all_authors,f3,1000,5,4000,5000,joseph_conrad,6,gutenberg_texts/5658.txt,0.18740446887438134,0.1313315953513853,-0.05607287352299603,6,False,oscar_wilde
flash,all_authors,f3,1000,1,0,1000,joseph_conrad,7,gutenberg_texts/219.txt,0.27259455643232194,0.27164995926875934,-0.0009445971635625994,2,False,oscar_wilde
flash,all_authors,f3,1000,2,1000,2000,joseph_conrad,7,gutenberg_texts/219.txt,0.3393716056961873,0.1568536040574532,-0.1825180016387341,3,False,mary_shelley
flash,all_authors,f3,1000,3,2000,3000,joseph_conrad,7,gutenberg_texts/219.txt,0.11327509388959948,0.07762772591533083,-0.03564736797426865,3,False,oscar_wilde
flash,all_authors,f3,1000,4,3000,4000,joseph_conrad,7,gutenberg_texts/219.txt,0.1608766846313212,0.11820554794487206,-0.042671136686449146,3,False,oscar_wilde
flash,all_authors,f3,1000,5,4000,5000,joseph_conrad,7,gutenberg_texts/219.txt,0.25285794134404704,0.17793617044358342,-0.07492177090046362,8,False,jane_austen
flash,all_authors,f3,1000,1,0,1000,joseph_conrad,8,gutenberg_texts/5658.txt,0.23046274396712788,0.1161466111355473,-0.11431613283158057,9,False,oscar_wilde
flash,all_authors,f3,1000,2,1000,2000,joseph_conrad,8,gutenberg_texts/5658.txt,0.21121161939011734,0.17492979496243727,-0.036281824427680076,2,False,mary_shelley
flash,all_authors,f3,1000,3,2000,3000,joseph_conrad,8,gutenberg_texts/5658.txt,0.18373421394782805,0.19215767062604586,0.008423456678217811,1,True,joseph_conrad
flash,all_authors,f3,1000,4,3000,4000,joseph_conrad,8,gutenberg_texts/5658.txt,0.16683310886797373,0.2068771387085705,0.04004402984059677,1,True,joseph_conrad
flash,all_authors,f3,1000,5,4000,5000,joseph_conrad,8,gutenberg_texts/5658.txt,0.191779883694162,0.25197521848371024,0.06019533478954825,1,True,joseph_conrad
flash,all_authors,f3,1000,1,0,1000,joseph_conrad,9,gutenberg_texts/219.txt,0.2516003311421797,0.1759767795908155,-0.07562355155136422,3,False,mary_shelley
flash,all_authors,f3,1000,2,1000,2000,joseph_conrad,9,gutenberg_texts/219.txt,0.3088344724607133,0.23992172891104746,-0.06891274354966587,3,False,mary_shelley
flash,all_authors,f3,1000,3,2000,3000,joseph_conrad,9,gutenberg_texts/219.txt,0.34861318890263066,0.19103697100864175,-0.1575762178939889,7,False,mary_shelley
flash,all_authors,f3,1000,4,3000,4000,joseph_conrad,9,gutenberg_texts/219.txt,0.3602082798593821,0.2095014190892626,-0.1507068607701195,10,False,charles_dickens
flash,all_authors,f3,1000,5,4000,5000,joseph_conrad,9,gutenberg_texts/219.txt,0.3744966794877081,0.21842410238996607,-0.15607257709774203,8,False,mary_shelley
flash,all_authors,f3,1000,1,0,1000,joseph_conrad,10,gutenberg_texts/5658.txt,0.2962120979287239,0.15073151551817404,-0.14548058241054984,10,False,jane_austen
flash,all_authors,f3,1000,2,1000,2000,joseph_conrad,10,gutenberg_texts/5658.txt,0.22877324447529723,0.2278608433618452,-0.0009124011134520327,2,False,mary_shelley
flash,all_authors,f3,1000,3,2000,3000,joseph_conrad,10,gutenberg_texts/5658.txt,0.2189600667605807,0.22674825824977632,0.007788191489195628,1,True,joseph_conrad
flash,all_authors,f3,1000,4,3000,4000,joseph_conrad,10,gutenberg_texts/5658.txt,0.23207266271423121,0.28200071273075333,0.04992805001652212,1,True,joseph_conrad
flash,all_authors,f3,1000,5,4000,5000,joseph_conrad,10,gutenberg_texts/5658.txt,0.1578689475946927,0.20322907215072744,0.04536012455603475,1,True,joseph_conrad
flash,all_authors,f3,1000,1,0,1000,joseph_conrad,11,gutenberg_texts/219.txt,0.4236967600863905,0.18234215905634815,-0.24135460103004236,5,False,mary_shelley
flash,all_authors,f3,1000,2,1000,2000,joseph_conrad,11,gutenberg_texts/219.txt,0.414754704886636,0.23289912258812612,-0.1818555822985099,4,False,mary_shelley
flash,all_authors,f3,1000,3,2000,3000,joseph_conrad,11,gutenberg_texts/219.txt,0.35875626925621773,0.2089300656619564,-0.14982620359426133,5,False,mary_shelley
flash,all_authors,f3,1000,4,3000,4000,joseph_conrad,11,gutenberg_texts/219.txt,0.36474060425319843,0.21457256003086098,-0.15016804422233745,7,False,mary_shelley
flash,all_authors,f3,1000,5,4000,5000,joseph_conrad,11,gutenberg_texts/219.txt,0.4665962456488693,0.23409530849498986,-0.23250093715387946,6,False,mary_shelley
flash,all_authors,f3,1000,1,0,1000,joseph_conrad,12,gutenberg_texts/5658.txt,0.21072905108990136,0.20029257112658197,-0.010436479963319395,4,False,oscar_wilde
flash,all_authors,f3,1000,2,1000,2000,joseph_conrad,12,gutenberg_texts/5658.txt,0.19542557818676443,0.21109607958882412,0.015670501402059694,1,True,joseph_conrad
flash,all_authors,f3,1000,3,2000,3000,joseph_conrad,12,gutenberg_texts/5658.txt,0.22488470211634992,0.24819387350974315,0.023309171393393224,1,True,joseph_conrad
flash,all_authors,f3,1000,4,3000,4000,joseph_conrad,12,gutenberg_texts/5658.txt,0.260141228109152,0.23347909818944027,-0.026662129919711758,2,False,mary_shelley
flash,all_authors,f3,1000,5,4000,5000,joseph_conrad,12,gutenberg_texts/5658.txt,0.23818541276019886,0.2698578292651364,0.031672416504937545,1,True,joseph_conrad
flash,all_authors,f3,1000,1,0,1000,joseph_conrad,13,gutenberg_texts/219.txt,0.17698054757951234,0.13785867306929314,-0.0391218745102192,3,False,oscar_wilde
flash,all_authors,f3,1000,2,1000,2000,joseph_conrad,13,gutenberg_texts/219.txt,0.06453214983838881,0.04828356859008639,-0.016248581248302425,2,False,oscar_wilde
flash,all_authors,f3,1000,3,2000,3000,joseph_conrad,13,gutenberg_texts/219.txt,0.15117699755494463,0.09662935194050676,-0.05454764561443787,3,False,oscar_wilde
flash,all_authors,f3,1000,4,3000,4000,joseph_conrad,13,gutenberg_texts/219.txt,0.20258603207615647,0.1443629817218122,-0.058223050354344275,9,False,oscar_wilde
flash,all_authors,f3,1000,5,4000,5000,joseph_conrad,13,gutenberg_texts/219.txt,0.23449636844464286,0.15182644813332918,-0.08266992031131368,3,False,mary_shelley
flash,all_authors,f3,1000,1,0,1000,joseph_conrad,14,gutenberg_texts/5658.txt,0.2687652898044168,0.14001148630951918,-0.1287538034948976,9,False,oscar_wilde
flash,all_authors,f3,1000,2,1000,2000,joseph_conrad,14,gutenberg_texts/5658.txt,0.24243731867638987,0.11702641895861357,-0.1254108997177763,10,False,charles_dickens
flash,all_authors,f3,1000,3,2000,3000,joseph_conrad,14,gutenberg_texts/5658.txt,0.24462823502512668,0.14039746784849308,-0.1042307671766336,7,False,oscar_wilde
flash,all_authors,f3,1000,4,3000,4000,joseph_conrad,14,gutenberg_texts/5658.txt,0.18181383869241852,0.17856368284746035,-0.0032501558449581636,2,False,mary_shelley
flash,all_authors,f3,1000,5,4000,5000,joseph_conrad,14,gutenberg_texts/5658.txt,0.18274147903134197,0.21099918129216086,0.02825770226081889,1,True,joseph_conrad
flash,all_authors,f3,1000,1,0,1000,joseph_conrad,15,gutenberg_texts/219.txt,0.22362063262797865,0.020339509633434148,-0.2032811229945445,6,False,mary_shelley
flash,all_authors,f3,1000,2,1000,2000,joseph_conrad,15,gutenberg_texts/219.txt,0.1440396449748412,0.12224188265446309,-0.02179776232037811,4,False,oscar_wilde
flash,all_authors,f3,1000,3,2000,3000,joseph_conrad,15,gutenberg_texts/219.txt,0.3553554142836569,0.17185221226455055,-0.18350320201910636,4,False,mary_shelley
flash,all_authors,f3,1000,4,3000,4000,joseph_conrad,15,gutenberg_texts/219.txt,0.5016987130517946,0.2024239044459653,-0.2992748086058293,6,False,mary_shelley
flash,all_authors,f3,1000,5,4000,5000,joseph_conrad,15,gutenberg_texts/219.txt,0.43626123118566207,0.20753656482742402,-0.22872466635823804,5,False,mary_shelley
flash,all_authors,f3,1000,1,0,1000,joseph_conrad,16,gutenberg_texts/5658.txt,0.15391825696743827,0.17180733937928772,0.017889082411849444,1,True,joseph_conrad
flash,all_authors,f3,1000,2,1000,2000,joseph_conrad,16,gutenberg_texts/5658.txt,0.2373129779534443,0.2725128933120553,0.035199915358611,1,True,joseph_conrad
flash,all_authors,f3,1000,3,2000,3000,joseph_conrad,16,gutenberg_texts/5658.txt,0.23639772775436022,0.25236441249712976,0.01596668474276955,1,True,joseph_conrad
flash,all_authors,f3,1000,4,3000,4000,joseph_conrad,16,gutenberg_texts/5658.txt,0.21789300675333428,0.26574507520006285,0.04785206844672857,1,True,joseph_conrad
flash,all_authors,f3,1000,5,4000,5000,joseph_conrad,16,gutenberg_texts/5658.txt,0.2214520282341147,0.19691837132855802,-0.024533656905556672,2,False,mary_shelley
flash,all_authors,f3,1000,1,0,1000,joseph_conrad,17,gutenberg_texts/219.txt,0.27927056516261656,0.15736228162448512,-0.12190828353813143,5,False,mary_shelley
flash,all_authors,f3,1000,2,1000,2000,joseph_conrad,17,gutenberg_texts/219.txt,0.32509872883433544,0.15781373021436373,-0.1672849986199717,4,False,mary_shelley
flash,all_authors,f3,1000,3,2000,3000,joseph_conrad,17,gutenberg_texts/219.txt,0.3698871300318962,0.1631851554673072,-0.20670197456458902,5,False,mary_shelley
flash,all_authors,f3,1000,4,3000,4000,joseph_conrad,17,gutenberg_texts/219.txt,0.4423327721755986,0.19818577179696495,-0.24414700037863363,7,False,mary_shelley
flash,all_authors,f3,1000,5,4000,5000,joseph_conrad,17,gutenberg_texts/219.txt,0.44735548807885983,0.21488484669615898,-0.23247064138270085,7,False,mary_shelley
flash,all_authors,f3,1000,1,0,1000,joseph_conrad,18,gutenberg_texts/5658.txt,0.12439505604068954,0.15002434801194842,0.025629291971258877,1,True,joseph_conrad
flash,all_authors,f3,1000,2,1000,2000,joseph_conrad,18,gutenberg_texts/5658.txt,0.22587707752388425,0.20667499417395008,-0.019202083349934174,2,False,mary_shelley
flash,all_authors,f3,1000,3,2000,3000,joseph_conrad,18,gutenberg_texts/5658.txt,0.2094275270518319,0.14855072988068488,-0.060876797171147023,3,False,mary_shelley
flash,all_authors,f3,1000,4,3000,4000,joseph_conrad,18,gutenberg_texts/5658.txt,0.24310623288041058,0.2350166760328689,-0.008089556847541673,2,False,mary_shelley
flash,all_authors,f3,1000,5,4000,5000,joseph_conrad,18,gutenberg_texts/5658.txt,0.19147689804926793,0.21107784804776278,0.01960094999849485,1,True,joseph_conrad
flash,all_authors,f3,1000,1,0,1000,joseph_conrad,19,gutenberg_texts/219.txt,0.4768363868567385,0.1958325670636859,-0.2810038197930526,7,False,mary_shelley
flash,all_authors,f3,1000,2,1000,2000,joseph_conrad,19,gutenberg_texts/219.txt,0.28967297632836364,0.16220909127762634,-0.1274638850507373,5,False,mary_shelley
flash,all_authors,f3,1000,3,2000,3000,joseph_conrad,19,gutenberg_texts/219.txt,0.14720556154847605,0.10031674246524129,-0.046888819083234765,5,False,herbert_george_wells
flash,all_authors,f3,1000,4,3000,4000,joseph_conrad,19,gutenberg_texts/219.txt,0.26127805511877655,0.19453966097376144,-0.06673839414501512,3,False,mary_shelley
flash,all_authors,f3,1000,5,4000,5000,joseph_conrad,19,gutenberg_texts/219.txt,0.20437289346175258,0.16189518659978222,-0.04247770686197036,3,False,oscar_wilde
flash,all_authors,f3,1000,1,0,1000,joseph_conrad,20,gutenberg_texts/5658.txt,0.2997822910834317,0.12447315327783239,-0.1753091378055993,10,False,charles_dickens
flash,all_authors,f3,1000,2,1000,2000,joseph_conrad,20,gutenberg_texts/5658.txt,0.1039112386890383,0.22506545071230605,0.12115421202326775,1,True,joseph_conrad
flash,all_authors,f3,1000,3,2000,3000,joseph_conrad,20,gutenberg_texts/5658.txt,0.12522682889857709,0.20103174718453906,0.07580491828596198,1,True,joseph_conrad
flash,all_authors,f3,1000,4,3000,4000,joseph_conrad,20,gutenberg_texts/5658.txt,0.1048081621825869,0.19565900977290812,0.09085084759032122,1,True,joseph_conrad
flash,all_authors,f3,1000,5,4000,5000,joseph_conrad,20,gutenberg_texts/5658.txt,0.12482482827573525,0.21701588641626,0.09219105814052474,1,True,joseph_conrad
pro,all_authors,f1,1000,1,0,1000,jane_austen,1,full_books/jane_austen_full.txt,0.0632290130601697,0.012385024269039337,-0.05084398879113036,9,False,herbert_george_wells
pro,all_authors,f1,1000,2,1000,2000,jane_austen,1,full_books/jane_austen_full.txt,0.17900486510406494,0.04545303093548721,-0.13355183416857774,8,False,oscar_wilde
pro,all_authors,f1,1000,3,2000,3000,jane_austen,1,full_books/jane_austen_full.txt,0.41567510707320154,0.1899356333486594,-0.22573947372454214,7,False,joseph_conrad
pro,all_authors,f1,1000,4,3000,4000,jane_austen,1,full_books/jane_austen_full.txt,0.32914441933080074,0.10715050106272887,-0.22199391826807185,10,False,joseph_conrad
pro,all_authors,f1,1000,5,4000,5000,jane_austen,1,full_books/jane_austen_full.txt,0.19400573515728117,0.036070593581418585,-0.15793514157586258,9,False,herbert_george_wells
pro,all_authors,f1,1000,1,0,1000,jane_austen,2,full_books/jane_austen_full.txt,0.10862401978798822,0.01539702937002241,-0.09322699041796581,8,False,herbert_george_wells
pro,all_authors,f1,1000,2,1000,2000,jane_austen,2,full_books/jane_austen_full.txt,0.15080127504100235,0.0398577723052925,-0.11094350273570985,8,False,oscar_wilde
pro,all_authors,f1,1000,3,2000,3000,jane_austen,2,full_books/jane_austen_full.txt,0.13959005634618396,0.028952500001438234,-0.11063755634474573,9,False,herbert_george_wells
pro,all_authors,f1,1000,4,3000,4000,jane_austen,2,full_books/jane_austen_full.txt,0.1695745051191206,0.027435500926518412,-0.14213900419260217,8,False,oscar_wilde
pro,all_authors,f1,1000,5,4000,5000,jane_austen,2,full_books/jane_austen_full.txt,0.12255988700650798,0.02357159367965366,-0.09898829332685433,8,False,joseph_conrad
pro,all_authors,f1,1000,1,0,1000,jane_austen,3,gutenberg_texts/161.txt,0.08223023217203562,0.00264485298860057,-0.07958537918343506,8,False,herbert_george_wells
pro,all_authors,f1,1000,2,1000,2000,jane_austen,3,gutenberg_texts/161.txt,0.13197177162183324,0.019008447567568983,-0.11296332405426426,9,False,herbert_george_wells
pro,all_authors,f1,1000,3,2000,3000,jane_austen,3,gutenberg_texts/161.txt,0.16568456306171972,0.03670737343107205,-0.12897718963064767,8,False,oscar_wilde
pro,all_authors,f1,1000,4,3000,4000,jane_austen,3,gutenberg_texts/161.txt,0.180027696847523,0.042064638679637056,-0.13796305816788595,7,False,oscar_wilde
pro,all_authors,f1,1000,5,4000,5000,jane_austen,3,gutenberg_texts/161.txt,0.20553109861816682,0.06543182456630377,-0.14009927405186307,6,False,oscar_wilde
pro,all_authors,f1,1000,1,0,1000,jane_austen,4,full_books/jane_austen_full.txt,0.06960013000602383,0.007585075328124431,-0.062015054677899396,9,False,herbert_george_wells
pro,all_authors,f1,1000,2,1000,2000,jane_austen,4,full_books/jane_austen_full.txt,0.13996041199187428,0.0158854013913265,-0.12407501060054779,8,False,herbert_george_wells
pro,all_authors,f1,1000,3,2000,3000,jane_austen,4,full_books/jane_austen_full.txt,0.13900070768361664,0.022235589108626174,-0.11676511857499046,8,False,herbert_george_wells
pro,all_authors,f1,1000,4,3000,4000,jane_austen,4,full_books/jane_austen_full.txt,0.16715053546446287,0.02761723179891446,-0.13953330366554842,8,False,oscar_wilde
pro,all_authors,f1,1000,5,4000,5000,jane_austen,4,full_books/jane_austen_full.txt,0.2010845534010482,0.04724110959762786,-0.15384344380342033,8,False,oscar_wilde
pro,all_authors,f1,1000,1,0,1000,jane_austen,5,full_books/jane_austen_full.txt,0.06083097421590017,0.008108861930863865,-0.0527221122850363,8,False,herbert_george_wells
pro,all_authors,f1,1000,2,1000,2000,jane_austen,5,full_books/jane_austen_full.txt,0.16903105736515264,0.018892801161358896,-0.15013825620379376,9,False,herbert_george_wells
pro,all_authors,f1,1000,3,2000,3000,jane_austen,5,full_books/jane_austen_full.txt,0.15316347931980542,0.015843375942519097,-0.13732010337728634,9,False,herbert_george_wells
pro,all_authors,f1,1000,4,3000,4000,jane_austen,5,full_books/jane_austen_full.txt,0.13237718516911984,0.015847387310788358,-0.11652979785833148,9,False,herbert_george_wells
pro,all_authors,f1,1000,5,4000,5000,jane_austen,5,full_books/jane_austen_full.txt,0.13263159669265948,0.017733324627966028,-0.11489827206469344,8,False,herbert_george_wells
pro,all_authors,f1,1000,1,0,1000,jane_austen,6,gutenberg_texts/161.txt,0.05007165951520942,0.004155910351065327,-0.04591574916414409,8,False,herbert_george_wells
pro,all_authors,f1,1000,2,1000,2000,jane_austen,6,gutenberg_texts/161.txt,0.1426473249809644,0.021502474916588674,-0.12114485006437574,8,False,herbert_george_wells
pro,all_authors,f1,1000,3,2000,3000,jane_austen,6,gutenberg_texts/161.txt,0.139641732611351,0.03956961144040555,-0.10007212117094544,7,False,herbert_george_wells
pro,all_authors,f1,1000,4,3000,4000,jane_austen,6,gutenberg_texts/161.txt,0.15831832548505018,0.033199321409770124,-0.12511900407528004,8,False,herbert_george_wells
pro,all_authors,f1,1000,5,4000,5000,jane_austen,6,gutenberg_texts/161.txt,0.1365332292226285,0.021348523755715124,-0.11518470546691338,8,False,herbert_george_wells
pro,all_authors,f1,1000,1,0,1000,jane_austen,7,full_books/jane_austen_full.txt,0.07538298786057547,0.016763241358622366,-0.058619746501953104,9,False,herbert_george_wells
pro,all_authors,f1,1000,2,1000,2000,jane_austen,7,full_books/jane_austen_full.txt,0.15882050417408722,0.02871659460030963,-0.1301039095737776,9,False,herbert_george_wells
pro,all_authors,f1,1000,3,2000,3000,jane_austen,7,full_books/jane_austen_full.txt,0.16901402834512222,0.01844863526537721,-0.150565393079745,9,False,arthur_conan_doyle
pro,all_authors,f1,1000,4,3000,4000,jane_austen,7,full_books/jane_austen_full.txt,0.2049849561952853,0.039013351060789916,-0.16597160513449538,9,False,herbert_george_wells
pro,all_authors,f1,1000,5,4000,5000,jane_austen,7,full_books/jane_austen_full.txt,0.22275751013828302,0.060158325224595625,-0.16259918491368738,9,False,oscar_wilde
pro,all_authors,f1,1000,1,0,1000,jane_austen,8,full_books/jane_austen_full.txt,0.09538758724958397,0.007723816377928321,-0.08766377087165565,8,False,arthur_conan_doyle
pro,all_authors,f1,1000,2,1000,2000,jane_austen,8,full_books/jane_austen_full.txt,0.13925287239435577,0.04027699366664253,-0.09897587872771324,8,False,herbert_george_wells
pro,all_authors,f1,1000,3,2000,3000,jane_austen,8,full_books/jane_austen_full.txt,0.055153917109343156,0.0034422260691682237,-0.05171169104017493,8,False,herbert_george_wells
pro,all_authors,f1,1000,4,3000,4000,jane_austen,8,full_books/jane_austen_full.txt,0.14612875587651483,0.02009718542501913,-0.1260315704514957,9,False,oscar_wilde
pro,all_authors,f1,1000,5,4000,5000,jane_austen,8,full_books/jane_austen_full.txt,0.14882355594034463,0.03587344917861904,-0.1129501067617256,9,False,herbert_george_wells
pro,all_authors,f1,1000,1,0,1000,jane_austen,9,gutenberg_texts/161.txt,0.09750099665846662,0.0030209744601132618,-0.09448002219835336,9,False,herbert_george_wells
pro,all_authors,f1,1000,2,1000,2000,jane_austen,9,gutenberg_texts/161.txt,0.13006804952032594,0.01827846008897804,-0.1117895894313479,9,False,herbert_george_wells
pro,all_authors,f1,1000,3,2000,3000,jane_austen,9,gutenberg_texts/161.txt,0.08345815710319161,0.022025324561646093,-0.06143283254154552,5,False,joseph_conrad
pro,all_authors,f1,1000,4,3000,4000,jane_austen,9,gutenberg_texts/161.txt,0.18150168533612482,0.0519499915863995,-0.1295516937497253,7,False,oscar_wilde
pro,all_authors,f1,1000,5,4000,5000,jane_austen,9,gutenberg_texts/161.txt,0.09957487832394345,0.04477366855320007,-0.054801209770743375,5,False,oscar_wilde
pro,all_authors,f1,1000,1,0,1000,jane_austen,10,full_books/jane_austen_full.txt,0.10909764942691152,0.014462351222644986,-0.09463529820426654,9,False,herbert_george_wells
pro,all_authors,f1,1000,2,1000,2000,jane_austen,10,full_books/jane_austen_full.txt,0.178831452252644,0.02205232515038815,-0.15677912710225583,9,False,herbert_george_wells
pro,all_authors,f1,1000,3,2000,3000,jane_austen,10,full_books/jane_austen_full.txt,0.1982313573468268,0.03227501950670369,-0.1659563378401231,9,False,herbert_george_wells
pro,all_authors,f1,1000,4,3000,4000,jane_austen,10,full_books/jane_austen_full.txt,0.25161351381222646,0.07351902637718338,-0.17809448743504308,9,False,oscar_wilde
pro,all_authors,f1,1000,5,4000,5000,jane_austen,10,full_books/jane_austen_full.txt,0.1306314385641323,0.02925034462925101,-0.1013810939348813,9,False,joseph_conrad
pro,all_authors,f1,1000,1,0,1000,herbert_george_wells,1,full_books/herbert_george_wells_full.txt,0.08782159517986421,0.015586639483209673,-0.07223495569665453,5,False,arthur_conan_doyle
pro,all_authors,f1,1000,2,1000,2000,herbert_george_wells,1,full_books/herbert_george_wells_full.txt,0.0321685466221662,0.049277425236189186,0.017108878614022986,1,True,herbert_george_wells
pro,all_authors,f1,1000,3,2000,3000,herbert_george_wells,1,full_books/herbert_george_wells_full.txt,0.19349644148437908,0.19402639865379634,0.0005299571694172556,1,True,herbert_george_wells
pro,all_authors,f1,1000,4,3000,4000,herbert_george_wells,1,full_books/herbert_george_wells_full.txt,0.1948620012870648,0.18498032112471802,-0.009881680162346779,2,False,joseph_conrad
pro,all_authors,f1,1000,5,4000,5000,herbert_george_wells,1,full_books/herbert_george_wells_full.txt,0.1629528734472731,0.15547554569580585,-0.007477327751467255,2,False,joseph_conrad
pro,all_authors,f1,1000,1,0,1000,herbert_george_wells,2,gutenberg_texts/35.txt,0.33976225269737237,0.16696110867896408,-0.1728011440184083,9,False,mary_shelley
pro,all_authors,f1,1000,2,1000,2000,herbert_george_wells,2,gutenberg_texts/35.txt,0.2587655131392044,0.13649680748823834,-0.12226870565096604,5,False,joseph_conrad
pro,all_authors,f1,1000,3,2000,3000,herbert_george_wells,2,gutenberg_texts/35.txt,0.24244655332355536,0.12791827267944658,-0.11452828064410878,5,False,joseph_conrad
pro,all_authors,f1,1000,4,3000,4000,herbert_george_wells,2,gutenberg_texts/35.txt,0.21482236339511573,0.10254633105954579,-0.11227603233556994,5,False,joseph_conrad
pro,all_authors,f1,1000,5,4000,5000,herbert_george_wells,2,gutenberg_texts/35.txt,0.2256498459220057,0.1116948924214961,-0.1139549535005096,4,False,joseph_conrad
pro,all_authors,f1,1000,1,0,1000,herbert_george_wells,3,full_books/herbert_george_wells_full.txt,0.15266811845200276,0.0273407686603594,-0.12532734979164337,8,False,arthur_conan_doyle
pro,all_authors,f1,1000,2,1000,2000,herbert_george_wells,3,full_books/herbert_george_wells_full.txt,0.03441488753822064,0.05383430720940544,0.019419419671184802,1,True,herbert_george_wells
pro,all_authors,f1,1000,3,2000,3000,herbert_george_wells,3,full_books/herbert_george_wells_full.txt,0.04074424653249271,0.07884191762008247,0.03809767108758976,1,True,herbert_george_wells
pro,all_authors,f1,1000,4,3000,4000,herbert_george_wells,3,full_books/herbert_george_wells_full.txt,0.13444960923782812,0.17046324763667006,0.036013638398841946,1,True,herbert_george_wells
pro,all_authors,f1,1000,5,4000,5000,herbert_george_wells,3,full_books/herbert_george_wells_full.txt,0.09568911020083831,0.10066693538439479,0.004977825183556481,1,True,herbert_george_wells
pro,all_authors,f1,1000,1,0,1000,herbert_george_wells,4,gutenberg_texts/35.txt,0.3005313729993756,0.11775139051843733,-0.18277998248093827,9,False,mary_shelley
pro,all_authors,f1,1000,2,1000,2000,herbert_george_wells,4,gutenberg_texts/35.txt,0.3112345219331475,0.16976667270390813,-0.14146784922923936,4,False,joseph_conrad
pro,all_authors,f1,1000,3,2000,3000,herbert_george_wells,4,gutenberg_texts/35.txt,0.3168908361204489,0.16043595983772457,-0.1564548762827243,5,False,joseph_conrad
pro,all_authors,f1,1000,4,3000,4000,herbert_george_wells,4,gutenberg_texts/35.txt,0.33327196915049284,0.1736088467905654,-0.15966312235992744,4,False,joseph_conrad
pro,all_authors,f1,1000,5,4000,5000,herbert_george_wells,4,gutenberg_texts/35.txt,0.25502075912395583,0.13962642291802,-0.11539433620593584,3,False,joseph_conrad
pro,all_authors,f1,1000,1,0,1000,herbert_george_wells,5,full_books/herbert_george_wells_full.txt,0.22287585202926086,0.07355612967735424,-0.1493197223519066,9,False,mark_twain
pro,all_authors,f1,1000,2,1000,2000,herbert_george_wells,5,full_books/herbert_george_wells_full.txt,0.08822231712721035,0.043324438708462344,-0.044897878418748004,4,False,oscar_wilde
pro,all_authors,f1,1000,3,2000,3000,herbert_george_wells,5,full_books/herbert_george_wells_full.txt,0.05638565940256923,0.04897281866514323,-0.007412840737425999,2,False,oscar_wilde
pro,all_authors,f1,1000,4,3000,4000,herbert_george_wells,5,full_books/herbert_george_wells_full.txt,0.041790005701479616,0.05994542574156932,0.018155420040089708,1,True,herbert_george_wells
pro,all_authors,f1,1000,5,4000,5000,herbert_george_wells,5,full_books/herbert_george_wells_full.txt,0.12185790926393605,0.13527075375355857,0.013412844489622516,1,True,herbert_george_wells
pro,all_authors,f1,1000,1,0,1000,herbert_george_wells,6,gutenberg_texts/35.txt,0.11679572627849577,0.031204556890603436,-0.08559116938789234,9,False,joseph_conrad
pro,all_authors,f1,1000,2,1000,2000,herbert_george_wells,6,gutenberg_texts/35.txt,0.07110060155828944,0.04692821413814976,-0.024172387420139684,3,False,oscar_wilde
pro,all_authors,f1,1000,3,2000,3000,herbert_george_wells,6,gutenberg_texts/35.txt,0.030507686063094768,0.03794329899387051,0.007435612930775739,1,True,herbert_george_wells
pro,all_authors,f1,1000,4,3000,4000,herbert_george_wells,6,gutenberg_texts/35.txt,0.05661111421720776,0.07119887095229731,0.014587756735089545,1,True,herbert_george_wells
pro,all_authors,f1,1000,5,4000,5000,herbert_george_wells,6,gutenberg_texts/35.txt,0.09032189226084,0.06932420594331568,-0.020997686317524328,3,False,joseph_conrad
pro,all_authors,f1,1000,1,0,1000,herbert_george_wells,7,full_books/herbert_george_wells_full.txt,0.12494972728891408,0.022138491838677016,-0.10281123545023707,8,False,arthur_conan_doyle
pro,all_authors,f1,1000,2,1000,2000,herbert_george_wells,7,full_books/herbert_george_wells_full.txt,0.06268824508302015,0.046572140876493334,-0.016116104206526816,3,False,oscar_wilde
pro,all_authors,f1,1000,3,2000,3000,herbert_george_wells,7,full_books/herbert_george_wells_full.txt,0.07755212979363871,0.10580999419060196,0.028257864396963248,1,True,herbert_george_wells
pro,all_authors,f1,1000,4,3000,4000,herbert_george_wells,7,full_books/herbert_george_wells_full.txt,0.048350106735872575,0.03975248314059934,-0.008597623595273232,2,False,arthur_conan_doyle
pro,all_authors,f1,1000,5,4000,5000,herbert_george_wells,7,full_books/herbert_george_wells_full.txt,0.03212921540726265,0.0426725537392839,0.01054333833202125,1,True,herbert_george_wells
pro,all_authors,f1,1000,1,0,1000,herbert_george_wells,8,gutenberg_texts/35.txt,0.3115737894305077,0.11718766124832937,-0.19438612818217832,10,False,mary_shelley
pro,all_authors,f1,1000,2,1000,2000,herbert_george_wells,8,gutenberg_texts/35.txt,0.33209073169932585,0.17355292030582473,-0.15853781139350112,5,False,joseph_conrad
pro,all_authors,f1,1000,3,2000,3000,herbert_george_wells,8,gutenberg_texts/35.txt,0.2866667877693427,0.1328588419144808,-0.15380794585486188,6,False,joseph_conrad
pro,all_authors,f1,1000,4,3000,4000,herbert_george_wells,8,gutenberg_texts/35.txt,0.09918650809532582,0.11324012418593572,0.0140536160906099,1,True,herbert_george_wells
pro,all_authors,f1,1000,5,4000,5000,herbert_george_wells,8,gutenberg_texts/35.txt,0.3841677261178837,0.2334120549764482,-0.15075567114143548,4,False,joseph_conrad
pro,all_authors,f1,1000,1,0,1000,herbert_george_wells,9,full_books/herbert_george_wells_full.txt,0.14022294683749814,0.0183644104453931,-0.12185853639210505,8,False,arthur_conan_doyle
pro,all_authors,f1,1000,2,1000,2000,herbert_george_wells,9,full_books/herbert_george_wells_full.txt,0.07530613558076642,0.038763414727092604,-0.03654272085367381,3,False,arthur_conan_doyle
pro,all_authors,f1,1000,3,2000,3000,herbert_george_wells,9,full_books/herbert_george_wells_full.txt,0.04663151299281269,0.048441944959674944,0.0018104319668622512,1,True,herbert_george_wells
pro,all_authors,f1,1000,4,3000,4000,herbert_george_wells,9,full_books/herbert_george_wells_full.txt,0.044200068974425175,0.03997350587227892,-0.004226563102146252,2,False,oscar_wilde
pro,all_authors,f1,1000,5,4000,5000,herbert_george_wells,9,full_books/herbert_george_wells_full.txt,0.038076959392756765,0.04552275296171567,0.007445793568958907,1,True,herbert_george_wells
pro,all_authors,f1,1000,1,0,1000,herbert_george_wells,10,gutenberg_texts/35.txt,0.22864833564292808,0.08477519779977556,-0.14387313784315253,9,False,joseph_conrad
pro,all_authors,f1,1000,2,1000,2000,herbert_george_wells,10,gutenberg_texts/35.txt,0.2813807535754547,0.1344075745690707,-0.146973179006384,4,False,joseph_conrad
pro,all_authors,f1,1000,3,2000,3000,herbert_george_wells,10,gutenberg_texts/35.txt,0.3097028214216508,0.15058411736727947,-0.1591187040543713,6,False,joseph_conrad
pro,all_authors,f1,1000,4,3000,4000,herbert_george_wells,10,gutenberg_texts/35.txt,0.33069917649564684,0.17615641453486122,-0.15454276196078562,4,False,joseph_conrad
pro,all_authors,f1,1000,5,4000,5000,herbert_george_wells,10,gutenberg_texts/35.txt,0.26565600358070207,0.11778185166495374,-0.14787415191574832,5,False,joseph_conrad
pro,all_authors,f1,1000,1,0,1000,agnes_may_fleming,1,full_books/agnes_may_fleming_full.txt,0.07033955996452383,0.017551013711456166,-0.05278854625306767,4,False,oscar_wilde
pro,all_authors,f1,1000,2,1000,2000,agnes_may_fleming,1,full_books/agnes_may_fleming_full.txt,0.08465849082477038,0.028850171994574514,-0.055808318830195866,5,False,oscar_wilde
pro,all_authors,f1,1000,3,2000,3000,agnes_may_fleming,1,full_books/agnes_may_fleming_full.txt,0.1341531805854684,0.06109720558547,-0.07305597499999841,5,False,oscar_wilde
pro,all_authors,f1,1000,4,3000,4000,agnes_may_fleming,1,full_books/agnes_may_fleming_full.txt,0.1615488108343223,0.07880519166759675,-0.08274361916672554,5,False,oscar_wilde
pro,all_authors,f1,1000,5,4000,5000,agnes_may_fleming,1,full_books/agnes_may_fleming_full.txt,0.1604360547948265,0.07798654531769535,-0.08244950947713116,5,False,oscar_wilde
pro,all_authors,f1,1000,1,0,1000,agnes_may_fleming,2,gutenberg_texts/7063.txt,0.16357106000862456,0.014829772638433391,-0.14874128737019118,9,False,oscar_wilde
pro,all_authors,f1,1000,2,1000,2000,agnes_may_fleming,2,gutenberg_texts/7063.txt,0.2180962138859018,0.03468879310703977,-0.18340742077886205,9,False,herbert_george_wells
pro,all_authors,f1,1000,3,2000,3000,agnes_may_fleming,2,gutenberg_texts/7063.txt,0.26881198073026136,0.055283863838118716,-0.21352811689214263,9,False,arthur_conan_doyle
pro,all_authors,f1,1000,4,3000,4000,agnes_may_fleming,2,gutenberg_texts/7063.txt,0.1796802473469755,0.020215303603668414,-0.15946494374330708,10,False,oscar_wilde
pro,all_authors,f1,1000,5,4000,5000,agnes_may_fleming,2,gutenberg_texts/7063.txt,0.17545599585323607,0.02320047633059466,-0.1522555195226414,10,False,herbert_george_wells
pro,all_authors,f1,1000,1,0,1000,agnes_may_fleming,3,full_books/agnes_may_fleming_full.txt,0.028029850853650173,0.012798683645566872,-0.015231167208083301,3,False,oscar_wilde
pro,all_authors,f1,1000,2,1000,2000,agnes_may_fleming,3,full_books/agnes_may_fleming_full.txt,0.09893691305757141,0.036569913227761174,-0.062366999829810234,5,False,oscar_wilde
pro,all_authors,f1,1000,3,2000,3000,agnes_may_fleming,3,full_books/agnes_may_fleming_full.txt,0.14704612356934546,0.08220759420076204,-0.06483852936858342,5,False,herbert_george_wells
pro,all_authors,f1,1000,4,3000,4000,agnes_may_fleming,3,full_books/agnes_may_fleming_full.txt,0.13420128685901075,0.0529970265727669,-0.08120426028624386,4,False,joseph_conrad
pro,all_authors,f1,1000,5,4000,5000,agnes_may_fleming,3,full_books/agnes_may_fleming_full.txt,0.22289772083549783,0.107192145032151,-0.11570557580334682,4,False,joseph_conrad
pro,all_authors,f1,1000,1,0,1000,agnes_may_fleming,4,gutenberg_texts/7063.txt,0.11583708371934728,0.008082035351019461,-0.10775504836832782,9,False,herbert_george_wells
pro,all_authors,f1,1000,2,1000,2000,agnes_may_fleming,4,gutenberg_texts/7063.txt,0.21306853971036588,0.02425304469549954,-0.18881549501486633,9,False,oscar_wilde
pro,all_authors,f1,1000,3,2000,3000,agnes_may_fleming,4,gutenberg_texts/7063.txt,0.1663180391042871,0.01984907256303417,-0.14646896654125294,10,False,oscar_wilde
pro,all_authors,f1,1000,4,3000,4000,agnes_may_fleming,4,gutenberg_texts/7063.txt,0.28280922119533275,0.0455774758375237,-0.23723174535780905,10,False,oscar_wilde
pro,all_authors,f1,1000,5,4000,5000,agnes_may_fleming,4,gutenberg_texts/7063.txt,0.27492256719853625,0.04557426396523741,-0.22934830323329886,10,False,joseph_conrad
pro,all_authors,f1,1000,1,0,1000,agnes_may_fleming,5,full_books/agnes_may_fleming_full.txt,0.04586410349365796,0.011264910307949273,-0.034599193185708685,5,False,oscar_wilde
pro,all_authors,f1,1000,2,1000,2000,agnes_may_fleming,5,full_books/agnes_may_fleming_full.txt,0.1428356940482751,0.063389508144581,-0.0794461859036941,5,False,oscar_wilde
pro,all_authors,f1,1000,3,2000,3000,agnes_may_fleming,5,full_books/agnes_may_fleming_full.txt,0.10088637099088786,0.03716604859509853,-0.06372032239578933,5,False,oscar_wilde
pro,all_authors,f1,1000,4,3000,4000,agnes_may_fleming,5,full_books/agnes_may_fleming_full.txt,0.11118966413814327,0.04839603917144972,-0.06279362496669355,5,False,oscar_wilde
pro,all_authors,f1,1000,5,4000,5000,agnes_may_fleming,5,full_books/agnes_may_fleming_full.txt,0.13533191466111516,0.07255625990961725,-0.0627756547514979,5,False,oscar_wilde
pro,all_authors,f1,1000,1,0,1000,agnes_may_fleming,6,gutenberg_texts/7063.txt,0.18698614933610494,0.017645261994529045,-0.1693408873415759,9,False,oscar_wilde
pro,all_authors,f1,1000,2,1000,2000,agnes_may_fleming,6,gutenberg_texts/7063.txt,0.20698908552571446,0.02975545776737108,-0.1772336277583434,10,False,oscar_wilde
pro,all_authors,f1,1000,3,2000,3000,agnes_may_fleming,6,gutenberg_texts/7063.txt,0.22840298452201677,0.04295538446702331,-0.18544760005499344,9,False,herbert_george_wells
pro,all_authors,f1,1000,4,3000,4000,agnes_may_fleming,6,gutenberg_texts/7063.txt,0.20849004079567796,0.034724455135160884,-0.17376558566051709,10,False,oscar_wilde
pro,all_authors,f1,1000,5,4000,5000,agnes_may_fleming,6,gutenberg_texts/7063.txt,0.22991455984665105,0.03870901416128784,-0.19120554568536322,10,False,joseph_conrad
pro,all_authors,f1,1000,1,0,1000,agnes_may_fleming,7,full_books/agnes_may_fleming_full.txt,0.08501568177730114,0.0334670236976715,-0.05154865807962963,5,False,joseph_conrad
pro,all_authors,f1,1000,2,1000,2000,agnes_may_fleming,7,full_books/agnes_may_fleming_full.txt,0.2501915911579064,0.12761606811517864,-0.12257552304272776,5,False,joseph_conrad
pro,all_authors,f1,1000,3,2000,3000,agnes_may_fleming,7,full_books/agnes_may_fleming_full.txt,0.25002064291853665,0.10831479212409648,-0.14170585079444017,6,False,joseph_conrad
pro,all_authors,f1,1000,4,3000,4000,agnes_may_fleming,7,full_books/agnes_may_fleming_full.txt,0.3293244365853452,0.1819749111599321,-0.1473495254254131,5,False,joseph_conrad
pro,all_authors,f1,1000,5,4000,5000,agnes_may_fleming,7,full_books/agnes_may_fleming_full.txt,0.2974444277022187,0.16223237921572817,-0.13521204848649052,6,False,joseph_conrad
pro,all_authors,f1,1000,1,0,1000,agnes_may_fleming,8,gutenberg_texts/7063.txt,0.15333870382698733,0.012697534217186316,-0.14064116960980103,9,False,oscar_wilde
pro,all_authors,f1,1000,2,1000,2000,agnes_may_fleming,8,gutenberg_texts/7063.txt,0.13478557896546386,0.011593950021292605,-0.12319162894417127,9,False,herbert_george_wells
pro,all_authors,f1,1000,3,2000,3000,agnes_may_fleming,8,gutenberg_texts/7063.txt,0.15626473119856474,0.020564491034922472,-0.13570024016364227,10,False,joseph_conrad
pro,all_authors,f1,1000,4,3000,4000,agnes_may_fleming,8,gutenberg_texts/7063.txt,0.15138499807239,0.012842368470125463,-0.13854262960226454,10,False,oscar_wilde
pro,all_authors,f1,1000,5,4000,5000,agnes_may_fleming,8,gutenberg_texts/7063.txt,0.1777295149687338,0.02882866848489832,-0.14890084648383548,10,False,joseph_conrad
pro,all_authors,f1,1000,1,0,1000,agnes_may_fleming,9,full_books/agnes_may_fleming_full.txt,0.03612786512248545,0.00434059356652681,-0.03178727155595864,5,False,oscar_wilde
pro,all_authors,f1,1000,2,1000,2000,agnes_may_fleming,9,full_books/agnes_may_fleming_full.txt,0.10672569286014622,0.028362998466023963,-0.07836269439412225,4,False,joseph_conrad
pro,all_authors,f1,1000,3,2000,3000,agnes_may_fleming,9,full_books/agnes_may_fleming_full.txt,0.16568032546325076,0.07492080140643528,-0.09075952405681548,5,False,oscar_wilde
pro,all_authors,f1,1000,4,3000,4000,agnes_may_fleming,9,full_books/agnes_may_fleming_full.txt,0.16072957835538998,0.07313587995031193,-0.08759369840507805,5,False,oscar_wilde
pro,all_authors,f1,1000,5,4000,5000,agnes_may_fleming,9,full_books/agnes_may_fleming_full.txt,0.12899485673912892,0.03574922110584477,-0.09324563563328414,5,False,joseph_conrad
pro,all_authors,f1,1000,1,0,1000,agnes_may_fleming,10,gutenberg_texts/7063.txt,0.18563518980707638,0.01901521874819424,-0.16661997105888215,9,False,herbert_george_wells
pro,all_authors,f1,1000,2,1000,2000,agnes_may_fleming,10,gutenberg_texts/7063.txt,0.16337736495414834,0.024259802943525456,-0.1391175620106229,9,False,oscar_wilde
pro,all_authors,f1,1000,3,2000,3000,agnes_may_fleming,10,gutenberg_texts/7063.txt,0.146281746835356,0.011503415693530757,-0.13477833114182525,10,False,oscar_wilde
pro,all_authors,f1,1000,4,3000,4000,agnes_may_fleming,10,gutenberg_texts/7063.txt,0.1683655534952689,0.015102434373486372,-0.15326311912178253,10,False,oscar_wilde
pro,all_authors,f1,1000,5,4000,5000,agnes_may_fleming,10,gutenberg_texts/7063.txt,0.21786086630206902,0.03334080759788608,-0.18452005870418295,10,False,joseph_conrad
pro,all_authors,f1,1000,1,0,1000,charles_dickens,1,gutenberg_texts/46.txt,0.0481054835096182,0.0157679308977896,-0.0323375526118286,5,False,oscar_wilde
pro,all_authors,f1,1000,2,1000,2000,charles_dickens,1,gutenberg_texts/46.txt,0.14868379763099543,0.03342992136631365,-0.11525387626468178,9,False,joseph_conrad
pro,all_authors,f1,1000,3,2000,3000,charles_dickens,1,gutenberg_texts/46.txt,0.17121132948994788,0.042122067877892765,-0.1290892616120551,10,False,joseph_conrad
pro,all_authors,f1,1000,4,3000,4000,charles_dickens,1,gutenberg_texts/46.txt,0.16784829997474493,0.043939656453247364,-0.12390864352149757,9,False,herbert_george_wells
pro,all_authors,f1,1000,5,4000,5000,charles_dickens,1,gutenberg_texts/46.txt,0.21222744881262776,0.04673350962532071,-0.16549393918730704,10,False,joseph_conrad
pro,all_authors,f1,1000,1,0,1000,charles_dickens,2,gutenberg_texts/98.txt,0.04214400137728596,0.0177856012211706,-0.02435840015611536,4,False,herbert_george_wells
pro,all_authors,f1,1000,2,1000,2000,charles_dickens,2,gutenberg_texts/98.txt,0.08482500300845303,0.026889597237125504,-0.057935405771327525,8,False,oscar_wilde
pro,all_authors,f1,1000,3,2000,3000,charles_dickens,2,gutenberg_texts/98.txt,0.12211689847418228,0.03655993444983438,-0.0855569640243479,7,False,oscar_wilde
pro,all_authors,f1,1000,4,3000,4000,charles_dickens,2,gutenberg_texts/98.txt,0.14985604040724207,0.023049133097859838,-0.12680690730938224,10,False,joseph_conrad
pro,all_authors,f1,1000,5,4000,5000,charles_dickens,2,gutenberg_texts/98.txt,0.23442112127144007,0.047206515501973675,-0.1872146057694664,10,False,joseph_conrad
pro,all_authors,f1,1000,1,0,1000,charles_dickens,3,gutenberg_texts/1400.txt,0.0864507198983956,0.0236154416406702,-0.0628352782577254,6,False,joseph_conrad
pro,all_authors,f1,1000,2,1000,2000,charles_dickens,3,gutenberg_texts/1400.txt,0.17370404711980833,0.03574192288943206,-0.13796212423037627,8,False,oscar_wilde
pro,all_authors,f1,1000,3,2000,3000,charles_dickens,3,gutenberg_texts/1400.txt,0.14422291108370786,0.02994914137293757,-0.11427376971077029,7,False,herbert_george_wells
pro,all_authors,f1,1000,4,3000,4000,charles_dickens,3,gutenberg_texts/1400.txt,0.2477850116636416,0.06977089893201517,-0.17801411273162643,8,False,oscar_wilde
pro,all_authors,f1,1000,5,4000,5000,charles_dickens,3,gutenberg_texts/1400.txt,0.245075675914743,0.06833335694232107,-0.17674231897242193,10,False,joseph_conrad
pro,all_authors,f1,1000,1,0,1000,charles_dickens,4,gutenberg_texts/46.txt,0.04365695418145874,0.007792333317006326,-0.03586462086445241,6,False,oscar_wilde
pro,all_authors,f1,1000,2,1000,2000,charles_dickens,4,gutenberg_texts/46.txt,0.1344730230806735,0.030358790595784342,-0.10411423248488916,9,False,oscar_wilde
pro,all_authors,f1,1000,3,2000,3000,charles_dickens,4,gutenberg_texts/46.txt,0.31637792351913363,0.11197032141177707,-0.20440760210735656,9,False,joseph_conrad
pro,all_authors,f1,1000,4,3000,4000,charles_dickens,4,gutenberg_texts/46.txt,0.4631459920493427,0.18415978925158988,-0.2789862027977528,10,False,joseph_conrad
pro,all_authors,f1,1000,5,4000,5000,charles_dickens,4,gutenberg_texts/46.txt,0.3478445111334212,0.10815194644922495,-0.23969256468419625,10,False,joseph_conrad
pro,all_authors,f1,1000,1,0,1000,charles_dickens,5,gutenberg_texts/98.txt,0.049829097817703644,0.01903769086784146,-0.030791406949862182,7,False,oscar_wilde
pro,all_authors,f1,1000,2,1000,2000,charles_dickens,5,gutenberg_texts/98.txt,0.14853722876099057,0.029998117654264602,-0.11853911110672596,7,False,herbert_george_wells
pro,all_authors,f1,1000,3,2000,3000,charles_dickens,5,gutenberg_texts/98.txt,0.2826076540199918,0.10429768679669026,-0.17830996722330156,9,False,oscar_wilde
pro,all_authors,f1,1000,4,3000,4000,charles_dickens,5,gutenberg_texts/98.txt,0.16520504043704926,0.02947955571184677,-0.1357254847252025,10,False,joseph_conrad
pro,all_authors,f1,1000,5,4000,5000,charles_dickens,5,gutenberg_texts/98.txt,0.16818528579840622,0.04308803127215779,-0.12509725452624842,9,False,oscar_wilde
pro,all_authors,f1,1000,1,0,1000,charles_dickens,6,gutenberg_texts/1400.txt,0.14265835807725222,0.037114814143477705,-0.10554354393377452,9,False,oscar_wilde
pro,all_authors,f1,1000,2,1000,2000,charles_dickens,6,gutenberg_texts/1400.txt,0.08244165186022427,0.011401210972726018,-0.07104044088749825,9,False,herbert_george_wells
pro,all_authors,f1,1000,3,2000,3000,charles_dickens,6,gutenberg_texts/1400.txt,0.26568652818654126,0.08344213029732984,-0.18224439788921143,8,False,oscar_wilde
pro,all_authors,f1,1000,4,3000,4000,charles_dickens,6,gutenberg_texts/1400.txt,0.14788222329089257,0.035516058270668165,-0.1123661650202244,9,False,herbert_george_wells
pro,all_authors,f1,1000,5,4000,5000,charles_dickens,6,gutenberg_texts/1400.txt,0.1924789400002637,0.058691150662758464,-0.13378778933750524,9,False,herbert_george_wells
pro,all_authors,f1,1000,1,0,1000,charles_dickens,7,gutenberg_texts/46.txt,0.034659305118880504,0.009352089286328927,-0.025307215832551577,5,False,herbert_george_wells
pro,all_authors,f1,1000,2,1000,2000,charles_dickens,7,gutenberg_texts/46.txt,0.07225601711621668,0.011580147452308003,-0.06067586966390868,6,False,herbert_george_wells
pro,all_authors,f1,1000,3,2000,3000,charles_dickens,7,gutenberg_texts/46.txt,0.13793998335108118,0.036508471618720936,-0.10143151173236024,7,False,oscar_wilde
pro,all_authors,f1,1000,4,3000,4000,charles_dickens,7,gutenberg_texts/46.txt,0.14539976056096512,0.04235980331651368,-0.10303995724445145,6,False,oscar_wilde
pro,all_authors,f1,1000,5,4000,5000,charles_dickens,7,gutenberg_texts/46.txt,0.16282455951249808,0.05173241150149416,-0.11109214801100392,7,False,arthur_conan_doyle
pro,all_authors,f1,1000,1,0,1000,charles_dickens,8,gutenberg_texts/98.txt,0.04258504635118892,0.02472965001224119,-0.01785539633894773,5,False,oscar_wilde
pro,all_authors,f1,1000,2,1000,2000,charles_dickens,8,gutenberg_texts/98.txt,0.1818925189239628,0.05605773923806245,-0.12583477968590034,8,False,oscar_wilde
pro,all_authors,f1,1000,3,2000,3000,charles_dickens,8,gutenberg_texts/98.txt,0.20977100767162826,0.04392773911681658,-0.16584326855481168,10,False,joseph_conrad
pro,all_authors,f1,1000,4,3000,4000,charles_dickens,8,gutenberg_texts/98.txt,0.20165130989732552,0.07033271861306531,-0.1313185912842602,9,False,joseph_conrad
pro,all_authors,f1,1000,5,4000,5000,charles_dickens,8,gutenberg_texts/98.txt,0.13268619123958234,0.03457298190308957,-0.09811320933649276,6,False,oscar_wilde
pro,all_authors,f1,1000,1,0,1000,charles_dickens,9,gutenberg_texts/1400.txt,0.058853246077713604,0.018776215135758133,-0.04007703094195547,4,False,oscar_wilde
pro,all_authors,f1,1000,2,1000,2000,charles_dickens,9,gutenberg_texts/1400.txt,0.14125912973671514,0.03160832969799197,-0.10965080003872318,9,False,oscar_wilde
pro,all_authors,f1,1000,3,2000,3000,charles_dickens,9,gutenberg_texts/1400.txt,0.18511098493003864,0.04452363659014595,-0.14058734833989267,7,False,herbert_george_wells
pro,all_authors,f1,1000,4,3000,4000,charles_dickens,9,gutenberg_texts/1400.txt,0.11456114163790757,0.02140385048669822,-0.09315729115120935,9,False,herbert_george_wells
pro,all_authors,f1,1000,5,4000,5000,charles_dickens,9,gutenberg_texts/1400.txt,0.15570469833238748,0.02962883124997562,-0.12607586708241186,7,False,oscar_wilde
pro,all_authors,f1,1000,1,0,1000,charles_dickens,10,gutenberg_texts/46.txt,0.06291767373910426,0.013856282855021598,-0.04906139088408266,5,False,oscar_wilde
pro,all_authors,f1,1000,2,1000,2000,charles_dickens,10,gutenberg_texts/46.txt,0.08638428732131603,0.016675782260550175,-0.06970850506076585,7,False,oscar_wilde
pro,all_authors,f1,1000,3,2000,3000,charles_dickens,10,gutenberg_texts/46.txt,0.06297211933673315,0.013438516773320558,-0.04953360256341259,5,False,herbert_george_wells
pro,all_authors,f1,1000,4,3000,4000,charles_dickens,10,gutenberg_texts/46.txt,0.10149447123533187,0.0332529260049024,-0.06824154523042947,5,False,oscar_wilde
pro,all_authors,f1,1000,5,4000,5000,charles_dickens,10,gutenberg_texts/46.txt,0.0984084878861617,0.016127570356660178,-0.08228091752950152,7,False,oscar_wilde
pro,all_authors,f1,1000,1,0,1000,mark_twain,1,gutenberg_texts/74.txt,0.10075893028149717,0.014516410579454518,-0.08624251970204265,8,False,oscar_wilde
pro,all_authors,f1,1000,2,1000,2000,mark_twain,1,gutenberg_texts/74.txt,0.15635827742274339,0.033165363317116656,-0.12319291410562673,8,False,herbert_george_wells
pro,all_authors,f1,1000,3,2000,3000,mark_twain,1,gutenberg_texts/74.txt,0.12892780544908536,0.06083325709736548,-0.06809454835171988,5,False,oscar_wilde
pro,all_authors,f1,1000,4,3000,4000,mark_twain,1,gutenberg_texts/74.txt,0.19269272123663253,0.10374641595933733,-0.0889463052772952,5,False,joseph_conrad
pro,all_authors,f1,1000,5,4000,5000,mark_twain,1,gutenberg_texts/74.txt,0.19322369244046403,0.10235811900649569,-0.09086557343396834,5,False,herbert_george_wells
pro,all_authors,f1,1000,1,0,1000,mark_twain,2,gutenberg_texts/76.txt,0.06454367657111287,0.027735415085534586,-0.03680826148557829,5,False,herbert_george_wells
pro,all_authors,f1,1000,2,1000,2000,mark_twain,2,gutenberg_texts/76.txt,0.13906533857005346,0.06314133206961378,-0.07592400650043968,5,False,oscar_wilde
pro,all_authors,f1,1000,3,2000,3000,mark_twain,2,gutenberg_texts/76.txt,0.12693815808272688,0.0705297779954014,-0.056408380087325474,5,False,oscar_wilde
pro,all_authors,f1,1000,4,3000,4000,mark_twain,2,gutenberg_texts/76.txt,0.13109370611465995,0.06949306613899771,-0.061600639975662244,4,False,joseph_conrad
pro,all_authors,f1,1000,5,4000,5000,mark_twain,2,gutenberg_texts/76.txt,0.145986747561216,0.08062368042402146,-0.06536306713719453,5,False,oscar_wilde
pro,all_authors,f1,1000,1,0,1000,mark_twain,3,gutenberg_texts/74.txt,0.09860344873139547,0.010954582693562954,-0.0876488660378325,7,False,arthur_conan_doyle
pro,all_authors,f1,1000,2,1000,2000,mark_twain,3,gutenberg_texts/74.txt,0.17639459360517165,0.045561656947966135,-0.13083293665720552,7,False,herbert_george_wells
pro,all_authors,f1,1000,3,2000,3000,mark_twain,3,gutenberg_texts/74.txt,0.098205289860065,0.026046818268043722,-0.07215847159202128,6,False,herbert_george_wells
pro,all_authors,f1,1000,4,3000,4000,mark_twain,3,gutenberg_texts/74.txt,0.09991682242145043,0.04510217658647943,-0.054814645834971004,5,False,oscar_wilde
pro,all_authors,f1,1000,5,4000,5000,mark_twain,3,gutenberg_texts/74.txt,0.10608552917657275,0.03154157361646365,-0.07454395556010911,6,False,herbert_george_wells
pro,all_authors,f1,1000,1,0,1000,mark_twain,4,gutenberg_texts/76.txt,0.18012977112431489,0.07117168873339501,-0.10895808239091988,5,False,oscar_wilde
pro,all_authors,f1,1000,2,1000,2000,mark_twain,4,gutenberg_texts/76.txt,0.15573035027883128,0.0715585272967841,-0.08417182298204719,4,False,joseph_conrad
pro,all_authors,f1,1000,3,2000,3000,mark_twain,4,gutenberg_texts/76.txt,0.3708744138612468,0.21268355878632617,-0.15819085507492064,4,False,joseph_conrad
pro,all_authors,f1,1000,4,3000,4000,mark_twain,4,gutenberg_texts/76.txt,0.5149174912105873,0.31407073668238694,-0.20084675452820033,6,False,joseph_conrad
pro,all_authors,f1,1000,5,4000,5000,mark_twain,4,gutenberg_texts/76.txt,0.1726394018218491,0.1350311025570361,-0.03760829926481299,5,False,herbert_george_wells
pro,all_authors,f1,1000,1,0,1000,mark_twain,5,gutenberg_texts/74.txt,0.11102655695247338,0.009395426498734235,-0.10163113045373914,7,False,herbert_george_wells
pro,all_authors,f1,1000,2,1000,2000,mark_twain,5,gutenberg_texts/74.txt,0.22721513956952694,0.08073409289316227,-0.14648104667636466,6,False,oscar_wilde
pro,all_authors,f1,1000,3,2000,3000,mark_twain,5,gutenberg_texts/74.txt,0.14602057707678004,0.06860309329883017,-0.07741748377794987,5,False,herbert_george_wells
pro,all_authors,f1,1000,4,3000,4000,mark_twain,5,gutenberg_texts/74.txt,0.1358478722184714,0.060641564268359496,-0.07520630795011189,5,False,herbert_george_wells
pro,all_authors,f1,1000,5,4000,5000,mark_twain,5,gutenberg_texts/74.txt,0.09865000444416791,0.037884695324965245,-0.060765309119202665,5,False,herbert_george_wells
pro,all_authors,f1,1000,1,0,1000,mark_twain,6,gutenberg_texts/76.txt,0.15740688013824228,0.06557311730962077,-0.0918337628286215,5,False,oscar_wilde
pro,all_authors,f1,1000,2,1000,2000,mark_twain,6,gutenberg_texts/76.txt,0.14663828762956022,0.08081786992937766,-0.06582041770018256,5,False,joseph_conrad
pro,all_authors,f1,1000,3,2000,3000,mark_twain,6,gutenberg_texts/76.txt,0.1486566969858033,0.09966500041012138,-0.04899169657568192,5,False,herbert_george_wells
pro,all_authors,f1,1000,4,3000,4000,mark_twain,6,gutenberg_texts/76.txt,0.1769653527737311,0.07978768619171153,-0.09717766658201957,5,False,oscar_wilde
pro,all_authors,f1,1000,5,4000,5000,mark_twain,6,gutenberg_texts/76.txt,0.05528025303164763,0.029516851479489088,-0.025763401552158543,4,False,herbert_george_wells
pro,all_authors,f1,1000,1,0,1000,mark_twain,7,gutenberg_texts/74.txt,0.11336176779038155,0.018204973584463637,-0.09515679420591791,7,False,herbert_george_wells
pro,all_authors,f1,1000,2,1000,2000,mark_twain,7,gutenberg_texts/74.txt,0.17615679096844294,0.052454768460525034,-0.12370202250791791,7,False,oscar_wilde
pro,all_authors,f1,1000,3,2000,3000,mark_twain,7,gutenberg_texts/74.txt,0.1278433984598999,0.048154447901254865,-0.07968895055864503,5,False,oscar_wilde
pro,all_authors,f1,1000,4,3000,4000,mark_twain,7,gutenberg_texts/74.txt,0.15342847012941813,0.03804677906429343,-0.11538169106512469,6,False,oscar_wilde
pro,all_authors,f1,1000,5,4000,5000,mark_twain,7,gutenberg_texts/74.txt,0.0698731186794121,0.014120015243290882,-0.055753103436121214,6,False,oscar_wilde
pro,all_authors,f1,1000,1,0,1000,mark_twain,8,gutenberg_texts/76.txt,0.0746903869066854,0.023328411756641333,-0.05136197515004407,5,False,oscar_wilde
pro,all_authors,f1,1000,2,1000,2000,mark_twain,8,gutenberg_texts/76.txt,0.16666340357198536,0.06757514255368553,-0.09908826101829983,5,False,joseph_conrad
pro,all_authors,f1,1000,3,2000,3000,mark_twain,8,gutenberg_texts/76.txt,0.1151723401841716,0.08189898808909814,-0.03327335209507347,4,False,herbert_george_wells
pro,all_authors,f1,1000,4,3000,4000,mark_twain,8,gutenberg_texts/76.txt,0.1900064232939977,0.06495370721329712,-0.12505271608070057,5,False,joseph_conrad
pro,all_authors,f1,1000,5,4000,5000,mark_twain,8,gutenberg_texts/76.txt,0.24678896072002038,0.12346498257335335,-0.12332397814666703,4,False,joseph_conrad
pro,all_authors,f1,1000,1,0,1000,mark_twain,9,gutenberg_texts/74.txt,0.11249327889235171,0.015295150535608698,-0.097198128356743,8,False,herbert_george_wells
pro,all_authors,f1,1000,2,1000,2000,mark_twain,9,gutenberg_texts/74.txt,0.10779696851093672,0.0417896433271719,-0.06600732518376481,4,False,joseph_conrad
pro,all_authors,f1,1000,3,2000,3000,mark_twain,9,gutenberg_texts/74.txt,0.12699421774090056,0.032975484410705566,-0.09401873333019499,6,False,joseph_conrad
pro,all_authors,f1,1000,4,3000,4000,mark_twain,9,gutenberg_texts/74.txt,0.1051313553495358,0.031181545872641644,-0.07394980947689415,4,False,joseph_conrad
pro,all_authors,f1,1000,5,4000,5000,mark_twain,9,gutenberg_texts/74.txt,0.16410512224211865,0.07682662170505526,-0.08727850053706339,5,False,joseph_conrad
pro,all_authors,f1,1000,1,0,1000,mark_twain,10,gutenberg_texts/76.txt,0.12887512932621753,0.043273972237957106,-0.08560115708826042,5,False,oscar_wilde
pro,all_authors,f1,1000,2,1000,2000,mark_twain,10,gutenberg_texts/76.txt,0.14221106379133427,0.08097567831070646,-0.06123538548062782,5,False,oscar_wilde
pro,all_authors,f1,1000,3,2000,3000,mark_twain,10,gutenberg_texts/76.txt,0.22804546902700779,0.12431288323660156,-0.10373258579040623,5,False,oscar_wilde
pro,all_authors,f1,1000,4,3000,4000,mark_twain,10,gutenberg_texts/76.txt,0.10985733627138668,0.05904307557973445,-0.05081426069165223,4,False,joseph_conrad
pro,all_authors,f1,1000,5,4000,5000,mark_twain,10,gutenberg_texts/76.txt,0.13746688068823562,0.0708846884356214,-0.06658219225261422,4,False,joseph_conrad
pro,all_authors,f1,1000,1,0,1000,arthur_conan_doyle,1,gutenberg_texts/1661.txt,0.017595052162679765,0.03428764854293968,0.016692596380259918,1,True,arthur_conan_doyle
pro,all_authors,f1,1000,2,1000,2000,arthur_conan_doyle,1,gutenberg_texts/1661.txt,0.023306781289151392,0.02306819066009025,-0.00023859062906114378,2,False,herbert_george_wells
pro,all_authors,f1,1000,3,2000,3000,arthur_conan_doyle,1,gutenberg_texts/1661.txt,0.040087795286929545,0.028703690196241416,-0.01138410509068813,3,False,oscar_wilde
pro,all_authors,f1,1000,4,3000,4000,arthur_conan_doyle,1,gutenberg_texts/1661.txt,0.030752265059612607,0.00786957782541678,-0.022882687234195828,4,False,herbert_george_wells
pro,all_authors,f1,1000,5,4000,5000,arthur_conan_doyle,1,gutenberg_texts/1661.txt,0.09880919310614422,0.05808076425945655,-0.04072842884668767,4,False,oscar_wilde
pro,all_authors,f1,1000,1,0,1000,arthur_conan_doyle,2,gutenberg_texts/244.txt,0.15259499627048112,0.05632952315949126,-0.09626547311098986,6,False,joseph_conrad
pro,all_authors,f1,1000,2,1000,2000,arthur_conan_doyle,2,gutenberg_texts/244.txt,0.1997368421141392,0.09966080089119121,-0.10007604122294798,5,False,joseph_conrad
pro,all_authors,f1,1000,3,2000,3000,arthur_conan_doyle,2,gutenberg_texts/244.txt,0.2461662935774891,0.10781435472774303,-0.13835193884974606,5,False,joseph_conrad
pro,all_authors,f1,1000,4,3000,4000,arthur_conan_doyle,2,gutenberg_texts/244.txt,0.13599579973621662,0.026151592335674524,-0.1098442074005421,7,False,joseph_conrad
pro,all_authors,f1,1000,5,4000,5000,arthur_conan_doyle,2,gutenberg_texts/244.txt,0.2663182568838018,0.08470162762109358,-0.18161662926270822,9,False,joseph_conrad
pro,all_authors,f1,1000,1,0,1000,arthur_conan_doyle,3,gutenberg_texts/2852.txt,0.0573928192898827,0.024991034971868387,-0.03240178431801431,4,False,oscar_wilde
pro,all_authors,f1,1000,2,1000,2000,arthur_conan_doyle,3,gutenberg_texts/2852.txt,0.06621236038355675,0.048261051114601605,-0.01795130926895515,3,False,oscar_wilde
pro,all_authors,f1,1000,3,2000,3000,arthur_conan_doyle,3,gutenberg_texts/2852.txt,0.036432806114520225,0.042055918394286684,0.0056231122797664596,1,True,arthur_conan_doyle
pro,all_authors,f1,1000,4,3000,4000,arthur_conan_doyle,3,gutenberg_texts/2852.txt,0.04232043817849438,0.05062085971299701,0.008300421534502632,1,True,arthur_conan_doyle
pro,all_authors,f1,1000,5,4000,5000,arthur_conan_doyle,3,gutenberg_texts/2852.txt,0.06939667794781398,0.05037267069777765,-0.019024007250036334,3,False,herbert_george_wells
pro,all_authors,f1,1000,1,0,1000,arthur_conan_doyle,4,gutenberg_texts/1661.txt,0.0043012536197191914,0.014475197049222847,0.010173943429503656,1,True,arthur_conan_doyle
pro,all_authors,f1,1000,2,1000,2000,arthur_conan_doyle,4,gutenberg_texts/1661.txt,0.021722805814018697,0.03750292212010154,0.015780116306082843,1,True,arthur_conan_doyle
pro,all_authors,f1,1000,3,2000,3000,arthur_conan_doyle,4,gutenberg_texts/1661.txt,0.03043464321765787,0.017613377720961138,-0.012821265496696734,3,False,herbert_george_wells
pro,all_authors,f1,1000,4,3000,4000,arthur_conan_doyle,4,gutenberg_texts/1661.txt,0.0553036911251497,0.05944023721039375,0.004136546085244053,1,True,arthur_conan_doyle
pro,all_authors,f1,1000,5,4000,5000,arthur_conan_doyle,4,gutenberg_texts/1661.txt,0.12577994601378564,0.03175340145333909,-0.09402654456044655,6,False,joseph_conrad
pro,all_authors,f1,1000,1,0,1000,arthur_conan_doyle,5,gutenberg_texts/244.txt,0.08942948078160276,0.030955211857590287,-0.058474268924012474,4,False,oscar_wilde
pro,all_authors,f1,1000,2,1000,2000,arthur_conan_doyle,5,gutenberg_texts/244.txt,0.0901790975490327,0.03818951111520982,-0.05198958643382287,5,False,joseph_conrad
pro,all_authors,f1,1000,3,2000,3000,arthur_conan_doyle,5,gutenberg_texts/244.txt,0.10481486656732407,0.05636668525030787,-0.0484481813170162,4,False,oscar_wilde
pro,all_authors,f1,1000,4,3000,4000,arthur_conan_doyle,5,gutenberg_texts/244.txt,0.1412260032770287,0.0663584952022323,-0.07486750807479639,4,False,joseph_conrad
pro,all_authors,f1,1000,5,4000,5000,arthur_conan_doyle,5,gutenberg_texts/244.txt,0.1270431357437541,0.05165382594683107,-0.07538930979692302,4,False,joseph_conrad
pro,all_authors,f1,1000,1,0,1000,arthur_conan_doyle,6,gutenberg_texts/2852.txt,0.025691953792688307,0.027953791937506096,0.0022618381448177884,1,True,arthur_conan_doyle
pro,all_authors,f1,1000,2,1000,2000,arthur_conan_doyle,6,gutenberg_texts/2852.txt,0.12323511050502835,0.05674426106138456,-0.06649084944364378,4,False,oscar_wilde
pro,all_authors,f1,1000,3,2000,3000,arthur_conan_doyle,6,gutenberg_texts/2852.txt,0.16194020284478994,0.08620237968534918,-0.07573782315944076,4,False,oscar_wilde
pro,all_authors,f1,1000,4,3000,4000,arthur_conan_doyle,6,gutenberg_texts/2852.txt,0.19126266701096792,0.1157687763071525,-0.07549389070381542,4,False,oscar_wilde
pro,all_authors,f1,1000,5,4000,5000,arthur_conan_doyle,6,gutenberg_texts/2852.txt,0.3058461580737386,0.13105927781055993,-0.17478688026317868,7,False,joseph_conrad
pro,all_authors,f1,1000,1,0,1000,arthur_conan_doyle,7,gutenberg_texts/1661.txt,0.013328126501180561,0.040863287693282194,0.027535161192101632,1,True,arthur_conan_doyle
pro,all_authors,f1,1000,2,1000,2000,arthur_conan_doyle,7,gutenberg_texts/1661.txt,0.027096562131471942,0.02069540114350562,-0.006401160987966323,2,False,herbert_george_wells
pro,all_authors,f1,1000,3,2000,3000,arthur_conan_doyle,7,gutenberg_texts/1661.txt,0.07205589573586982,0.02586520344280136,-0.04619069229306846,4,False,oscar_wilde
pro,all_authors,f1,1000,4,3000,4000,arthur_conan_doyle,7,gutenberg_texts/1661.txt,0.057002832458076795,0.037673321014290384,-0.01932951144378641,3,False,herbert_george_wells
pro,all_authors,f1,1000,5,4000,5000,arthur_conan_doyle,7,gutenberg_texts/1661.txt,0.04772959505618159,0.03602581114622121,-0.01170378390996038,3,False,herbert_george_wells
pro,all_authors,f1,1000,1,0,1000,arthur_conan_doyle,8,gutenberg_texts/244.txt,0.09947510742609617,0.040846111398168225,-0.05862899602792794,4,False,oscar_wilde
pro,all_authors,f1,1000,2,1000,2000,arthur_conan_doyle,8,gutenberg_texts/244.txt,0.11071919024032313,0.04611180296370026,-0.06460738727662288,5,False,joseph_conrad
pro,all_authors,f1,1000,3,2000,3000,arthur_conan_doyle,8,gutenberg_texts/244.txt,0.0854445572779877,0.04125961087292598,-0.04418494640506173,4,False,herbert_george_wells
pro,all_authors,f1,1000,4,3000,4000,arthur_conan_doyle,8,gutenberg_texts/244.txt,0.0730549244315385,0.029557792248056082,-0.043497132183482425,4,False,oscar_wilde
pro,all_authors,f1,1000,5,4000,5000,arthur_conan_doyle,8,gutenberg_texts/244.txt,0.13566299813727653,0.05792350647185237,-0.07773949166542415,4,False,joseph_conrad
pro,all_authors,f1,1000,1,0,1000,arthur_conan_doyle,9,gutenberg_texts/2852.txt,0.0498011843716509,0.029866681155406846,-0.019934503216244057,3,False,oscar_wilde
pro,all_authors,f1,1000,2,1000,2000,arthur_conan_doyle,9,gutenberg_texts/2852.txt,0.18706140812827474,0.08263225178888743,-0.1044291563393873,5,False,joseph_conrad
pro,all_authors,f1,1000,3,2000,3000,arthur_conan_doyle,9,gutenberg_texts/2852.txt,0.14320444613409003,0.07111443466025441,-0.07209001147383562,4,False,oscar_wilde
pro,all_authors,f1,1000,4,3000,4000,arthur_conan_doyle,9,gutenberg_texts/2852.txt,0.14206047866421234,0.0855991568025888,-0.056461321861623545,4,False,oscar_wilde
pro,all_authors,f1,1000,5,4000,5000,arthur_conan_doyle,9,gutenberg_texts/2852.txt,0.15477425515344914,0.05317791819835514,-0.101596336955094,5,False,joseph_conrad
pro,all_authors,f1,1000,1,0,1000,arthur_conan_doyle,10,gutenberg_texts/1661.txt,0.011443585826092697,0.01912845106188319,0.007684865235790494,1,True,arthur_conan_doyle
pro,all_authors,f1,1000,2,1000,2000,arthur_conan_doyle,10,gutenberg_texts/1661.txt,0.0678799299044192,0.05545569129524484,-0.012424238609174361,3,False,oscar_wilde
pro,all_authors,f1,1000,3,2000,3000,arthur_conan_doyle,10,gutenberg_texts/1661.txt,0.026588339220393088,0.02765183645646954,0.0010634972360764501,1,True,arthur_conan_doyle
pro,all_authors,f1,1000,4,3000,4000,arthur_conan_doyle,10,gutenberg_texts/1661.txt,0.06093455579109813,0.0583366089199122,-0.0025979468711859327,2,False,herbert_george_wells
pro,all_authors,f1,1000,5,4000,5000,arthur_conan_doyle,10,gutenberg_texts/1661.txt,0.17783002914231053,0.09352375734435311,-0.08430627179795741,4,False,joseph_conrad
pro,all_authors,f1,1000,1,0,1000,mary_shelley,1,gutenberg_texts/84.txt,0.15907971261128043,0.14680863378258371,-0.012271078828696713,2,False,joseph_conrad
pro,all_authors,f1,1000,2,1000,2000,mary_shelley,1,gutenberg_texts/84.txt,0.13686258141752378,0.0905022958637361,-0.04636028555378767,3,False,joseph_conrad
pro,all_authors,f1,1000,3,2000,3000,mary_shelley,1,gutenberg_texts/84.txt,0.18109633073391784,0.056795955192025696,-0.12430037554189215,7,False,joseph_conrad
pro,all_authors,f1,1000,4,3000,4000,mary_shelley,1,gutenberg_texts/84.txt,0.2370825940339024,0.055514933658346116,-0.18156766037555627,10,False,oscar_wilde
pro,all_authors,f1,1000,5,4000,5000,mary_shelley,1,gutenberg_texts/84.txt,0.2559450584917652,0.07897335747643766,-0.17697170101532753,10,False,oscar_wilde
pro,all_authors,f1,1000,1,0,1000,mary_shelley,2,gutenberg_texts/18247.txt,0.039434948023629846,0.008031234461893005,-0.03140371356173684,4,False,joseph_conrad
pro,all_authors,f1,1000,2,1000,2000,mary_shelley,2,gutenberg_texts/18247.txt,0.06134821078142719,0.04467427322995157,-0.016673937551475615,3,False,joseph_conrad
pro,all_authors,f1,1000,3,2000,3000,mary_shelley,2,gutenberg_texts/18247.txt,0.12159505387179172,0.05938365894063503,-0.06221139493115669,5,False,oscar_wilde
pro,all_authors,f1,1000,4,3000,4000,mary_shelley,2,gutenberg_texts/18247.txt,0.09393939543966592,0.0530490607791766,-0.04089033466048932,4,False,joseph_conrad
pro,all_authors,f1,1000,5,4000,5000,mary_shelley,2,gutenberg_texts/18247.txt,0.19423321342344382,0.0746449908360395,-0.11958822258740433,5,False,oscar_wilde
pro,all_authors,f1,1000,1,0,1000,mary_shelley,3,gutenberg_texts/84.txt,0.17432013504019356,0.00441103614317606,-0.1699090988970175,10,False,oscar_wilde
pro,all_authors,f1,1000,2,1000,2000,mary_shelley,3,gutenberg_texts/84.txt,0.14202130910532298,0.026037375183480566,-0.11598393392184242,10,False,oscar_wilde
pro,all_authors,f1,1000,3,2000,3000,mary_shelley,3,gutenberg_texts/84.txt,0.152918231959208,0.026635443320005066,-0.12628278863920295,10,False,oscar_wilde
pro,all_authors,f1,1000,4,3000,4000,mary_shelley,3,gutenberg_texts/84.txt,0.26013447857445077,0.02432227313554818,-0.23581220543890258,10,False,oscar_wilde
pro,all_authors,f1,1000,5,4000,5000,mary_shelley,3,gutenberg_texts/84.txt,0.171941278077939,0.03804070643221715,-0.13390057164572183,7,False,joseph_conrad
pro,all_authors,f1,1000,1,0,1000,mary_shelley,4,gutenberg_texts/18247.txt,0.07572537536346743,0.019805697598141818,-0.055919677765325616,4,False,oscar_wilde
pro,all_authors,f1,1000,2,1000,2000,mary_shelley,4,gutenberg_texts/18247.txt,0.07641984668893552,0.08079126211784753,0.004371415428912007,1,True,mary_shelley
pro,all_authors,f1,1000,3,2000,3000,mary_shelley,4,gutenberg_texts/18247.txt,0.14966699459143853,0.06625472758876161,-0.08341226700267693,5,False,herbert_george_wells
pro,all_authors,f1,1000,4,3000,4000,mary_shelley,4,gutenberg_texts/18247.txt,0.2448852609414064,0.17055824990771257,-0.07432701103369382,4,False,joseph_conrad
pro,all_authors,f1,1000,5,4000,5000,mary_shelley,4,gutenberg_texts/18247.txt,0.2523284495744903,0.15462908936140302,-0.09769936021308728,4,False,joseph_conrad
pro,all_authors,f1,1000,1,0,1000,mary_shelley,5,gutenberg_texts/84.txt,0.16975214540797048,0.053126129647692255,-0.11662601576027823,9,False,oscar_wilde
pro,all_authors,f1,1000,2,1000,2000,mary_shelley,5,gutenberg_texts/84.txt,0.19052835532056167,0.0776362884401006,-0.11289206688046106,5,False,joseph_conrad
pro,all_authors,f1,1000,3,2000,3000,mary_shelley,5,gutenberg_texts/84.txt,0.27428072948035254,0.054158798398295335,-0.2201219310820572,10,False,oscar_wilde
pro,all_authors,f1,1000,4,3000,4000,mary_shelley,5,gutenberg_texts/84.txt,0.19405195761888236,0.036357019775222515,-0.15769493784365984,9,False,joseph_conrad
pro,all_authors,f1,1000,5,4000,5000,mary_shelley,5,gutenberg_texts/84.txt,0.3196516948544231,0.035341459882247926,-0.28431023497217517,10,False,herbert_george_wells
pro,all_authors,f1,1000,1,0,1000,mary_shelley,6,gutenberg_texts/18247.txt,0.034115068758853395,0.008361522665244803,-0.025753546093608592,3,False,joseph_conrad
pro,all_authors,f1,1000,2,1000,2000,mary_shelley,6,gutenberg_texts/18247.txt,0.13903459431027018,0.0621084373518828,-0.07692615695838738,5,False,oscar_wilde
pro,all_authors,f1,1000,3,2000,3000,mary_shelley,6,gutenberg_texts/18247.txt,0.07958090369958495,0.051981951251022646,-0.02759895244856231,3,False,joseph_conrad
pro,all_authors,f1,1000,4,3000,4000,mary_shelley,6,gutenberg_texts/18247.txt,0.206065539120741,0.07261328327704901,-0.13345225584369197,6,False,oscar_wilde
pro,all_authors,f1,1000,5,4000,5000,mary_shelley,6,gutenberg_texts/18247.txt,0.10228690393114964,0.047900238628404784,-0.05438666530274486,4,False,joseph_conrad
pro,all_authors,f1,1000,1,0,1000,mary_shelley,7,gutenberg_texts/84.txt,0.15264321991614488,0.03948623163623155,-0.11315698827991333,9,False,oscar_wilde
pro,all_authors,f1,1000,2,1000,2000,mary_shelley,7,gutenberg_texts/84.txt,0.1334369951787556,0.02697431572584117,-0.10646267945291443,10,False,oscar_wilde
pro,all_authors,f1,1000,3,2000,3000,mary_shelley,7,gutenberg_texts/84.txt,0.1849175262121409,0.01787718429320362,-0.16704034191893727,10,False,herbert_george_wells
pro,all_authors,f1,1000,4,3000,4000,mary_shelley,7,gutenberg_texts/84.txt,0.19412471635175862,0.042520301950719486,-0.15160441440103914,10,False,oscar_wilde
pro,all_authors,f1,1000,5,4000,5000,mary_shelley,7,gutenberg_texts/84.txt,0.2812438931695633,0.06328460408662101,-0.21795928908294226,10,False,joseph_conrad
pro,all_authors,f1,1000,1,0,1000,mary_shelley,8,gutenberg_texts/18247.txt,0.02307896944109036,0.01799298553023233,-0.00508598391085803,2,False,joseph_conrad
pro,all_authors,f1,1000,2,1000,2000,mary_shelley,8,gutenberg_texts/18247.txt,0.059438202973510525,0.0369355677569385,-0.022502635216572024,3,False,joseph_conrad
pro,all_authors,f1,1000,3,2000,3000,mary_shelley,8,gutenberg_texts/18247.txt,0.14953906877905201,0.07707350622409806,-0.07246556255495396,4,False,joseph_conrad
pro,all_authors,f1,1000,4,3000,4000,mary_shelley,8,gutenberg_texts/18247.txt,0.14138448853148972,0.06502544929097862,-0.0763590392405111,4,False,joseph_conrad
pro,all_authors,f1,1000,5,4000,5000,mary_shelley,8,gutenberg_texts/18247.txt,0.11469390651174381,0.06759561517909853,-0.04709829133264529,4,False,joseph_conrad
pro,all_authors,f1,1000,1,0,1000,mary_shelley,9,gutenberg_texts/84.txt,0.17608334166523465,0.03009281157756187,-0.14599053008767277,10,False,oscar_wilde
pro,all_authors,f1,1000,2,1000,2000,mary_shelley,9,gutenberg_texts/84.txt,0.2148149484987618,0.04590874560849602,-0.16890620289026576,10,False,oscar_wilde
pro,all_authors,f1,1000,3,2000,3000,mary_shelley,9,gutenberg_texts/84.txt,0.21962279276020946,0.038380725344756485,-0.18124206741545298,10,False,herbert_george_wells
pro,all_authors,f1,1000,4,3000,4000,mary_shelley,9,gutenberg_texts/84.txt,0.2196532300543311,0.036681138483537296,-0.1829720915707938,10,False,joseph_conrad
pro,all_authors,f1,1000,5,4000,5000,mary_shelley,9,gutenberg_texts/84.txt,0.25895303881117804,0.05643417487030042,-0.20251886394087762,10,False,joseph_conrad
pro,all_authors,f1,1000,1,0,1000,mary_shelley,10,gutenberg_texts/18247.txt,0.08554569786377995,0.00623648415853177,-0.07930921370524818,9,False,oscar_wilde
pro,all_authors,f1,1000,2,1000,2000,mary_shelley,10,gutenberg_texts/18247.txt,0.16815020557803934,0.023728984979933698,-0.14442122059810564,10,False,oscar_wilde
pro,all_authors,f1,1000,3,2000,3000,mary_shelley,10,gutenberg_texts/18247.txt,0.11824657036503142,0.02563075943383897,-0.09261581093119245,10,False,oscar_wilde
pro,all_authors,f1,1000,4,3000,4000,mary_shelley,10,gutenberg_texts/18247.txt,0.06037197342398079,0.01578943817117733,-0.044582535252803465,4,False,joseph_conrad
pro,all_authors,f1,1000,5,4000,5000,mary_shelley,10,gutenberg_texts/18247.txt,0.12476714983302209,0.05594455079216668,-0.06882259904085541,5,False,joseph_conrad
pro,all_authors,f1,1000,1,0,1000,charlotte_bronte,1,gutenberg_texts/1260.txt,0.10973261507668146,0.02740824000372953,-0.08232437507295193,6,False,oscar_wilde
pro,all_authors,f1,1000,2,1000,2000,charlotte_bronte,1,gutenberg_texts/1260.txt,0.13908566940577838,0.04212417426967074,-0.09696149513610763,8,False,joseph_conrad
pro,all_authors,f1,1000,3,2000,3000,charlotte_bronte,1,gutenberg_texts/1260.txt,0.21526402655428536,0.08133434249441537,-0.13392968405987,6,False,joseph_conrad
pro,all_authors,f1,1000,4,3000,4000,charlotte_bronte,1,gutenberg_texts/1260.txt,0.17193734339280956,0.06130178880167659,-0.11063555459113297,5,False,joseph_conrad
pro,all_authors,f1,1000,5,4000,5000,charlotte_bronte,1,gutenberg_texts/1260.txt,0.10291839229541018,0.05952911462962497,-0.04338927766578521,5,False,herbert_george_wells
pro,all_authors,f1,1000,1,0,1000,charlotte_bronte,2,gutenberg_texts/30486.txt,0.18363180480916338,0.02232398754943657,-0.16130781725972682,9,False,herbert_george_wells
pro,all_authors,f1,1000,2,1000,2000,charlotte_bronte,2,gutenberg_texts/30486.txt,0.27849241149415976,0.047895649947821556,-0.2305967615463382,10,False,oscar_wilde
pro,all_authors,f1,1000,3,2000,3000,charlotte_bronte,2,gutenberg_texts/30486.txt,0.281009820743027,0.0362219633794503,-0.2447878573635767,10,False,oscar_wilde
pro,all_authors,f1,1000,4,3000,4000,charlotte_bronte,2,gutenberg_texts/30486.txt,0.21142957422027456,0.04621776818568053,-0.165211806034594,10,False,oscar_wilde
pro,all_authors,f1,1000,5,4000,5000,charlotte_bronte,2,gutenberg_texts/30486.txt,0.3091881105659335,0.06453511342591768,-0.24465299714001582,10,False,oscar_wilde
pro,all_authors,f1,1000,1,0,1000,charlotte_bronte,3,gutenberg_texts/1260.txt,0.0792470406682817,0.014459941490153517,-0.06478709917812818,5,False,oscar_wilde
pro,all_authors,f1,1000,2,1000,2000,charlotte_bronte,3,gutenberg_texts/1260.txt,0.17908811123923382,0.05570803402508717,-0.12338007721414665,5,False,oscar_wilde
pro,all_authors,f1,1000,3,2000,3000,charlotte_bronte,3,gutenberg_texts/1260.txt,0.13037565989536923,0.028786399736293967,-0.10158926015907527,5,False,oscar_wilde
pro,all_authors,f1,1000,4,3000,4000,charlotte_bronte,3,gutenberg_texts/1260.txt,0.11939917557330289,0.04160893209047886,-0.07779024348282403,5,False,oscar_wilde
pro,all_authors,f1,1000,5,4000,5000,charlotte_bronte,3,gutenberg_texts/1260.txt,0.14623525270563859,0.03658748827804092,-0.10964776442759766,7,False,oscar_wilde
pro,all_authors,f1,1000,1,0,1000,charlotte_bronte,4,gutenberg_texts/30486.txt,0.14045586589169853,0.026330331247507777,-0.11412553464419076,9,False,herbert_george_wells
pro,all_authors,f1,1000,2,1000,2000,charlotte_bronte,4,gutenberg_texts/30486.txt,0.17528032596346316,0.0166200120508734,-0.15866031391258975,9,False,herbert_george_wells
pro,all_authors,f1,1000,3,2000,3000,charlotte_bronte,4,gutenberg_texts/30486.txt,0.2033297351560114,0.030914641034386233,-0.17241509412162517,9,False,herbert_george_wells
pro,all_authors,f1,1000,4,3000,4000,charlotte_bronte,4,gutenberg_texts/30486.txt,0.2919245447113364,0.052608485306899044,-0.23931605940443734,10,False,oscar_wilde
pro,all_authors,f1,1000,5,4000,5000,charlotte_bronte,4,gutenberg_texts/30486.txt,0.19480661069396138,0.03698982062150774,-0.15781679007245364,10,False,joseph_conrad
pro,all_authors,f1,1000,1,0,1000,charlotte_bronte,5,gutenberg_texts/1260.txt,0.10961073921165576,0.03177379237596073,-0.07783694683569503,5,False,oscar_wilde
pro,all_authors,f1,1000,2,1000,2000,charlotte_bronte,5,gutenberg_texts/1260.txt,0.09528724285740796,0.016589718726586367,-0.0786975241308216,6,False,herbert_george_wells
pro,all_authors,f1,1000,3,2000,3000,charlotte_bronte,5,gutenberg_texts/1260.txt,0.1305124808874171,0.043565922375502414,-0.08694655851191468,5,False,joseph_conrad
pro,all_authors,f1,1000,4,3000,4000,charlotte_bronte,5,gutenberg_texts/1260.txt,0.1810871320844298,0.08336177879075221,-0.0977253532936776,5,False,oscar_wilde
pro,all_authors,f1,1000,5,4000,5000,charlotte_bronte,5,gutenberg_texts/1260.txt,0.4004475403815469,0.19152249698421672,-0.20892504339733017,7,False,joseph_conrad
pro,all_authors,f1,1000,1,0,1000,charlotte_bronte,6,gutenberg_texts/30486.txt,0.17559831866781317,0.02568286662970226,-0.1499154520381109,9,False,arthur_conan_doyle
pro,all_authors,f1,1000,2,1000,2000,charlotte_bronte,6,gutenberg_texts/30486.txt,0.17905732950101846,0.03204338997845633,-0.14701393952256214,9,False,herbert_george_wells
pro,all_authors,f1,1000,3,2000,3000,charlotte_bronte,6,gutenberg_texts/30486.txt,0.2277612589798897,0.021387082567345804,-0.20637417641254388,10,False,oscar_wilde
pro,all_authors,f1,1000,4,3000,4000,charlotte_bronte,6,gutenberg_texts/30486.txt,0.2539176154298708,0.03845399561344733,-0.21546361981642345,10,False,oscar_wilde
pro,all_authors,f1,1000,5,4000,5000,charlotte_bronte,6,gutenberg_texts/30486.txt,0.2098540873129147,0.03474716355184261,-0.17510692376107206,9,False,herbert_george_wells
pro,all_authors,f1,1000,1,0,1000,charlotte_bronte,7,gutenberg_texts/1260.txt,0.0612350427020653,0.013946566983879888,-0.04728847571818541,5,False,herbert_george_wells
pro,all_authors,f1,1000,2,1000,2000,charlotte_bronte,7,gutenberg_texts/1260.txt,0.0659665608636325,0.04541010026691098,-0.020556460596721525,4,False,herbert_george_wells
pro,all_authors,f1,1000,3,2000,3000,charlotte_bronte,7,gutenberg_texts/1260.txt,0.22174372771835404,0.07893143569791744,-0.1428122920204366,6,False,joseph_conrad
pro,all_authors,f1,1000,4,3000,4000,charlotte_bronte,7,gutenberg_texts/1260.txt,0.19773314604186562,0.07337520063350732,-0.1243579454083583,5,False,joseph_conrad
pro,all_authors,f1,1000,5,4000,5000,charlotte_bronte,7,gutenberg_texts/1260.txt,0.23572605276780279,0.08224101515268557,-0.15348503761511723,7,False,joseph_conrad
pro,all_authors,f1,1000,1,0,1000,charlotte_bronte,8,gutenberg_texts/30486.txt,0.16159872416421323,0.023672795224521745,-0.13792592893969147,9,False,oscar_wilde
pro,all_authors,f1,1000,2,1000,2000,charlotte_bronte,8,gutenberg_texts/30486.txt,0.23230057245940863,0.030873583213708783,-0.20142698924569985,9,False,oscar_wilde
pro,all_authors,f1,1000,3,2000,3000,charlotte_bronte,8,gutenberg_texts/30486.txt,0.15552647663556263,0.014046544520367174,-0.14147993211519544,9,False,herbert_george_wells
pro,all_authors,f1,1000,4,3000,4000,charlotte_bronte,8,gutenberg_texts/30486.txt,0.22011685758107427,0.048697919772427135,-0.17141893780864714,9,False,oscar_wilde
pro,all_authors,f1,1000,5,4000,5000,charlotte_bronte,8,gutenberg_texts/30486.txt,0.1584037466310773,0.006870251003253857,-0.15153349562782345,10,False,joseph_conrad
pro,all_authors,f1,1000,1,0,1000,charlotte_bronte,9,gutenberg_texts/1260.txt,0.06837886518475998,0.005412869445093532,-0.06296599573966645,6,False,herbert_george_wells
pro,all_authors,f1,1000,2,1000,2000,charlotte_bronte,9,gutenberg_texts/1260.txt,0.17639384718199083,0.06679921655867727,-0.10959463062331357,5,False,oscar_wilde
pro,all_authors,f1,1000,3,2000,3000,charlotte_bronte,9,gutenberg_texts/1260.txt,0.1332333057020193,0.039375713835641375,-0.09385759186637793,5,False,joseph_conrad
pro,all_authors,f1,1000,4,3000,4000,charlotte_bronte,9,gutenberg_texts/1260.txt,0.17663417678709745,0.05410004984200496,-0.12253412694509248,6,False,joseph_conrad
pro,all_authors,f1,1000,5,4000,5000,charlotte_bronte,9,gutenberg_texts/1260.txt,0.26734939324325513,0.1207567542567738,-0.14659263898648134,7,False,joseph_conrad
pro,all_authors,f1,1000,1,0,1000,charlotte_bronte,10,gutenberg_texts/30486.txt,0.14992961346019068,0.01430975590175366,-0.13561985755843703,9,False,herbert_george_wells
pro,all_authors,f1,1000,2,1000,2000,charlotte_bronte,10,gutenberg_texts/30486.txt,0.26412081061768533,0.04652006304944127,-0.21760074756824405,9,False,arthur_conan_doyle
pro,all_authors,f1,1000,3,2000,3000,charlotte_bronte,10,gutenberg_texts/30486.txt,0.1467473168376558,0.008590893290481695,-0.1381564235471741,9,False,herbert_george_wells
pro,all_authors,f1,1000,4,3000,4000,charlotte_bronte,10,gutenberg_texts/30486.txt,0.28858011378004517,0.05569748781902309,-0.23288262596102208,9,False,herbert_george_wells
pro,all_authors,f1,1000,5,4000,5000,charlotte_bronte,10,gutenberg_texts/30486.txt,0.17671051932403836,0.03169232565735333,-0.14501819366668503,9,False,arthur_conan_doyle
pro,all_authors,f1,1000,1,0,1000,oscar_wilde,1,gutenberg_texts/174.txt,0.22476127082746072,0.04551709934015377,-0.17924417148730695,10,False,herbert_george_wells
pro,all_authors,f1,1000,2,1000,2000,oscar_wilde,1,gutenberg_texts/174.txt,0.1578618831902222,0.04530342917021546,-0.11255845402000675,4,False,joseph_conrad
pro,all_authors,f1,1000,3,2000,3000,oscar_wilde,1,gutenberg_texts/174.txt,0.19390273287376575,0.03672423100832861,-0.15717850186543714,10,False,herbert_george_wells
pro,all_authors,f1,1000,4,3000,4000,oscar_wilde,1,gutenberg_texts/174.txt,0.3268300157260288,0.05023060484916369,-0.2765994108768651,10,False,herbert_george_wells
pro,all_authors,f1,1000,5,4000,5000,oscar_wilde,1,gutenberg_texts/174.txt,0.2872779894677257,0.09554524346480514,-0.19173274600292056,9,False,joseph_conrad
pro,all_authors,f1,1000,1,0,1000,oscar_wilde,2,gutenberg_texts/773.txt,0.030128411293457866,0.02510674977602192,-0.005021661517435945,3,False,arthur_conan_doyle
pro,all_authors,f1,1000,2,1000,2000,oscar_wilde,2,gutenberg_texts/773.txt,0.021063551403895854,0.027491219657548024,0.00642766825365217,1,True,oscar_wilde
pro,all_authors,f1,1000,3,2000,3000,oscar_wilde,2,gutenberg_texts/773.txt,0.03766376234004913,0.04761945031784852,0.009955687977799388,1,True,oscar_wilde
pro,all_authors,f1,1000,4,3000,4000,oscar_wilde,2,gutenberg_texts/773.txt,0.2160252823970962,0.13761771980078155,-0.07840756259631465,2,False,joseph_conrad
pro,all_authors,f1,1000,5,4000,5000,oscar_wilde,2,gutenberg_texts/773.txt,0.04866779425869981,0.063895974655649,0.01522818039694919,1,True,oscar_wilde
pro,all_authors,f1,1000,1,0,1000,oscar_wilde,3,gutenberg_texts/174.txt,0.23194537863996972,0.032431469372436295,-0.19951390926753343,10,False,herbert_george_wells
pro,all_authors,f1,1000,2,1000,2000,oscar_wilde,3,gutenberg_texts/174.txt,0.1696298259709471,0.0679646715745923,-0.10166515439635482,5,False,joseph_conrad
pro,all_authors,f1,1000,3,2000,3000,oscar_wilde,3,gutenberg_texts/174.txt,0.35196006001558316,0.07787230425316019,-0.27408775576242295,10,False,herbert_george_wells
pro,all_authors,f1,1000,4,3000,4000,oscar_wilde,3,gutenberg_texts/174.txt,0.3075514074602552,0.04817345522758955,-0.2593779522326657,10,False,herbert_george_wells
pro,all_authors,f1,1000,5,4000,5000,oscar_wilde,3,gutenberg_texts/174.txt,0.2806587941211568,0.017995232823050766,-0.26266356129810603,10,False,herbert_george_wells
pro,all_authors,f1,1000,1,0,1000,oscar_wilde,4,gutenberg_texts/773.txt,0.047266611521856676,0.030798925932517828,-0.016467685589338848,3,False,arthur_conan_doyle
pro,all_authors,f1,1000,2,1000,2000,oscar_wilde,4,gutenberg_texts/773.txt,0.128057636602067,0.07774212434983986,-0.05031551225222715,2,False,joseph_conrad
pro,all_authors,f1,1000,3,2000,3000,oscar_wilde,4,gutenberg_texts/773.txt,0.13143830533202094,0.09923833004933663,-0.03219997528268431,2,False,joseph_conrad
pro,all_authors,f1,1000,4,3000,4000,oscar_wilde,4,gutenberg_texts/773.txt,0.1267166139733006,0.10801006950701689,-0.018706544466283725,2,False,joseph_conrad
pro,all_authors,f1,1000,5,4000,5000,oscar_wilde,4,gutenberg_texts/773.txt,0.22898374227012636,0.16276214616224693,-0.06622159610787942,2,False,joseph_conrad
pro,all_authors,f1,1000,1,0,1000,oscar_wilde,5,gutenberg_texts/174.txt,0.3002534939860728,0.03074954159208121,-0.2695039523939916,10,False,herbert_george_wells
pro,all_authors,f1,1000,2,1000,2000,oscar_wilde,5,gutenberg_texts/174.txt,0.42178289283553577,0.03005450227087512,-0.39172839056466063,10,False,herbert_george_wells
pro,all_authors,f1,1000,3,2000,3000,oscar_wilde,5,gutenberg_texts/174.txt,0.17682619738324631,0.05947564943099805,-0.11735054795224827,7,False,joseph_conrad
pro,all_authors,f1,1000,4,3000,4000,oscar_wilde,5,gutenberg_texts/174.txt,0.21615937320787298,0.07664606305937431,-0.13951331014849866,9,False,joseph_conrad
pro,all_authors,f1,1000,5,4000,5000,oscar_wilde,5,gutenberg_texts/174.txt,0.22405792454863738,0.07390516775822317,-0.1501527567904142,7,False,joseph_conrad
pro,all_authors,f1,1000,1,0,1000,oscar_wilde,6,gutenberg_texts/773.txt,0.05444169936092087,0.03575892932073464,-0.01868277004018623,4,False,herbert_george_wells
pro,all_authors,f1,1000,2,1000,2000,oscar_wilde,6,gutenberg_texts/773.txt,0.03885731740157175,0.0397418514373231,0.0008845340357513526,1,True,oscar_wilde
pro,all_authors,f1,1000,3,2000,3000,oscar_wilde,6,gutenberg_texts/773.txt,0.0447461865172209,0.05243750683580472,0.0076913203185838205,1,True,oscar_wilde
pro,all_authors,f1,1000,4,3000,4000,oscar_wilde,6,gutenberg_texts/773.txt,0.03403681026352276,0.04039234153974378,0.006355531276221023,1,True,oscar_wilde
pro,all_authors,f1,1000,5,4000,5000,oscar_wilde,6,gutenberg_texts/773.txt,0.03961473679970624,0.04092496177329409,0.001310224973587848,1,True,oscar_wilde
pro,all_authors,f1,1000,1,0,1000,oscar_wilde,7,gutenberg_texts/174.txt,0.1767512639233667,0.0430220433709958,-0.1337292205523709,8,False,joseph_conrad
pro,all_authors,f1,1000,2,1000,2000,oscar_wilde,7,gutenberg_texts/174.txt,0.3291439002231502,0.07349790177741708,-0.2556459984457331,10,False,herbert_george_wells
pro,all_authors,f1,1000,3,2000,3000,oscar_wilde,7,gutenberg_texts/174.txt,0.35441459709742407,0.02474386765733634,-0.32967072944008774,10,False,herbert_george_wells
pro,all_authors,f1,1000,4,3000,4000,oscar_wilde,7,gutenberg_texts/174.txt,0.25801733736517163,0.027110467605784123,-0.2309068697593875,10,False,joseph_conrad
pro,all_authors,f1,1000,5,4000,5000,oscar_wilde,7,gutenberg_texts/174.txt,0.2998056549753543,0.028634715234315086,-0.2711709397410392,10,False,herbert_george_wells
pro,all_authors,f1,1000,1,0,1000,oscar_wilde,8,gutenberg_texts/773.txt,0.040642037030014205,0.021088931831956453,-0.019553105198057752,4,False,herbert_george_wells
pro,all_authors,f1,1000,2,1000,2000,oscar_wilde,8,gutenberg_texts/773.txt,0.2408200908189067,0.17143939388921714,-0.06938069692968957,2,False,joseph_conrad
pro,all_authors,f1,1000,3,2000,3000,oscar_wilde,8,gutenberg_texts/773.txt,0.20663863171866673,0.1171075617258128,-0.08953106999285393,3,False,joseph_conrad
pro,all_authors,f1,1000,4,3000,4000,oscar_wilde,8,gutenberg_texts/773.txt,0.2100662756919313,0.165719679967755,-0.04434659572417629,2,False,joseph_conrad
pro,all_authors,f1,1000,5,4000,5000,oscar_wilde,8,gutenberg_texts/773.txt,0.017104358658425384,0.035257620080119595,0.01815326142169421,1,True,oscar_wilde
pro,all_authors,f1,1000,1,0,1000,oscar_wilde,9,gutenberg_texts/174.txt,0.2622833480796779,0.028639381394570028,-0.23364396668510787,10,False,herbert_george_wells
pro,all_authors,f1,1000,2,1000,2000,oscar_wilde,9,gutenberg_texts/174.txt,0.10652790996571085,0.07385775054845878,-0.03267015941725207,2,False,joseph_conrad
pro,all_authors,f1,1000,3,2000,3000,oscar_wilde,9,gutenberg_texts/174.txt,0.10776819510270108,0.10260262252869688,-0.0051655725740041986,2,False,joseph_conrad
pro,all_authors,f1,1000,4,3000,4000,oscar_wilde,9,gutenberg_texts/174.txt,0.1519273324033602,0.05718131411651257,-0.09474601828684764,4,False,joseph_conrad
pro,all_authors,f1,1000,5,4000,5000,oscar_wilde,9,gutenberg_texts/174.txt,0.26445269176698954,0.08692953634905617,-0.17752315541793337,9,False,joseph_conrad
pro,all_authors,f1,1000,1,0,1000,oscar_wilde,10,gutenberg_texts/773.txt,0.04106598982574885,0.025956268439059783,-0.015109721386689066,3,False,arthur_conan_doyle
pro,all_authors,f1,1000,2,1000,2000,oscar_wilde,10,gutenberg_texts/773.txt,0.045408000008009305,0.0490948687710053,0.0036868687629959956,1,True,oscar_wilde
pro,all_authors,f1,1000,3,2000,3000,oscar_wilde,10,gutenberg_texts/773.txt,0.056524330539755856,0.05548961836189606,-0.0010347121778597965,2,False,arthur_conan_doyle
pro,all_authors,f1,1000,4,3000,4000,oscar_wilde,10,gutenberg_texts/773.txt,0.0060142399385208385,0.015779047798131773,0.009764807859610935,1,True,oscar_wilde
pro,all_authors,f1,1000,5,4000,5000,oscar_wilde,10,gutenberg_texts/773.txt,0.015077987299712499,0.016069254513364682,0.0009912672136521833,1,True,oscar_wilde
pro,all_authors,f1,1000,1,0,1000,joseph_conrad,1,gutenberg_texts/219.txt,0.0520317062368702,0.019740637775538722,-0.03229106846133148,4,False,arthur_conan_doyle
pro,all_authors,f1,1000,2,1000,2000,joseph_conrad,1,gutenberg_texts/219.txt,0.15541649048790232,0.1342650610663418,-0.021151429421560508,2,False,mary_shelley
pro,all_authors,f1,1000,3,2000,3000,joseph_conrad,1,gutenberg_texts/219.txt,0.1574462523538904,0.1570614932749637,-0.0003847590789267108,2,False,oscar_wilde
pro,all_authors,f1,1000,4,3000,4000,joseph_conrad,1,gutenberg_texts/219.txt,0.23298019355464245,0.2650348326171182,0.03205463906247574,1,True,joseph_conrad
pro,all_authors,f1,1000,5,4000,5000,joseph_conrad,1,gutenberg_texts/219.txt,0.24382059763446878,0.2787782289456713,0.0349576313112025,1,True,joseph_conrad
pro,all_authors,f1,1000,1,0,1000,joseph_conrad,2,gutenberg_texts/5658.txt,0.08054713594968169,0.03380346251542449,-0.0467436734342572,3,False,oscar_wilde
pro,all_authors,f1,1000,2,1000,2000,joseph_conrad,2,gutenberg_texts/5658.txt,0.09366691203349636,0.06040620361221731,-0.03326070842127905,3,False,oscar_wilde
pro,all_authors,f1,1000,3,2000,3000,joseph_conrad,2,gutenberg_texts/5658.txt,0.12567901040623705,0.06485589235358297,-0.060823118052654085,4,False,oscar_wilde
pro,all_authors,f1,1000,4,3000,4000,joseph_conrad,2,gutenberg_texts/5658.txt,0.1487988540125864,0.07107091386196385,-0.07772794015062257,5,False,oscar_wilde
pro,all_authors,f1,1000,5,4000,5000,joseph_conrad,2,gutenberg_texts/5658.txt,0.18890606300063104,0.028788971478978527,-0.16011709152165252,9,False,herbert_george_wells
pro,all_authors,f1,1000,1,0,1000,joseph_conrad,3,gutenberg_texts/219.txt,0.060539715198724336,0.02987158081301576,-0.030668134385708576,4,False,arthur_conan_doyle
pro,all_authors,f1,1000,2,1000,2000,joseph_conrad,3,gutenberg_texts/219.txt,0.02847399669239648,0.030931561931322175,0.002457565238925697,1,True,joseph_conrad
pro,all_authors,f1,1000,3,2000,3000,joseph_conrad,3,gutenberg_texts/219.txt,0.04636933054048886,0.04637585758349221,6.527043003350108e-06,1,True,joseph_conrad
pro,all_authors,f1,1000,4,3000,4000,joseph_conrad,3,gutenberg_texts/219.txt,0.05801061586908057,0.07796239375328906,0.019951777884208488,1,True,joseph_conrad
pro,all_authors,f1,1000,5,4000,5000,joseph_conrad,3,gutenberg_texts/219.txt,0.04932467708560614,0.0437285380601854,-0.005596139025420735,3,False,oscar_wilde
pro,all_authors,f1,1000,1,0,1000,joseph_conrad,4,gutenberg_texts/5658.txt,0.11745679137315852,0.07086352500250497,-0.04659326637065356,3,False,oscar_wilde
pro,all_authors,f1,1000,2,1000,2000,joseph_conrad,4,gutenberg_texts/5658.txt,0.10182412154544745,0.09189251640375963,-0.009931605141687824,2,False,oscar_wilde
pro,all_authors,f1,1000,3,2000,3000,joseph_conrad,4,gutenberg_texts/5658.txt,0.11014475881163374,0.05684470843555182,-0.053300050376081924,3,False,oscar_wilde
pro,all_authors,f1,1000,4,3000,4000,joseph_conrad,4,gutenberg_texts/5658.txt,0.12866227868329036,0.04882942992463862,-0.07983284875865174,4,False,oscar_wilde
pro,all_authors,f1,1000,5,4000,5000,joseph_conrad,4,gutenberg_texts/5658.txt,0.17528719883993696,0.06007417609612448,-0.11521302274381248,8,False,oscar_wilde
pro,all_authors,f1,1000,1,0,1000,joseph_conrad,5,gutenberg_texts/219.txt,0.08614254135494147,0.07318169648231877,-0.012960844872622695,2,False,oscar_wilde
pro,all_authors,f1,1000,2,1000,2000,joseph_conrad,5,gutenberg_texts/219.txt,0.1778554903747187,0.21026702730190308,0.032411536927184376,1,True,joseph_conrad
pro,all_authors,f1,1000,3,2000,3000,joseph_conrad,5,gutenberg_texts/219.txt,0.11199997355495847,0.13419334329571964,0.022193369740761165,1,True,joseph_conrad
pro,all_authors,f1,1000,4,3000,4000,joseph_conrad,5,gutenberg_texts/219.txt,0.09249090542807147,0.11280096196864305,0.02031005654057158,1,True,joseph_conrad
pro,all_authors,f1,1000,5,4000,5000,joseph_conrad,5,gutenberg_texts/219.txt,0.11960052546169324,0.13586588132078734,0.016265355859094097,1,True,joseph_conrad
pro,all_authors,f1,1000,1,0,1000,joseph_conrad,6,gutenberg_texts/5658.txt,0.04160964045636616,0.14157556731204743,0.09996592685568126,1,True,joseph_conrad
pro,all_authors,f1,1000,2,1000,2000,joseph_conrad,6,gutenberg_texts/5658.txt,0.066809763643075,0.063842314020375,-0.0029674496226999997,2,False,oscar_wilde
pro,all_authors,f1,1000,3,2000,3000,joseph_conrad,6,gutenberg_texts/5658.txt,0.09191087002890781,0.10498588781362131,0.013075017784713497,1,True,joseph_conrad
pro,all_authors,f1,1000,4,3000,4000,joseph_conrad,6,gutenberg_texts/5658.txt,0.12218960112955203,0.2467955601626008,0.12460595903304876,1,True,joseph_conrad
pro,all_authors,f1,1000,5,4000,5000,joseph_conrad,6,gutenberg_texts/5658.txt,0.1164437142649134,0.15909859300240953,0.04265487873749613,1,True,joseph_conrad
pro,all_authors,f1,1000,1,0,1000,joseph_conrad,7,gutenberg_texts/219.txt,0.11570307901418835,0.10334398348107819,-0.012359095533110154,2,False,oscar_wilde
pro,all_authors,f1,1000,2,1000,2000,joseph_conrad,7,gutenberg_texts/219.txt,0.04018927415055801,0.05248715872480932,0.012297884574251315,1,True,joseph_conrad
pro,all_authors,f1,1000,3,2000,3000,joseph_conrad,7,gutenberg_texts/219.txt,0.0697584758694553,0.09195892228294639,0.022200446413491087,1,True,joseph_conrad
pro,all_authors,f1,1000,4,3000,4000,joseph_conrad,7,gutenberg_texts/219.txt,0.06711272178775836,0.059951942145740414,-0.007160779642017945,2,False,oscar_wilde
pro,all_authors,f1,1000,5,4000,5000,joseph_conrad,7,gutenberg_texts/219.txt,0.033798127295519426,0.04059705682524824,0.006798929529728812,1,True,joseph_conrad
pro,all_authors,f1,1000,1,0,1000,joseph_conrad,8,gutenberg_texts/5658.txt,0.06811663407836133,0.027254956363479948,-0.040861677714881375,3,False,oscar_wilde
pro,all_authors,f1,1000,2,1000,2000,joseph_conrad,8,gutenberg_texts/5658.txt,0.05015388241632483,0.05234705166039824,0.002193169244073409,1,True,joseph_conrad
pro,all_authors,f1,1000,3,2000,3000,joseph_conrad,8,gutenberg_texts/5658.txt,0.06716665016885069,0.09963225546790326,0.03246560529905257,1,True,joseph_conrad
pro,all_authors,f1,1000,4,3000,4000,joseph_conrad,8,gutenberg_texts/5658.txt,0.06598815220354556,0.07982538854952745,0.013837236345981885,1,True,joseph_conrad
pro,all_authors,f1,1000,5,4000,5000,joseph_conrad,8,gutenberg_texts/5658.txt,0.09309391984795307,0.07661967711840019,-0.016474242729552876,2,False,oscar_wilde
pro,all_authors,f1,1000,1,0,1000,joseph_conrad,9,gutenberg_texts/219.txt,0.06848380399043708,0.053980689285619006,-0.01450311470481807,2,False,oscar_wilde
pro,all_authors,f1,1000,2,1000,2000,joseph_conrad,9,gutenberg_texts/219.txt,0.07986554736864196,0.07682558216044431,-0.0030399652081976453,2,False,mary_shelley
pro,all_authors,f1,1000,3,2000,3000,joseph_conrad,9,gutenberg_texts/219.txt,0.08768964523928273,0.08287454891294821,-0.00481509632633452,2,False,oscar_wilde
pro,all_authors,f1,1000,4,3000,4000,joseph_conrad,9,gutenberg_texts/219.txt,0.10219223313063241,0.08747070220041506,-0.014721530930217358,2,False,oscar_wilde
pro,all_authors,f1,1000,5,4000,5000,joseph_conrad,9,gutenberg_texts/219.txt,0.0444940975236444,0.0314569095089939,-0.013037188014650501,3,False,oscar_wilde
pro,all_authors,f1,1000,1,0,1000,joseph_conrad,10,gutenberg_texts/5658.txt,0.08290260266693715,0.06334726052221332,-0.019555342144723833,4,False,arthur_conan_doyle
pro,all_authors,f1,1000,2,1000,2000,joseph_conrad,10,gutenberg_texts/5658.txt,0.03500066041338104,0.10581624959023657,0.07081558917685553,1,True,joseph_conrad
pro,all_authors,f1,1000,3,2000,3000,joseph_conrad,10,gutenberg_texts/5658.txt,0.03871896819969356,0.10323626438097798,0.06451729618128442,1,True,joseph_conrad
pro,all_authors,f1,1000,4,3000,4000,joseph_conrad,10,gutenberg_texts/5658.txt,0.2214331013370861,0.07832451959643964,-0.14310858174064645,8,False,herbert_george_wells
pro,all_authors,f1,1000,5,4000,5000,joseph_conrad,10,gutenberg_texts/5658.txt,0.1253430006571373,0.09868669569010777,-0.02665630496702953,3,False,oscar_wilde
pro,all_authors,f3,1000,1,0,1000,jane_austen,1,full_books/jane_austen_full.txt,0.159756850674512,0.08097537430240097,-0.07878147637211104,9,False,herbert_george_wells
pro,all_authors,f3,1000,2,1000,2000,jane_austen,1,full_books/jane_austen_full.txt,0.31137390463254,0.07810611415897684,-0.23326779047356316,8,False,oscar_wilde
pro,all_authors,f3,1000,3,2000,3000,jane_austen,1,full_books/jane_austen_full.txt,0.9421513818824157,0.34035762544622794,-0.6017937564361877,9,False,joseph_conrad
pro,all_authors,f3,1000,4,3000,4000,jane_austen,1,full_books/jane_austen_full.txt,0.6911357882527215,0.19666893292210144,-0.49446685533062007,9,False,joseph_conrad
pro,all_authors,f3,1000,5,4000,5000,jane_austen,1,full_books/jane_austen_full.txt,0.33392279329753305,0.08119793754819628,-0.2527248557493368,9,False,herbert_george_wells
pro,all_authors,f3,1000,1,0,1000,jane_austen,2,full_books/jane_austen_full.txt,0.1937681992161131,0.03835390733900079,-0.1554142918771123,8,False,herbert_george_wells
pro,all_authors,f3,1000,2,1000,2000,jane_austen,2,full_books/jane_austen_full.txt,0.26361490919809255,0.09382396815989161,-0.16979094103820094,8,False,oscar_wilde
pro,all_authors,f3,1000,3,2000,3000,jane_austen,2,full_books/jane_austen_full.txt,0.1990613639147997,0.04675644661402415,-0.15230491730077556,8,False,herbert_george_wells
pro,all_authors,f3,1000,4,3000,4000,jane_austen,2,full_books/jane_austen_full.txt,0.37177992669326954,0.07860039341434105,-0.2931795332789285,8,False,oscar_wilde
pro,all_authors,f3,1000,5,4000,5000,jane_austen,2,full_books/jane_austen_full.txt,0.28764110195786974,0.06592862275944915,-0.22171247919842058,9,False,joseph_conrad
pro,all_authors,f3,1000,1,0,1000,jane_austen,3,gutenberg_texts/161.txt,0.17069919314755103,0.04541976766405145,-0.12527942548349957,8,False,herbert_george_wells
pro,all_authors,f3,1000,2,1000,2000,jane_austen,3,gutenberg_texts/161.txt,0.23335215374394142,0.05597789078613539,-0.17737426295780603,8,False,herbert_george_wells
pro,all_authors,f3,1000,3,2000,3000,jane_austen,3,gutenberg_texts/161.txt,0.2651984946648443,0.08284489519914419,-0.18235359946570012,7,False,oscar_wilde
pro,all_authors,f3,1000,4,3000,4000,jane_austen,3,gutenberg_texts/161.txt,0.30609432650664714,0.08883904208825003,-0.21725528441839712,7,False,oscar_wilde
pro,all_authors,f3,1000,5,4000,5000,jane_austen,3,gutenberg_texts/161.txt,0.38673273914397943,0.1155433401336127,-0.27118939901036676,6,False,oscar_wilde
pro,all_authors,f3,1000,1,0,1000,jane_austen,4,full_books/jane_austen_full.txt,0.17508387169987827,0.06794773809647911,-0.10713613360339916,9,False,herbert_george_wells
pro,all_authors,f3,1000,2,1000,2000,jane_austen,4,full_books/jane_austen_full.txt,0.2563722016870816,0.04151618084832663,-0.21485602083875494,8,False,herbert_george_wells
pro,all_authors,f3,1000,3,2000,3000,jane_austen,4,full_books/jane_austen_full.txt,0.2516433057719335,0.04467566444492132,-0.20696764132701218,9,False,herbert_george_wells
pro,all_authors,f3,1000,4,3000,4000,jane_austen,4,full_books/jane_austen_full.txt,0.3748682954943803,0.08297370070132652,-0.29189459479305374,9,False,herbert_george_wells
pro,all_authors,f3,1000,5,4000,5000,jane_austen,4,full_books/jane_austen_full.txt,0.37758147612014625,0.08298857031775703,-0.2945929058023892,8,False,oscar_wilde
pro,all_authors,f3,1000,1,0,1000,jane_austen,5,full_books/jane_austen_full.txt,0.15881498309733183,0.0766601731093232,-0.08215480998800863,8,False,herbert_george_wells
pro,all_authors,f3,1000,2,1000,2000,jane_austen,5,full_books/jane_austen_full.txt,0.3098910963807429,0.049675790474064244,-0.2602153059066787,9,False,herbert_george_wells
pro,all_authors,f3,1000,3,2000,3000,jane_austen,5,full_books/jane_austen_full.txt,0.2317866793996978,0.03832575858036614,-0.19346092081933167,9,False,herbert_george_wells
pro,all_authors,f3,1000,4,3000,4000,jane_austen,5,full_books/jane_austen_full.txt,0.2877482169030364,0.06642607862622463,-0.2213221382768118,9,False,herbert_george_wells
pro,all_authors,f3,1000,5,4000,5000,jane_austen,5,full_books/jane_austen_full.txt,0.2821221802013954,0.06161419125983666,-0.22050798894155874,9,False,herbert_george_wells
pro,all_authors,f3,1000,1,0,1000,jane_austen,6,gutenberg_texts/161.txt,0.14168203724422082,0.058776018062643286,-0.08290601918157753,8,False,herbert_george_wells
pro,all_authors,f3,1000,2,1000,2000,jane_austen,6,gutenberg_texts/161.txt,0.24309792374336905,0.05564952751522093,-0.18744839622814813,8,False,herbert_george_wells
pro,all_authors,f3,1000,3,2000,3000,jane_austen,6,gutenberg_texts/161.txt,0.24972556386700834,0.06900494316304831,-0.18072062070396003,7,False,herbert_george_wells
pro,all_authors,f3,1000,4,3000,4000,jane_austen,6,gutenberg_texts/161.txt,0.21629075169300246,0.058145386443231604,-0.15814536524977085,7,False,herbert_george_wells
pro,all_authors,f3,1000,5,4000,5000,jane_austen,6,gutenberg_texts/161.txt,0.2865645946502732,0.04940725489376191,-0.23715733975651127,8,False,herbert_george_wells
pro,all_authors,f3,1000,1,0,1000,jane_austen,7,full_books/jane_austen_full.txt,0.23018641582303395,0.11187043962691968,-0.11831597619611427,9,False,agnes_may_fleming
pro,all_authors,f3,1000,2,1000,2000,jane_austen,7,full_books/jane_austen_full.txt,0.2700231065192931,0.055943700815722495,-0.21407940570357062,9,False,herbert_george_wells
pro,all_authors,f3,1000,3,2000,3000,jane_austen,7,full_books/jane_austen_full.txt,0.25960005623839216,0.07554198403224437,-0.18405807220614778,9,False,herbert_george_wells
pro,all_authors,f3,1000,4,3000,4000,jane_austen,7,full_books/jane_austen_full.txt,0.3386935327388309,0.07767346195576443,-0.2610200707830665,9,False,herbert_george_wells
pro,all_authors,f3,1000,5,4000,5000,jane_austen,7,full_books/jane_austen_full.txt,0.3751253528891259,0.10456874044710983,-0.27055661244201606,8,False,joseph_conrad
pro,all_authors,f3,1000,1,0,1000,jane_austen,8,full_books/jane_austen_full.txt,0.20874573350092385,0.058635866605983286,-0.15010986689494055,9,False,arthur_conan_doyle
pro,all_authors,f3,1000,2,1000,2000,jane_austen,8,full_books/jane_austen_full.txt,0.22425481431784686,0.0836420303829556,-0.14061278393489124,8,False,herbert_george_wells
pro,all_authors,f3,1000,3,2000,3000,jane_austen,8,full_books/jane_austen_full.txt,0.15496175308152252,0.04258214515299208,-0.11237960792853044,9,False,herbert_george_wells
pro,all_authors,f3,1000,4,3000,4000,jane_austen,8,full_books/jane_austen_full.txt,0.2752477262950373,0.055048229055045625,-0.22019949723999166,9,False,herbert_george_wells
pro,all_authors,f3,1000,5,4000,5000,jane_austen,8,full_books/jane_austen_full.txt,0.3536705362441348,0.0840027062421118,-0.269667830002023,8,False,herbert_george_wells
pro,all_authors,f3,1000,1,0,1000,jane_austen,9,gutenberg_texts/161.txt,0.21722771442720565,0.05370290103591996,-0.1635248133912857,9,False,herbert_george_wells
pro,all_authors,f3,1000,2,1000,2000,jane_austen,9,gutenberg_texts/161.txt,0.22738170513817868,0.03601781760966852,-0.19136388752851016,9,False,herbert_george_wells
pro,all_authors,f3,1000,3,2000,3000,jane_austen,9,gutenberg_texts/161.txt,0.1984434882474052,0.08095845821608362,-0.11748503003132159,6,False,oscar_wilde
pro,all_authors,f3,1000,4,3000,4000,jane_austen,9,gutenberg_texts/161.txt,0.26653577914692106,0.09948269031143223,-0.16705308883548883,6,False,oscar_wilde
pro,all_authors,f3,1000,5,4000,5000,jane_austen,9,gutenberg_texts/161.txt,0.18484555731100302,0.07712663428663971,-0.10771892302436331,6,False,joseph_conrad
pro,all_authors,f3,1000,1,0,1000,jane_austen,10,full_books/jane_austen_full.txt,0.25759459645142807,0.08299473251537187,-0.1745998639360562,9,False,herbert_george_wells
pro,all_authors,f3,1000,2,1000,2000,jane_austen,10,full_books/jane_austen_full.txt,0.38729517099366084,0.061423422330103145,-0.3258717486635577,9,False,herbert_george_wells
pro,all_authors,f3,1000,3,2000,3000,jane_austen,10,full_books/jane_austen_full.txt,0.3692391626455871,0.06649576436608375,-0.30274339827950336,9,False,herbert_george_wells
pro,all_authors,f3,1000,4,3000,4000,jane_austen,10,full_books/jane_austen_full.txt,0.45094969745543984,0.11933911438071117,-0.3316105830747287,8,False,joseph_conrad
pro,all_authors,f3,1000,5,4000,5000,jane_austen,10,full_books/jane_austen_full.txt,0.3005173027861986,0.06078866597587546,-0.23972863681032314,9,False,joseph_conrad
pro,all_authors,f3,1000,1,0,1000,herbert_george_wells,1,full_books/herbert_george_wells_full.txt,0.16439288377770017,0.051361210962690466,-0.1130316728150097,4,False,arthur_conan_doyle
pro,all_authors,f3,1000,2,1000,2000,herbert_george_wells,1,full_books/herbert_george_wells_full.txt,0.05362406565527283,0.055994148035411764,0.0023700823801389367,1,True,herbert_george_wells
pro,all_authors,f3,1000,3,2000,3000,herbert_george_wells,1,full_books/herbert_george_wells_full.txt,0.4245097664628535,0.3892943800448848,-0.035215386417968675,2,False,joseph_conrad
pro,all_authors,f3,1000,4,3000,4000,herbert_george_wells,1,full_books/herbert_george_wells_full.txt,0.4365356517342176,0.36105032545591514,-0.07548532627830246,3,False,joseph_conrad
pro,all_authors,f3,1000,5,4000,5000,herbert_george_wells,1,full_books/herbert_george_wells_full.txt,0.3650479295456262,0.30203554860866716,-0.06301238093695904,2,False,joseph_conrad
pro,all_authors,f3,1000,1,0,1000,herbert_george_wells,2,gutenberg_texts/35.txt,0.29678400970426055,0.18098986604489115,-0.11579414365936941,6,False,oscar_wilde
pro,all_authors,f3,1000,2,1000,2000,herbert_george_wells,2,gutenberg_texts/35.txt,0.43494187298179104,0.22596428523549905,-0.208977587746292,6,False,oscar_wilde
pro,all_authors,f3,1000,3,2000,3000,herbert_george_wells,2,gutenberg_texts/35.txt,0.4308316027077173,0.22039745881431327,-0.21043414389340404,6,False,joseph_conrad
pro,all_authors,f3,1000,4,3000,4000,herbert_george_wells,2,gutenberg_texts/35.txt,0.38286121870837864,0.19373471695640468,-0.18912650175197396,6,False,oscar_wilde
pro,all_authors,f3,1000,5,4000,5000,herbert_george_wells,2,gutenberg_texts/35.txt,0.42123989109210547,0.21309359920488516,-0.2081462918872203,6,False,oscar_wilde
pro,all_authors,f3,1000,1,0,1000,herbert_george_wells,3,full_books/herbert_george_wells_full.txt,0.2666311038219256,0.08522121618449033,-0.1814098876374353,8,False,arthur_conan_doyle
pro,all_authors,f3,1000,2,1000,2000,herbert_george_wells,3,full_books/herbert_george_wells_full.txt,0.043177556268887994,0.07920289873172479,0.03602534246283679,1,True,herbert_george_wells
pro,all_authors,f3,1000,3,2000,3000,herbert_george_wells,3,full_books/herbert_george_wells_full.txt,0.05665725889360618,0.1162948506086965,0.059637591715090324,1,True,herbert_george_wells
pro,all_authors,f3,1000,4,3000,4000,herbert_george_wells,3,full_books/herbert_george_wells_full.txt,0.18556656862029763,0.226266112968947,0.040699544348649364,1,True,herbert_george_wells
pro,all_authors,f3,1000,5,4000,5000,herbert_george_wells,3,full_books/herbert_george_wells_full.txt,0.19131549897970046,0.23393226393352204,0.04261676495382158,1,True,herbert_george_wells
pro,all_authors,f3,1000,1,0,1000,herbert_george_wells,4,gutenberg_texts/35.txt,0.42052829218649324,0.19088624967054718,-0.22964204251594605,10,False,mary_shelley
pro,all_authors,f3,1000,2,1000,2000,herbert_george_wells,4,gutenberg_texts/35.txt,0.49421603500020705,0.29602957748012293,-0.19818645752008412,5,False,oscar_wilde
pro,all_authors,f3,1000,3,2000,3000,herbert_george_wells,4,gutenberg_texts/35.txt,0.5640205750786703,0.32172362861572495,-0.24229694646294536,6,False,joseph_conrad
pro,all_authors,f3,1000,4,3000,4000,herbert_george_wells,4,gutenberg_texts/35.txt,0.5971775852255929,0.32870398122686983,-0.2684736039987231,5,False,joseph_conrad
pro,all_authors,f3,1000,5,4000,5000,herbert_george_wells,4,gutenberg_texts/35.txt,0.4781010042070318,0.23869085284607608,-0.2394101513609557,4,False,joseph_conrad
pro,all_authors,f3,1000,1,0,1000,herbert_george_wells,5,full_books/herbert_george_wells_full.txt,0.4461705562484076,0.20232641168047283,-0.2438441445679348,9,False,agnes_may_fleming
pro,all_authors,f3,1000,2,1000,2000,herbert_george_wells,5,full_books/herbert_george_wells_full.txt,0.18082297484616666,0.10272732252863033,-0.07809565231753633,4,False,oscar_wilde
pro,all_authors,f3,1000,3,2000,3000,herbert_george_wells,5,full_books/herbert_george_wells_full.txt,0.13054076900378692,0.114514810887071,-0.01602595811671592,3,False,joseph_conrad
pro,all_authors,f3,1000,4,3000,4000,herbert_george_wells,5,full_books/herbert_george_wells_full.txt,0.06500189007105897,0.0730071881117657,0.008005298040706724,1,True,herbert_george_wells
pro,all_authors,f3,1000,5,4000,5000,herbert_george_wells,5,full_books/herbert_george_wells_full.txt,0.24447730484584235,0.2676660337143934,0.023188728868551056,1,True,herbert_george_wells
pro,all_authors,f3,1000,1,0,1000,herbert_george_wells,6,gutenberg_texts/35.txt,0.2574544821568471,0.08766320698683268,-0.1697912751700144,10,False,oscar_wilde
pro,all_authors,f3,1000,2,1000,2000,herbert_george_wells,6,gutenberg_texts/35.txt,0.10431079216703949,0.06635713751105926,-0.03795365465598023,3,False,oscar_wilde
pro,all_authors,f3,1000,3,2000,3000,herbert_george_wells,6,gutenberg_texts/35.txt,0.06152109313160888,0.10907531817062763,0.047554225039018745,1,True,herbert_george_wells
pro,all_authors,f3,1000,4,3000,4000,herbert_george_wells,6,gutenberg_texts/35.txt,0.12106935217413865,0.1508105193807415,0.029741167206602845,1,True,herbert_george_wells
pro,all_authors,f3,1000,5,4000,5000,herbert_george_wells,6,gutenberg_texts/35.txt,0.20060729373741135,0.15234284352535865,-0.048264450212052695,3,False,joseph_conrad
pro,all_authors,f3,1000,1,0,1000,herbert_george_wells,7,full_books/herbert_george_wells_full.txt,0.20700002757510852,0.062373779531423396,-0.14462624804368512,8,False,arthur_conan_doyle
pro,all_authors,f3,1000,2,1000,2000,herbert_george_wells,7,full_books/herbert_george_wells_full.txt,0.11770264982393062,0.09646239312894593,-0.021240256694984694,2,False,oscar_wilde
pro,all_authors,f3,1000,3,2000,3000,herbert_george_wells,7,full_books/herbert_george_wells_full.txt,0.14774567810621572,0.19855632917985439,0.05081065107363866,1,True,herbert_george_wells
pro,all_authors,f3,1000,4,3000,4000,herbert_george_wells,7,full_books/herbert_george_wells_full.txt,0.06667388197533335,0.058669980210868486,-0.00800390176446486,2,False,oscar_wilde
pro,all_authors,f3,1000,5,4000,5000,herbert_george_wells,7,full_books/herbert_george_wells_full.txt,0.051801346225273735,0.06131839833733684,0.009517052112063107,1,True,herbert_george_wells
pro,all_authors,f3,1000,1,0,1000,herbert_george_wells,8,gutenberg_texts/35.txt,0.5105784263571547,0.21117369498881483,-0.29940473136833984,10,False,mary_shelley
pro,all_authors,f3,1000,2,1000,2000,herbert_george_wells,8,gutenberg_texts/35.txt,0.38479347869417097,0.20543977954787826,-0.1793536991462927,3,False,joseph_conrad
pro,all_authors,f3,1000,3,2000,3000,herbert_george_wells,8,gutenberg_texts/35.txt,0.5257198492901732,0.23509455297970788,-0.29062529631046535,5,False,joseph_conrad
pro,all_authors,f3,1000,4,3000,4000,herbert_george_wells,8,gutenberg_texts/35.txt,0.27231187427973974,0.241115412445414,-0.03119646183432573,2,False,joseph_conrad
pro,all_authors,f3,1000,5,4000,5000,herbert_george_wells,8,gutenberg_texts/35.txt,0.6776066723787426,0.4017950770778006,-0.275811595300942,3,False,joseph_conrad
pro,all_authors,f3,1000,1,0,1000,herbert_george_wells,9,full_books/herbert_george_wells_full.txt,0.2642520371027529,0.0651721841412917,-0.19907985296146122,8,False,arthur_conan_doyle
pro,all_authors,f3,1000,2,1000,2000,herbert_george_wells,9,full_books/herbert_george_wells_full.txt,0.1294645015525833,0.09474600512614018,-0.03471849642644312,3,False,arthur_conan_doyle
pro,all_authors,f3,1000,3,2000,3000,herbert_george_wells,9,full_books/herbert_george_wells_full.txt,0.07240519290194201,0.08334186420949076,0.010936671307548745,1,True,herbert_george_wells
pro,all_authors,f3,1000,4,3000,4000,herbert_george_wells,9,full_books/herbert_george_wells_full.txt,0.07350323087894822,0.0694028632798689,-0.0041003675990793215,2,False,oscar_wilde
pro,all_authors,f3,1000,5,4000,5000,herbert_george_wells,9,full_books/herbert_george_wells_full.txt,0.10318669218054721,0.10278677069589778,-0.0003999214846494292,3,False,joseph_conrad
pro,all_authors,f3,1000,1,0,1000,herbert_george_wells,10,gutenberg_texts/35.txt,0.3684515309218475,0.15977111551351555,-0.20868041540833196,10,False,joseph_conrad
pro,all_authors,f3,1000,2,1000,2000,herbert_george_wells,10,gutenberg_texts/35.txt,0.5429196142778038,0.2763842237355504,-0.2665353905422534,5,False,joseph_conrad
pro,all_authors,f3,1000,3,2000,3000,herbert_george_wells,10,gutenberg_texts/35.txt,0.5647000790884266,0.3021408608729893,-0.26255921821543726,5,False,joseph_conrad
pro,all_authors,f3,1000,4,3000,4000,herbert_george_wells,10,gutenberg_texts/35.txt,0.41327637933043704,0.2360477310844255,-0.17722864824601153,4,False,joseph_conrad
pro,all_authors,f3,1000,5,4000,5000,herbert_george_wells,10,gutenberg_texts/35.txt,0.5058389189286908,0.2374976294273903,-0.26834128950130054,5,False,joseph_conrad
pro,all_authors,f3,1000,1,0,1000,agnes_may_fleming,1,full_books/agnes_may_fleming_full.txt,0.15210311318635866,0.052590811236175886,-0.09951230195018278,4,False,oscar_wilde
pro,all_authors,f3,1000,2,1000,2000,agnes_may_fleming,1,full_books/agnes_may_fleming_full.txt,0.15082255191241328,0.07919058055952824,-0.07163197135288504,4,False,oscar_wilde
pro,all_authors,f3,1000,3,2000,3000,agnes_may_fleming,1,full_books/agnes_may_fleming_full.txt,0.23038031267852788,0.10911825700674298,-0.1212620556717849,4,False,joseph_conrad
pro,all_authors,f3,1000,4,3000,4000,agnes_may_fleming,1,full_books/agnes_may_fleming_full.txt,0.22800922357737566,0.0943192218150807,-0.13369000176229495,4,False,joseph_conrad
pro,all_authors,f3,1000,5,4000,5000,agnes_may_fleming,1,full_books/agnes_may_fleming_full.txt,0.2599940744507077,0.11384485619864654,-0.14614921825206117,4,False,joseph_conrad
pro,all_authors,f3,1000,1,0,1000,agnes_may_fleming,2,gutenberg_texts/7063.txt,0.3920376483427262,0.05382983730656894,-0.33820781103615727,9,False,herbert_george_wells
pro,all_authors,f3,1000,2,1000,2000,agnes_may_fleming,2,gutenberg_texts/7063.txt,0.5213110690266567,0.07646074805310654,-0.44485032097355015,9,False,herbert_george_wells
pro,all_authors,f3,1000,3,2000,3000,agnes_may_fleming,2,gutenberg_texts/7063.txt,0.5337909313061004,0.09070846117019604,-0.4430824701359044,9,False,herbert_george_wells
pro,all_authors,f3,1000,4,3000,4000,agnes_may_fleming,2,gutenberg_texts/7063.txt,0.5356775810455263,0.07134170802284544,-0.46433587302268087,10,False,joseph_conrad
pro,all_authors,f3,1000,5,4000,5000,agnes_may_fleming,2,gutenberg_texts/7063.txt,0.4728821368012362,0.05473342049172823,-0.41814871630950795,10,False,herbert_george_wells
pro,all_authors,f3,1000,1,0,1000,agnes_may_fleming,3,full_books/agnes_may_fleming_full.txt,0.07786283451670398,0.05739051507717019,-0.020472319439533787,2,False,oscar_wilde
pro,all_authors,f3,1000,2,1000,2000,agnes_may_fleming,3,full_books/agnes_may_fleming_full.txt,0.17448196524581427,0.08578282288469621,-0.08869914236111806,4,False,joseph_conrad
pro,all_authors,f3,1000,3,2000,3000,agnes_may_fleming,3,full_books/agnes_may_fleming_full.txt,0.24362466273389066,0.12990648352030085,-0.11371817921358982,5,False,herbert_george_wells
pro,all_authors,f3,1000,4,3000,4000,agnes_may_fleming,3,full_books/agnes_may_fleming_full.txt,0.29372297522297164,0.10383050217611942,-0.18989247304685222,4,False,joseph_conrad
pro,all_authors,f3,1000,5,4000,5000,agnes_may_fleming,3,full_books/agnes_may_fleming_full.txt,0.5185391864082658,0.22627672313590796,-0.29226246327235783,5,False,joseph_conrad
pro,all_authors,f3,1000,1,0,1000,agnes_may_fleming,4,gutenberg_texts/7063.txt,0.3124617742336415,0.057122796906630136,-0.2553389773270114,9,False,herbert_george_wells
pro,all_authors,f3,1000,2,1000,2000,agnes_may_fleming,4,gutenberg_texts/7063.txt,0.4744579093325128,0.047876050871699466,-0.4265818584608133,10,False,oscar_wilde
pro,all_authors,f3,1000,3,2000,3000,agnes_may_fleming,4,gutenberg_texts/7063.txt,0.4498550680801432,0.05098956893393586,-0.39886549914620734,10,False,herbert_george_wells
pro,all_authors,f3,1000,4,3000,4000,agnes_may_fleming,4,gutenberg_texts/7063.txt,0.6808890969363416,0.10362115220548752,-0.5772679447308541,10,False,oscar_wilde
pro,all_authors,f3,1000,5,4000,5000,agnes_may_fleming,4,gutenberg_texts/7063.txt,0.7464305503647596,0.08847435733808434,-0.6579561930266753,10,False,joseph_conrad
pro,all_authors,f3,1000,1,0,1000,agnes_may_fleming,5,full_books/agnes_may_fleming_full.txt,0.08037636205333465,0.03522185926644749,-0.04515450278688716,3,False,herbert_george_wells
pro,all_authors,f3,1000,2,1000,2000,agnes_may_fleming,5,full_books/agnes_may_fleming_full.txt,0.22518619006068505,0.10419967788648704,-0.12098651217419801,4,False,oscar_wilde
pro,all_authors,f3,1000,3,2000,3000,agnes_may_fleming,5,full_books/agnes_may_fleming_full.txt,0.15433904973383855,0.06711499311625613,-0.08722405661758242,5,False,oscar_wilde
pro,all_authors,f3,1000,4,3000,4000,agnes_may_fleming,5,full_books/agnes_may_fleming_full.txt,0.1776942426282014,0.09212599968466674,-0.08556824294353467,5,False,herbert_george_wells
pro,all_authors,f3,1000,5,4000,5000,agnes_may_fleming,5,full_books/agnes_may_fleming_full.txt,0.1883874347775969,0.09982030059834604,-0.08856713417925086,5,False,herbert_george_wells
pro,all_authors,f3,1000,1,0,1000,agnes_may_fleming,6,gutenberg_texts/7063.txt,0.45548147214207385,0.08328936911296635,-0.3721921030291075,10,False,oscar_wilde
pro,all_authors,f3,1000,2,1000,2000,agnes_may_fleming,6,gutenberg_texts/7063.txt,0.5002975077919425,0.06595800124127922,-0.4343395065506633,10,False,oscar_wilde
pro,all_authors,f3,1000,3,2000,3000,agnes_may_fleming,6,gutenberg_texts/7063.txt,0.43456662721004213,0.061996904263886626,-0.37256972294615553,9,False,herbert_george_wells
pro,all_authors,f3,1000,4,3000,4000,agnes_may_fleming,6,gutenberg_texts/7063.txt,0.5082506710876976,0.07704037243086487,-0.43121029865683275,10,False,joseph_conrad
pro,all_authors,f3,1000,5,4000,5000,agnes_may_fleming,6,gutenberg_texts/7063.txt,0.6227974981228153,0.09577323032562952,-0.5270242677971857,10,False,joseph_conrad
pro,all_authors,f3,1000,1,0,1000,agnes_may_fleming,7,full_books/agnes_may_fleming_full.txt,0.20304656805636007,0.12394377736110118,-0.07910279069525888,6,False,mary_shelley
pro,all_authors,f3,1000,2,1000,2000,agnes_may_fleming,7,full_books/agnes_may_fleming_full.txt,0.39624140730558693,0.2004313066189376,-0.19581010068664934,4,False,joseph_conrad
pro,all_authors,f3,1000,3,2000,3000,agnes_may_fleming,7,full_books/agnes_may_fleming_full.txt,0.5210726124025296,0.24343018899583946,-0.2776424234066901,6,False,joseph_conrad
pro,all_authors,f3,1000,4,3000,4000,agnes_may_fleming,7,full_books/agnes_may_fleming_full.txt,0.6585468231141876,0.35813828773046424,-0.3004085353837233,5,False,joseph_conrad
pro,all_authors,f3,1000,5,4000,5000,agnes_may_fleming,7,full_books/agnes_may_fleming_full.txt,0.48661293784049614,0.25621392069816945,-0.2303990171423267,4,False,joseph_conrad
pro,all_authors,f3,1000,1,0,1000,agnes_may_fleming,8,gutenberg_texts/7063.txt,0.3894577729117022,0.05606400416362648,-0.3333937687480757,9,False,herbert_george_wells
pro,all_authors,f3,1000,2,1000,2000,agnes_may_fleming,8,gutenberg_texts/7063.txt,0.3702726008447972,0.03618096874933565,-0.33409163209546155,9,False,herbert_george_wells
pro,all_authors,f3,1000,3,2000,3000,agnes_may_fleming,8,gutenberg_texts/7063.txt,0.3826570031915333,0.05367498994439831,-0.328982013247135,10,False,herbert_george_wells
pro,all_authors,f3,1000,4,3000,4000,agnes_may_fleming,8,gutenberg_texts/7063.txt,0.4067413652705482,0.05700624830106853,-0.3497351169694797,10,False,herbert_george_wells
pro,all_authors,f3,1000,5,4000,5000,agnes_may_fleming,8,gutenberg_texts/7063.txt,0.39628857373347615,0.06822111554529782,-0.32806745818817834,10,False,oscar_wilde
pro,all_authors,f3,1000,1,0,1000,agnes_may_fleming,9,full_books/agnes_may_fleming_full.txt,0.08532692740812034,0.037702215371707974,-0.047624712036412366,4,False,oscar_wilde
pro,all_authors,f3,1000,2,1000,2000,agnes_may_fleming,9,full_books/agnes_may_fleming_full.txt,0.19330128502697874,0.06934114305530213,-0.12396014197167661,5,False,joseph_conrad
pro,all_authors,f3,1000,3,2000,3000,agnes_may_fleming,9,full_books/agnes_may_fleming_full.txt,0.2590585582569014,0.12414841119311135,-0.13491014706379004,4,False,oscar_wilde
pro,all_authors,f3,1000,4,3000,4000,agnes_may_fleming,9,full_books/agnes_may_fleming_full.txt,0.24056912239307976,0.11282846116083177,-0.12774066123224798,4,False,oscar_wilde
pro,all_authors,f3,1000,5,4000,5000,agnes_may_fleming,9,full_books/agnes_may_fleming_full.txt,0.24183686260119047,0.10008224317302439,-0.14175461942816608,5,False,joseph_conrad
pro,all_authors,f3,1000,1,0,1000,agnes_may_fleming,10,gutenberg_texts/7063.txt,0.47038153666095117,0.07414307467547557,-0.39623846198547563,9,False,herbert_george_wells
pro,all_authors,f3,1000,2,1000,2000,agnes_may_fleming,10,gutenberg_texts/7063.txt,0.3924234801917277,0.05344406805250896,-0.3389794121392187,10,False,herbert_george_wells
pro,all_authors,f3,1000,3,2000,3000,agnes_may_fleming,10,gutenberg_texts/7063.txt,0.39338437818177396,0.03431444569782841,-0.35906993248394553,10,False,herbert_george_wells
pro,all_authors,f3,1000,4,3000,4000,agnes_may_fleming,10,gutenberg_texts/7063.txt,0.4395332904018654,0.058805841560701934,-0.38072744884116344,10,False,oscar_wilde
pro,all_authors,f3,1000,5,4000,5000,agnes_may_fleming,10,gutenberg_texts/7063.txt,0.5581310110743073,0.07009897355176709,-0.4880320375225402,10,False,joseph_conrad
pro,all_authors,f3,1000,1,0,1000,charles_dickens,1,gutenberg_texts/46.txt,0.11564658794593376,0.03621439246443601,-0.07943219548149774,6,False,herbert_george_wells
pro,all_authors,f3,1000,2,1000,2000,charles_dickens,1,gutenberg_texts/46.txt,0.35942557579899714,0.08471972749754633,-0.27470584830145084,9,False,herbert_george_wells
pro,all_authors,f3,1000,3,2000,3000,charles_dickens,1,gutenberg_texts/46.txt,0.39644529544632356,0.0793873356051957,-0.31705795984112783,10,False,joseph_conrad
pro,all_authors,f3,1000,4,3000,4000,charles_dickens,1,gutenberg_texts/46.txt,0.4417944685728884,0.10836461508636432,-0.3334298534865241,9,False,herbert_george_wells
pro,all_authors,f3,1000,5,4000,5000,charles_dickens,1,gutenberg_texts/46.txt,0.49831358799457465,0.09694223188030142,-0.4013713561142732,10,False,joseph_conrad
pro,all_authors,f3,1000,1,0,1000,charles_dickens,2,gutenberg_texts/98.txt,0.09333535267710516,0.06707114193152629,-0.026264210745578873,3,False,herbert_george_wells
pro,all_authors,f3,1000,2,1000,2000,charles_dickens,2,gutenberg_texts/98.txt,0.16845912066013072,0.06899948596402111,-0.0994596346961096,8,False,herbert_george_wells
pro,all_authors,f3,1000,3,2000,3000,charles_dickens,2,gutenberg_texts/98.txt,0.19921135534970552,0.07454790509736588,-0.12466345025233964,8,False,oscar_wilde
pro,all_authors,f3,1000,4,3000,4000,charles_dickens,2,gutenberg_texts/98.txt,0.3208793817810724,0.0875361671125855,-0.2333432146684869,10,False,joseph_conrad
pro,all_authors,f3,1000,5,4000,5000,charles_dickens,2,gutenberg_texts/98.txt,0.5524757706615724,0.11650878689228403,-0.43596698376928833,10,False,joseph_conrad
pro,all_authors,f3,1000,1,0,1000,charles_dickens,3,gutenberg_texts/1400.txt,0.19218175624162556,0.05464082838471039,-0.13754092785691518,8,False,joseph_conrad
pro,all_authors,f3,1000,2,1000,2000,charles_dickens,3,gutenberg_texts/1400.txt,0.3627438047731562,0.0706362471103897,-0.2921075576627665,9,False,oscar_wilde
pro,all_authors,f3,1000,3,2000,3000,charles_dickens,3,gutenberg_texts/1400.txt,0.30781729811191155,0.05730480460333062,-0.25051249350858096,9,False,herbert_george_wells
pro,all_authors,f3,1000,4,3000,4000,charles_dickens,3,gutenberg_texts/1400.txt,0.5412312930946381,0.1094157689100464,-0.43181552418459174,10,False,joseph_conrad
pro,all_authors,f3,1000,5,4000,5000,charles_dickens,3,gutenberg_texts/1400.txt,0.5825984822022164,0.11076193948189046,-0.471836542720326,10,False,joseph_conrad
pro,all_authors,f3,1000,1,0,1000,charles_dickens,4,gutenberg_texts/46.txt,0.094319493456988,0.0435663839837376,-0.050753109473250395,5,False,herbert_george_wells
pro,all_authors,f3,1000,2,1000,2000,charles_dickens,4,gutenberg_texts/46.txt,0.3215766775970859,0.07849104282922509,-0.24308563476786083,9,False,herbert_george_wells
pro,all_authors,f3,1000,3,2000,3000,charles_dickens,4,gutenberg_texts/46.txt,0.6055451293598872,0.18285589642079106,-0.4226892329390962,10,False,joseph_conrad
pro,all_authors,f3,1000,4,3000,4000,charles_dickens,4,gutenberg_texts/46.txt,0.9839216579167135,0.3447751758578526,-0.6391464820588608,10,False,joseph_conrad
pro,all_authors,f3,1000,5,4000,5000,charles_dickens,4,gutenberg_texts/46.txt,0.7932617845858695,0.2308973571317667,-0.5623644274541028,10,False,joseph_conrad
pro,all_authors,f3,1000,1,0,1000,charles_dickens,5,gutenberg_texts/98.txt,0.11418915444351743,0.06115029278426499,-0.053038861659252444,5,False,herbert_george_wells
pro,all_authors,f3,1000,2,1000,2000,charles_dickens,5,gutenberg_texts/98.txt,0.34782230913461204,0.07206443447797273,-0.2757578746566393,8,False,herbert_george_wells
pro,all_authors,f3,1000,3,2000,3000,charles_dickens,5,gutenberg_texts/98.txt,0.569548770299377,0.16039759912264495,-0.40915117117673205,9,False,oscar_wilde
pro,all_authors,f3,1000,4,3000,4000,charles_dickens,5,gutenberg_texts/98.txt,0.3915671163532422,0.08899241989675066,-0.30257469645649154,10,False,joseph_conrad
pro,all_authors,f3,1000,5,4000,5000,charles_dickens,5,gutenberg_texts/98.txt,0.4085652047304721,0.08128978151973466,-0.32727542321073744,10,False,joseph_conrad
pro,all_authors,f3,1000,1,0,1000,charles_dickens,6,gutenberg_texts/1400.txt,0.26208098952188846,0.05609990772314229,-0.2059810817987462,9,False,joseph_conrad
pro,all_authors,f3,1000,2,1000,2000,charles_dickens,6,gutenberg_texts/1400.txt,0.22382736220959784,0.041454185839565096,-0.18237317637003275,9,False,herbert_george_wells
pro,all_authors,f3,1000,3,2000,3000,charles_dickens,6,gutenberg_texts/1400.txt,0.6039467164529436,0.16084225701585908,-0.44310445943708454,9,False,joseph_conrad
pro,all_authors,f3,1000,4,3000,4000,charles_dickens,6,gutenberg_texts/1400.txt,0.39913319073771036,0.10426584741417637,-0.294867343323534,9,False,herbert_george_wells
pro,all_authors,f3,1000,5,4000,5000,charles_dickens,6,gutenberg_texts/1400.txt,0.47049266551814223,0.12724363491542706,-0.34324903060271517,9,False,herbert_george_wells
pro,all_authors,f3,1000,1,0,1000,charles_dickens,7,gutenberg_texts/46.txt,0.07929907493105715,0.043873279899405954,-0.03542579503165119,3,False,herbert_george_wells
pro,all_authors,f3,1000,2,1000,2000,charles_dickens,7,gutenberg_texts/46.txt,0.17115050536592577,0.04245626186138624,-0.12869424350453953,7,False,herbert_george_wells
pro,all_authors,f3,1000,3,2000,3000,charles_dickens,7,gutenberg_texts/46.txt,0.24467249093459775,0.06489415778706764,-0.1797783331475301,8,False,oscar_wilde
pro,all_authors,f3,1000,4,3000,4000,charles_dickens,7,gutenberg_texts/46.txt,0.29044514668384824,0.0773042448718782,-0.21314090181197004,8,False,oscar_wilde
pro,all_authors,f3,1000,5,4000,5000,charles_dickens,7,gutenberg_texts/46.txt,0.3409552394349417,0.09690773841659811,-0.2440475010183436,9,False,herbert_george_wells
pro,all_authors,f3,1000,1,0,1000,charles_dickens,8,gutenberg_texts/98.txt,0.09799759462889297,0.088661434663736,-0.009336159965156979,3,False,herbert_george_wells
pro,all_authors,f3,1000,2,1000,2000,charles_dickens,8,gutenberg_texts/98.txt,0.2901317082236529,0.07900032302378816,-0.21113138519986474,9,False,oscar_wilde
pro,all_authors,f3,1000,3,2000,3000,charles_dickens,8,gutenberg_texts/98.txt,0.45950337465671137,0.1269899390392188,-0.3325134356174926,10,False,joseph_conrad
pro,all_authors,f3,1000,4,3000,4000,charles_dickens,8,gutenberg_texts/98.txt,0.3934884324111932,0.13936302795743427,-0.2541254044537589,9,False,joseph_conrad
pro,all_authors,f3,1000,5,4000,5000,charles_dickens,8,gutenberg_texts/98.txt,0.23959045587871233,0.06913446440448366,-0.17045599147422869,8,False,herbert_george_wells
pro,all_authors,f3,1000,1,0,1000,charles_dickens,9,gutenberg_texts/1400.txt,0.15152902481679603,0.07354087709993276,-0.07798814771686327,6,False,oscar_wilde
pro,all_authors,f3,1000,2,1000,2000,charles_dickens,9,gutenberg_texts/1400.txt,0.348307762143807,0.08420406456451937,-0.26410369757928764,9,False,oscar_wilde
pro,all_authors,f3,1000,3,2000,3000,charles_dickens,9,gutenberg_texts/1400.txt,0.38971216294371863,0.09093709906517432,-0.2987750638785443,9,False,herbert_george_wells
pro,all_authors,f3,1000,4,3000,4000,charles_dickens,9,gutenberg_texts/1400.txt,0.2822474832536205,0.048842633576399286,-0.2334048496772212,9,False,herbert_george_wells
pro,all_authors,f3,1000,5,4000,5000,charles_dickens,9,gutenberg_texts/1400.txt,0.3154302095263021,0.06777043416242495,-0.24765977536387712,9,False,oscar_wilde
pro,all_authors,f3,1000,1,0,1000,charles_dickens,10,gutenberg_texts/46.txt,0.13835723883375772,0.04766293561273338,-0.09069430322102434,6,False,herbert_george_wells
pro,all_authors,f3,1000,2,1000,2000,charles_dickens,10,gutenberg_texts/46.txt,0.17045957531946665,0.03743980464286719,-0.13301977067659945,7,False,herbert_george_wells
pro,all_authors,f3,1000,3,2000,3000,charles_dickens,10,gutenberg_texts/46.txt,0.1285715665777427,0.036439437957116336,-0.09213212862062638,6,False,herbert_george_wells
pro,all_authors,f3,1000,4,3000,4000,charles_dickens,10,gutenberg_texts/46.txt,0.17694598412987184,0.06881960514565737,-0.10812637898421447,7,False,oscar_wilde
pro,all_authors,f3,1000,5,4000,5000,charles_dickens,10,gutenberg_texts/46.txt,0.22587473620601875,0.05130238490701082,-0.17457235129900794,9,False,herbert_george_wells
pro,all_authors,f3,1000,1,0,1000,mark_twain,1,gutenberg_texts/74.txt,0.2198461887505245,0.04730883194091308,-0.1725373568096114,8,False,herbert_george_wells
pro,all_authors,f3,1000,2,1000,2000,mark_twain,1,gutenberg_texts/74.txt,0.27782624128272937,0.0636624880529137,-0.21416375322981568,7,False,herbert_george_wells
pro,all_authors,f3,1000,3,2000,3000,mark_twain,1,gutenberg_texts/74.txt,0.30032297658936585,0.13181950770883774,-0.1685034688805281,5,False,joseph_conrad
pro,all_authors,f3,1000,4,3000,4000,mark_twain,1,gutenberg_texts/74.txt,0.46291936107445913,0.22295911545838976,-0.23996024561606938,5,False,joseph_conrad
pro,all_authors,f3,1000,5,4000,5000,mark_twain,1,gutenberg_texts/74.txt,0.4823513064046504,0.23326324560057463,-0.24908806080407578,5,False,joseph_conrad
pro,all_authors,f3,1000,1,0,1000,mark_twain,2,gutenberg_texts/76.txt,0.16987234082483157,0.07993151636707892,-0.08994082445775266,5,False,herbert_george_wells
pro,all_authors,f3,1000,2,1000,2000,mark_twain,2,gutenberg_texts/76.txt,0.2566408412243931,0.14832207381053553,-0.1083187674138576,4,False,oscar_wilde
pro,all_authors,f3,1000,3,2000,3000,mark_twain,2,gutenberg_texts/76.txt,0.23169030804930607,0.13312950884493713,-0.09856079920436894,4,False,joseph_conrad
pro,all_authors,f3,1000,4,3000,4000,mark_twain,2,gutenberg_texts/76.txt,0.2798511212775005,0.16014950450443463,-0.11970161677306587,4,False,joseph_conrad
pro,all_authors,f3,1000,5,4000,5000,mark_twain,2,gutenberg_texts/76.txt,0.275971103471683,0.15157820032759814,-0.12439290314408488,4,False,joseph_conrad
pro,all_authors,f3,1000,1,0,1000,mark_twain,3,gutenberg_texts/74.txt,0.24632078070710606,0.05598901959165287,-0.1903317611154532,9,False,herbert_george_wells
pro,all_authors,f3,1000,2,1000,2000,mark_twain,3,gutenberg_texts/74.txt,0.2530256605559741,0.08172998007418271,-0.1712956804817914,6,False,herbert_george_wells
pro,all_authors,f3,1000,3,2000,3000,mark_twain,3,gutenberg_texts/74.txt,0.23177091675478867,0.06781771000428151,-0.16395320675050717,6,False,herbert_george_wells
pro,all_authors,f3,1000,4,3000,4000,mark_twain,3,gutenberg_texts/74.txt,0.2230235610068835,0.09078425093323995,-0.13223931007364353,5,False,joseph_conrad
pro,all_authors,f3,1000,5,4000,5000,mark_twain,3,gutenberg_texts/74.txt,0.2591902774534504,0.08248070497737645,-0.17670957247607397,6,False,herbert_george_wells
pro,all_authors,f3,1000,1,0,1000,mark_twain,4,gutenberg_texts/76.txt,0.2966501563622202,0.1373106386488922,-0.159339517713328,5,False,oscar_wilde
pro,all_authors,f3,1000,2,1000,2000,mark_twain,4,gutenberg_texts/76.txt,0.32154667226507166,0.16644151509365449,-0.15510515717141718,4,False,joseph_conrad
pro,all_authors,f3,1000,3,2000,3000,mark_twain,4,gutenberg_texts/76.txt,0.7450906378001322,0.4429971368369472,-0.302093500963185,4,False,joseph_conrad
pro,all_authors,f3,1000,4,3000,4000,mark_twain,4,gutenberg_texts/76.txt,0.8585106827140906,0.564325097688254,-0.2941855850258366,4,False,joseph_conrad
pro,all_authors,f3,1000,5,4000,5000,mark_twain,4,gutenberg_texts/76.txt,0.3430220693690653,0.2643414141031419,-0.07868065526592344,4,False,joseph_conrad
pro,all_authors,f3,1000,1,0,1000,mark_twain,5,gutenberg_texts/74.txt,0.2249069554011826,0.034086444744342664,-0.19082051065683994,8,False,herbert_george_wells
pro,all_authors,f3,1000,2,1000,2000,mark_twain,5,gutenberg_texts/74.txt,0.31859212394393177,0.1181145699438887,-0.20047755400004308,5,False,oscar_wilde
pro,all_authors,f3,1000,3,2000,3000,mark_twain,5,gutenberg_texts/74.txt,0.3522315711926713,0.13782582448703756,-0.21440574670563373,5,False,joseph_conrad
pro,all_authors,f3,1000,4,3000,4000,mark_twain,5,gutenberg_texts/74.txt,0.35010254349650327,0.1438574785149192,-0.20624506498158407,6,False,herbert_george_wells
pro,all_authors,f3,1000,5,4000,5000,mark_twain,5,gutenberg_texts/74.txt,0.25180474494119337,0.0877852847260206,-0.16401946021517277,5,False,herbert_george_wells
pro,all_authors,f3,1000,1,0,1000,mark_twain,6,gutenberg_texts/76.txt,0.2697664838713451,0.13191950742736397,-0.13784697644398114,4,False,joseph_conrad
pro,all_authors,f3,1000,2,1000,2000,mark_twain,6,gutenberg_texts/76.txt,0.27546782170398615,0.13409007855103142,-0.14137774315295473,4,False,joseph_conrad
pro,all_authors,f3,1000,3,2000,3000,mark_twain,6,gutenberg_texts/76.txt,0.28634760968934647,0.17814079804968116,-0.1082068116396653,4,False,joseph_conrad
pro,all_authors,f3,1000,4,3000,4000,mark_twain,6,gutenberg_texts/76.txt,0.2687084040228328,0.12234556372436836,-0.14636284029846444,5,False,oscar_wilde
pro,all_authors,f3,1000,5,4000,5000,mark_twain,6,gutenberg_texts/76.txt,0.13583712337019657,0.07153973232964854,-0.06429739104054803,4,False,herbert_george_wells
pro,all_authors,f3,1000,1,0,1000,mark_twain,7,gutenberg_texts/74.txt,0.24324210810348723,0.04865701617387971,-0.19458509192960752,7,False,herbert_george_wells
pro,all_authors,f3,1000,2,1000,2000,mark_twain,7,gutenberg_texts/74.txt,0.2905466937435137,0.08629157616595542,-0.2042551175775583,6,False,herbert_george_wells
pro,all_authors,f3,1000,3,2000,3000,mark_twain,7,gutenberg_texts/74.txt,0.24689157540510925,0.08213730650521668,-0.1647542688998926,5,False,joseph_conrad
pro,all_authors,f3,1000,4,3000,4000,mark_twain,7,gutenberg_texts/74.txt,0.2014744408627495,0.06603646796076149,-0.135437972901988,5,False,oscar_wilde
pro,all_authors,f3,1000,5,4000,5000,mark_twain,7,gutenberg_texts/74.txt,0.15496663686241438,0.03930275739230597,-0.11566387947010841,6,False,herbert_george_wells
pro,all_authors,f3,1000,1,0,1000,mark_twain,8,gutenberg_texts/76.txt,0.1491031525824771,0.06884321401157359,-0.08025993857090352,4,False,herbert_george_wells
pro,all_authors,f3,1000,2,1000,2000,mark_twain,8,gutenberg_texts/76.txt,0.30161778718367344,0.12757743705629415,-0.17404035012737928,4,False,joseph_conrad
pro,all_authors,f3,1000,3,2000,3000,mark_twain,8,gutenberg_texts/76.txt,0.27840767899438007,0.1832361581536436,-0.09517152084073646,4,False,joseph_conrad
pro,all_authors,f3,1000,4,3000,4000,mark_twain,8,gutenberg_texts/76.txt,0.26713354443561377,0.1513666899545702,-0.11576685448104357,4,False,joseph_conrad
pro,all_authors,f3,1000,5,4000,5000,mark_twain,8,gutenberg_texts/76.txt,0.4701176568541301,0.2453947783157638,-0.22472287853836628,4,False,joseph_conrad
pro,all_authors,f3,1000,1,0,1000,mark_twain,9,gutenberg_texts/74.txt,0.25371861990861594,0.039706015201424055,-0.21401260470719188,8,False,herbert_george_wells
pro,all_authors,f3,1000,2,1000,2000,mark_twain,9,gutenberg_texts/74.txt,0.2058418516422756,0.06344641493646007,-0.1423954367058155,4,False,joseph_conrad
pro,all_authors,f3,1000,3,2000,3000,mark_twain,9,gutenberg_texts/74.txt,0.22384959457805798,0.06949840645233449,-0.1543511881257235,4,False,joseph_conrad
pro,all_authors,f3,1000,4,3000,4000,mark_twain,9,gutenberg_texts/74.txt,0.23932310980551025,0.0793068895148941,-0.16001622029061613,5,False,joseph_conrad
pro,all_authors,f3,1000,5,4000,5000,mark_twain,9,gutenberg_texts/74.txt,0.39441744249113975,0.162720160043788,-0.23169728244735174,5,False,joseph_conrad
pro,all_authors,f3,1000,1,0,1000,mark_twain,10,gutenberg_texts/76.txt,0.2166595441813945,0.08971760336346753,-0.12694194081792698,5,False,herbert_george_wells
pro,all_authors,f3,1000,2,1000,2000,mark_twain,10,gutenberg_texts/76.txt,0.23023158870687413,0.12834011793292774,-0.10189147077394639,4,False,joseph_conrad
pro,all_authors,f3,1000,3,2000,3000,mark_twain,10,gutenberg_texts/76.txt,0.3638618144462706,0.19731976116361308,-0.1665420532826575,5,False,joseph_conrad
pro,all_authors,f3,1000,4,3000,4000,mark_twain,10,gutenberg_texts/76.txt,0.24817890783278607,0.11774256746909956,-0.1304363403636865,4,False,joseph_conrad
pro,all_authors,f3,1000,5,4000,5000,mark_twain,10,gutenberg_texts/76.txt,0.31458090467323596,0.1659249083208149,-0.14865599635242105,4,False,joseph_conrad
pro,all_authors,f3,1000,1,0,1000,arthur_conan_doyle,1,gutenberg_texts/1661.txt,0.05008409431595607,0.06025822670007444,0.010174132384118371,1,True,arthur_conan_doyle
pro,all_authors,f3,1000,2,1000,2000,arthur_conan_doyle,1,gutenberg_texts/1661.txt,0.0642224248122136,0.04327799886097577,-0.020944425951237834,2,False,herbert_george_wells
pro,all_authors,f3,1000,3,2000,3000,arthur_conan_doyle,1,gutenberg_texts/1661.txt,0.1013837863095688,0.06351741016715667,-0.03786637614241213,4,False,herbert_george_wells
pro,all_authors,f3,1000,4,3000,4000,arthur_conan_doyle,1,gutenberg_texts/1661.txt,0.08753388021909518,0.032674291506655025,-0.054859588712440156,4,False,herbert_george_wells
pro,all_authors,f3,1000,5,4000,5000,arthur_conan_doyle,1,gutenberg_texts/1661.txt,0.19220083121291065,0.09841031703967454,-0.09379051417323611,4,False,joseph_conrad
pro,all_authors,f3,1000,1,0,1000,arthur_conan_doyle,2,gutenberg_texts/244.txt,0.25625495348494126,0.09705817313426036,-0.1591967803506809,7,False,joseph_conrad
pro,all_authors,f3,1000,2,1000,2000,arthur_conan_doyle,2,gutenberg_texts/244.txt,0.36130570714335547,0.16038038530530266,-0.2009253218380528,7,False,joseph_conrad
pro,all_authors,f3,1000,3,2000,3000,arthur_conan_doyle,2,gutenberg_texts/244.txt,0.46346107921000057,0.2098949835432421,-0.2535660956667585,6,False,joseph_conrad
pro,all_authors,f3,1000,4,3000,4000,arthur_conan_doyle,2,gutenberg_texts/244.txt,0.31594848470464487,0.0776624879529681,-0.23828599675167678,6,False,joseph_conrad
pro,all_authors,f3,1000,5,4000,5000,arthur_conan_doyle,2,gutenberg_texts/244.txt,0.4756299612251884,0.1704159195203507,-0.3052140417048377,7,False,joseph_conrad
pro,all_authors,f3,1000,1,0,1000,arthur_conan_doyle,3,gutenberg_texts/2852.txt,0.11480677901529797,0.056751311403215515,-0.058055467612082454,4,False,oscar_wilde
pro,all_authors,f3,1000,2,1000,2000,arthur_conan_doyle,3,gutenberg_texts/2852.txt,0.13786330456520932,0.06971739736284771,-0.0681459072023616,4,False,oscar_wilde
pro,all_authors,f3,1000,3,2000,3000,arthur_conan_doyle,3,gutenberg_texts/2852.txt,0.086923094424341,0.06932920590125431,-0.017593888523086687,2,False,herbert_george_wells
pro,all_authors,f3,1000,4,3000,4000,arthur_conan_doyle,3,gutenberg_texts/2852.txt,0.09891173083321947,0.07764043155281927,-0.021271299280400197,2,False,herbert_george_wells
pro,all_authors,f3,1000,5,4000,5000,arthur_conan_doyle,3,gutenberg_texts/2852.txt,0.17486650293904557,0.09713782250969712,-0.07772868042934845,3,False,herbert_george_wells
pro,all_authors,f3,1000,1,0,1000,arthur_conan_doyle,4,gutenberg_texts/1661.txt,0.03735804736434512,0.05058871555114497,0.013230668186799847,1,True,arthur_conan_doyle
pro,all_authors,f3,1000,2,1000,2000,arthur_conan_doyle,4,gutenberg_texts/1661.txt,0.06507096619481965,0.06703931889048952,0.0019683526956698616,1,True,arthur_conan_doyle
pro,all_authors,f3,1000,3,2000,3000,arthur_conan_doyle,4,gutenberg_texts/1661.txt,0.10206778749948871,0.05555310677357645,-0.04651468072591226,3,False,herbert_george_wells
pro,all_authors,f3,1000,4,3000,4000,arthur_conan_doyle,4,gutenberg_texts/1661.txt,0.11823822779171571,0.08621471528762807,-0.03202351250408764,3,False,herbert_george_wells
pro,all_authors,f3,1000,5,4000,5000,arthur_conan_doyle,4,gutenberg_texts/1661.txt,0.22544027698136732,0.0774220839557156,-0.14801819302565172,5,False,joseph_conrad
pro,all_authors,f3,1000,1,0,1000,arthur_conan_doyle,5,gutenberg_texts/244.txt,0.1833140083319567,0.09018068444969772,-0.09313332388225899,4,False,oscar_wilde
pro,all_authors,f3,1000,2,1000,2000,arthur_conan_doyle,5,gutenberg_texts/244.txt,0.19751035629806016,0.07681182432332498,-0.12069853197473518,5,False,joseph_conrad
pro,all_authors,f3,1000,3,2000,3000,arthur_conan_doyle,5,gutenberg_texts/244.txt,0.25433309266693294,0.12522527530636843,-0.1291078173605645,4,False,joseph_conrad
pro,all_authors,f3,1000,4,3000,4000,arthur_conan_doyle,5,gutenberg_texts/244.txt,0.3142379980510019,0.12294311431040265,-0.19129488374059922,5,False,joseph_conrad
pro,all_authors,f3,1000,5,4000,5000,arthur_conan_doyle,5,gutenberg_texts/244.txt,0.2851086383498802,0.0852026380291863,-0.1999060003206939,5,False,joseph_conrad
pro,all_authors,f3,1000,1,0,1000,arthur_conan_doyle,6,gutenberg_texts/2852.txt,0.06043782522364847,0.056560429460831764,-0.0038773957628167044,2,False,herbert_george_wells
pro,all_authors,f3,1000,2,1000,2000,arthur_conan_doyle,6,gutenberg_texts/2852.txt,0.25747345324216975,0.12259181061325705,-0.1348816426289127,7,False,oscar_wilde
pro,all_authors,f3,1000,3,2000,3000,arthur_conan_doyle,6,gutenberg_texts/2852.txt,0.3250160664312277,0.13873069923101744,-0.18628536720021027,4,False,joseph_conrad
pro,all_authors,f3,1000,4,3000,4000,arthur_conan_doyle,6,gutenberg_texts/2852.txt,0.3430485348574912,0.1535290712066395,-0.1895194636508517,4,False,oscar_wilde
pro,all_authors,f3,1000,5,4000,5000,arthur_conan_doyle,6,gutenberg_texts/2852.txt,0.6274306645475158,0.2695562526112704,-0.3578744119362454,7,False,joseph_conrad
pro,all_authors,f3,1000,1,0,1000,arthur_conan_doyle,7,gutenberg_texts/1661.txt,0.05184750414796126,0.0799749067757328,0.02812740262777154,1,True,arthur_conan_doyle
pro,all_authors,f3,1000,2,1000,2000,arthur_conan_doyle,7,gutenberg_texts/1661.txt,0.061097643808163925,0.03491960882185777,-0.026178034986306158,2,False,herbert_george_wells
pro,all_authors,f3,1000,3,2000,3000,arthur_conan_doyle,7,gutenberg_texts/1661.txt,0.1407383517483174,0.07486395556672139,-0.065874396181596,4,False,herbert_george_wells
pro,all_authors,f3,1000,4,3000,4000,arthur_conan_doyle,7,gutenberg_texts/1661.txt,0.10400889454529104,0.061345217393201104,-0.042663677152089935,3,False,herbert_george_wells
pro,all_authors,f3,1000,5,4000,5000,arthur_conan_doyle,7,gutenberg_texts/1661.txt,0.13115065866302056,0.09475108544133655,-0.03639957322168401,3,False,herbert_george_wells
pro,all_authors,f3,1000,1,0,1000,arthur_conan_doyle,8,gutenberg_texts/244.txt,0.18595899625057974,0.08257559103329057,-0.10338340521728917,4,False,oscar_wilde
pro,all_authors,f3,1000,2,1000,2000,arthur_conan_doyle,8,gutenberg_texts/244.txt,0.20811105500393431,0.06915363662644874,-0.13895741837748557,6,False,joseph_conrad
pro,all_authors,f3,1000,3,2000,3000,arthur_conan_doyle,8,gutenberg_texts/244.txt,0.21096134601840005,0.09341586437478713,-0.11754548164361292,5,False,herbert_george_wells
pro,all_authors,f3,1000,4,3000,4000,arthur_conan_doyle,8,gutenberg_texts/244.txt,0.16928753921959652,0.06043553111752207,-0.10885200810207446,4,False,herbert_george_wells
pro,all_authors,f3,1000,5,4000,5000,arthur_conan_doyle,8,gutenberg_texts/244.txt,0.2800533164111698,0.1104614438866546,-0.1695918725245152,4,False,joseph_conrad
pro,all_authors,f3,1000,1,0,1000,arthur_conan_doyle,9,gutenberg_texts/2852.txt,0.09476500959322333,0.05196675391808205,-0.04279825567514128,3,False,herbert_george_wells
pro,all_authors,f3,1000,2,1000,2000,arthur_conan_doyle,9,gutenberg_texts/2852.txt,0.34877308544532215,0.16483819111458856,-0.1839348943307336,7,False,joseph_conrad
pro,all_authors,f3,1000,3,2000,3000,arthur_conan_doyle,9,gutenberg_texts/2852.txt,0.31317485371711773,0.1410389849352287,-0.17213586878188902,4,False,joseph_conrad
pro,all_authors,f3,1000,4,3000,4000,arthur_conan_doyle,9,gutenberg_texts/2852.txt,0.3332558476424172,0.17346017918431086,-0.15979566845810636,4,False,oscar_wilde
pro,all_authors,f3,1000,5,4000,5000,arthur_conan_doyle,9,gutenberg_texts/2852.txt,0.35200611402391135,0.11826934629246946,-0.2337367677314419,5,False,joseph_conrad
pro,all_authors,f3,1000,1,0,1000,arthur_conan_doyle,10,gutenberg_texts/1661.txt,0.04680202561190112,0.04451499781082301,-0.0022870278010781106,2,False,herbert_george_wells
pro,all_authors,f3,1000,2,1000,2000,arthur_conan_doyle,10,gutenberg_texts/1661.txt,0.1263421726355903,0.07992391422770964,-0.046418258407880664,4,False,oscar_wilde
pro,all_authors,f3,1000,3,2000,3000,arthur_conan_doyle,10,gutenberg_texts/1661.txt,0.0924935816091501,0.07291637391215085,-0.01957720769699925,2,False,herbert_george_wells
pro,all_authors,f3,1000,4,3000,4000,arthur_conan_doyle,10,gutenberg_texts/1661.txt,0.16570370580236443,0.1262435126276013,-0.039460193174763125,2,False,herbert_george_wells
pro,all_authors,f3,1000,5,4000,5000,arthur_conan_doyle,10,gutenberg_texts/1661.txt,0.42431045050603095,0.21100595002656528,-0.21330450047946567,4,False,joseph_conrad
pro,all_authors,f3,1000,1,0,1000,mary_shelley,1,gutenberg_texts/84.txt,0.30367837706499107,0.27963212225419126,-0.024046254810799805,2,False,joseph_conrad
pro,all_authors,f3,1000,2,1000,2000,mary_shelley,1,gutenberg_texts/84.txt,0.32552370024330873,0.19685574584314255,-0.12866795440016618,3,False,joseph_conrad
pro,all_authors,f3,1000,3,2000,3000,mary_shelley,1,gutenberg_texts/84.txt,0.42703684231629185,0.1062983176912275,-0.32073852462506436,9,False,joseph_conrad
pro,all_authors,f3,1000,4,3000,4000,mary_shelley,1,gutenberg_texts/84.txt,0.36250182440227335,0.0942242583801291,-0.26827756602214425,10,False,joseph_conrad
pro,all_authors,f3,1000,5,4000,5000,mary_shelley,1,gutenberg_texts/84.txt,0.4131677759810996,0.1319315202980325,-0.2812362556830671,9,False,joseph_conrad
pro,all_authors,f3,1000,1,0,1000,mary_shelley,2,gutenberg_texts/18247.txt,0.10509551824201196,0.057755571676034984,-0.04733994656597698,4,False,joseph_conrad
pro,all_authors,f3,1000,2,1000,2000,mary_shelley,2,gutenberg_texts/18247.txt,0.11921850249060438,0.07864973388093399,-0.04056876860967039,3,False,joseph_conrad
pro,all_authors,f3,1000,3,2000,3000,mary_shelley,2,gutenberg_texts/18247.txt,0.2288539266434564,0.10788432585509017,-0.12096960078836624,5,False,joseph_conrad
pro,all_authors,f3,1000,4,3000,4000,mary_shelley,2,gutenberg_texts/18247.txt,0.17542756719685082,0.0595874679580913,-0.11584009923875951,4,False,joseph_conrad
pro,all_authors,f3,1000,5,4000,5000,mary_shelley,2,gutenberg_texts/18247.txt,0.26266675000941675,0.09841682759037314,-0.16424992241904363,6,False,oscar_wilde
pro,all_authors,f3,1000,1,0,1000,mary_shelley,3,gutenberg_texts/84.txt,0.3692172022507533,0.04146295986817229,-0.327754242382581,10,False,herbert_george_wells
pro,all_authors,f3,1000,2,1000,2000,mary_shelley,3,gutenberg_texts/84.txt,0.32610813514918763,0.062180405309584255,-0.2639277298396034,10,False,joseph_conrad
pro,all_authors,f3,1000,3,2000,3000,mary_shelley,3,gutenberg_texts/84.txt,0.3244993904289541,0.05734753796073698,-0.2671518524682171,10,False,oscar_wilde
pro,all_authors,f3,1000,4,3000,4000,mary_shelley,3,gutenberg_texts/84.txt,0.5033491861177758,0.06808829429382449,-0.43526089182395133,10,False,herbert_george_wells
pro,all_authors,f3,1000,5,4000,5000,mary_shelley,3,gutenberg_texts/84.txt,0.43512438759423155,0.09873772113112395,-0.3363866664631076,9,False,joseph_conrad
pro,all_authors,f3,1000,1,0,1000,mary_shelley,4,gutenberg_texts/18247.txt,0.1678732007276965,0.08422674620310194,-0.08364645452459454,4,False,oscar_wilde
pro,all_authors,f3,1000,2,1000,2000,mary_shelley,4,gutenberg_texts/18247.txt,0.19123203680729406,0.18010606193939277,-0.01112597486790129,2,False,joseph_conrad
pro,all_authors,f3,1000,3,2000,3000,mary_shelley,4,gutenberg_texts/18247.txt,0.42792629996277937,0.14466539807284612,-0.28326090188993325,6,False,joseph_conrad
pro,all_authors,f3,1000,4,3000,4000,mary_shelley,4,gutenberg_texts/18247.txt,0.6280282755008727,0.3303516413492207,-0.297676634151652,5,False,joseph_conrad
pro,all_authors,f3,1000,5,4000,5000,mary_shelley,4,gutenberg_texts/18247.txt,0.6768660750761705,0.33111412691904285,-0.3457519481571276,5,False,joseph_conrad
pro,all_authors,f3,1000,1,0,1000,mary_shelley,5,gutenberg_texts/84.txt,0.32238782694848844,0.03888506671321204,-0.28350276023527643,10,False,herbert_george_wells
pro,all_authors,f3,1000,2,1000,2000,mary_shelley,5,gutenberg_texts/84.txt,0.26484465873462315,0.15776910272153105,-0.1070755560130921,4,False,joseph_conrad
pro,all_authors,f3,1000,3,2000,3000,mary_shelley,5,gutenberg_texts/84.txt,0.4630688577865388,0.0683081058152231,-0.39476075197131566,10,False,oscar_wilde
pro,all_authors,f3,1000,4,3000,4000,mary_shelley,5,gutenberg_texts/84.txt,0.4739955480391296,0.10789634708483234,-0.36609920095429727,9,False,joseph_conrad
pro,all_authors,f3,1000,5,4000,5000,mary_shelley,5,gutenberg_texts/84.txt,0.5478950453507833,0.05641460352143309,-0.4914804418293502,10,False,herbert_george_wells
pro,all_authors,f3,1000,1,0,1000,mary_shelley,6,gutenberg_texts/18247.txt,0.08674080516669579,0.06986390562266387,-0.016876899544031917,2,False,joseph_conrad
pro,all_authors,f3,1000,2,1000,2000,mary_shelley,6,gutenberg_texts/18247.txt,0.20980307302379242,0.07667725484279196,-0.13312581818100044,4,False,joseph_conrad
pro,all_authors,f3,1000,3,2000,3000,mary_shelley,6,gutenberg_texts/18247.txt,0.14536307542094934,0.05854508063481278,-0.08681799478613655,4,False,joseph_conrad
pro,all_authors,f3,1000,4,3000,4000,mary_shelley,6,gutenberg_texts/18247.txt,0.35733032993319913,0.11570935498417022,-0.2416209749490289,6,False,joseph_conrad
pro,all_authors,f3,1000,5,4000,5000,mary_shelley,6,gutenberg_texts/18247.txt,0.25894822906801657,0.10359845980668449,-0.1553497692613321,4,False,joseph_conrad
pro,all_authors,f3,1000,1,0,1000,mary_shelley,7,gutenberg_texts/84.txt,0.30765075196998254,0.08548479810218086,-0.2221659538678017,9,False,oscar_wilde
pro,all_authors,f3,1000,2,1000,2000,mary_shelley,7,gutenberg_texts/84.txt,0.320574731281839,0.06190554926220524,-0.25866918201963374,10,False,joseph_conrad
pro,all_authors,f3,1000,3,2000,3000,mary_shelley,7,gutenberg_texts/84.txt,0.4277299872284139,0.0614435308007656,-0.3662864564276483,10,False,herbert_george_wells
pro,all_authors,f3,1000,4,3000,4000,mary_shelley,7,gutenberg_texts/84.txt,0.43737353152876884,0.07282189119751856,-0.3645516403312503,10,False,joseph_conrad
pro,all_authors,f3,1000,5,4000,5000,mary_shelley,7,gutenberg_texts/84.txt,0.6697805694639206,0.1526839504051631,-0.5170966190587575,10,False,joseph_conrad
pro,all_authors,f3,1000,1,0,1000,mary_shelley,8,gutenberg_texts/18247.txt,0.08114199665957605,0.10230595056277442,0.021163953903198363,1,True,mary_shelley
pro,all_authors,f3,1000,2,1000,2000,mary_shelley,8,gutenberg_texts/18247.txt,0.121128775507631,0.07053822033101043,-0.050590555176620575,3,False,joseph_conrad
pro,all_authors,f3,1000,3,2000,3000,mary_shelley,8,gutenberg_texts/18247.txt,0.4224627779838366,0.1688476077113552,-0.25361517027248137,5,False,joseph_conrad
pro,all_authors,f3,1000,4,3000,4000,mary_shelley,8,gutenberg_texts/18247.txt,0.37426248512736954,0.1360489747091836,-0.23821351041818595,6,False,joseph_conrad
pro,all_authors,f3,1000,5,4000,5000,mary_shelley,8,gutenberg_texts/18247.txt,0.2759128006756649,0.11187916782239948,-0.16403363285326544,4,False,joseph_conrad
pro,all_authors,f3,1000,1,0,1000,mary_shelley,9,gutenberg_texts/84.txt,0.35986411732118956,0.0835485823640297,-0.2763155349571599,10,False,oscar_wilde
pro,all_authors,f3,1000,2,1000,2000,mary_shelley,9,gutenberg_texts/84.txt,0.5042166871940824,0.10647917442020396,-0.3977375127738785,10,False,joseph_conrad
pro,all_authors,f3,1000,3,2000,3000,mary_shelley,9,gutenberg_texts/84.txt,0.4821022635990841,0.06960778501884139,-0.4124944785802427,10,False,herbert_george_wells
pro,all_authors,f3,1000,4,3000,4000,mary_shelley,9,gutenberg_texts/84.txt,0.5218082005628464,0.08848362006970216,-0.4333245804931442,10,False,joseph_conrad
pro,all_authors,f3,1000,5,4000,5000,mary_shelley,9,gutenberg_texts/84.txt,0.6141220712203881,0.11163255482585566,-0.5024895163945324,10,False,joseph_conrad
pro,all_authors,f3,1000,1,0,1000,mary_shelley,10,gutenberg_texts/18247.txt,0.17868888476818892,0.05852647333592072,-0.1201624114322682,7,False,oscar_wilde
pro,all_authors,f3,1000,2,1000,2000,mary_shelley,10,gutenberg_texts/18247.txt,0.31606959376563926,0.05521782199379042,-0.2608517717718488,10,False,herbert_george_wells
pro,all_authors,f3,1000,3,2000,3000,mary_shelley,10,gutenberg_texts/18247.txt,0.27866048066149657,0.07796706614885146,-0.2006934145126451,9,False,herbert_george_wells
pro,all_authors,f3,1000,4,3000,4000,mary_shelley,10,gutenberg_texts/18247.txt,0.16066682554970976,0.05286074890408283,-0.10780607664562694,5,False,joseph_conrad
pro,all_authors,f3,1000,5,4000,5000,mary_shelley,10,gutenberg_texts/18247.txt,0.33270097165961865,0.13753429787461216,-0.1951666737850065,6,False,joseph_conrad
pro,all_authors,f3,1000,1,0,1000,charlotte_bronte,1,gutenberg_texts/1260.txt,0.21523965221658303,0.06307478921502892,-0.15216486300155413,8,False,oscar_wilde
pro,all_authors,f3,1000,2,1000,2000,charlotte_bronte,1,gutenberg_texts/1260.txt,0.2929897750531807,0.07866466238315087,-0.21432511267002982,5,False,joseph_conrad
pro,all_authors,f3,1000,3,2000,3000,charlotte_bronte,1,gutenberg_texts/1260.txt,0.46827828389252957,0.17968010323495745,-0.28859818065757215,6,False,joseph_conrad
pro,all_authors,f3,1000,4,3000,4000,charlotte_bronte,1,gutenberg_texts/1260.txt,0.3675430275080379,0.12512726566901214,-0.24241576183902577,6,False,joseph_conrad
pro,all_authors,f3,1000,5,4000,5000,charlotte_bronte,1,gutenberg_texts/1260.txt,0.25080151041761706,0.12851813589134709,-0.12228337452626997,5,False,herbert_george_wells
pro,all_authors,f3,1000,1,0,1000,charlotte_bronte,2,gutenberg_texts/30486.txt,0.3457107047047531,0.06487278097163784,-0.2808379237331153,9,False,herbert_george_wells
pro,all_authors,f3,1000,2,1000,2000,charlotte_bronte,2,gutenberg_texts/30486.txt,0.5666538141488524,0.09166445820794504,-0.47498935594090735,10,False,oscar_wilde
pro,all_authors,f3,1000,3,2000,3000,charlotte_bronte,2,gutenberg_texts/30486.txt,0.5217967805596925,0.06780382057422554,-0.45399295998546696,10,False,herbert_george_wells
pro,all_authors,f3,1000,4,3000,4000,charlotte_bronte,2,gutenberg_texts/30486.txt,0.44728332927408865,0.08181660404311314,-0.3654667252309755,10,False,oscar_wilde
pro,all_authors,f3,1000,5,4000,5000,charlotte_bronte,2,gutenberg_texts/30486.txt,0.5588927828702143,0.07461969467096696,-0.4842730881992473,10,False,oscar_wilde
pro,all_authors,f3,1000,1,0,1000,charlotte_bronte,3,gutenberg_texts/1260.txt,0.19085367066636538,0.05748225941485928,-0.1333714112515061,6,False,herbert_george_wells
pro,all_authors,f3,1000,2,1000,2000,charlotte_bronte,3,gutenberg_texts/1260.txt,0.3424844294529528,0.12227309230240778,-0.22021133715054503,6,False,joseph_conrad
pro,all_authors,f3,1000,3,2000,3000,charlotte_bronte,3,gutenberg_texts/1260.txt,0.26738484714547284,0.09151245816351246,-0.1758723889819604,7,False,oscar_wilde
pro,all_authors,f3,1000,4,3000,4000,charlotte_bronte,3,gutenberg_texts/1260.txt,0.21934173314991617,0.07521676113877244,-0.14412497201114371,5,False,herbert_george_wells
pro,all_authors,f3,1000,5,4000,5000,charlotte_bronte,3,gutenberg_texts/1260.txt,0.2641381349843272,0.07722774293971511,-0.18691039204461207,7,False,oscar_wilde
pro,all_authors,f3,1000,1,0,1000,charlotte_bronte,4,gutenberg_texts/30486.txt,0.21592084985100854,0.06134859614559988,-0.15457225370540867,9,False,herbert_george_wells
pro,all_authors,f3,1000,2,1000,2000,charlotte_bronte,4,gutenberg_texts/30486.txt,0.3746624202916527,0.044139079836651544,-0.33052334045500115,9,False,herbert_george_wells
pro,all_authors,f3,1000,3,2000,3000,charlotte_bronte,4,gutenberg_texts/30486.txt,0.3793928175702943,0.057320822861115846,-0.32207199470917847,9,False,herbert_george_wells
pro,all_authors,f3,1000,4,3000,4000,charlotte_bronte,4,gutenberg_texts/30486.txt,0.5467172022766204,0.08440837255365662,-0.4623088297229637,10,False,oscar_wilde
pro,all_authors,f3,1000,5,4000,5000,charlotte_bronte,4,gutenberg_texts/30486.txt,0.4046311572539577,0.08141184212894689,-0.3232193151250108,10,False,joseph_conrad
pro,all_authors,f3,1000,1,0,1000,charlotte_bronte,5,gutenberg_texts/1260.txt,0.19019907447782536,0.05146170507395946,-0.13873736940386588,7,False,oscar_wilde
pro,all_authors,f3,1000,2,1000,2000,charlotte_bronte,5,gutenberg_texts/1260.txt,0.2149380444409786,0.04209119274107279,-0.17284685169990582,6,False,herbert_george_wells
pro,all_authors,f3,1000,3,2000,3000,charlotte_bronte,5,gutenberg_texts/1260.txt,0.2569831897740768,0.07592666094945713,-0.18105652882461967,6,False,joseph_conrad
pro,all_authors,f3,1000,4,3000,4000,charlotte_bronte,5,gutenberg_texts/1260.txt,0.33882438702725326,0.1416634069213493,-0.19716098010590397,5,False,herbert_george_wells
pro,all_authors,f3,1000,5,4000,5000,charlotte_bronte,5,gutenberg_texts/1260.txt,0.736324130163796,0.33452085891453415,-0.4018032712492619,6,False,joseph_conrad
pro,all_authors,f3,1000,1,0,1000,charlotte_bronte,6,gutenberg_texts/30486.txt,0.27388791783223676,0.06064796314311126,-0.2132399546891255,9,False,herbert_george_wells
pro,all_authors,f3,1000,2,1000,2000,charlotte_bronte,6,gutenberg_texts/30486.txt,0.3571364125604597,0.06566490766502747,-0.2914715048954322,9,False,herbert_george_wells
pro,all_authors,f3,1000,3,2000,3000,charlotte_bronte,6,gutenberg_texts/30486.txt,0.4223500745326446,0.07106785979024068,-0.35128221474240395,10,False,oscar_wilde
pro,all_authors,f3,1000,4,3000,4000,charlotte_bronte,6,gutenberg_texts/30486.txt,0.4712264174429556,0.07134150714892884,-0.3998849102940268,10,False,herbert_george_wells
pro,all_authors,f3,1000,5,4000,5000,charlotte_bronte,6,gutenberg_texts/30486.txt,0.4037993255754982,0.06075545162381552,-0.3430438739516827,9,False,herbert_george_wells
pro,all_authors,f3,1000,1,0,1000,charlotte_bronte,7,gutenberg_texts/1260.txt,0.13954486553179882,0.030368080152936263,-0.10917678537886255,6,False,herbert_george_wells
pro,all_authors,f3,1000,2,1000,2000,charlotte_bronte,7,gutenberg_texts/1260.txt,0.16450908741659662,0.06976479122319819,-0.09474429619339843,5,False,herbert_george_wells
pro,all_authors,f3,1000,3,2000,3000,charlotte_bronte,7,gutenberg_texts/1260.txt,0.38956124833703576,0.14414815554420157,-0.2454130927928342,6,False,joseph_conrad
pro,all_authors,f3,1000,4,3000,4000,charlotte_bronte,7,gutenberg_texts/1260.txt,0.44248818742180274,0.15766287583329858,-0.28482531158850416,5,False,joseph_conrad
pro,all_authors,f3,1000,5,4000,5000,charlotte_bronte,7,gutenberg_texts/1260.txt,0.3590741974405526,0.1646199704103994,-0.19445422703015317,6,False,joseph_conrad
pro,all_authors,f3,1000,1,0,1000,charlotte_bronte,8,gutenberg_texts/30486.txt,0.263437303899099,0.03932773793226502,-0.22410956596683396,9,False,herbert_george_wells
pro,all_authors,f3,1000,2,1000,2000,charlotte_bronte,8,gutenberg_texts/30486.txt,0.3556074787660104,0.05209676880497578,-0.30351070996103463,9,False,herbert_george_wells
pro,all_authors,f3,1000,3,2000,3000,charlotte_bronte,8,gutenberg_texts/30486.txt,0.3601434238417144,0.049439840760554236,-0.31070358308116014,9,False,herbert_george_wells
pro,all_authors,f3,1000,4,3000,4000,charlotte_bronte,8,gutenberg_texts/30486.txt,0.38286806888096214,0.08594093316166443,-0.29692713571929774,9,False,herbert_george_wells
pro,all_authors,f3,1000,5,4000,5000,charlotte_bronte,8,gutenberg_texts/30486.txt,0.350897680680222,0.04509884327471253,-0.30579883740550945,10,False,oscar_wilde
pro,all_authors,f3,1000,1,0,1000,charlotte_bronte,9,gutenberg_texts/1260.txt,0.1875227296288944,0.04636560699748513,-0.14115712263140928,6,False,herbert_george_wells
pro,all_authors,f3,1000,2,1000,2000,charlotte_bronte,9,gutenberg_texts/1260.txt,0.3012569793847837,0.11409210183823638,-0.18716487754654731,6,False,oscar_wilde
pro,all_authors,f3,1000,3,2000,3000,charlotte_bronte,9,gutenberg_texts/1260.txt,0.32454241797265176,0.1159870299486274,-0.20855538802402435,5,False,joseph_conrad
pro,all_authors,f3,1000,4,3000,4000,charlotte_bronte,9,gutenberg_texts/1260.txt,0.3354917825501052,0.11302089650080716,-0.22247088604929804,6,False,joseph_conrad
pro,all_authors,f3,1000,5,4000,5000,charlotte_bronte,9,gutenberg_texts/1260.txt,0.5225716256405478,0.21558145514607796,-0.30699017049446986,7,False,joseph_conrad
pro,all_authors,f3,1000,1,0,1000,charlotte_bronte,10,gutenberg_texts/30486.txt,0.2661969210747808,0.053769197653444796,-0.21242772342133603,9,False,herbert_george_wells
pro,all_authors,f3,1000,2,1000,2000,charlotte_bronte,10,gutenberg_texts/30486.txt,0.42365050332726156,0.053304711015786134,-0.3703457923114754,9,False,herbert_george_wells
pro,all_authors,f3,1000,3,2000,3000,charlotte_bronte,10,gutenberg_texts/30486.txt,0.3487016899054114,0.03913694603222554,-0.30956474387318583,9,False,herbert_george_wells
pro,all_authors,f3,1000,4,3000,4000,charlotte_bronte,10,gutenberg_texts/30486.txt,0.5642867713663414,0.09552981746985702,-0.4687569538964844,9,False,herbert_george_wells
pro,all_authors,f3,1000,5,4000,5000,charlotte_bronte,10,gutenberg_texts/30486.txt,0.37958791249025164,0.07614871847269451,-0.30343919401755715,9,False,herbert_george_wells
pro,all_authors,f3,1000,1,0,1000,oscar_wilde,1,gutenberg_texts/174.txt,0.47446068135587943,0.0976204478928461,-0.3768402334630333,10,False,herbert_george_wells
pro,all_authors,f3,1000,2,1000,2000,oscar_wilde,1,gutenberg_texts/174.txt,0.32374843147570626,0.09639667138175567,-0.22735176009395058,8,False,joseph_conrad
pro,all_authors,f3,1000,3,2000,3000,oscar_wilde,1,gutenberg_texts/174.txt,0.39136919131771136,0.0699700743479029,-0.3213991169698085,10,False,herbert_george_wells
pro,all_authors,f3,1000,4,3000,4000,oscar_wilde,1,gutenberg_texts/174.txt,0.6479451353659176,0.08120265907852714,-0.5667424762873905,10,False,herbert_george_wells
pro,all_authors,f3,1000,5,4000,5000,oscar_wilde,1,gutenberg_texts/174.txt,0.597122857824387,0.15432313563199945,-0.44279972219238756,10,False,joseph_conrad
pro,all_authors,f3,1000,1,0,1000,oscar_wilde,2,gutenberg_texts/773.txt,0.04160378830993927,0.04093210212132471,-0.0006716861886145592,2,False,herbert_george_wells
pro,all_authors,f3,1000,2,1000,2000,oscar_wilde,2,gutenberg_texts/773.txt,0.04834595538850766,0.06248736444572656,0.014141409057218904,1,True,oscar_wilde
pro,all_authors,f3,1000,3,2000,3000,oscar_wilde,2,gutenberg_texts/773.txt,0.04835617260450489,0.08080683767999287,0.03245066507548798,1,True,oscar_wilde
pro,all_authors,f3,1000,4,3000,4000,oscar_wilde,2,gutenberg_texts/773.txt,0.4259645333012978,0.3063742595718147,-0.11959027372948311,2,False,joseph_conrad
pro,all_authors,f3,1000,5,4000,5000,oscar_wilde,2,gutenberg_texts/773.txt,0.08351090185965633,0.14430260732318698,0.060791705463530646,1,True,oscar_wilde
pro,all_authors,f3,1000,1,0,1000,oscar_wilde,3,gutenberg_texts/174.txt,0.5216331836073498,0.07585281995827083,-0.44578036364907897,10,False,herbert_george_wells
pro,all_authors,f3,1000,2,1000,2000,oscar_wilde,3,gutenberg_texts/174.txt,0.3961191671161423,0.13202638164847497,-0.26409278546766735,7,False,joseph_conrad
pro,all_authors,f3,1000,3,2000,3000,oscar_wilde,3,gutenberg_texts/174.txt,0.6732116056937718,0.11365055867500105,-0.5595610470187707,10,False,joseph_conrad
pro,all_authors,f3,1000,4,3000,4000,oscar_wilde,3,gutenberg_texts/174.txt,0.6364222609643765,0.08302266600639491,-0.5533995949579815,10,False,herbert_george_wells
pro,all_authors,f3,1000,5,4000,5000,oscar_wilde,3,gutenberg_texts/174.txt,0.6373436091852643,0.04416925596619368,-0.5931743532190706,10,False,herbert_george_wells
pro,all_authors,f3,1000,1,0,1000,oscar_wilde,4,gutenberg_texts/773.txt,0.07930552282873811,0.04184917546353307,-0.03745634736520504,3,False,arthur_conan_doyle
pro,all_authors,f3,1000,2,1000,2000,oscar_wilde,4,gutenberg_texts/773.txt,0.2301619415819113,0.15985932197261676,-0.07030261960929454,2,False,joseph_conrad
pro,all_authors,f3,1000,3,2000,3000,oscar_wilde,4,gutenberg_texts/773.txt,0.23454000804360423,0.17144316010555355,-0.06309684793805068,2,False,joseph_conrad
pro,all_authors,f3,1000,4,3000,4000,oscar_wilde,4,gutenberg_texts/773.txt,0.22915844478537112,0.17049458734343162,-0.0586638574419395,2,False,joseph_conrad
pro,all_authors,f3,1000,5,4000,5000,oscar_wilde,4,gutenberg_texts/773.txt,0.4183993921612893,0.3318447208156152,-0.08655467134567407,2,False,joseph_conrad
pro,all_authors,f3,1000,1,0,1000,oscar_wilde,5,gutenberg_texts/174.txt,0.6839662574229226,0.09352077871168503,-0.5904454787112375,10,False,herbert_george_wells
pro,all_authors,f3,1000,2,1000,2000,oscar_wilde,5,gutenberg_texts/174.txt,0.9053434741326666,0.0774708604344651,-0.8278726136982015,10,False,herbert_george_wells
pro,all_authors,f3,1000,3,2000,3000,oscar_wilde,5,gutenberg_texts/174.txt,0.3535810618636027,0.0928158032280276,-0.2607652586355751,10,False,joseph_conrad
pro,all_authors,f3,1000,4,3000,4000,oscar_wilde,5,gutenberg_texts/174.txt,0.39392205264994384,0.0838294366215287,-0.31009261602841515,10,False,joseph_conrad
pro,all_authors,f3,1000,5,4000,5000,oscar_wilde,5,gutenberg_texts/174.txt,0.46438328518159167,0.1140023824771214,-0.35038090270447025,9,False,joseph_conrad
pro,all_authors,f3,1000,1,0,1000,oscar_wilde,6,gutenberg_texts/773.txt,0.08554450948135393,0.03411031799516945,-0.051434191486184486,3,False,herbert_george_wells
pro,all_authors,f3,1000,2,1000,2000,oscar_wilde,6,gutenberg_texts/773.txt,0.0729847958555948,0.061543726266464094,-0.0114410695891307,2,False,herbert_george_wells
pro,all_authors,f3,1000,3,2000,3000,oscar_wilde,6,gutenberg_texts/773.txt,0.077107173502077,0.0966820207757593,0.01957484727368229,1,True,oscar_wilde
pro,all_authors,f3,1000,4,3000,4000,oscar_wilde,6,gutenberg_texts/773.txt,0.055037966698900855,0.06988981395005629,0.014851847251155438,1,True,oscar_wilde
pro,all_authors,f3,1000,5,4000,5000,oscar_wilde,6,gutenberg_texts/773.txt,0.06928004194119451,0.05685330137338458,-0.01242674056780993,2,False,herbert_george_wells
pro,all_authors,f3,1000,1,0,1000,oscar_wilde,7,gutenberg_texts/174.txt,0.37472843437192443,0.0894239718666441,-0.28530446250528035,10,False,joseph_conrad
pro,all_authors,f3,1000,2,1000,2000,oscar_wilde,7,gutenberg_texts/174.txt,0.6854661139307503,0.1040118599880755,-0.5814542539426748,10,False,herbert_george_wells
pro,all_authors,f3,1000,3,2000,3000,oscar_wilde,7,gutenberg_texts/174.txt,0.7954490052107094,0.06128851515765663,-0.7341604900530527,10,False,herbert_george_wells
pro,all_authors,f3,1000,4,3000,4000,oscar_wilde,7,gutenberg_texts/174.txt,0.6004178544252236,0.07145719096121549,-0.528960663464008,10,False,herbert_george_wells
pro,all_authors,f3,1000,5,4000,5000,oscar_wilde,7,gutenberg_texts/174.txt,0.6726126664617297,0.06388700788182591,-0.6087256585799038,10,False,herbert_george_wells
pro,all_authors,f3,1000,1,0,1000,oscar_wilde,8,gutenberg_texts/773.txt,0.08565949389137308,0.03658900748876357,-0.049070486402609505,3,False,arthur_conan_doyle
pro,all_authors,f3,1000,2,1000,2000,oscar_wilde,8,gutenberg_texts/773.txt,0.34671980637033056,0.2708106360058853,-0.07590917036444528,2,False,joseph_conrad
pro,all_authors,f3,1000,3,2000,3000,oscar_wilde,8,gutenberg_texts/773.txt,0.36699098143860215,0.23119812633615108,-0.13579285510245107,3,False,joseph_conrad
pro,all_authors,f3,1000,4,3000,4000,oscar_wilde,8,gutenberg_texts/773.txt,0.3262566392485382,0.26895285019916493,-0.05730378904937328,2,False,joseph_conrad
pro,all_authors,f3,1000,5,4000,5000,oscar_wilde,8,gutenberg_texts/773.txt,0.04640858858966506,0.0956091274746703,0.049200538885005245,1,True,oscar_wilde
pro,all_authors,f3,1000,1,0,1000,oscar_wilde,9,gutenberg_texts/174.txt,0.5672474825856767,0.07276172065924247,-0.49448576192643423,10,False,herbert_george_wells
pro,all_authors,f3,1000,2,1000,2000,oscar_wilde,9,gutenberg_texts/174.txt,0.22506524852635612,0.14323032608496544,-0.08183492244139068,2,False,joseph_conrad
pro,all_authors,f3,1000,3,2000,3000,oscar_wilde,9,gutenberg_texts/174.txt,0.21440959996084608,0.18277154288821282,-0.03163805707263326,2,False,joseph_conrad
pro,all_authors,f3,1000,4,3000,4000,oscar_wilde,9,gutenberg_texts/174.txt,0.3570316666302944,0.1228175926047127,-0.2342140740255817,5,False,joseph_conrad
pro,all_authors,f3,1000,5,4000,5000,oscar_wilde,9,gutenberg_texts/174.txt,0.5015073485747118,0.11443517529292843,-0.38707217328178334,9,False,joseph_conrad
pro,all_authors,f3,1000,1,0,1000,oscar_wilde,10,gutenberg_texts/773.txt,0.08411820833979564,0.038209485819456115,-0.04590872252033952,3,False,arthur_conan_doyle
pro,all_authors,f3,1000,2,1000,2000,oscar_wilde,10,gutenberg_texts/773.txt,0.079701853190197,0.0758434465448755,-0.0038584066453214994,2,False,herbert_george_wells
pro,all_authors,f3,1000,3,2000,3000,oscar_wilde,10,gutenberg_texts/773.txt,0.06116084775789821,0.058477076893041026,-0.002683770864857181,2,False,herbert_george_wells
pro,all_authors,f3,1000,4,3000,4000,oscar_wilde,10,gutenberg_texts/773.txt,0.03171991583655024,0.06963361501945665,0.037913699182906414,1,True,oscar_wilde
pro,all_authors,f3,1000,5,4000,5000,oscar_wilde,10,gutenberg_texts/773.txt,0.03981046723961388,0.05535738025105476,0.015546913011440879,1,True,oscar_wilde
pro,all_authors,f3,1000,1,0,1000,joseph_conrad,1,gutenberg_texts/219.txt,0.13709817479143063,0.05763401938062386,-0.07946415541080677,4,False,arthur_conan_doyle
pro,all_authors,f3,1000,2,1000,2000,joseph_conrad,1,gutenberg_texts/219.txt,0.20581926764409367,0.2190749571201187,0.01325568947602504,1,True,joseph_conrad
pro,all_authors,f3,1000,3,2000,3000,joseph_conrad,1,gutenberg_texts/219.txt,0.3214150299356503,0.2833602619464849,-0.038054767989165406,2,False,oscar_wilde
pro,all_authors,f3,1000,4,3000,4000,joseph_conrad,1,gutenberg_texts/219.txt,0.44216529586217906,0.49073839724626306,0.048573101384083994,1,True,joseph_conrad
pro,all_authors,f3,1000,5,4000,5000,joseph_conrad,1,gutenberg_texts/219.txt,0.32775539817642596,0.3793306076837313,0.05157520950730532,1,True,joseph_conrad
pro,all_authors,f3,1000,1,0,1000,joseph_conrad,2,gutenberg_texts/5658.txt,0.15680567842269624,0.07070286606907715,-0.0861028123536191,3,False,oscar_wilde
pro,all_authors,f3,1000,2,1000,2000,joseph_conrad,2,gutenberg_texts/5658.txt,0.11720799196359323,0.0751899620598868,-0.04201802990370643,2,False,oscar_wilde
pro,all_authors,f3,1000,3,2000,3000,joseph_conrad,2,gutenberg_texts/5658.txt,0.2534353301501072,0.1312167558243238,-0.12221857432578342,3,False,oscar_wilde
pro,all_authors,f3,1000,4,3000,4000,joseph_conrad,2,gutenberg_texts/5658.txt,0.32998376823205033,0.153765061144194,-0.17621870708785634,5,False,oscar_wilde
pro,all_authors,f3,1000,5,4000,5000,joseph_conrad,2,gutenberg_texts/5658.txt,0.41825748993214884,0.07057119458461794,-0.3476862953475309,9,False,herbert_george_wells
pro,all_authors,f3,1000,1,0,1000,joseph_conrad,3,gutenberg_texts/219.txt,0.11278508719217427,0.043977356292930814,-0.06880773089924345,4,False,herbert_george_wells
pro,all_authors,f3,1000,2,1000,2000,joseph_conrad,3,gutenberg_texts/219.txt,0.08763173587994376,0.08275436881740844,-0.004877367062535318,3,False,oscar_wilde
pro,all_authors,f3,1000,3,2000,3000,joseph_conrad,3,gutenberg_texts/219.txt,0.09237948624957532,0.06557948888182352,-0.026799997367751793,3,False,herbert_george_wells
pro,all_authors,f3,1000,4,3000,4000,joseph_conrad,3,gutenberg_texts/219.txt,0.13232242830938795,0.14684587822574652,0.014523449916358566,1,True,joseph_conrad
pro,all_authors,f3,1000,5,4000,5000,joseph_conrad,3,gutenberg_texts/219.txt,0.08567509325406467,0.09276260065670783,0.007087507402643162,1,True,joseph_conrad
pro,all_authors,f3,1000,1,0,1000,joseph_conrad,4,gutenberg_texts/5658.txt,0.22960352306947587,0.14280802429805378,-0.08679549877142209,3,False,oscar_wilde
pro,all_authors,f3,1000,2,1000,2000,joseph_conrad,4,gutenberg_texts/5658.txt,0.22269099936270212,0.18218954836931428,-0.04050145099338784,2,False,oscar_wilde
pro,all_authors,f3,1000,3,2000,3000,joseph_conrad,4,gutenberg_texts/5658.txt,0.23145053106279728,0.12294177143212018,-0.1085087596306771,3,False,oscar_wilde
pro,all_authors,f3,1000,4,3000,4000,joseph_conrad,4,gutenberg_texts/5658.txt,0.2610638144902075,0.10307486333681767,-0.15798895115338982,5,False,herbert_george_wells
pro,all_authors,f3,1000,5,4000,5000,joseph_conrad,4,gutenberg_texts/5658.txt,0.3559458976200806,0.11471630593512938,-0.24122959168495123,8,False,oscar_wilde
pro,all_authors,f3,1000,1,0,1000,joseph_conrad,5,gutenberg_texts/219.txt,0.20512408353658332,0.17412040020226777,-0.03100368333431555,3,False,oscar_wilde
pro,all_authors,f3,1000,2,1000,2000,joseph_conrad,5,gutenberg_texts/219.txt,0.35868799563142506,0.40160301128542014,0.04291501565399508,1,True,joseph_conrad
pro,all_authors,f3,1000,3,2000,3000,joseph_conrad,5,gutenberg_texts/219.txt,0.2223352895476924,0.26273515498875855,0.040399865441066135,1,True,joseph_conrad
pro,all_authors,f3,1000,4,3000,4000,joseph_conrad,5,gutenberg_texts/219.txt,0.18928968684721115,0.23512569648257486,0.04583600963536372,1,True,joseph_conrad
pro,all_authors,f3,1000,5,4000,5000,joseph_conrad,5,gutenberg_texts/219.txt,0.2289518056444142,0.25914333611149365,0.030191530467079453,1,True,joseph_conrad
pro,all_authors,f3,1000,1,0,1000,joseph_conrad,6,gutenberg_texts/5658.txt,0.08617607758395339,0.23869029433527092,0.15251421675131754,1,True,joseph_conrad
pro,all_authors,f3,1000,2,1000,2000,joseph_conrad,6,gutenberg_texts/5658.txt,0.16985320369116882,0.13481285596033601,-0.03504034773083281,2,False,oscar_wilde
pro,all_authors,f3,1000,3,2000,3000,joseph_conrad,6,gutenberg_texts/5658.txt,0.16898967843331325,0.18430130133770023,0.015311622904386979,1,True,joseph_conrad
pro,all_authors,f3,1000,4,3000,4000,joseph_conrad,6,gutenberg_texts/5658.txt,0.2080313217127762,0.23408793929715338,0.02605661758437719,1,True,joseph_conrad
pro,all_authors,f3,1000,5,4000,5000,joseph_conrad,6,gutenberg_texts/5658.txt,0.28668296102294527,0.3096072401832935,0.022924279160348227,1,True,joseph_conrad
pro,all_authors,f3,1000,1,0,1000,joseph_conrad,7,gutenberg_texts/219.txt,0.1941129719122983,0.17146226185596197,-0.022650710056336315,2,False,oscar_wilde
pro,all_authors,f3,1000,2,1000,2000,joseph_conrad,7,gutenberg_texts/219.txt,0.10294756072220107,0.11446397297531466,0.01151641225311359,1,True,joseph_conrad
pro,all_authors,f3,1000,3,2000,3000,joseph_conrad,7,gutenberg_texts/219.txt,0.19040824144640922,0.2073537214582178,0.016945480011808567,1,True,joseph_conrad
pro,all_authors,f3,1000,4,3000,4000,joseph_conrad,7,gutenberg_texts/219.txt,0.12360490393527736,0.11785598184977562,-0.005748922085501734,2,False,oscar_wilde
pro,all_authors,f3,1000,5,4000,5000,joseph_conrad,7,gutenberg_texts/219.txt,0.10433212813741073,0.11671083807296491,0.012378709935554177,1,True,joseph_conrad
pro,all_authors,f3,1000,1,0,1000,joseph_conrad,8,gutenberg_texts/5658.txt,0.1739355401852185,0.08225763930032172,-0.09167790088489679,3,False,oscar_wilde
pro,all_authors,f3,1000,2,1000,2000,joseph_conrad,8,gutenberg_texts/5658.txt,0.12198154361747947,0.10578149395791561,-0.016200049659563856,2,False,oscar_wilde
pro,all_authors,f3,1000,3,2000,3000,joseph_conrad,8,gutenberg_texts/5658.txt,0.16387008799323116,0.19559031002782115,0.03172022203458999,1,True,joseph_conrad
pro,all_authors,f3,1000,4,3000,4000,joseph_conrad,8,gutenberg_texts/5658.txt,0.1698428389200144,0.16040660508577065,-0.009436233834243746,2,False,oscar_wilde
pro,all_authors,f3,1000,5,4000,5000,joseph_conrad,8,gutenberg_texts/5658.txt,0.18624684800804328,0.13187142591016135,-0.05437542209788193,3,False,oscar_wilde
pro,all_authors,f3,1000,1,0,1000,joseph_conrad,9,gutenberg_texts/219.txt,0.15195658942181292,0.11943556325056803,-0.03252102617124489,2,False,oscar_wilde
pro,all_authors,f3,1000,2,1000,2000,joseph_conrad,9,gutenberg_texts/219.txt,0.1515322785870687,0.12415318591884336,-0.02737909266822533,3,False,oscar_wilde
pro,all_authors,f3,1000,3,2000,3000,joseph_conrad,9,gutenberg_texts/219.txt,0.1374109228413328,0.1256330125676939,-0.011777910273638892,2,False,oscar_wilde
pro,all_authors,f3,1000,4,3000,4000,joseph_conrad,9,gutenberg_texts/219.txt,0.13423677480002622,0.11737198312702976,-0.016864791672996454,2,False,oscar_wilde
pro,all_authors,f3,1000,5,4000,5000,joseph_conrad,9,gutenberg_texts/219.txt,0.09971416039780955,0.06929534689354445,-0.03041881350426509,3,False,oscar_wilde
pro,all_authors,f3,1000,1,0,1000,joseph_conrad,10,gutenberg_texts/5658.txt,0.14028358971409827,0.07544160441205604,-0.06484198530204223,4,False,herbert_george_wells
pro,all_authors,f3,1000,2,1000,2000,joseph_conrad,10,gutenberg_texts/5658.txt,0.09483499784565703,0.20282040255261433,0.10798540470695729,1,True,joseph_conrad
pro,all_authors,f3,1000,3,2000,3000,joseph_conrad,10,gutenberg_texts/5658.txt,0.10491828547974263,0.19862872609320004,0.0937104406134574,1,True,joseph_conrad
pro,all_authors,f3,1000,4,3000,4000,joseph_conrad,10,gutenberg_texts/5658.txt,0.4738941755436922,0.17683394726316987,-0.2970602282805223,8,False,herbert_george_wells
pro,all_authors,f3,1000,5,4000,5000,joseph_conrad,10,gutenberg_texts/5658.txt,0.25735856401662244,0.1875920287438374,-0.06976653527278504,3,False,oscar_wilde
flash,margin_gt_1,f1,1000,1,0,1000,arthur_conan_doyle,1,gutenberg_texts/1661.txt,0.052136565882403674,0.08916583038676466,0.03702926450436099,1,True,arthur_conan_doyle
flash,margin_gt_1,f1,1000,2,1000,2000,arthur_conan_doyle,1,gutenberg_texts/1661.txt,0.05196973245554484,0.031699612349789484,-0.02027012010575536,3,False,jane_austen
flash,margin_gt_1,f1,1000,3,2000,3000,arthur_conan_doyle,1,gutenberg_texts/1661.txt,0.11641865201007315,0.019903398270357985,-0.09651525373971516,4,False,mary_shelley
flash,margin_gt_1,f1,1000,4,3000,4000,arthur_conan_doyle,1,gutenberg_texts/1661.txt,0.011500410876125272,0.02789116597506939,0.016390755098944117,1,True,arthur_conan_doyle
flash,margin_gt_1,f1,1000,5,4000,5000,arthur_conan_doyle,1,gutenberg_texts/1661.txt,0.03152411681949222,0.07666621196257775,0.04514209514308553,1,True,arthur_conan_doyle
flash,margin_gt_1,f1,1000,1,0,1000,arthur_conan_doyle,2,gutenberg_texts/244.txt,0.04289854602889995,0.10797286839453885,0.0650743223656389,1,True,arthur_conan_doyle
flash,margin_gt_1,f1,1000,2,1000,2000,arthur_conan_doyle,2,gutenberg_texts/244.txt,0.08263647403198073,0.11724300353242018,0.03460652950043945,1,True,arthur_conan_doyle
flash,margin_gt_1,f1,1000,3,2000,3000,arthur_conan_doyle,2,gutenberg_texts/244.txt,0.08206298637057016,0.12024435307568247,0.03818136670511231,1,True,arthur_conan_doyle
flash,margin_gt_1,f1,1000,4,3000,4000,arthur_conan_doyle,2,gutenberg_texts/244.txt,0.0423157026528016,0.09045090107299962,0.04813519842019802,1,True,arthur_conan_doyle
flash,margin_gt_1,f1,1000,5,4000,5000,arthur_conan_doyle,2,gutenberg_texts/244.txt,0.027906710607743326,0.09100312726074146,0.06309641665299813,1,True,arthur_conan_doyle
flash,margin_gt_1,f1,1000,1,0,1000,arthur_conan_doyle,3,gutenberg_texts/2852.txt,0.06640347048177356,0.029130350887149922,-0.037273119594623635,3,False,jane_austen
flash,margin_gt_1,f1,1000,2,1000,2000,arthur_conan_doyle,3,gutenberg_texts/2852.txt,0.0769507359877042,0.09263358951882926,0.015682853531125057,1,True,arthur_conan_doyle
flash,margin_gt_1,f1,1000,3,2000,3000,arthur_conan_doyle,3,gutenberg_texts/2852.txt,0.02739815925287129,0.009715557061478652,-0.01768260219139264,3,False,mark_twain
flash,margin_gt_1,f1,1000,4,3000,4000,arthur_conan_doyle,3,gutenberg_texts/2852.txt,0.04802962627366992,0.08766909850377952,0.0396394722301096,1,True,arthur_conan_doyle
flash,margin_gt_1,f1,1000,5,4000,5000,arthur_conan_doyle,3,gutenberg_texts/2852.txt,0.056568024934424026,0.10309750466070623,0.04652947972628221,1,True,arthur_conan_doyle
flash,margin_gt_1,f1,1000,1,0,1000,arthur_conan_doyle,4,gutenberg_texts/1661.txt,0.07405819940942239,0.08736062554369507,0.013302426134272682,1,True,arthur_conan_doyle
flash,margin_gt_1,f1,1000,2,1000,2000,arthur_conan_doyle,4,gutenberg_texts/1661.txt,0.031124822764895095,0.01039473846026813,-0.020730084304626965,3,False,jane_austen
flash,margin_gt_1,f1,1000,3,2000,3000,arthur_conan_doyle,4,gutenberg_texts/1661.txt,0.028586564554671443,0.037161684006506726,0.008575119451835284,1,True,arthur_conan_doyle
flash,margin_gt_1,f1,1000,4,3000,4000,arthur_conan_doyle,4,gutenberg_texts/1661.txt,0.021146958205613443,0.013420445929027863,-0.0077265122765855804,2,False,mark_twain
flash,margin_gt_1,f1,1000,5,4000,5000,arthur_conan_doyle,4,gutenberg_texts/1661.txt,0.02127786262414591,0.04561500808541156,0.024337145461265648,1,True,arthur_conan_doyle
flash,margin_gt_1,f1,1000,1,0,1000,arthur_conan_doyle,5,gutenberg_texts/244.txt,0.26788747793112183,0.09145941702080954,-0.1764280609103123,4,False,mary_shelley
flash,margin_gt_1,f1,1000,2,1000,2000,arthur_conan_doyle,5,gutenberg_texts/244.txt,0.31719518563828786,0.09857778434992727,-0.2186174012883606,4,False,mary_shelley
flash,margin_gt_1,f1,1000,3,2000,3000,arthur_conan_doyle,5,gutenberg_texts/244.txt,0.3237465643358241,0.10078739460889077,-0.22295916972693333,4,False,mary_shelley
flash,margin_gt_1,f1,1000,4,3000,4000,arthur_conan_doyle,5,gutenberg_texts/244.txt,0.20602107281429047,0.0836793335470652,-0.12234173926722527,4,False,mary_shelley
flash,margin_gt_1,f1,1000,5,4000,5000,arthur_conan_doyle,5,gutenberg_texts/244.txt,0.22528490669091794,0.08355855619109416,-0.1417263504998238,4,False,mary_shelley
flash,margin_gt_1,f1,1000,1,0,1000,arthur_conan_doyle,6,gutenberg_texts/2852.txt,0.06382025461557592,0.022317760299387167,-0.04150249431618875,3,False,jane_austen
flash,margin_gt_1,f1,1000,2,1000,2000,arthur_conan_doyle,6,gutenberg_texts/2852.txt,0.03666838010285452,0.001506344116581385,-0.035162035986273134,3,False,jane_austen
flash,margin_gt_1,f1,1000,3,2000,3000,arthur_conan_doyle,6,gutenberg_texts/2852.txt,0.03157651420769597,0.08158707413918985,0.05001055993149388,1,True,arthur_conan_doyle
flash,margin_gt_1,f1,1000,4,3000,4000,arthur_conan_doyle,6,gutenberg_texts/2852.txt,0.03501905079908071,0.06661304669647741,0.031593995897396705,1,True,arthur_conan_doyle
flash,margin_gt_1,f1,1000,5,4000,5000,arthur_conan_doyle,6,gutenberg_texts/2852.txt,0.09165945350042037,0.07287852605189873,-0.01878092744852164,2,False,jane_austen
flash,margin_gt_1,f1,1000,1,0,1000,arthur_conan_doyle,7,gutenberg_texts/1661.txt,0.32807831676875043,0.16772271902499894,-0.1603555977437515,4,False,mary_shelley
flash,margin_gt_1,f1,1000,2,1000,2000,arthur_conan_doyle,7,gutenberg_texts/1661.txt,0.06263994012169884,0.10968771698376148,0.04704777686206264,1,True,arthur_conan_doyle
flash,margin_gt_1,f1,1000,3,2000,3000,arthur_conan_doyle,7,gutenberg_texts/1661.txt,0.04703502065108729,0.08525374773723918,0.038218727086151885,1,True,arthur_conan_doyle
flash,margin_gt_1,f1,1000,4,3000,4000,arthur_conan_doyle,7,gutenberg_texts/1661.txt,0.0404546847409694,0.030211353214938834,-0.010243331526030568,2,False,jane_austen
flash,margin_gt_1,f1,1000,5,4000,5000,arthur_conan_doyle,7,gutenberg_texts/1661.txt,0.08483917094342068,0.0960191471886668,0.011179976245246123,1,True,arthur_conan_doyle
flash,margin_gt_1,f1,1000,1,0,1000,arthur_conan_doyle,8,gutenberg_texts/244.txt,0.11774312957906842,0.09672747333449737,-0.02101565624457105,2,False,jane_austen
flash,margin_gt_1,f1,1000,2,1000,2000,arthur_conan_doyle,8,gutenberg_texts/244.txt,0.09019235282865501,0.07409601240873917,-0.01609634041991584,2,False,jane_austen
flash,margin_gt_1,f1,1000,3,2000,3000,arthur_conan_doyle,8,gutenberg_texts/244.txt,0.09097667194941321,0.10790477239438104,0.016928100444967828,1,True,arthur_conan_doyle
flash,margin_gt_1,f1,1000,4,3000,4000,arthur_conan_doyle,8,gutenberg_texts/244.txt,0.051496909358822965,0.061717300519258736,0.010220391160435771,1,True,arthur_conan_doyle
flash,margin_gt_1,f1,1000,5,4000,5000,arthur_conan_doyle,8,gutenberg_texts/244.txt,0.09840628917768868,0.08132201337635317,-0.017084275801335508,3,False,mark_twain
flash,margin_gt_1,f1,1000,1,0,1000,arthur_conan_doyle,9,gutenberg_texts/2852.txt,0.1008058174936669,0.07810314847268114,-0.022702669020985763,2,False,jane_austen
flash,margin_gt_1,f1,1000,2,1000,2000,arthur_conan_doyle,9,gutenberg_texts/2852.txt,0.028048578114478192,0.08868955334908633,0.06064097523460814,1,True,arthur_conan_doyle
flash,margin_gt_1,f1,1000,3,2000,3000,arthur_conan_doyle,9,gutenberg_texts/2852.txt,0.00770184449697607,0.0190108042743497,0.011308959777373628,1,True,arthur_conan_doyle
flash,margin_gt_1,f1,1000,4,3000,4000,arthur_conan_doyle,9,gutenberg_texts/2852.txt,0.030725326903525675,0.08552103129801569,0.05479570439449002,1,True,arthur_conan_doyle
flash,margin_gt_1,f1,1000,5,4000,5000,arthur_conan_doyle,9,gutenberg_texts/2852.txt,0.0235963871325643,0.08438427556605568,0.06078788843349138,1,True,arthur_conan_doyle
flash,margin_gt_1,f1,1000,1,0,1000,arthur_conan_doyle,10,gutenberg_texts/1661.txt,0.04747923001690786,0.07128124975801875,0.02380201974111089,1,True,arthur_conan_doyle
flash,margin_gt_1,f1,1000,2,1000,2000,arthur_conan_doyle,10,gutenberg_texts/1661.txt,0.03750613781641902,0.01559364042284768,-0.021912497393571338,3,False,jane_austen
flash,margin_gt_1,f1,1000,3,2000,3000,arthur_conan_doyle,10,gutenberg_texts/1661.txt,0.06823400104694885,0.08862220597203226,0.020388204925083406,1,True,arthur_conan_doyle
flash,margin_gt_1,f1,1000,4,3000,4000,arthur_conan_doyle,10,gutenberg_texts/1661.txt,0.08422460994551252,0.07878237708165561,-0.005442232863856908,2,False,jane_austen
flash,margin_gt_1,f1,1000,5,4000,5000,arthur_conan_doyle,10,gutenberg_texts/1661.txt,0.05576732564721436,0.07055018086050602,0.01478285521329166,1,True,arthur_conan_doyle
flash,margin_gt_1,f1,1000,1,0,1000,arthur_conan_doyle,11,gutenberg_texts/244.txt,0.2600857910458721,0.10872461897538935,-0.15136117207048275,4,False,mary_shelley
flash,margin_gt_1,f1,1000,2,1000,2000,arthur_conan_doyle,11,gutenberg_texts/244.txt,0.1862590778419178,0.08355949236268362,-0.10269958547923419,4,False,mary_shelley
flash,margin_gt_1,f1,1000,3,2000,3000,arthur_conan_doyle,11,gutenberg_texts/244.txt,0.07451957896691155,0.08651674958634739,0.011997170619435837,1,True,arthur_conan_doyle
flash,margin_gt_1,f1,1000,4,3000,4000,arthur_conan_doyle,11,gutenberg_texts/244.txt,0.21273631334813958,0.08560264439956028,-0.1271336689485793,4,False,mary_shelley
flash,margin_gt_1,f1,1000,5,4000,5000,arthur_conan_doyle,11,gutenberg_texts/244.txt,0.18174258014428413,0.0898580965271739,-0.09188448361711023,4,False,mary_shelley
flash,margin_gt_1,f1,1000,1,0,1000,arthur_conan_doyle,12,gutenberg_texts/2852.txt,0.04499080932178854,0.07555190801547597,0.03056109869368743,1,True,arthur_conan_doyle
flash,margin_gt_1,f1,1000,2,1000,2000,arthur_conan_doyle,12,gutenberg_texts/2852.txt,0.05576792787803544,0.07635442072715591,0.020586492849120473,1,True,arthur_conan_doyle
flash,margin_gt_1,f1,1000,3,2000,3000,arthur_conan_doyle,12,gutenberg_texts/2852.txt,0.03190326050269589,0.10600898449455673,0.07410572399186084,1,True,arthur_conan_doyle
flash,margin_gt_1,f1,1000,4,3000,4000,arthur_conan_doyle,12,gutenberg_texts/2852.txt,0.03331390692807096,0.11039337698706167,0.07707947005899071,1,True,arthur_conan_doyle
flash,margin_gt_1,f1,1000,5,4000,5000,arthur_conan_doyle,12,gutenberg_texts/2852.txt,0.09436139413292598,0.12110317266325316,0.02674177853032718,1,True,arthur_conan_doyle
flash,margin_gt_1,f1,1000,1,0,1000,arthur_conan_doyle,13,gutenberg_texts/1661.txt,0.05825652866723977,0.09227899242947726,0.03402246376223749,1,True,arthur_conan_doyle
flash,margin_gt_1,f1,1000,2,1000,2000,arthur_conan_doyle,13,gutenberg_texts/1661.txt,0.04498499237032359,0.09159595029180757,0.04661095792148398,1,True,arthur_conan_doyle
flash,margin_gt_1,f1,1000,3,2000,3000,arthur_conan_doyle,13,gutenberg_texts/1661.txt,0.07239305106348924,0.08747976405142202,0.01508671298793278,1,True,arthur_conan_doyle
flash,margin_gt_1,f1,1000,4,3000,4000,arthur_conan_doyle,13,gutenberg_texts/1661.txt,0.10419680940838633,0.09905338363340224,-0.005143425774984084,2,False,jane_austen
flash,margin_gt_1,f1,1000,5,4000,5000,arthur_conan_doyle,13,gutenberg_texts/1661.txt,0.0906692736534714,0.10196072779557544,0.011291454142104043,1,True,arthur_conan_doyle
flash,margin_gt_1,f1,1000,1,0,1000,arthur_conan_doyle,14,gutenberg_texts/244.txt,0.26526768463776434,0.09833646214046475,-0.16693122249729958,4,False,mary_shelley
flash,margin_gt_1,f1,1000,2,1000,2000,arthur_conan_doyle,14,gutenberg_texts/244.txt,0.31598356859410015,0.13878058146569533,-0.17720298712840482,4,False,mary_shelley
flash,margin_gt_1,f1,1000,3,2000,3000,arthur_conan_doyle,14,gutenberg_texts/244.txt,0.3515550116958926,0.10809820302805936,-0.24345680866783323,4,False,mary_shelley
flash,margin_gt_1,f1,1000,4,3000,4000,arthur_conan_doyle,14,gutenberg_texts/244.txt,0.30034483198369916,0.10850373719693997,-0.1918410947867592,4,False,mary_shelley
flash,margin_gt_1,f1,1000,5,4000,5000,arthur_conan_doyle,14,gutenberg_texts/244.txt,0.34896294055917937,0.134515173002401,-0.21444776755677836,4,False,mary_shelley
flash,margin_gt_1,f1,1000,1,0,1000,arthur_conan_doyle,15,gutenberg_texts/2852.txt,0.17323700939572478,0.15398417878860188,-0.019252830607122906,2,False,mary_shelley
flash,margin_gt_1,f1,1000,2,1000,2000,arthur_conan_doyle,15,gutenberg_texts/2852.txt,0.11833050571367049,0.10395624056072647,-0.014374265152944016,3,False,jane_austen
flash,margin_gt_1,f1,1000,3,2000,3000,arthur_conan_doyle,15,gutenberg_texts/2852.txt,0.2939440475034486,0.12263297639358132,-0.17131107110986726,4,False,mary_shelley
flash,margin_gt_1,f1,1000,4,3000,4000,arthur_conan_doyle,15,gutenberg_texts/2852.txt,0.2658992910051102,0.10786115110040477,-0.15803813990470544,4,False,mary_shelley
flash,margin_gt_1,f1,1000,5,4000,5000,arthur_conan_doyle,15,gutenberg_texts/2852.txt,0.2556402567871565,0.1139050341415826,-0.14173522264557392,4,False,mary_shelley
flash,margin_gt_1,f1,1000,1,0,1000,arthur_conan_doyle,16,gutenberg_texts/1661.txt,0.0903883464842955,0.10586388697291621,0.01547554048862071,1,True,arthur_conan_doyle
flash,margin_gt_1,f1,1000,2,1000,2000,arthur_conan_doyle,16,gutenberg_texts/1661.txt,0.06027338571617354,0.015527034593671918,-0.044746351122501624,4,False,jane_austen
flash,margin_gt_1,f1,1000,3,2000,3000,arthur_conan_doyle,16,gutenberg_texts/1661.txt,0.0266162328557436,0.04266594481010193,0.016049711954358326,1,True,arthur_conan_doyle
flash,margin_gt_1,f1,1000,4,3000,4000,arthur_conan_doyle,16,gutenberg_texts/1661.txt,0.07242479034216975,0.015008712226207881,-0.057416078115961874,4,False,jane_austen
flash,margin_gt_1,f1,1000,5,4000,5000,arthur_conan_doyle,16,gutenberg_texts/1661.txt,0.0256784903358296,0.10744745656327905,0.08176896622744945,1,True,arthur_conan_doyle
flash,margin_gt_1,f1,1000,1,0,1000,arthur_conan_doyle,17,gutenberg_texts/244.txt,0.2601521792938712,0.0997958930884635,-0.1603562862054077,4,False,mary_shelley
flash,margin_gt_1,f1,1000,2,1000,2000,arthur_conan_doyle,17,gutenberg_texts/244.txt,0.3527873062814558,0.1450594143737964,-0.20772789190765942,4,False,mary_shelley
flash,margin_gt_1,f1,1000,3,2000,3000,arthur_conan_doyle,17,gutenberg_texts/244.txt,0.3253608287618336,0.09912691794842023,-0.22623391081341337,4,False,mary_shelley
flash,margin_gt_1,f1,1000,4,3000,4000,arthur_conan_doyle,17,gutenberg_texts/244.txt,0.330936705404719,0.11873735315795106,-0.21219935224676792,4,False,mary_shelley
flash,margin_gt_1,f1,1000,5,4000,5000,arthur_conan_doyle,17,gutenberg_texts/244.txt,0.39418092271120325,0.1524353107204558,-0.24174561199074746,4,False,mary_shelley
flash,margin_gt_1,f1,1000,1,0,1000,arthur_conan_doyle,18,gutenberg_texts/2852.txt,0.060797341138488836,0.10059497121921163,0.03979763008072279,1,True,arthur_conan_doyle
flash,margin_gt_1,f1,1000,2,1000,2000,arthur_conan_doyle,18,gutenberg_texts/2852.txt,0.10619482302892355,0.10599656703833235,-0.0001982559905912007,2,False,jane_austen
flash,margin_gt_1,f1,1000,3,2000,3000,arthur_conan_doyle,18,gutenberg_texts/2852.txt,0.12744848560002392,0.1322395238763307,0.0047910382763067805,1,True,arthur_conan_doyle
flash,margin_gt_1,f1,1000,4,3000,4000,arthur_conan_doyle,18,gutenberg_texts/2852.txt,0.09752491206405678,0.10652929165905854,0.009004379595001763,1,True,arthur_conan_doyle
flash,margin_gt_1,f1,1000,5,4000,5000,arthur_conan_doyle,18,gutenberg_texts/2852.txt,0.07011044163881487,0.07731353087074228,0.007203089231927404,1,True,arthur_conan_doyle
flash,margin_gt_1,f1,1000,1,0,1000,arthur_conan_doyle,19,gutenberg_texts/1661.txt,0.05706046626313948,0.08215940715060703,0.02509894088746755,1,True,arthur_conan_doyle
flash,margin_gt_1,f1,1000,2,1000,2000,arthur_conan_doyle,19,gutenberg_texts/1661.txt,0.03550517545473463,0.09900094941383633,0.06349577395910169,1,True,arthur_conan_doyle
flash,margin_gt_1,f1,1000,3,2000,3000,arthur_conan_doyle,19,gutenberg_texts/1661.txt,0.01264374566468666,0.07760486210196296,0.0649611164372763,1,True,arthur_conan_doyle
flash,margin_gt_1,f1,1000,4,3000,4000,arthur_conan_doyle,19,gutenberg_texts/1661.txt,0.0252833811799937,0.051739081733537695,0.026455700553543994,1,True,arthur_conan_doyle
flash,margin_gt_1,f1,1000,5,4000,5000,arthur_conan_doyle,19,gutenberg_texts/1661.txt,0.022973086117766113,0.0901577731476932,0.06718468702992708,1,True,arthur_conan_doyle
flash,margin_gt_1,f1,1000,1,0,1000,arthur_conan_doyle,20,gutenberg_texts/244.txt,0.061578649726084636,0.09559533358584,0.03401668385975537,1,True,arthur_conan_doyle
flash,margin_gt_1,f1,1000,2,1000,2000,arthur_conan_doyle,20,gutenberg_texts/244.txt,0.08392880880626112,0.1013994488114992,0.017470640005238083,1,True,arthur_conan_doyle
flash,margin_gt_1,f1,1000,3,2000,3000,arthur_conan_doyle,20,gutenberg_texts/244.txt,0.03473587190287712,0.016420092474356763,-0.01831577942852036,2,False,jane_austen
flash,margin_gt_1,f1,1000,4,3000,4000,arthur_conan_doyle,20,gutenberg_texts/244.txt,0.03910630273988782,0.08239151234155055,0.04328520960166273,1,True,arthur_conan_doyle
flash,margin_gt_1,f1,1000,5,4000,5000,arthur_conan_doyle,20,gutenberg_texts/244.txt,0.08962921184604508,0.10380983901715102,0.014180627171105936,1,True,arthur_conan_doyle
flash,margin_gt_1,f1,1000,1,0,1000,jane_austen,1,full_books/jane_austen_full.txt,0.08615794159585954,0.08647696352229815,0.00031902192643860905,1,True,jane_austen
flash,margin_gt_1,f1,1000,2,1000,2000,jane_austen,1,full_books/jane_austen_full.txt,0.08080318787290339,0.07589573105327273,-0.0049074568196306595,2,False,arthur_conan_doyle
flash,margin_gt_1,f1,1000,3,2000,3000,jane_austen,1,full_books/jane_austen_full.txt,0.0587957106357746,0.05918778741164107,0.00039207677586646644,1,True,jane_austen
flash,margin_gt_1,f1,1000,4,3000,4000,jane_austen,1,full_books/jane_austen_full.txt,0.050110716884783676,0.0908971503689523,0.04078643348416862,1,True,jane_austen
flash,margin_gt_1,f1,1000,5,4000,5000,jane_austen,1,full_books/jane_austen_full.txt,0.0833549124572941,0.07135821492818836,-0.011996697529105732,2,False,arthur_conan_doyle
flash,margin_gt_1,f1,1000,1,0,1000,jane_austen,2,full_books/jane_austen_full.txt,0.1049370654380698,0.10554605150129799,0.0006089860632281924,1,True,jane_austen
flash,margin_gt_1,f1,1000,2,1000,2000,jane_austen,2,full_books/jane_austen_full.txt,0.123013509844813,0.11486311945329089,-0.008150390391522114,2,False,mary_shelley
flash,margin_gt_1,f1,1000,3,2000,3000,jane_austen,2,full_books/jane_austen_full.txt,0.0939124531832937,0.11403342453334615,0.020120971350052447,1,True,jane_austen
flash,margin_gt_1,f1,1000,4,3000,4000,jane_austen,2,full_books/jane_austen_full.txt,0.0915273896620942,0.07229462506458463,-0.01923276459750957,2,False,arthur_conan_doyle
flash,margin_gt_1,f1,1000,5,4000,5000,jane_austen,2,full_books/jane_austen_full.txt,0.08559713505322733,0.057656251812845276,-0.027940883240382054,2,False,arthur_conan_doyle
flash,margin_gt_1,f1,1000,1,0,1000,jane_austen,3,gutenberg_texts/161.txt,0.10457818413765192,0.029832154447248613,-0.07474602969040331,3,False,arthur_conan_doyle
flash,margin_gt_1,f1,1000,2,1000,2000,jane_austen,3,gutenberg_texts/161.txt,0.09564569662593127,0.08903747088448793,-0.006608225741443333,2,False,arthur_conan_doyle
flash,margin_gt_1,f1,1000,3,2000,3000,jane_austen,3,gutenberg_texts/161.txt,0.15882260287825392,0.12115552916591821,-0.037667073712335714,2,False,mary_shelley
flash,margin_gt_1,f1,1000,4,3000,4000,jane_austen,3,gutenberg_texts/161.txt,0.10801052968692647,0.10501611098904039,-0.002994418697886081,2,False,mary_shelley
flash,margin_gt_1,f1,1000,5,4000,5000,jane_austen,3,gutenberg_texts/161.txt,0.11721969557305559,0.09510172808756519,-0.0221179674854904,2,False,mary_shelley
flash,margin_gt_1,f1,1000,1,0,1000,jane_austen,4,full_books/jane_austen_full.txt,0.06329077643829903,0.09271250014074914,0.02942172370245011,1,True,jane_austen
flash,margin_gt_1,f1,1000,2,1000,2000,jane_austen,4,full_books/jane_austen_full.txt,0.025262785788665833,0.08668463630106468,0.061421850512398846,1,True,jane_austen
flash,margin_gt_1,f1,1000,3,2000,3000,jane_austen,4,full_books/jane_austen_full.txt,0.06892094786515439,0.04924305639063473,-0.019677891474519656,2,False,arthur_conan_doyle
flash,margin_gt_1,f1,1000,4,3000,4000,jane_austen,4,full_books/jane_austen_full.txt,0.06296794632975257,0.048500927484692334,-0.014467018845060235,3,False,arthur_conan_doyle
flash,margin_gt_1,f1,1000,5,4000,5000,jane_austen,4,full_books/jane_austen_full.txt,0.19314735732677962,0.11632528816932008,-0.07682206915745954,2,False,mary_shelley
flash,margin_gt_1,f1,1000,1,0,1000,jane_austen,5,full_books/jane_austen_full.txt,0.07939858670354338,0.10712325182561942,0.02772466512207604,1,True,jane_austen
flash,margin_gt_1,f1,1000,2,1000,2000,jane_austen,5,full_books/jane_austen_full.txt,0.12163210886714104,0.08824241801879404,-0.033389690848347,2,False,mary_shelley
flash,margin_gt_1,f1,1000,3,2000,3000,jane_austen,5,full_books/jane_austen_full.txt,0.06211667176981868,0.08445815688814819,0.022341485118329507,1,True,jane_austen
flash,margin_gt_1,f1,1000,4,3000,4000,jane_austen,5,full_books/jane_austen_full.txt,0.07369676870775561,0.045079325134159826,-0.02861744357359579,3,False,arthur_conan_doyle
flash,margin_gt_1,f1,1000,5,4000,5000,jane_austen,5,full_books/jane_austen_full.txt,0.12587973910367692,0.09891206588859125,-0.02696767321508567,3,False,arthur_conan_doyle
flash,margin_gt_1,f1,1000,1,0,1000,jane_austen,6,gutenberg_texts/161.txt,0.10114134756482678,0.0709882619914633,-0.030153085573363478,3,False,arthur_conan_doyle
flash,margin_gt_1,f1,1000,2,1000,2000,jane_austen,6,gutenberg_texts/161.txt,0.033154043371016864,0.025303752162994485,-0.00785029120802238,2,False,mary_shelley
flash,margin_gt_1,f1,1000,3,2000,3000,jane_austen,6,gutenberg_texts/161.txt,0.034395568492426705,0.03872353085526771,0.004327962362841005,1,True,jane_austen
flash,margin_gt_1,f1,1000,4,3000,4000,jane_austen,6,gutenberg_texts/161.txt,0.13656339938682532,0.1284163468328662,-0.008147052553959117,2,False,mary_shelley
flash,margin_gt_1,f1,1000,5,4000,5000,jane_austen,6,gutenberg_texts/161.txt,0.1712789491841498,0.14635333558171454,-0.024925613602435254,2,False,mary_shelley
flash,margin_gt_1,f1,1000,1,0,1000,jane_austen,7,full_books/jane_austen_full.txt,0.09716049754731065,0.08387921047256257,-0.013281287074748085,2,False,mary_shelley
flash,margin_gt_1,f1,1000,2,1000,2000,jane_austen,7,full_books/jane_austen_full.txt,0.11467083120326403,0.1120652215704404,-0.0026056096328236356,3,False,arthur_conan_doyle
flash,margin_gt_1,f1,1000,3,2000,3000,jane_austen,7,full_books/jane_austen_full.txt,0.10256078978111695,0.0918080289463867,-0.010752760834730243,3,False,mark_twain
flash,margin_gt_1,f1,1000,4,3000,4000,jane_austen,7,full_books/jane_austen_full.txt,0.1967333389840134,0.12012810856576328,-0.07660523041825013,2,False,mary_shelley
flash,margin_gt_1,f1,1000,5,4000,5000,jane_austen,7,full_books/jane_austen_full.txt,0.2229202019387458,0.13316377566716878,-0.08975642627157701,2,False,mary_shelley
flash,margin_gt_1,f1,1000,1,0,1000,jane_austen,8,full_books/jane_austen_full.txt,0.09021180470189422,0.08165874768840642,-0.008553057013487797,2,False,arthur_conan_doyle
flash,margin_gt_1,f1,1000,2,1000,2000,jane_austen,8,full_books/jane_austen_full.txt,0.02984575269509683,0.057850530564090105,0.028004777868993275,1,True,jane_austen
flash,margin_gt_1,f1,1000,3,2000,3000,jane_austen,8,full_books/jane_austen_full.txt,0.1138401883987631,0.023743790937222727,-0.09009639746154037,3,False,arthur_conan_doyle
flash,margin_gt_1,f1,1000,4,3000,4000,jane_austen,8,full_books/jane_austen_full.txt,0.09866650582113101,0.0794709410669629,-0.019195564754168115,2,False,arthur_conan_doyle
flash,margin_gt_1,f1,1000,5,4000,5000,jane_austen,8,full_books/jane_austen_full.txt,0.1635015641188476,0.10982674793632465,-0.05367481618252294,2,False,mary_shelley
flash,margin_gt_1,f1,1000,1,0,1000,jane_austen,9,gutenberg_texts/161.txt,0.10866429799575887,0.11112404138839121,0.0024597433926323437,1,True,jane_austen
flash,margin_gt_1,f1,1000,2,1000,2000,jane_austen,9,gutenberg_texts/161.txt,0.08377186727240864,0.06905396400143266,-0.014717903270975982,2,False,arthur_conan_doyle
flash,margin_gt_1,f1,1000,3,2000,3000,jane_austen,9,gutenberg_texts/161.txt,0.1332743246014103,0.02534845198268059,-0.10792587261872971,3,False,arthur_conan_doyle
flash,margin_gt_1,f1,1000,4,3000,4000,jane_austen,9,gutenberg_texts/161.txt,0.048143276021465786,0.03605120483774197,-0.012092071183723817,3,False,arthur_conan_doyle
flash,margin_gt_1,f1,1000,5,4000,5000,jane_austen,9,gutenberg_texts/161.txt,0.13902460247610235,0.006811600824377414,-0.13221300165172495,3,False,arthur_conan_doyle
flash,margin_gt_1,f1,1000,1,0,1000,jane_austen,10,full_books/jane_austen_full.txt,0.011130227227411391,0.0327782974581242,0.021648070230712812,1,True,jane_austen
flash,margin_gt_1,f1,1000,2,1000,2000,jane_austen,10,full_books/jane_austen_full.txt,0.08810264279802422,0.04584396112765089,-0.04225868167037333,3,False,arthur_conan_doyle
flash,margin_gt_1,f1,1000,3,2000,3000,jane_austen,10,full_books/jane_austen_full.txt,0.00937684247232972,0.03796548508705585,0.02858864261472613,1,True,jane_austen
flash,margin_gt_1,f1,1000,4,3000,4000,jane_austen,10,full_books/jane_austen_full.txt,0.008018557233285775,0.03925132399717436,0.031232766763888586,1,True,jane_austen
flash,margin_gt_1,f1,1000,5,4000,5000,jane_austen,10,full_books/jane_austen_full.txt,0.1521309916473801,0.08795244627420812,-0.06417854537317197,2,False,mary_shelley
flash,margin_gt_1,f1,1000,1,0,1000,jane_austen,11,full_books/jane_austen_full.txt,0.06815179242743503,0.08263120792263765,0.01447941549520261,1,True,jane_austen
flash,margin_gt_1,f1,1000,2,1000,2000,jane_austen,11,full_books/jane_austen_full.txt,0.021863068516427817,0.04842153531865968,0.02655846680223186,1,True,jane_austen
flash,margin_gt_1,f1,1000,3,2000,3000,jane_austen,11,full_books/jane_austen_full.txt,0.10708005280403288,0.08964395651485405,-0.017436096289178832,2,False,arthur_conan_doyle
flash,margin_gt_1,f1,1000,4,3000,4000,jane_austen,11,full_books/jane_austen_full.txt,0.10068780651546112,0.07940476648152371,-0.02128304003393741,2,False,arthur_conan_doyle
flash,margin_gt_1,f1,1000,5,4000,5000,jane_austen,11,full_books/jane_austen_full.txt,0.11542474743463521,0.04046763547781314,-0.07495711195682207,3,False,arthur_conan_doyle
flash,margin_gt_1,f1,1000,1,0,1000,jane_austen,12,gutenberg_texts/161.txt,0.13145384349612366,0.1192458431424818,-0.012208000353641862,2,False,mark_twain
flash,margin_gt_1,f1,1000,2,1000,2000,jane_austen,12,gutenberg_texts/161.txt,0.004339325284503908,0.031152840737834392,0.026813515453330484,1,True,jane_austen
flash,margin_gt_1,f1,1000,3,2000,3000,jane_austen,12,gutenberg_texts/161.txt,0.07582803197951714,0.06813242093979807,-0.007695611039719066,2,False,arthur_conan_doyle
flash,margin_gt_1,f1,1000,4,3000,4000,jane_austen,12,gutenberg_texts/161.txt,0.07610500567952924,0.08568943753513207,0.009584431855602829,1,True,jane_austen
flash,margin_gt_1,f1,1000,5,4000,5000,jane_austen,12,gutenberg_texts/161.txt,0.0828345779839497,0.054716948241437434,-0.028117629742512272,3,False,arthur_conan_doyle
flash,margin_gt_1,f1,1000,1,0,1000,jane_austen,13,full_books/jane_austen_full.txt,0.06610225305707418,0.06194525946381368,-0.004156993593260501,2,False,arthur_conan_doyle
flash,margin_gt_1,f1,1000,2,1000,2000,jane_austen,13,full_books/jane_austen_full.txt,0.04726477501964023,0.022621350628863474,-0.024643424390776755,2,False,mary_shelley
flash,margin_gt_1,f1,1000,3,2000,3000,jane_austen,13,full_books/jane_austen_full.txt,0.10647978456663244,0.09834840692967055,-0.008131377636961895,2,False,arthur_conan_doyle
flash,margin_gt_1,f1,1000,4,3000,4000,jane_austen,13,full_books/jane_austen_full.txt,0.10792803172246035,0.112756892382703,0.0048288606602426565,1,True,jane_austen
flash,margin_gt_1,f1,1000,5,4000,5000,jane_austen,13,full_books/jane_austen_full.txt,0.120398555063743,0.1224779415577738,0.002079386494030805,1,True,jane_austen
flash,margin_gt_1,f1,1000,1,0,1000,jane_austen,14,full_books/jane_austen_full.txt,0.0208464216149166,0.028580805784761444,0.0077343841698448434,1,True,jane_austen
flash,margin_gt_1,f1,1000,2,1000,2000,jane_austen,14,full_books/jane_austen_full.txt,0.038996741760920904,0.021971162801256695,-0.01702557895966421,2,False,mary_shelley
flash,margin_gt_1,f1,1000,3,2000,3000,jane_austen,14,full_books/jane_austen_full.txt,0.1615583386830252,0.11618007312827903,-0.04537826555474615,2,False,mary_shelley
flash,margin_gt_1,f1,1000,4,3000,4000,jane_austen,14,full_books/jane_austen_full.txt,0.09468796991762155,0.11349654200242384,0.0188085720848023,1,True,jane_austen
flash,margin_gt_1,f1,1000,5,4000,5000,jane_austen,14,full_books/jane_austen_full.txt,0.1354554276132182,0.10134530532903327,-0.03411012228418492,2,False,mary_shelley
flash,margin_gt_1,f1,1000,1,0,1000,jane_austen,15,gutenberg_texts/161.txt,0.08989767400570031,0.0885562912544847,-0.0013413827512156057,2,False,arthur_conan_doyle
flash,margin_gt_1,f1,1000,2,1000,2000,jane_austen,15,gutenberg_texts/161.txt,0.12442628834822525,0.1028293363618171,-0.021596951986408153,2,False,mary_shelley
flash,margin_gt_1,f1,1000,3,2000,3000,jane_austen,15,gutenberg_texts/161.txt,0.10272327136231588,0.11166699260822519,0.008943721245909309,1,True,jane_austen
flash,margin_gt_1,f1,1000,4,3000,4000,jane_austen,15,gutenberg_texts/161.txt,0.04780737801953719,0.03160340513579997,-0.01620397288373722,2,False,mary_shelley
flash,margin_gt_1,f1,1000,5,4000,5000,jane_austen,15,gutenberg_texts/161.txt,0.02598704480474004,0.03617728916267613,0.010190244357936092,1,True,jane_austen
flash,margin_gt_1,f1,1000,1,0,1000,jane_austen,16,full_books/jane_austen_full.txt,0.055216677510761876,0.05787046336373184,0.0026537858529699643,1,True,jane_austen
flash,margin_gt_1,f1,1000,2,1000,2000,jane_austen,16,full_books/jane_austen_full.txt,0.12771770841729183,0.13121390563763596,0.0034961972203441383,1,True,jane_austen
flash,margin_gt_1,f1,1000,3,2000,3000,jane_austen,16,full_books/jane_austen_full.txt,0.10731882539035453,0.03481263557046423,-0.0725061898198903,3,False,arthur_conan_doyle
flash,margin_gt_1,f1,1000,4,3000,4000,jane_austen,16,full_books/jane_austen_full.txt,0.09618470958359175,0.06291124349139299,-0.033273466092198764,2,False,arthur_conan_doyle
flash,margin_gt_1,f1,1000,5,4000,5000,jane_austen,16,full_books/jane_austen_full.txt,0.10417659269033402,0.11073333056038544,0.006556737870051413,1,True,jane_austen
flash,margin_gt_1,f1,1000,1,0,1000,jane_austen,17,full_books/jane_austen_full.txt,0.07728440583865397,0.05849172606571169,-0.01879267977294228,2,False,arthur_conan_doyle
flash,margin_gt_1,f1,1000,2,1000,2000,jane_austen,17,full_books/jane_austen_full.txt,0.12178067637135061,0.13982234939681876,0.01804167302546815,1,True,jane_austen
flash,margin_gt_1,f1,1000,3,2000,3000,jane_austen,17,full_books/jane_austen_full.txt,0.03368510362143674,0.055780695893355665,0.022095592271918922,1,True,jane_austen
flash,margin_gt_1,f1,1000,4,3000,4000,jane_austen,17,full_books/jane_austen_full.txt,0.12500976193725874,0.11616020316984654,-0.008849558767412197,2,False,mary_shelley
flash,margin_gt_1,f1,1000,5,4000,5000,jane_austen,17,full_books/jane_austen_full.txt,0.09864558698476424,0.08153308225929592,-0.01711250472546831,2,False,mary_shelley
flash,margin_gt_1,f1,1000,1,0,1000,jane_austen,18,gutenberg_texts/161.txt,0.06970405929384677,0.09799259713438487,0.0282885378405381,1,True,jane_austen
flash,margin_gt_1,f1,1000,2,1000,2000,jane_austen,18,gutenberg_texts/161.txt,0.018081366770750264,0.05251178063238036,0.034430413861630094,1,True,jane_austen
flash,margin_gt_1,f1,1000,3,2000,3000,jane_austen,18,gutenberg_texts/161.txt,0.12706768039025348,0.1380972902819239,0.011029609891670428,1,True,jane_austen
flash,margin_gt_1,f1,1000,4,3000,4000,jane_austen,18,gutenberg_texts/161.txt,0.08714955539530786,0.05351376524836343,-0.03363579014694443,2,False,arthur_conan_doyle
flash,margin_gt_1,f1,1000,5,4000,5000,jane_austen,18,gutenberg_texts/161.txt,0.12161283099944077,0.1307688205120563,0.009155989512615523,1,True,jane_austen
flash,margin_gt_1,f1,1000,1,0,1000,jane_austen,19,full_books/jane_austen_full.txt,0.07405782236311706,0.05633864820792381,-0.01771917415519325,2,False,arthur_conan_doyle
flash,margin_gt_1,f1,1000,2,1000,2000,jane_austen,19,full_books/jane_austen_full.txt,0.09431768823403279,0.1235067047213463,0.029189016487313507,1,True,jane_austen
flash,margin_gt_1,f1,1000,3,2000,3000,jane_austen,19,full_books/jane_austen_full.txt,0.03380747501072118,0.005494135662304608,-0.02831333934841657,2,False,mary_shelley
flash,margin_gt_1,f1,1000,4,3000,4000,jane_austen,19,full_books/jane_austen_full.txt,0.11003126993122318,0.09782616679138678,-0.012205103139836401,2,False,mary_shelley
flash,margin_gt_1,f1,1000,5,4000,5000,jane_austen,19,full_books/jane_austen_full.txt,0.11657244629062091,0.09889313298251914,-0.01767931330810177,2,False,arthur_conan_doyle
flash,margin_gt_1,f1,1000,1,0,1000,jane_austen,20,full_books/jane_austen_full.txt,0.08683056906337096,0.09367980870894746,0.006849239645576502,1,True,jane_austen
flash,margin_gt_1,f1,1000,2,1000,2000,jane_austen,20,full_books/jane_austen_full.txt,0.027984251880532593,0.026112166729831427,-0.0018720851507011659,2,False,mary_shelley
flash,margin_gt_1,f1,1000,3,2000,3000,jane_austen,20,full_books/jane_austen_full.txt,0.022950422311629866,0.05438227382597739,0.03143185151434753,1,True,jane_austen
flash,margin_gt_1,f1,1000,4,3000,4000,jane_austen,20,full_books/jane_austen_full.txt,0.09386337397959041,0.08787534072673307,-0.005988033252857336,2,False,arthur_conan_doyle
flash,margin_gt_1,f1,1000,5,4000,5000,jane_austen,20,full_books/jane_austen_full.txt,0.11515802847613354,0.07015667432647472,-0.04500135414965882,2,False,arthur_conan_doyle
flash,margin_gt_1,f1,1000,1,0,1000,mark_twain,1,gutenberg_texts/74.txt,0.11667746905095037,0.04937424894115463,-0.06730322010979575,3,False,arthur_conan_doyle
flash,margin_gt_1,f1,1000,2,1000,2000,mark_twain,1,gutenberg_texts/74.txt,0.11097479589428846,0.02573106448673073,-0.08524373140755773,2,False,arthur_conan_doyle
flash,margin_gt_1,f1,1000,3,2000,3000,mark_twain,1,gutenberg_texts/74.txt,0.03910729181394806,0.02370832428202373,-0.015398967531924327,2,False,arthur_conan_doyle
flash,margin_gt_1,f1,1000,4,3000,4000,mark_twain,1,gutenberg_texts/74.txt,0.12639874126410744,0.10057066649943554,-0.0258280747646719,3,False,jane_austen
flash,margin_gt_1,f1,1000,5,4000,5000,mark_twain,1,gutenberg_texts/74.txt,0.16067767894570717,0.12336413503007788,-0.037313543915629285,4,False,jane_austen
flash,margin_gt_1,f1,1000,1,0,1000,mark_twain,2,gutenberg_texts/76.txt,0.09706556437575278,0.02053708251373921,-0.07652848186201358,4,False,mary_shelley
flash,margin_gt_1,f1,1000,2,1000,2000,mark_twain,2,gutenberg_texts/76.txt,0.11134288454910561,0.03584082672211206,-0.07550205782699355,2,False,arthur_conan_doyle
flash,margin_gt_1,f1,1000,3,2000,3000,mark_twain,2,gutenberg_texts/76.txt,0.1368342132689464,0.0754971151034785,-0.06133709816546791,2,False,arthur_conan_doyle
flash,margin_gt_1,f1,1000,4,3000,4000,mark_twain,2,gutenberg_texts/76.txt,0.17586134544837073,0.10869404535235523,-0.0671673000960155,3,False,arthur_conan_doyle
flash,margin_gt_1,f1,1000,5,4000,5000,mark_twain,2,gutenberg_texts/76.txt,0.2352009858619134,0.15944604753914982,-0.07575493832276359,4,False,mary_shelley
flash,margin_gt_1,f1,1000,1,0,1000,mark_twain,3,gutenberg_texts/74.txt,0.0952049706909633,0.05686260993222795,-0.03834236075873535,3,False,jane_austen
flash,margin_gt_1,f1,1000,2,1000,2000,mark_twain,3,gutenberg_texts/74.txt,0.2581116298014116,0.13953966326426004,-0.11857196653715157,3,False,mary_shelley
flash,margin_gt_1,f1,1000,3,2000,3000,mark_twain,3,gutenberg_texts/74.txt,0.3114804002094361,0.15454969352887785,-0.15693070668055828,3,False,mary_shelley
flash,margin_gt_1,f1,1000,4,3000,4000,mark_twain,3,gutenberg_texts/74.txt,0.14455705836891009,0.07927805885283946,-0.06527899951607062,4,False,arthur_conan_doyle
flash,margin_gt_1,f1,1000,5,4000,5000,mark_twain,3,gutenberg_texts/74.txt,0.2737766444957947,0.12968413855975136,-0.14409250593604334,3,False,mary_shelley
flash,margin_gt_1,f1,1000,1,0,1000,mark_twain,4,gutenberg_texts/76.txt,0.1474430108105106,0.08854234577859932,-0.05890066503191127,4,False,jane_austen
flash,margin_gt_1,f1,1000,2,1000,2000,mark_twain,4,gutenberg_texts/76.txt,0.18279957250203396,0.08852720807141944,-0.09427236443061453,4,False,mary_shelley
flash,margin_gt_1,f1,1000,3,2000,3000,mark_twain,4,gutenberg_texts/76.txt,0.2249919870613135,0.09138521901416377,-0.13360676804714972,4,False,mary_shelley
flash,margin_gt_1,f1,1000,4,3000,4000,mark_twain,4,gutenberg_texts/76.txt,0.20691645650989254,0.08437485737507172,-0.12254159913482082,3,False,mary_shelley
flash,margin_gt_1,f1,1000,5,4000,5000,mark_twain,4,gutenberg_texts/76.txt,0.1622682873369058,0.055878285562695175,-0.10639000177421062,3,False,mary_shelley
flash,margin_gt_1,f1,1000,1,0,1000,mark_twain,5,gutenberg_texts/74.txt,0.11279389500725076,0.08049266952694267,-0.03230122548030809,3,False,arthur_conan_doyle
flash,margin_gt_1,f1,1000,2,1000,2000,mark_twain,5,gutenberg_texts/74.txt,0.02619187093677682,0.014634482700606024,-0.011557388236170795,2,False,jane_austen
flash,margin_gt_1,f1,1000,3,2000,3000,mark_twain,5,gutenberg_texts/74.txt,0.13649026478207074,0.09101459416069389,-0.04547567062137685,3,False,arthur_conan_doyle
flash,margin_gt_1,f1,1000,4,3000,4000,mark_twain,5,gutenberg_texts/74.txt,0.15581771193765126,0.13317291791638017,-0.022644794021271092,4,False,mary_shelley
flash,margin_gt_1,f1,1000,5,4000,5000,mark_twain,5,gutenberg_texts/74.txt,0.16903980593684567,0.10680373609498625,-0.06223606984185942,4,False,mary_shelley
flash,margin_gt_1,f1,1000,1,0,1000,mark_twain,6,gutenberg_texts/76.txt,0.1051552546011997,0.04407388210350394,-0.06108137249769576,3,False,arthur_conan_doyle
flash,margin_gt_1,f1,1000,2,1000,2000,mark_twain,6,gutenberg_texts/76.txt,0.08064298256980627,0.017677800283046798,-0.06296518228675947,2,False,arthur_conan_doyle
flash,margin_gt_1,f1,1000,3,2000,3000,mark_twain,6,gutenberg_texts/76.txt,0.08515727950514503,0.024697147076659754,-0.060460132428485275,2,False,arthur_conan_doyle
flash,margin_gt_1,f1,1000,4,3000,4000,mark_twain,6,gutenberg_texts/76.txt,0.07440135961465234,0.027643823187201527,-0.04675753642745081,2,False,arthur_conan_doyle
flash,margin_gt_1,f1,1000,5,4000,5000,mark_twain,6,gutenberg_texts/76.txt,0.05920943826806441,0.02096298686909947,-0.03824645139896494,2,False,arthur_conan_doyle
flash,margin_gt_1,f1,1000,1,0,1000,mark_twain,7,gutenberg_texts/74.txt,0.11931652959072231,0.0862457326822831,-0.03307079690843921,3,False,arthur_conan_doyle
flash,margin_gt_1,f1,1000,2,1000,2000,mark_twain,7,gutenberg_texts/74.txt,0.23395177540168266,0.13973451612507173,-0.09421725927661093,3,False,mary_shelley
flash,margin_gt_1,f1,1000,3,2000,3000,mark_twain,7,gutenberg_texts/74.txt,0.19984044469158524,0.13209384984511793,-0.0677465948464673,4,False,mary_shelley
flash,margin_gt_1,f1,1000,4,3000,4000,mark_twain,7,gutenberg_texts/74.txt,0.1187133842782944,0.06592397445875756,-0.05278940981953685,3,False,arthur_conan_doyle
flash,margin_gt_1,f1,1000,5,4000,5000,mark_twain,7,gutenberg_texts/74.txt,0.13716405549256497,0.10108523512358483,-0.036078820368980136,3,False,arthur_conan_doyle
flash,margin_gt_1,f1,1000,1,0,1000,mark_twain,8,gutenberg_texts/76.txt,0.08006924988366457,0.010641269199396963,-0.0694279806842676,3,False,jane_austen
flash,margin_gt_1,f1,1000,2,1000,2000,mark_twain,8,gutenberg_texts/76.txt,0.18050917892587715,0.12387892255361957,-0.056630256372257576,4,False,jane_austen
flash,margin_gt_1,f1,1000,3,2000,3000,mark_twain,8,gutenberg_texts/76.txt,0.1522027230541994,0.10552417994955221,-0.0466785431046472,4,False,jane_austen
flash,margin_gt_1,f1,1000,4,3000,4000,mark_twain,8,gutenberg_texts/76.txt,0.1434432485533865,0.09119209163970839,-0.05225115691367811,3,False,arthur_conan_doyle
flash,margin_gt_1,f1,1000,5,4000,5000,mark_twain,8,gutenberg_texts/76.txt,0.24483036405346328,0.11518539979178714,-0.12964496426167615,3,False,mary_shelley
flash,margin_gt_1,f1,1000,1,0,1000,mark_twain,9,gutenberg_texts/74.txt,0.0912216722390837,0.02657683073106195,-0.06464484150802174,3,False,arthur_conan_doyle
flash,margin_gt_1,f1,1000,2,1000,2000,mark_twain,9,gutenberg_texts/74.txt,0.05842201232175431,0.042756540886476194,-0.01566547143527812,2,False,jane_austen
flash,margin_gt_1,f1,1000,3,2000,3000,mark_twain,9,gutenberg_texts/74.txt,0.022800029039925195,0.013719156053537731,-0.009080872986387463,2,False,arthur_conan_doyle
flash,margin_gt_1,f1,1000,4,3000,4000,mark_twain,9,gutenberg_texts/74.txt,0.12833082292210016,0.06676323177744901,-0.06156759114465114,3,False,arthur_conan_doyle
flash,margin_gt_1,f1,1000,5,4000,5000,mark_twain,9,gutenberg_texts/74.txt,0.14090217616596887,0.09569923826132601,-0.04520293790464286,3,False,arthur_conan_doyle
flash,margin_gt_1,f1,1000,1,0,1000,mark_twain,10,gutenberg_texts/76.txt,0.13221577203968715,0.09651068051285176,-0.03570509152683539,3,False,arthur_conan_doyle
flash,margin_gt_1,f1,1000,2,1000,2000,mark_twain,10,gutenberg_texts/76.txt,0.3507015878494857,0.12570954522355104,-0.22499204262593464,3,False,mary_shelley
flash,margin_gt_1,f1,1000,3,2000,3000,mark_twain,10,gutenberg_texts/76.txt,0.4352584338466438,0.16936434683726043,-0.2658940870093834,3,False,mary_shelley
flash,margin_gt_1,f1,1000,4,3000,4000,mark_twain,10,gutenberg_texts/76.txt,0.17647274703112095,0.11685595092057266,-0.05961679611054829,4,False,jane_austen
flash,margin_gt_1,f1,1000,5,4000,5000,mark_twain,10,gutenberg_texts/76.txt,0.2523249256561161,0.16958403218081317,-0.08274089347530292,4,False,jane_austen
flash,margin_gt_1,f1,1000,1,0,1000,mark_twain,11,gutenberg_texts/74.txt,0.18077716292532417,0.10884911107435308,-0.07192805185097109,3,False,mary_shelley
flash,margin_gt_1,f1,1000,2,1000,2000,mark_twain,11,gutenberg_texts/74.txt,0.1350181024994149,0.11250966722698795,-0.02250843527242695,4,False,jane_austen
flash,margin_gt_1,f1,1000,3,2000,3000,mark_twain,11,gutenberg_texts/74.txt,0.13281671831405056,0.09759624514975372,-0.03522047316429684,4,False,jane_austen
flash,margin_gt_1,f1,1000,4,3000,4000,mark_twain,11,gutenberg_texts/74.txt,0.1608580274154876,0.12229501968098033,-0.03856300773450727,4,False,jane_austen
flash,margin_gt_1,f1,1000,5,4000,5000,mark_twain,11,gutenberg_texts/74.txt,0.08305440110215921,0.026311283404258177,-0.05674311769790104,2,False,arthur_conan_doyle
flash,margin_gt_1,f1,1000,1,0,1000,mark_twain,12,gutenberg_texts/76.txt,0.048632367399942866,0.015415244993960728,-0.03321712240598214,3,False,jane_austen
flash,margin_gt_1,f1,1000,2,1000,2000,mark_twain,12,gutenberg_texts/76.txt,0.0700500100794043,0.0458484204941783,-0.024201589585225995,3,False,arthur_conan_doyle
flash,margin_gt_1,f1,1000,3,2000,3000,mark_twain,12,gutenberg_texts/76.txt,0.07137719115806951,0.03970897718124066,-0.03166821397682885,4,False,jane_austen
flash,margin_gt_1,f1,1000,4,3000,4000,mark_twain,12,gutenberg_texts/76.txt,0.0851404571913004,0.046098829855817085,-0.03904162733548331,3,False,jane_austen
flash,margin_gt_1,f1,1000,5,4000,5000,mark_twain,12,gutenberg_texts/76.txt,0.06956888866227355,0.026793389573085323,-0.04277549908918823,3,False,jane_austen
flash,margin_gt_1,f1,1000,1,0,1000,mark_twain,13,gutenberg_texts/74.txt,0.08001668423365045,0.04907459305090208,-0.03094209118274837,3,False,jane_austen
flash,margin_gt_1,f1,1000,2,1000,2000,mark_twain,13,gutenberg_texts/74.txt,0.1153497750603622,0.06660161559674282,-0.04874815946361938,2,False,arthur_conan_doyle
flash,margin_gt_1,f1,1000,3,2000,3000,mark_twain,13,gutenberg_texts/74.txt,0.14203503061155262,0.09709417683672202,-0.044940853774830605,3,False,arthur_conan_doyle
flash,margin_gt_1,f1,1000,4,3000,4000,mark_twain,13,gutenberg_texts/74.txt,0.09656876473031085,0.02374924080229164,-0.07281952392801921,2,False,arthur_conan_doyle
flash,margin_gt_1,f1,1000,5,4000,5000,mark_twain,13,gutenberg_texts/74.txt,0.11442106724624272,0.0539483768667184,-0.060472690379524324,3,False,arthur_conan_doyle
flash,margin_gt_1,f1,1000,1,0,1000,mark_twain,14,gutenberg_texts/76.txt,0.07273530407897573,0.013513449082013976,-0.059221854996961754,2,False,arthur_conan_doyle
flash,margin_gt_1,f1,1000,2,1000,2000,mark_twain,14,gutenberg_texts/76.txt,0.10074331734045275,0.031235210611121108,-0.06950810672933164,2,False,arthur_conan_doyle
flash,margin_gt_1,f1,1000,3,2000,3000,mark_twain,14,gutenberg_texts/76.txt,0.04530009464309024,0.014724504071383622,-0.03057559057170662,2,False,arthur_conan_doyle
flash,margin_gt_1,f1,1000,4,3000,4000,mark_twain,14,gutenberg_texts/76.txt,0.03614651943833864,0.028219745552439335,-0.007926773885899303,2,False,arthur_conan_doyle
flash,margin_gt_1,f1,1000,5,4000,5000,mark_twain,14,gutenberg_texts/76.txt,0.09464561493642477,0.06823808052651155,-0.026407534409913225,2,False,arthur_conan_doyle
flash,margin_gt_1,f1,1000,1,0,1000,mark_twain,15,gutenberg_texts/74.txt,0.09074832793633776,0.053049577575498386,-0.037698750360839375,3,False,jane_austen
flash,margin_gt_1,f1,1000,2,1000,2000,mark_twain,15,gutenberg_texts/74.txt,0.13205562003645388,0.10303080880886978,-0.029024811227584102,4,False,jane_austen
flash,margin_gt_1,f1,1000,3,2000,3000,mark_twain,15,gutenberg_texts/74.txt,0.11014859523739226,0.04812749626514133,-0.06202109897225093,2,False,arthur_conan_doyle
flash,margin_gt_1,f1,1000,4,3000,4000,mark_twain,15,gutenberg_texts/74.txt,0.09663596904587998,0.016214929560804454,-0.08042103948507554,2,False,arthur_conan_doyle
flash,margin_gt_1,f1,1000,5,4000,5000,mark_twain,15,gutenberg_texts/74.txt,0.11500125555215839,0.025869114386781987,-0.0891321411653764,2,False,arthur_conan_doyle
flash,margin_gt_1,f1,1000,1,0,1000,mark_twain,16,gutenberg_texts/76.txt,0.15344299940053865,0.10266638437270798,-0.05077661502783068,4,False,arthur_conan_doyle
flash,margin_gt_1,f1,1000,2,1000,2000,mark_twain,16,gutenberg_texts/76.txt,0.36420728310051065,0.15120027697177613,-0.21300700612873452,4,False,mary_shelley
flash,margin_gt_1,f1,1000,3,2000,3000,mark_twain,16,gutenberg_texts/76.txt,0.17138350467537156,0.10673373808422291,-0.06464976659114864,4,False,jane_austen
flash,margin_gt_1,f1,1000,4,3000,4000,mark_twain,16,gutenberg_texts/76.txt,0.16772954998385212,0.10431356822582093,-0.06341598175803119,4,False,jane_austen
flash,margin_gt_1,f1,1000,5,4000,5000,mark_twain,16,gutenberg_texts/76.txt,0.1619627537944344,0.09385571415643072,-0.06810703963800367,3,False,mary_shelley
flash,margin_gt_1,f1,1000,1,0,1000,mark_twain,17,gutenberg_texts/74.txt,0.19883553059353093,0.11402039981326555,-0.08481513078026538,3,False,mary_shelley
flash,margin_gt_1,f1,1000,2,1000,2000,mark_twain,17,gutenberg_texts/74.txt,0.2782802583486014,0.13711890637642193,-0.14116135197217944,3,False,mary_shelley
flash,margin_gt_1,f1,1000,3,2000,3000,mark_twain,17,gutenberg_texts/74.txt,0.2868433225974475,0.1479900172300031,-0.1388533053674444,3,False,mary_shelley
flash,margin_gt_1,f1,1000,4,3000,4000,mark_twain,17,gutenberg_texts/74.txt,0.2741228874647452,0.1409275555057185,-0.13319533195902672,3,False,mary_shelley
flash,margin_gt_1,f1,1000,5,4000,5000,mark_twain,17,gutenberg_texts/74.txt,0.25613043260466606,0.1291963813765706,-0.12693405122809545,3,False,mary_shelley
flash,margin_gt_1,f1,1000,1,0,1000,mark_twain,18,gutenberg_texts/76.txt,0.18489178701033257,0.12322307108605077,-0.0616687159242818,4,False,jane_austen
flash,margin_gt_1,f1,1000,2,1000,2000,mark_twain,18,gutenberg_texts/76.txt,0.1312189706704012,0.10130333617746512,-0.029915634492936077,3,False,arthur_conan_doyle
flash,margin_gt_1,f1,1000,3,2000,3000,mark_twain,18,gutenberg_texts/76.txt,0.14929619074785547,0.11514174194356418,-0.03415444880429129,4,False,jane_austen
flash,margin_gt_1,f1,1000,4,3000,4000,mark_twain,18,gutenberg_texts/76.txt,0.2663109272262289,0.12697502200112032,-0.13933590522510858,4,False,mary_shelley
flash,margin_gt_1,f1,1000,5,4000,5000,mark_twain,18,gutenberg_texts/76.txt,0.1685084099942693,0.12577799336913448,-0.042730416625134826,4,False,mary_shelley
flash,margin_gt_1,f1,1000,1,0,1000,mark_twain,19,gutenberg_texts/74.txt,0.09380210177899077,0.06245356853028036,-0.03134853324871041,3,False,arthur_conan_doyle
flash,margin_gt_1,f1,1000,2,1000,2000,mark_twain,19,gutenberg_texts/74.txt,0.0389840655334274,0.0439129877400348,0.0049289222066074,1,True,mark_twain
flash,margin_gt_1,f1,1000,3,2000,3000,mark_twain,19,gutenberg_texts/74.txt,0.13404962237026494,0.0932691580131216,-0.04078046435714333,3,False,arthur_conan_doyle
flash,margin_gt_1,f1,1000,4,3000,4000,mark_twain,19,gutenberg_texts/74.txt,0.1515568679633451,0.12241169148729926,-0.02914517647604585,4,False,jane_austen
flash,margin_gt_1,f1,1000,5,4000,5000,mark_twain,19,gutenberg_texts/74.txt,0.09642388836350667,0.05309818692373026,-0.04332570143977641,3,False,arthur_conan_doyle
flash,margin_gt_1,f1,1000,1,0,1000,mark_twain,20,gutenberg_texts/76.txt,0.12238636595067474,0.0703003952477088,-0.052085970702965945,3,False,arthur_conan_doyle
flash,margin_gt_1,f1,1000,2,1000,2000,mark_twain,20,gutenberg_texts/76.txt,0.2919858606677248,0.12287952342239628,-0.16910633724532853,4,False,mary_shelley
flash,margin_gt_1,f1,1000,3,2000,3000,mark_twain,20,gutenberg_texts/76.txt,0.2185340958507888,0.11248442503157009,-0.10604967081921872,4,False,mary_shelley
flash,margin_gt_1,f1,1000,4,3000,4000,mark_twain,20,gutenberg_texts/76.txt,0.3266627928874101,0.05396047126897348,-0.27270232161843666,3,False,mary_shelley
flash,margin_gt_1,f1,1000,5,4000,5000,mark_twain,20,gutenberg_texts/76.txt,0.2673486155121237,0.12948286414906696,-0.13786575136305673,4,False,mary_shelley
flash,margin_gt_1,f1,1000,1,0,1000,mary_shelley,1,gutenberg_texts/84.txt,0.13723351780588214,0.2372256970872633,0.09999217928138115,1,True,mary_shelley
flash,margin_gt_1,f1,1000,2,1000,2000,mary_shelley,1,gutenberg_texts/84.txt,0.12133875429336635,0.18668685341692812,0.06534809912356176,1,True,mary_shelley
flash,margin_gt_1,f1,1000,3,2000,3000,mary_shelley,1,gutenberg_texts/84.txt,0.11748140690680055,0.18778088980996285,0.0702994829031623,1,True,mary_shelley
flash,margin_gt_1,f1,1000,4,3000,4000,mary_shelley,1,gutenberg_texts/84.txt,0.12784219794256013,0.17202546331982435,0.04418326537726422,1,True,mary_shelley
flash,margin_gt_1,f1,1000,5,4000,5000,mary_shelley,1,gutenberg_texts/84.txt,0.1109058627036951,0.102607441487165,-0.0082984212165301,2,False,jane_austen
flash,margin_gt_1,f1,1000,1,0,1000,mary_shelley,2,gutenberg_texts/18247.txt,0.10745504316709703,0.1546793753127825,0.04722433214568547,1,True,mary_shelley
flash,margin_gt_1,f1,1000,2,1000,2000,mary_shelley,2,gutenberg_texts/18247.txt,0.13826324497358783,0.1847580494137728,0.04649480444018497,1,True,mary_shelley
flash,margin_gt_1,f1,1000,3,2000,3000,mary_shelley,2,gutenberg_texts/18247.txt,0.10556377243482996,0.166116528904164,0.06055275646933404,1,True,mary_shelley
flash,margin_gt_1,f1,1000,4,3000,4000,mary_shelley,2,gutenberg_texts/18247.txt,0.09059372790356929,0.13927906930764994,0.04868534140408065,1,True,mary_shelley
flash,margin_gt_1,f1,1000,5,4000,5000,mary_shelley,2,gutenberg_texts/18247.txt,0.1196983057056955,0.11287645327704823,-0.006821852428647274,2,False,jane_austen
flash,margin_gt_1,f1,1000,1,0,1000,mary_shelley,3,gutenberg_texts/84.txt,0.14553627992279114,0.25167730704331603,0.1061410271205249,1,True,mary_shelley
flash,margin_gt_1,f1,1000,2,1000,2000,mary_shelley,3,gutenberg_texts/84.txt,0.15154816278280836,0.24945469323471078,0.09790653045190242,1,True,mary_shelley
flash,margin_gt_1,f1,1000,3,2000,3000,mary_shelley,3,gutenberg_texts/84.txt,0.1300924562127289,0.21180525610225448,0.08171279988952557,1,True,mary_shelley
flash,margin_gt_1,f1,1000,4,3000,4000,mary_shelley,3,gutenberg_texts/84.txt,0.10766369856060255,0.1776046301527915,0.06994093159218893,1,True,mary_shelley
flash,margin_gt_1,f1,1000,5,4000,5000,mary_shelley,3,gutenberg_texts/84.txt,0.13184395984453207,0.20004406682428205,0.06820010697974999,1,True,mary_shelley
flash,margin_gt_1,f1,1000,1,0,1000,mary_shelley,4,gutenberg_texts/18247.txt,0.09644210155818782,0.1275418275438842,0.031099725985696394,1,True,mary_shelley
flash,margin_gt_1,f1,1000,2,1000,2000,mary_shelley,4,gutenberg_texts/18247.txt,0.10931998835637664,0.1786141269018436,0.06929413854546697,1,True,mary_shelley
flash,margin_gt_1,f1,1000,3,2000,3000,mary_shelley,4,gutenberg_texts/18247.txt,0.12814500341432938,0.1850372048500357,0.05689220143570631,1,True,mary_shelley
flash,margin_gt_1,f1,1000,4,3000,4000,mary_shelley,4,gutenberg_texts/18247.txt,0.10410576086128606,0.1730404702696836,0.06893470940839755,1,True,mary_shelley
flash,margin_gt_1,f1,1000,5,4000,5000,mary_shelley,4,gutenberg_texts/18247.txt,0.13873590148300896,0.18583790299334196,0.047102001510333,1,True,mary_shelley
flash,margin_gt_1,f1,1000,1,0,1000,mary_shelley,5,gutenberg_texts/84.txt,0.11531246005068929,0.09543038362855076,-0.01988207642213853,2,False,jane_austen
flash,margin_gt_1,f1,1000,2,1000,2000,mary_shelley,5,gutenberg_texts/84.txt,0.3076106446169231,0.016566625408879758,-0.29104401920804335,4,False,arthur_conan_doyle
flash,margin_gt_1,f1,1000,3,2000,3000,mary_shelley,5,gutenberg_texts/84.txt,0.20707764949983581,0.054619218221161454,-0.15245843127867437,4,False,arthur_conan_doyle
flash,margin_gt_1,f1,1000,4,3000,4000,mary_shelley,5,gutenberg_texts/84.txt,0.20226236942362022,0.02834440355558624,-0.17391796586803399,4,False,arthur_conan_doyle
flash,margin_gt_1,f1,1000,5,4000,5000,mary_shelley,5,gutenberg_texts/84.txt,0.24130666427198255,0.02252491955614242,-0.21878174471584014,4,False,arthur_conan_doyle
flash,margin_gt_1,f1,1000,1,0,1000,mary_shelley,6,gutenberg_texts/18247.txt,0.07372585303678265,0.09033686150648164,0.016611008469698985,1,True,mary_shelley
flash,margin_gt_1,f1,1000,2,1000,2000,mary_shelley,6,gutenberg_texts/18247.txt,0.09435513504580864,0.1394346706289087,0.04507953558310007,1,True,mary_shelley
flash,margin_gt_1,f1,1000,3,2000,3000,mary_shelley,6,gutenberg_texts/18247.txt,0.08407134288487197,0.11971047506556536,0.03563913218069338,1,True,mary_shelley
flash,margin_gt_1,f1,1000,4,3000,4000,mary_shelley,6,gutenberg_texts/18247.txt,0.09582589996328132,0.13210866270734428,0.03628276274406296,1,True,mary_shelley
flash,margin_gt_1,f1,1000,5,4000,5000,mary_shelley,6,gutenberg_texts/18247.txt,0.0846034435907591,0.12093499102703209,0.036331547436272996,1,True,mary_shelley
flash,margin_gt_1,f1,1000,1,0,1000,mary_shelley,7,gutenberg_texts/84.txt,0.11475412322002872,0.20103623473336357,0.08628211151333486,1,True,mary_shelley
flash,margin_gt_1,f1,1000,2,1000,2000,mary_shelley,7,gutenberg_texts/84.txt,0.14948950187686816,0.23073285313091224,0.08124335125404408,1,True,mary_shelley
flash,margin_gt_1,f1,1000,3,2000,3000,mary_shelley,7,gutenberg_texts/84.txt,0.1339338233037888,0.21539798460632514,0.08146416130253634,1,True,mary_shelley
flash,margin_gt_1,f1,1000,4,3000,4000,mary_shelley,7,gutenberg_texts/84.txt,0.11171758098386153,0.14715406821508384,0.03543648723122231,1,True,mary_shelley
flash,margin_gt_1,f1,1000,5,4000,5000,mary_shelley,7,gutenberg_texts/84.txt,0.07808388973386482,0.0911608890716058,0.01307699933774098,1,True,mary_shelley
flash,margin_gt_1,f1,1000,1,0,1000,mary_shelley,8,gutenberg_texts/18247.txt,0.028848733625679104,0.04260676007465153,0.013758026448972425,1,True,mary_shelley
flash,margin_gt_1,f1,1000,2,1000,2000,mary_shelley,8,gutenberg_texts/18247.txt,0.024040588913063956,0.053119855756211504,0.029079266843147548,1,True,mary_shelley
flash,margin_gt_1,f1,1000,3,2000,3000,mary_shelley,8,gutenberg_texts/18247.txt,0.10208420174921269,0.11620700989953398,0.014122808150321284,1,True,mary_shelley
flash,margin_gt_1,f1,1000,4,3000,4000,mary_shelley,8,gutenberg_texts/18247.txt,0.0700258285777507,0.08680359137821007,0.016777762800459367,1,True,mary_shelley
flash,margin_gt_1,f1,1000,5,4000,5000,mary_shelley,8,gutenberg_texts/18247.txt,0.06901684964666686,0.10893592477095934,0.03991907512429248,1,True,mary_shelley
flash,margin_gt_1,f1,1000,1,0,1000,mary_shelley,9,gutenberg_texts/84.txt,0.0997858064968,0.15992360370109102,0.06013779720429102,1,True,mary_shelley
flash,margin_gt_1,f1,1000,2,1000,2000,mary_shelley,9,gutenberg_texts/84.txt,0.03824766796837272,0.11299514060501743,0.07474747263664472,1,True,mary_shelley
flash,margin_gt_1,f1,1000,3,2000,3000,mary_shelley,9,gutenberg_texts/84.txt,0.13344249248753892,0.203076729327279,0.06963423683974007,1,True,mary_shelley
flash,margin_gt_1,f1,1000,4,3000,4000,mary_shelley,9,gutenberg_texts/84.txt,0.10792508012682714,0.16543675367978358,0.057511673552956444,1,True,mary_shelley
flash,margin_gt_1,f1,1000,5,4000,5000,mary_shelley,9,gutenberg_texts/84.txt,0.07341123637825282,0.09791063894947499,0.02449940257122217,1,True,mary_shelley
flash,margin_gt_1,f1,1000,1,0,1000,mary_shelley,10,gutenberg_texts/18247.txt,0.051816177637168254,0.07692392879911344,0.02510775116194519,1,True,mary_shelley
flash,margin_gt_1,f1,1000,2,1000,2000,mary_shelley,10,gutenberg_texts/18247.txt,0.12808250076258262,0.09744439253000202,-0.030638108232580605,3,False,arthur_conan_doyle
flash,margin_gt_1,f1,1000,3,2000,3000,mary_shelley,10,gutenberg_texts/18247.txt,0.11277706829648991,0.09284351039730507,-0.019933557899184842,2,False,arthur_conan_doyle
flash,margin_gt_1,f1,1000,4,3000,4000,mary_shelley,10,gutenberg_texts/18247.txt,0.11393527493961526,0.08018902069191527,-0.03374625424769999,2,False,arthur_conan_doyle
flash,margin_gt_1,f1,1000,5,4000,5000,mary_shelley,10,gutenberg_texts/18247.txt,0.06200390368229505,0.02748810426102251,-0.034515799421272544,4,False,arthur_conan_doyle
flash,margin_gt_1,f1,1000,1,0,1000,mary_shelley,11,gutenberg_texts/84.txt,0.12366611205135564,0.17178786873333227,0.04812175668197663,1,True,mary_shelley
flash,margin_gt_1,f1,1000,2,1000,2000,mary_shelley,11,gutenberg_texts/84.txt,0.15478325950467645,0.23173409708082043,0.07695083757614399,1,True,mary_shelley
flash,margin_gt_1,f1,1000,3,2000,3000,mary_shelley,11,gutenberg_texts/84.txt,0.12737019675838226,0.15790208010439205,0.030531883346009786,1,True,mary_shelley
flash,margin_gt_1,f1,1000,4,3000,4000,mary_shelley,11,gutenberg_texts/84.txt,0.12866454586820467,0.1646159121960773,0.03595136632787263,1,True,mary_shelley
flash,margin_gt_1,f1,1000,5,4000,5000,mary_shelley,11,gutenberg_texts/84.txt,0.15254217034790074,0.0783482569537363,-0.07419391339416444,4,False,jane_austen
flash,margin_gt_1,f1,1000,1,0,1000,mary_shelley,12,gutenberg_texts/18247.txt,0.06619669921041535,0.07593215305653343,0.009735453846118083,1,True,mary_shelley
flash,margin_gt_1,f1,1000,2,1000,2000,mary_shelley,12,gutenberg_texts/18247.txt,0.08741171122254575,0.056774053688012,-0.03063765753453375,3,False,jane_austen
flash,margin_gt_1,f1,1000,3,2000,3000,mary_shelley,12,gutenberg_texts/18247.txt,0.15188228377192997,0.051135103741548456,-0.10074718003038152,4,False,arthur_conan_doyle
flash,margin_gt_1,f1,1000,4,3000,4000,mary_shelley,12,gutenberg_texts/18247.txt,0.07685576526692052,0.08432418745045317,0.00746842218353265,1,True,mary_shelley
flash,margin_gt_1,f1,1000,5,4000,5000,mary_shelley,12,gutenberg_texts/18247.txt,0.10164429957869764,0.15958611197359637,0.057941812394898734,1,True,mary_shelley
flash,margin_gt_1,f1,1000,1,0,1000,mary_shelley,13,gutenberg_texts/84.txt,0.08978951873004112,0.14362985328565453,0.053840334555613406,1,True,mary_shelley
flash,margin_gt_1,f1,1000,2,1000,2000,mary_shelley,13,gutenberg_texts/84.txt,0.1161595964111709,0.16983833220779676,0.053678735796625854,1,True,mary_shelley
flash,margin_gt_1,f1,1000,3,2000,3000,mary_shelley,13,gutenberg_texts/84.txt,0.11408633662397928,0.1852619552997872,0.07117561867580792,1,True,mary_shelley
flash,margin_gt_1,f1,1000,4,3000,4000,mary_shelley,13,gutenberg_texts/84.txt,0.122957871000418,0.21385931805128103,0.09090144705086303,1,True,mary_shelley
flash,margin_gt_1,f1,1000,5,4000,5000,mary_shelley,13,gutenberg_texts/84.txt,0.0734621089847155,0.1476937915029246,0.07423168251820911,1,True,mary_shelley
flash,margin_gt_1,f1,1000,1,0,1000,mary_shelley,14,gutenberg_texts/18247.txt,0.08037675286749887,0.12119186270406712,0.04081510983656825,1,True,mary_shelley
flash,margin_gt_1,f1,1000,2,1000,2000,mary_shelley,14,gutenberg_texts/18247.txt,0.041745005606053626,0.10984859613427474,0.06810359052822111,1,True,mary_shelley
flash,margin_gt_1,f1,1000,3,2000,3000,mary_shelley,14,gutenberg_texts/18247.txt,0.15817165257727506,0.2249759591687999,0.06680430659152484,1,True,mary_shelley
flash,margin_gt_1,f1,1000,4,3000,4000,mary_shelley,14,gutenberg_texts/18247.txt,0.15851252628167747,0.21614012938133875,0.05762760309966128,1,True,mary_shelley
flash,margin_gt_1,f1,1000,5,4000,5000,mary_shelley,14,gutenberg_texts/18247.txt,0.12434211910188328,0.09705161174002312,-0.02729050736186016,2,False,jane_austen
flash,margin_gt_1,f1,1000,1,0,1000,mary_shelley,15,gutenberg_texts/84.txt,0.14529886650474833,0.24070581609016148,0.09540694958541315,1,True,mary_shelley
flash,margin_gt_1,f1,1000,2,1000,2000,mary_shelley,15,gutenberg_texts/84.txt,0.05079220943905103,0.18412479435687656,0.13333258491782554,1,True,mary_shelley
flash,margin_gt_1,f1,1000,3,2000,3000,mary_shelley,15,gutenberg_texts/84.txt,0.16470143878223018,0.24334317246467124,0.07864173368244107,1,True,mary_shelley
flash,margin_gt_1,f1,1000,4,3000,4000,mary_shelley,15,gutenberg_texts/84.txt,0.08611753545433513,0.11291061055597848,0.026793075101643346,1,True,mary_shelley
flash,margin_gt_1,f1,1000,5,4000,5000,mary_shelley,15,gutenberg_texts/84.txt,0.10243058886148092,0.09485786168759942,-0.007572727173881494,2,False,jane_austen
flash,margin_gt_1,f1,1000,1,0,1000,mary_shelley,16,gutenberg_texts/18247.txt,0.06924691623111645,0.10554457583749242,0.03629765960637597,1,True,mary_shelley
flash,margin_gt_1,f1,1000,2,1000,2000,mary_shelley,16,gutenberg_texts/18247.txt,0.10371510130245541,0.09656046617253097,-0.007154635129924439,2,False,arthur_conan_doyle
flash,margin_gt_1,f1,1000,3,2000,3000,mary_shelley,16,gutenberg_texts/18247.txt,0.09691600447632227,0.061680966698248574,-0.0352350377780737,4,False,arthur_conan_doyle
flash,margin_gt_1,f1,1000,4,3000,4000,mary_shelley,16,gutenberg_texts/18247.txt,0.13159815421962423,0.05833850882012683,-0.07325964539949739,4,False,arthur_conan_doyle
flash,margin_gt_1,f1,1000,5,4000,5000,mary_shelley,16,gutenberg_texts/18247.txt,0.09161431522195751,0.10108860676528482,0.00947429154332731,1,True,mary_shelley
flash,margin_gt_1,f1,1000,1,0,1000,mary_shelley,17,gutenberg_texts/84.txt,0.13510443605020947,0.22800416451837885,0.09289972846816938,1,True,mary_shelley
flash,margin_gt_1,f1,1000,2,1000,2000,mary_shelley,17,gutenberg_texts/84.txt,0.1505797417035564,0.1516892101332813,0.001109468429724897,1,True,mary_shelley
flash,margin_gt_1,f1,1000,3,2000,3000,mary_shelley,17,gutenberg_texts/84.txt,0.1428768744063326,0.17417631144013296,0.031299437033800365,1,True,mary_shelley
flash,margin_gt_1,f1,1000,4,3000,4000,mary_shelley,17,gutenberg_texts/84.txt,0.10469292314378029,0.17383969132386765,0.06914676818008736,1,True,mary_shelley
flash,margin_gt_1,f1,1000,5,4000,5000,mary_shelley,17,gutenberg_texts/84.txt,0.1247559335098329,0.1430648216563317,0.018308888146498795,1,True,mary_shelley
flash,margin_gt_1,f1,1000,1,0,1000,mary_shelley,18,gutenberg_texts/18247.txt,0.03383340434454809,0.06760288011556619,0.0337694757710181,1,True,mary_shelley
flash,margin_gt_1,f1,1000,2,1000,2000,mary_shelley,18,gutenberg_texts/18247.txt,0.10140447395025722,0.10668567170413541,0.005281197753878197,1,True,mary_shelley
flash,margin_gt_1,f1,1000,3,2000,3000,mary_shelley,18,gutenberg_texts/18247.txt,0.027954184497943478,0.02267783697869189,-0.005276347519251587,2,False,jane_austen
flash,margin_gt_1,f1,1000,4,3000,4000,mary_shelley,18,gutenberg_texts/18247.txt,0.1179779593738596,0.07170617673764193,-0.04627178263621767,3,False,arthur_conan_doyle
flash,margin_gt_1,f1,1000,5,4000,5000,mary_shelley,18,gutenberg_texts/18247.txt,0.0330688697309825,0.054562327522566685,0.021493457791584188,1,True,mary_shelley
flash,margin_gt_1,f1,1000,1,0,1000,mary_shelley,19,gutenberg_texts/84.txt,0.16762112773893661,0.2720419331520069,0.1044208054130703,1,True,mary_shelley
flash,margin_gt_1,f1,1000,2,1000,2000,mary_shelley,19,gutenberg_texts/84.txt,0.11488334959955378,0.11444962754859223,-0.0004337220509615519,2,False,jane_austen
flash,margin_gt_1,f1,1000,3,2000,3000,mary_shelley,19,gutenberg_texts/84.txt,0.11235568938672287,0.18753008587807207,0.0751743964913492,1,True,mary_shelley
flash,margin_gt_1,f1,1000,4,3000,4000,mary_shelley,19,gutenberg_texts/84.txt,0.1065823251532106,0.16668931282898652,0.06010698767577592,1,True,mary_shelley
flash,margin_gt_1,f1,1000,5,4000,5000,mary_shelley,19,gutenberg_texts/84.txt,0.09396409747470941,0.12301797939230215,0.02905388191759274,1,True,mary_shelley
flash,margin_gt_1,f1,1000,1,0,1000,mary_shelley,20,gutenberg_texts/18247.txt,0.0408645293702394,0.032083395364714454,-0.008781134005524945,2,False,jane_austen
flash,margin_gt_1,f1,1000,2,1000,2000,mary_shelley,20,gutenberg_texts/18247.txt,0.08916430550446956,0.11361155551756082,0.024447250013091254,1,True,mary_shelley
flash,margin_gt_1,f1,1000,3,2000,3000,mary_shelley,20,gutenberg_texts/18247.txt,0.16847794291326385,0.22885063859501312,0.06037269568174927,1,True,mary_shelley
flash,margin_gt_1,f1,1000,4,3000,4000,mary_shelley,20,gutenberg_texts/18247.txt,0.08568914821597705,0.074862968435208,-0.010826179780769052,2,False,jane_austen
flash,margin_gt_1,f1,1000,5,4000,5000,mary_shelley,20,gutenberg_texts/18247.txt,0.0920537962231504,0.1086598326567409,0.0166060364335905,1,True,mary_shelley
flash,margin_gt_1,f3,1000,1,0,1000,arthur_conan_doyle,1,gutenberg_texts/1661.txt,0.13630369549415,0.14115355501706184,0.004849859522911837,1,True,arthur_conan_doyle
flash,margin_gt_1,f3,1000,2,1000,2000,arthur_conan_doyle,1,gutenberg_texts/1661.txt,0.12038659719931834,0.10724898868743746,-0.01313760851188088,2,False,jane_austen
flash,margin_gt_1,f3,1000,3,2000,3000,arthur_conan_doyle,1,gutenberg_texts/1661.txt,0.24410001927198707,0.07652957525135051,-0.16757044402063656,4,False,mary_shelley
flash,margin_gt_1,f3,1000,4,3000,4000,arthur_conan_doyle,1,gutenberg_texts/1661.txt,0.04793956073342343,0.1219405815309226,0.07400102079749918,1,True,arthur_conan_doyle
flash,margin_gt_1,f3,1000,5,4000,5000,arthur_conan_doyle,1,gutenberg_texts/1661.txt,0.08304615082699017,0.1650478272720197,0.08200167644502952,1,True,arthur_conan_doyle
flash,margin_gt_1,f3,1000,1,0,1000,arthur_conan_doyle,2,gutenberg_texts/244.txt,0.07584421444474926,0.18284793945088842,0.10700372500613917,1,True,arthur_conan_doyle
flash,margin_gt_1,f3,1000,2,1000,2000,arthur_conan_doyle,2,gutenberg_texts/244.txt,0.20097257337321087,0.16683007678896086,-0.034142496584250004,2,False,mark_twain
flash,margin_gt_1,f3,1000,3,2000,3000,arthur_conan_doyle,2,gutenberg_texts/244.txt,0.1799342637682901,0.15231916120212244,-0.02761510256616767,2,False,mark_twain
flash,margin_gt_1,f3,1000,4,3000,4000,arthur_conan_doyle,2,gutenberg_texts/244.txt,0.08123610668842499,0.12859125852609915,0.047355151837674164,1,True,arthur_conan_doyle
flash,margin_gt_1,f3,1000,5,4000,5000,arthur_conan_doyle,2,gutenberg_texts/244.txt,0.05963486132193267,0.10397742620265289,0.04434256488072022,1,True,arthur_conan_doyle
flash,margin_gt_1,f3,1000,1,0,1000,arthur_conan_doyle,3,gutenberg_texts/2852.txt,0.1274148005847303,0.058118870974346065,-0.06929592961038422,4,False,jane_austen
flash,margin_gt_1,f3,1000,2,1000,2000,arthur_conan_doyle,3,gutenberg_texts/2852.txt,0.1462584533182738,0.141711879137828,-0.004546574180445795,2,False,jane_austen
flash,margin_gt_1,f3,1000,3,2000,3000,arthur_conan_doyle,3,gutenberg_texts/2852.txt,0.07490191538829993,0.06943071664692839,-0.005471198741371544,3,False,mark_twain
flash,margin_gt_1,f3,1000,4,3000,4000,arthur_conan_doyle,3,gutenberg_texts/2852.txt,0.09017577623757614,0.12174634648163864,0.0315705702440625,1,True,arthur_conan_doyle
flash,margin_gt_1,f3,1000,5,4000,5000,arthur_conan_doyle,3,gutenberg_texts/2852.txt,0.10841590941983965,0.12718648650636108,0.018770577086521426,1,True,arthur_conan_doyle
flash,margin_gt_1,f3,1000,1,0,1000,arthur_conan_doyle,4,gutenberg_texts/1661.txt,0.19615229037596177,0.19963987481443893,0.0034875844384771593,1,True,arthur_conan_doyle
flash,margin_gt_1,f3,1000,2,1000,2000,arthur_conan_doyle,4,gutenberg_texts/1661.txt,0.1086283747065887,0.07778167685284539,-0.03084669785374332,3,False,jane_austen
flash,margin_gt_1,f3,1000,3,2000,3000,arthur_conan_doyle,4,gutenberg_texts/1661.txt,0.07594793084436326,0.08590641224926672,0.009958481404903463,1,True,arthur_conan_doyle
flash,margin_gt_1,f3,1000,4,3000,4000,arthur_conan_doyle,4,gutenberg_texts/1661.txt,0.08240221282584968,0.08477589105007276,0.0023736782242230747,1,True,arthur_conan_doyle
flash,margin_gt_1,f3,1000,5,4000,5000,arthur_conan_doyle,4,gutenberg_texts/1661.txt,0.08730131674077184,0.1229201249875131,0.03561880824674127,1,True,arthur_conan_doyle
flash,margin_gt_1,f3,1000,1,0,1000,arthur_conan_doyle,5,gutenberg_texts/244.txt,0.43681957477879635,0.13941695900132423,-0.2974026157774721,4,False,mary_shelley
flash,margin_gt_1,f3,1000,2,1000,2000,arthur_conan_doyle,5,gutenberg_texts/244.txt,0.5949445362976937,0.21750008760218603,-0.3774444486955077,4,False,mary_shelley
flash,margin_gt_1,f3,1000,3,2000,3000,arthur_conan_doyle,5,gutenberg_texts/244.txt,0.5362961807000518,0.2174677924318529,-0.3188283882681989,4,False,mary_shelley
flash,margin_gt_1,f3,1000,4,3000,4000,arthur_conan_doyle,5,gutenberg_texts/244.txt,0.4015217699255434,0.1586343553823093,-0.2428874145432341,4,False,mary_shelley
flash,margin_gt_1,f3,1000,5,4000,5000,arthur_conan_doyle,5,gutenberg_texts/244.txt,0.4285079487711402,0.17514400638224467,-0.2533639423888955,4,False,mary_shelley
flash,margin_gt_1,f3,1000,1,0,1000,arthur_conan_doyle,6,gutenberg_texts/2852.txt,0.12474098579290954,0.06178254751413641,-0.06295843827877314,3,False,jane_austen
flash,margin_gt_1,f3,1000,2,1000,2000,arthur_conan_doyle,6,gutenberg_texts/2852.txt,0.09008647142212886,0.04330144197723105,-0.04678502944489781,2,False,jane_austen
flash,margin_gt_1,f3,1000,3,2000,3000,arthur_conan_doyle,6,gutenberg_texts/2852.txt,0.07319281949524677,0.17077616846896468,0.09758334897371791,1,True,arthur_conan_doyle
flash,margin_gt_1,f3,1000,4,3000,4000,arthur_conan_doyle,6,gutenberg_texts/2852.txt,0.07263015860094751,0.14538716512868563,0.07275700652773812,1,True,arthur_conan_doyle
flash,margin_gt_1,f3,1000,5,4000,5000,arthur_conan_doyle,6,gutenberg_texts/2852.txt,0.24321519295825472,0.14215468155524671,-0.10106051140300801,4,False,jane_austen
flash,margin_gt_1,f3,1000,1,0,1000,arthur_conan_doyle,7,gutenberg_texts/1661.txt,0.45202670337770356,0.2542512154978585,-0.19777548787984506,4,False,mary_shelley
flash,margin_gt_1,f3,1000,2,1000,2000,arthur_conan_doyle,7,gutenberg_texts/1661.txt,0.1350403620715194,0.1808408589468083,0.04580049687528889,1,True,arthur_conan_doyle
flash,margin_gt_1,f3,1000,3,2000,3000,arthur_conan_doyle,7,gutenberg_texts/1661.txt,0.10295956550863805,0.13996354384908927,0.037003978340451216,1,True,arthur_conan_doyle
flash,margin_gt_1,f3,1000,4,3000,4000,arthur_conan_doyle,7,gutenberg_texts/1661.txt,0.08810207717058724,0.07889496034128243,-0.009207116829304807,2,False,jane_austen
flash,margin_gt_1,f3,1000,5,4000,5000,arthur_conan_doyle,7,gutenberg_texts/1661.txt,0.1539078993505387,0.13659851590697672,-0.017309383443561976,2,False,jane_austen
flash,margin_gt_1,f3,1000,1,0,1000,arthur_conan_doyle,8,gutenberg_texts/244.txt,0.20991105821772044,0.18498438297896297,-0.024926675238757467,2,False,jane_austen
flash,margin_gt_1,f3,1000,2,1000,2000,arthur_conan_doyle,8,gutenberg_texts/244.txt,0.16569506432747116,0.1477747371346671,-0.017920327192804064,3,False,jane_austen
flash,margin_gt_1,f3,1000,3,2000,3000,arthur_conan_doyle,8,gutenberg_texts/244.txt,0.1710338959487016,0.17818509571023072,0.0071511997615291145,1,True,arthur_conan_doyle
flash,margin_gt_1,f3,1000,4,3000,4000,arthur_conan_doyle,8,gutenberg_texts/244.txt,0.12903283431684676,0.18342835164456495,0.05439551732771819,1,True,arthur_conan_doyle
flash,margin_gt_1,f3,1000,5,4000,5000,arthur_conan_doyle,8,gutenberg_texts/244.txt,0.24289489096648753,0.17825163605120473,-0.0646432549152828,4,False,jane_austen
flash,margin_gt_1,f3,1000,1,0,1000,arthur_conan_doyle,9,gutenberg_texts/2852.txt,0.2325241050325633,0.1618527202395777,-0.0706713847929856,4,False,jane_austen
flash,margin_gt_1,f3,1000,2,1000,2000,arthur_conan_doyle,9,gutenberg_texts/2852.txt,0.06655602729772782,0.13245776510683213,0.06590173780910431,1,True,arthur_conan_doyle
flash,margin_gt_1,f3,1000,3,2000,3000,arthur_conan_doyle,9,gutenberg_texts/2852.txt,0.03643579108421823,0.06461470230642469,0.028178911222206456,1,True,arthur_conan_doyle
flash,margin_gt_1,f3,1000,4,3000,4000,arthur_conan_doyle,9,gutenberg_texts/2852.txt,0.08160298527368554,0.13663807704480316,0.05503509177111762,1,True,arthur_conan_doyle
flash,margin_gt_1,f3,1000,5,4000,5000,arthur_conan_doyle,9,gutenberg_texts/2852.txt,0.08908617531882712,0.1366579435999827,0.047571768281155585,1,True,arthur_conan_doyle
flash,margin_gt_1,f3,1000,1,0,1000,arthur_conan_doyle,10,gutenberg_texts/1661.txt,0.14118733224516367,0.17762271170943295,0.03643537946426928,1,True,arthur_conan_doyle
flash,margin_gt_1,f3,1000,2,1000,2000,arthur_conan_doyle,10,gutenberg_texts/1661.txt,0.10616840286146714,0.07321365445441726,-0.032954748407049886,2,False,jane_austen
flash,margin_gt_1,f3,1000,3,2000,3000,arthur_conan_doyle,10,gutenberg_texts/1661.txt,0.12883932180481067,0.13400275376564594,0.0051634319608352686,1,True,arthur_conan_doyle
flash,margin_gt_1,f3,1000,4,3000,4000,arthur_conan_doyle,10,gutenberg_texts/1661.txt,0.1598619737940502,0.1263122285612201,-0.03354974523283011,2,False,jane_austen
flash,margin_gt_1,f3,1000,5,4000,5000,arthur_conan_doyle,10,gutenberg_texts/1661.txt,0.12613193803889408,0.11633852773939744,-0.009793410299496638,2,False,jane_austen
flash,margin_gt_1,f3,1000,1,0,1000,arthur_conan_doyle,11,gutenberg_texts/244.txt,0.37357488248744086,0.16048414595765115,-0.21309073652978971,4,False,mary_shelley
flash,margin_gt_1,f3,1000,2,1000,2000,arthur_conan_doyle,11,gutenberg_texts/244.txt,0.3281831183865837,0.12578793128578156,-0.20239518710080215,4,False,mary_shelley
flash,margin_gt_1,f3,1000,3,2000,3000,arthur_conan_doyle,11,gutenberg_texts/244.txt,0.13402234068270102,0.11576607263801961,-0.018256268044681417,3,False,jane_austen
flash,margin_gt_1,f3,1000,4,3000,4000,arthur_conan_doyle,11,gutenberg_texts/244.txt,0.3453270314655784,0.12404213565990835,-0.22128489580567007,4,False,mary_shelley
flash,margin_gt_1,f3,1000,5,4000,5000,arthur_conan_doyle,11,gutenberg_texts/244.txt,0.3434025017716915,0.21285507883488916,-0.13054742293680235,4,False,mary_shelley
flash,margin_gt_1,f3,1000,1,0,1000,arthur_conan_doyle,12,gutenberg_texts/2852.txt,0.10199669975788177,0.15692824882538614,0.05493154906750437,1,True,arthur_conan_doyle
flash,margin_gt_1,f3,1000,2,1000,2000,arthur_conan_doyle,12,gutenberg_texts/2852.txt,0.11715706875232734,0.15955589786813001,0.04239882911580267,1,True,arthur_conan_doyle
flash,margin_gt_1,f3,1000,3,2000,3000,arthur_conan_doyle,12,gutenberg_texts/2852.txt,0.06307557826976457,0.11759180742543432,0.054516229155669754,1,True,arthur_conan_doyle
flash,margin_gt_1,f3,1000,4,3000,4000,arthur_conan_doyle,12,gutenberg_texts/2852.txt,0.06861401612089023,0.16459826171860628,0.09598424559771605,1,True,arthur_conan_doyle
flash,margin_gt_1,f3,1000,5,4000,5000,arthur_conan_doyle,12,gutenberg_texts/2852.txt,0.17056317319672784,0.17379646074117994,0.003233287544452096,1,True,arthur_conan_doyle
flash,margin_gt_1,f3,1000,1,0,1000,arthur_conan_doyle,13,gutenberg_texts/1661.txt,0.14976152984552593,0.1934466602034071,0.04368513035788116,1,True,arthur_conan_doyle
flash,margin_gt_1,f3,1000,2,1000,2000,arthur_conan_doyle,13,gutenberg_texts/1661.txt,0.0976247831063861,0.08577509250274569,-0.011849690603640411,3,False,jane_austen
flash,margin_gt_1,f3,1000,3,2000,3000,arthur_conan_doyle,13,gutenberg_texts/1661.txt,0.136700246489065,0.08440809659217847,-0.05229214989688653,2,False,jane_austen
flash,margin_gt_1,f3,1000,4,3000,4000,arthur_conan_doyle,13,gutenberg_texts/1661.txt,0.1772754216302675,0.13084419349128334,-0.04643122813898415,3,False,jane_austen
flash,margin_gt_1,f3,1000,5,4000,5000,arthur_conan_doyle,13,gutenberg_texts/1661.txt,0.162729566144882,0.16354038473595328,0.000810818591071294,1,True,arthur_conan_doyle
flash,margin_gt_1,f3,1000,1,0,1000,arthur_conan_doyle,14,gutenberg_texts/244.txt,0.4483891895632853,0.15382470037999685,-0.2945644891832884,4,False,mary_shelley
flash,margin_gt_1,f3,1000,2,1000,2000,arthur_conan_doyle,14,gutenberg_texts/244.txt,0.5772513778569044,0.26446267895463205,-0.31278869890227234,4,False,mary_shelley
flash,margin_gt_1,f3,1000,3,2000,3000,arthur_conan_doyle,14,gutenberg_texts/244.txt,0.569327207883697,0.22324250711069665,-0.3460847007730003,4,False,mary_shelley
flash,margin_gt_1,f3,1000,4,3000,4000,arthur_conan_doyle,14,gutenberg_texts/244.txt,0.5690769617782412,0.25284243598727685,-0.31623452579096434,4,False,mary_shelley
flash,margin_gt_1,f3,1000,5,4000,5000,arthur_conan_doyle,14,gutenberg_texts/244.txt,0.5095687957198314,0.210683075433713,-0.2988857202861184,4,False,mary_shelley
flash,margin_gt_1,f3,1000,1,0,1000,arthur_conan_doyle,15,gutenberg_texts/2852.txt,0.3806936940776058,0.21858674112880344,-0.16210695294880234,4,False,mary_shelley
flash,margin_gt_1,f3,1000,2,1000,2000,arthur_conan_doyle,15,gutenberg_texts/2852.txt,0.27427230481624887,0.2412732350254692,-0.032999069790779656,4,False,mary_shelley
flash,margin_gt_1,f3,1000,3,2000,3000,arthur_conan_doyle,15,gutenberg_texts/2852.txt,0.5136142932165014,0.1879089423350074,-0.325705350881494,4,False,mary_shelley
flash,margin_gt_1,f3,1000,4,3000,4000,arthur_conan_doyle,15,gutenberg_texts/2852.txt,0.4732767313404592,0.16214765215057536,-0.31112907918988386,4,False,mary_shelley
flash,margin_gt_1,f3,1000,5,4000,5000,arthur_conan_doyle,15,gutenberg_texts/2852.txt,0.49396227319800656,0.23336835297884245,-0.2605939202191641,4,False,mary_shelley
flash,margin_gt_1,f3,1000,1,0,1000,arthur_conan_doyle,16,gutenberg_texts/1661.txt,0.16427822666787695,0.16142907304962933,-0.002849153618247613,2,False,jane_austen
flash,margin_gt_1,f3,1000,2,1000,2000,arthur_conan_doyle,16,gutenberg_texts/1661.txt,0.1372539842165481,0.08315018702963163,-0.05410379718691648,4,False,jane_austen
flash,margin_gt_1,f3,1000,3,2000,3000,arthur_conan_doyle,16,gutenberg_texts/1661.txt,0.07588573709024189,0.106649903517151,0.030764166426909115,1,True,arthur_conan_doyle
flash,margin_gt_1,f3,1000,4,3000,4000,arthur_conan_doyle,16,gutenberg_texts/1661.txt,0.13892842700380842,0.0664730047491012,-0.07245542225470722,4,False,jane_austen
flash,margin_gt_1,f3,1000,5,4000,5000,arthur_conan_doyle,16,gutenberg_texts/1661.txt,0.08058324398626081,0.20431020344712314,0.12372695946086233,1,True,arthur_conan_doyle
flash,margin_gt_1,f3,1000,1,0,1000,arthur_conan_doyle,17,gutenberg_texts/244.txt,0.39745468635612125,0.13677093928633272,-0.26068374706978853,4,False,mary_shelley
flash,margin_gt_1,f3,1000,2,1000,2000,arthur_conan_doyle,17,gutenberg_texts/244.txt,0.5279161112592249,0.2372942195325187,-0.29062189172670616,4,False,mary_shelley
flash,margin_gt_1,f3,1000,3,2000,3000,arthur_conan_doyle,17,gutenberg_texts/244.txt,0.5410831643772069,0.18432334043093057,-0.35675982394627637,4,False,mary_shelley
flash,margin_gt_1,f3,1000,4,3000,4000,arthur_conan_doyle,17,gutenberg_texts/244.txt,0.5850536473689876,0.23721918999980693,-0.3478344573691806,4,False,mary_shelley
flash,margin_gt_1,f3,1000,5,4000,5000,arthur_conan_doyle,17,gutenberg_texts/244.txt,0.6369816287081758,0.2875408324360935,-0.34944079627208224,4,False,mary_shelley
flash,margin_gt_1,f3,1000,1,0,1000,arthur_conan_doyle,18,gutenberg_texts/2852.txt,0.12155277192090774,0.16598557896634217,0.044432807045434425,1,True,arthur_conan_doyle
flash,margin_gt_1,f3,1000,2,1000,2000,arthur_conan_doyle,18,gutenberg_texts/2852.txt,0.20219428848683443,0.17536253215739422,-0.02683175632944021,3,False,jane_austen
flash,margin_gt_1,f3,1000,3,2000,3000,arthur_conan_doyle,18,gutenberg_texts/2852.txt,0.22327349789769357,0.22731270000461973,0.004039202106926154,1,True,arthur_conan_doyle
flash,margin_gt_1,f3,1000,4,3000,4000,arthur_conan_doyle,18,gutenberg_texts/2852.txt,0.18564381738593955,0.17492007499535214,-0.010723742390587404,3,False,mark_twain
flash,margin_gt_1,f3,1000,5,4000,5000,arthur_conan_doyle,18,gutenberg_texts/2852.txt,0.16443939679950506,0.14278236479528122,-0.021657032004223836,3,False,jane_austen
flash,margin_gt_1,f3,1000,1,0,1000,arthur_conan_doyle,19,gutenberg_texts/1661.txt,0.1301802823355774,0.16701802849048122,0.03683774615490382,1,True,arthur_conan_doyle
flash,margin_gt_1,f3,1000,2,1000,2000,arthur_conan_doyle,19,gutenberg_texts/1661.txt,0.08259250439132737,0.1923003968079931,0.10970789241666573,1,True,arthur_conan_doyle
flash,margin_gt_1,f3,1000,3,2000,3000,arthur_conan_doyle,19,gutenberg_texts/1661.txt,0.05393094587075207,0.13044805133194534,0.07651710546119328,1,True,arthur_conan_doyle
flash,margin_gt_1,f3,1000,4,3000,4000,arthur_conan_doyle,19,gutenberg_texts/1661.txt,0.07638117569983133,0.09113878873055702,0.014757613030725689,1,True,arthur_conan_doyle
flash,margin_gt_1,f3,1000,5,4000,5000,arthur_conan_doyle,19,gutenberg_texts/1661.txt,0.04461154357758562,0.0970939478362859,0.05248240425870028,1,True,arthur_conan_doyle
flash,margin_gt_1,f3,1000,1,0,1000,arthur_conan_doyle,20,gutenberg_texts/244.txt,0.12914863838006094,0.1752593019522199,0.046110663572158955,1,True,arthur_conan_doyle
flash,margin_gt_1,f3,1000,2,1000,2000,arthur_conan_doyle,20,gutenberg_texts/244.txt,0.14386711683161177,0.1403440314749723,-0.003523085356639477,2,False,jane_austen
flash,margin_gt_1,f3,1000,3,2000,3000,arthur_conan_doyle,20,gutenberg_texts/244.txt,0.0921254024350343,0.07133708582145507,-0.02078831661357923,2,False,jane_austen
flash,margin_gt_1,f3,1000,4,3000,4000,arthur_conan_doyle,20,gutenberg_texts/244.txt,0.0948465632483359,0.1245599033934198,0.029713340145083894,1,True,arthur_conan_doyle
flash,margin_gt_1,f3,1000,5,4000,5000,arthur_conan_doyle,20,gutenberg_texts/244.txt,0.1684637899818445,0.12226136688978118,-0.04620242309206332,4,False,jane_austen
flash,margin_gt_1,f3,1000,1,0,1000,jane_austen,1,full_books/jane_austen_full.txt,0.16261907710855425,0.19464297473569347,0.032023897627139225,1,True,jane_austen
flash,margin_gt_1,f3,1000,2,1000,2000,jane_austen,1,full_books/jane_austen_full.txt,0.18981125202382368,0.16350604741140834,-0.02630520461241534,2,False,arthur_conan_doyle
flash,margin_gt_1,f3,1000,3,2000,3000,jane_austen,1,full_books/jane_austen_full.txt,0.14251726570733994,0.13847956713762571,-0.0040376985697142265,2,False,arthur_conan_doyle
flash,margin_gt_1,f3,1000,4,3000,4000,jane_austen,1,full_books/jane_austen_full.txt,0.11519536864615915,0.1812696637422993,0.06607429509614016,1,True,jane_austen
flash,margin_gt_1,f3,1000,5,4000,5000,jane_austen,1,full_books/jane_austen_full.txt,0.13473251517931495,0.12378524237235058,-0.010947272806964364,2,False,arthur_conan_doyle
flash,margin_gt_1,f3,1000,1,0,1000,jane_austen,2,full_books/jane_austen_full.txt,0.20449040225124834,0.21384802277998963,0.009357620528741284,1,True,jane_austen
flash,margin_gt_1,f3,1000,2,1000,2000,jane_austen,2,full_books/jane_austen_full.txt,0.15992820403309563,0.1684569478382296,0.008528743805133965,1,True,jane_austen
flash,margin_gt_1,f3,1000,3,2000,3000,jane_austen,2,full_books/jane_austen_full.txt,0.13843851535101484,0.1868865455898622,0.04844803023884736,1,True,jane_austen
flash,margin_gt_1,f3,1000,4,3000,4000,jane_austen,2,full_books/jane_austen_full.txt,0.13478087712948908,0.13336177549596873,-0.0014191016335203532,2,False,arthur_conan_doyle
flash,margin_gt_1,f3,1000,5,4000,5000,jane_austen,2,full_books/jane_austen_full.txt,0.19936012069169504,0.14734741310255856,-0.05201270758913648,2,False,arthur_conan_doyle
flash,margin_gt_1,f3,1000,1,0,1000,jane_austen,3,gutenberg_texts/161.txt,0.3028464570470985,0.14518611782352392,-0.15766033922357459,3,False,arthur_conan_doyle
flash,margin_gt_1,f3,1000,2,1000,2000,jane_austen,3,gutenberg_texts/161.txt,0.1346070824995622,0.13413434724584639,-0.0004727352537158003,2,False,mark_twain
flash,margin_gt_1,f3,1000,3,2000,3000,jane_austen,3,gutenberg_texts/161.txt,0.2922747526829519,0.17770536638923437,-0.11456938629371752,2,False,mary_shelley
flash,margin_gt_1,f3,1000,4,3000,4000,jane_austen,3,gutenberg_texts/161.txt,0.26383393837545865,0.21258949842624367,-0.05124443994921499,4,False,mary_shelley
flash,margin_gt_1,f3,1000,5,4000,5000,jane_austen,3,gutenberg_texts/161.txt,0.2695088736297456,0.1832855852720095,-0.08622328835773613,3,False,mary_shelley
flash,margin_gt_1,f3,1000,1,0,1000,jane_austen,4,full_books/jane_austen_full.txt,0.15703217797047278,0.2052619531024158,0.048229775131943015,1,True,jane_austen
flash,margin_gt_1,f3,1000,2,1000,2000,jane_austen,4,full_books/jane_austen_full.txt,0.06154081099036441,0.16841933297209516,0.10687852198173076,1,True,jane_austen
flash,margin_gt_1,f3,1000,3,2000,3000,jane_austen,4,full_books/jane_austen_full.txt,0.1697162850352189,0.14664758169610312,-0.023068703339115787,2,False,arthur_conan_doyle
flash,margin_gt_1,f3,1000,4,3000,4000,jane_austen,4,full_books/jane_austen_full.txt,0.18720584411797334,0.17224416175193402,-0.014961682366039314,3,False,mark_twain
flash,margin_gt_1,f3,1000,5,4000,5000,jane_austen,4,full_books/jane_austen_full.txt,0.3804342375735609,0.22057996140067265,-0.15985427617288822,2,False,mary_shelley
flash,margin_gt_1,f3,1000,1,0,1000,jane_austen,5,full_books/jane_austen_full.txt,0.18725071317428682,0.21125743418974188,0.024006721015455063,1,True,jane_austen
flash,margin_gt_1,f3,1000,2,1000,2000,jane_austen,5,full_books/jane_austen_full.txt,0.2765871409501278,0.1777500233181927,-0.09883711763193512,2,False,mary_shelley
flash,margin_gt_1,f3,1000,3,2000,3000,jane_austen,5,full_books/jane_austen_full.txt,0.1463547789590266,0.17232237125202737,0.025967592293000774,1,True,jane_austen
flash,margin_gt_1,f3,1000,4,3000,4000,jane_austen,5,full_books/jane_austen_full.txt,0.1612114939228511,0.09949142657850514,-0.06172006734434597,3,False,arthur_conan_doyle
flash,margin_gt_1,f3,1000,5,4000,5000,jane_austen,5,full_books/jane_austen_full.txt,0.21423017905915648,0.1292786024214091,-0.08495157663774738,3,False,arthur_conan_doyle
flash,margin_gt_1,f3,1000,1,0,1000,jane_austen,6,gutenberg_texts/161.txt,0.23314303784685825,0.18607941871541886,-0.04706361913143939,3,False,mark_twain
flash,margin_gt_1,f3,1000,2,1000,2000,jane_austen,6,gutenberg_texts/161.txt,0.10512833994652776,0.07146643136203827,-0.03366190858448949,2,False,mary_shelley
flash,margin_gt_1,f3,1000,3,2000,3000,jane_austen,6,gutenberg_texts/161.txt,0.08920124095721826,0.0874989418961554,-0.0017022990610628674,2,False,mary_shelley
flash,margin_gt_1,f3,1000,4,3000,4000,jane_austen,6,gutenberg_texts/161.txt,0.2236432100062383,0.1650079099356957,-0.0586353000705426,2,False,mary_shelley
flash,margin_gt_1,f3,1000,5,4000,5000,jane_austen,6,gutenberg_texts/161.txt,0.34811533957246693,0.28534212257818714,-0.06277321699427979,4,False,mary_shelley
flash,margin_gt_1,f3,1000,1,0,1000,jane_austen,7,full_books/jane_austen_full.txt,0.23129180660960022,0.17559031085023322,-0.055701495759367003,2,False,mary_shelley
flash,margin_gt_1,f3,1000,2,1000,2000,jane_austen,7,full_books/jane_austen_full.txt,0.2842817995888191,0.214660693623365,-0.0696211059654541,4,False,mark_twain
flash,margin_gt_1,f3,1000,3,2000,3000,jane_austen,7,full_books/jane_austen_full.txt,0.20872864309782943,0.16188725902759388,-0.04684138407023555,3,False,mary_shelley
flash,margin_gt_1,f3,1000,4,3000,4000,jane_austen,7,full_books/jane_austen_full.txt,0.38416782968079627,0.2316966268551223,-0.15247120282567397,2,False,mary_shelley
flash,margin_gt_1,f3,1000,5,4000,5000,jane_austen,7,full_books/jane_austen_full.txt,0.392207524932264,0.2452908425021293,-0.14691668243013473,2,False,mary_shelley
flash,margin_gt_1,f3,1000,1,0,1000,jane_austen,8,full_books/jane_austen_full.txt,0.16829205938581887,0.21089628775273747,0.0426042283669186,1,True,jane_austen
flash,margin_gt_1,f3,1000,2,1000,2000,jane_austen,8,full_books/jane_austen_full.txt,0.06721261096526904,0.09541479979077964,0.028202188825510607,1,True,jane_austen
flash,margin_gt_1,f3,1000,3,2000,3000,jane_austen,8,full_books/jane_austen_full.txt,0.1351144431904056,0.05261970988495165,-0.08249473330545395,3,False,arthur_conan_doyle
flash,margin_gt_1,f3,1000,4,3000,4000,jane_austen,8,full_books/jane_austen_full.txt,0.20674698004578335,0.14750399162911482,-0.05924298841666853,2,False,arthur_conan_doyle
flash,margin_gt_1,f3,1000,5,4000,5000,jane_austen,8,full_books/jane_austen_full.txt,0.26092634606141113,0.1687867150940362,-0.09213963096737493,2,False,mary_shelley
flash,margin_gt_1,f3,1000,1,0,1000,jane_austen,9,gutenberg_texts/161.txt,0.22394230801451748,0.21742814336555114,-0.006514164648966342,3,False,mary_shelley
flash,margin_gt_1,f3,1000,2,1000,2000,jane_austen,9,gutenberg_texts/161.txt,0.20046021522778212,0.1349073821134121,-0.06555283311437002,3,False,arthur_conan_doyle
flash,margin_gt_1,f3,1000,3,2000,3000,jane_austen,9,gutenberg_texts/161.txt,0.22585546802470963,0.10412256242861259,-0.12173290559609704,3,False,arthur_conan_doyle
flash,margin_gt_1,f3,1000,4,3000,4000,jane_austen,9,gutenberg_texts/161.txt,0.09436896210040109,0.07157508149663025,-0.02279388060377084,2,False,arthur_conan_doyle
flash,margin_gt_1,f3,1000,5,4000,5000,jane_austen,9,gutenberg_texts/161.txt,0.20941450804597397,0.04095897700859467,-0.1684555310373793,3,False,arthur_conan_doyle
flash,margin_gt_1,f3,1000,1,0,1000,jane_austen,10,full_books/jane_austen_full.txt,0.06626322819025869,0.09184570746093126,0.025582479270672573,1,True,jane_austen
flash,margin_gt_1,f3,1000,2,1000,2000,jane_austen,10,full_books/jane_austen_full.txt,0.16102993500275736,0.13880717454862188,-0.022222760454135487,2,False,arthur_conan_doyle
flash,margin_gt_1,f3,1000,3,2000,3000,jane_austen,10,full_books/jane_austen_full.txt,0.06947396580043563,0.12811659752457158,0.058642631724135946,1,True,jane_austen
flash,margin_gt_1,f3,1000,4,3000,4000,jane_austen,10,full_books/jane_austen_full.txt,0.0518962478175168,0.09326356527218671,0.041367317454669914,1,True,jane_austen
flash,margin_gt_1,f3,1000,5,4000,5000,jane_austen,10,full_books/jane_austen_full.txt,0.31891546480450655,0.17452026353781905,-0.1443952012666875,2,False,mary_shelley
flash,margin_gt_1,f3,1000,1,0,1000,jane_austen,11,full_books/jane_austen_full.txt,0.1745745699224012,0.19555278623759362,0.02097821631519242,1,True,jane_austen
flash,margin_gt_1,f3,1000,2,1000,2000,jane_austen,11,full_books/jane_austen_full.txt,0.0711658180578027,0.1261314382255226,0.054965620167719914,1,True,jane_austen
flash,margin_gt_1,f3,1000,3,2000,3000,jane_austen,11,full_books/jane_austen_full.txt,0.13824404313727057,0.1551562567980984,0.016912213660827846,1,True,jane_austen
flash,margin_gt_1,f3,1000,4,3000,4000,jane_austen,11,full_books/jane_austen_full.txt,0.1400845923953403,0.14218235062086504,0.002097758225524743,1,True,jane_austen
flash,margin_gt_1,f3,1000,5,4000,5000,jane_austen,11,full_books/jane_austen_full.txt,0.2004325445382041,0.09472490486188624,-0.10570763967631787,3,False,arthur_conan_doyle
flash,margin_gt_1,f3,1000,1,0,1000,jane_austen,12,gutenberg_texts/161.txt,0.33111372081009394,0.2836637947505203,-0.047449926059573655,2,False,mark_twain
flash,margin_gt_1,f3,1000,2,1000,2000,jane_austen,12,gutenberg_texts/161.txt,0.07261171513254858,0.10114727959198702,0.028535564459438445,1,True,jane_austen
flash,margin_gt_1,f3,1000,3,2000,3000,jane_austen,12,gutenberg_texts/161.txt,0.1882894470247052,0.169710171770889,-0.018579275253816196,3,False,arthur_conan_doyle
flash,margin_gt_1,f3,1000,4,3000,4000,jane_austen,12,gutenberg_texts/161.txt,0.1981984897724823,0.21360487204719664,0.01540638227471433,1,True,jane_austen
flash,margin_gt_1,f3,1000,5,4000,5000,jane_austen,12,gutenberg_texts/161.txt,0.18984187214543854,0.15226905275075817,-0.03757281939468038,3,False,arthur_conan_doyle
flash,margin_gt_1,f3,1000,1,0,1000,jane_austen,13,full_books/jane_austen_full.txt,0.1611451825132232,0.15646026452727907,-0.0046849179859441425,2,False,arthur_conan_doyle
flash,margin_gt_1,f3,1000,2,1000,2000,jane_austen,13,full_books/jane_austen_full.txt,0.10600587965519584,0.060204238640749384,-0.045801641014446455,2,False,mary_shelley
flash,margin_gt_1,f3,1000,3,2000,3000,jane_austen,13,full_books/jane_austen_full.txt,0.22693074325211995,0.18864991921301766,-0.038280824039102296,2,False,arthur_conan_doyle
flash,margin_gt_1,f3,1000,4,3000,4000,jane_austen,13,full_books/jane_austen_full.txt,0.1584176877269221,0.15715964516646985,-0.001258042560452255,2,False,mary_shelley
flash,margin_gt_1,f3,1000,5,4000,5000,jane_austen,13,full_books/jane_austen_full.txt,0.20576248967853458,0.17570623823048367,-0.030056251448050908,2,False,mary_shelley
flash,margin_gt_1,f3,1000,1,0,1000,jane_austen,14,full_books/jane_austen_full.txt,0.0779965426716243,0.10867316485424201,0.030676622182617713,1,True,jane_austen
flash,margin_gt_1,f3,1000,2,1000,2000,jane_austen,14,full_books/jane_austen_full.txt,0.10513559000485757,0.06317470154653497,-0.041960888458322604,2,False,mary_shelley
flash,margin_gt_1,f3,1000,3,2000,3000,jane_austen,14,full_books/jane_austen_full.txt,0.25972487180064174,0.15439392750217484,-0.1053309442984669,2,False,mary_shelley
flash,margin_gt_1,f3,1000,4,3000,4000,jane_austen,14,full_books/jane_austen_full.txt,0.17260404973372057,0.20561618876772544,0.03301213903400488,1,True,jane_austen
flash,margin_gt_1,f3,1000,5,4000,5000,jane_austen,14,full_books/jane_austen_full.txt,0.26415597966976895,0.19447462715751354,-0.0696813525122554,2,False,mary_shelley
flash,margin_gt_1,f3,1000,1,0,1000,jane_austen,15,gutenberg_texts/161.txt,0.20892045759024688,0.19417386482722232,-0.014746592763024563,2,False,arthur_conan_doyle
flash,margin_gt_1,f3,1000,2,1000,2000,jane_austen,15,gutenberg_texts/161.txt,0.286363422892219,0.20774463303418764,-0.07861878985803136,2,False,mary_shelley
flash,margin_gt_1,f3,1000,3,2000,3000,jane_austen,15,gutenberg_texts/161.txt,0.20904569959201585,0.1970852119914517,-0.011960487600564146,2,False,mary_shelley
flash,margin_gt_1,f3,1000,4,3000,4000,jane_austen,15,gutenberg_texts/161.txt,0.1438517589290262,0.07421416357926963,-0.06963759534975658,2,False,mary_shelley
flash,margin_gt_1,f3,1000,5,4000,5000,jane_austen,15,gutenberg_texts/161.txt,0.11172204451033241,0.11018237183411951,-0.001539672676212897,2,False,mark_twain
flash,margin_gt_1,f3,1000,1,0,1000,jane_austen,16,full_books/jane_austen_full.txt,0.1606072291962434,0.15234933097861306,-0.008257898217630344,2,False,mary_shelley
flash,margin_gt_1,f3,1000,2,1000,2000,jane_austen,16,full_books/jane_austen_full.txt,0.22872620980777317,0.22596355754908953,-0.0027626522586836344,2,False,mary_shelley
flash,margin_gt_1,f3,1000,3,2000,3000,jane_austen,16,full_books/jane_austen_full.txt,0.16568259317290127,0.09725200057995011,-0.06843059259295116,2,False,arthur_conan_doyle
flash,margin_gt_1,f3,1000,4,3000,4000,jane_austen,16,full_books/jane_austen_full.txt,0.16379407669578772,0.14457343566630407,-0.01922064102948365,2,False,arthur_conan_doyle
flash,margin_gt_1,f3,1000,5,4000,5000,jane_austen,16,full_books/jane_austen_full.txt,0.1806904755614394,0.16733892187793753,-0.013351553683501882,2,False,mary_shelley
flash,margin_gt_1,f3,1000,1,0,1000,jane_austen,17,full_books/jane_austen_full.txt,0.16760255800725501,0.12936275660115887,-0.03823980140609615,2,False,arthur_conan_doyle
flash,margin_gt_1,f3,1000,2,1000,2000,jane_austen,17,full_books/jane_austen_full.txt,0.1707138089418805,0.20510504132943572,0.034391232387555204,1,True,jane_austen
flash,margin_gt_1,f3,1000,3,2000,3000,jane_austen,17,full_books/jane_austen_full.txt,0.08666768316724606,0.13203328697066158,0.04536560380341552,1,True,jane_austen
flash,margin_gt_1,f3,1000,4,3000,4000,jane_austen,17,full_books/jane_austen_full.txt,0.27562153858186833,0.24888815561656716,-0.026733382965301172,2,False,mary_shelley
flash,margin_gt_1,f3,1000,5,4000,5000,jane_austen,17,full_books/jane_austen_full.txt,0.18090085690793173,0.12200002902325739,-0.05890082788467434,2,False,mary_shelley
flash,margin_gt_1,f3,1000,1,0,1000,jane_austen,18,gutenberg_texts/161.txt,0.15078882197898638,0.1812634887215624,0.030474666742576012,1,True,jane_austen
flash,margin_gt_1,f3,1000,2,1000,2000,jane_austen,18,gutenberg_texts/161.txt,0.09506855329129277,0.14037479868547978,0.04530624539418701,1,True,jane_austen
flash,margin_gt_1,f3,1000,3,2000,3000,jane_austen,18,gutenberg_texts/161.txt,0.1856897522672028,0.1547027304623608,-0.030987021804842002,2,False,mary_shelley
flash,margin_gt_1,f3,1000,4,3000,4000,jane_austen,18,gutenberg_texts/161.txt,0.14823440881925956,0.0998086693261279,-0.048425739493131656,2,False,arthur_conan_doyle
flash,margin_gt_1,f3,1000,5,4000,5000,jane_austen,18,gutenberg_texts/161.txt,0.18784313367734648,0.17334547535573314,-0.014497658321613344,2,False,mary_shelley
flash,margin_gt_1,f3,1000,1,0,1000,jane_austen,19,full_books/jane_austen_full.txt,0.16360831197538844,0.13890601185695128,-0.02470230011843716,2,False,arthur_conan_doyle
flash,margin_gt_1,f3,1000,2,1000,2000,jane_austen,19,full_books/jane_austen_full.txt,0.1493578698915851,0.17625610056983296,0.02689823067824787,1,True,jane_austen
flash,margin_gt_1,f3,1000,3,2000,3000,jane_austen,19,full_books/jane_austen_full.txt,0.11275105584240204,0.04396462975967036,-0.06878642608273168,2,False,mary_shelley
flash,margin_gt_1,f3,1000,4,3000,4000,jane_austen,19,full_books/jane_austen_full.txt,0.17291341343007688,0.13020338205286897,-0.04271003137720791,2,False,mary_shelley
flash,margin_gt_1,f3,1000,5,4000,5000,jane_austen,19,full_books/jane_austen_full.txt,0.1845101847408428,0.18625641806908627,0.0017462333282434739,1,True,jane_austen
flash,margin_gt_1,f3,1000,1,0,1000,jane_austen,20,full_books/jane_austen_full.txt,0.14124270751613727,0.2021571317009198,0.060914424184782545,1,True,jane_austen
flash,margin_gt_1,f3,1000,2,1000,2000,jane_austen,20,full_books/jane_austen_full.txt,0.0648915889455166,0.07211231780896687,0.007220728863450279,1,True,jane_austen
flash,margin_gt_1,f3,1000,3,2000,3000,jane_austen,20,full_books/jane_austen_full.txt,0.08546049957955651,0.12959755385109845,0.04413705427154194,1,True,jane_austen
flash,margin_gt_1,f3,1000,4,3000,4000,jane_austen,20,full_books/jane_austen_full.txt,0.2035845604770147,0.17034215814504428,-0.03324240233197043,2,False,arthur_conan_doyle
flash,margin_gt_1,f3,1000,5,4000,5000,jane_austen,20,full_books/jane_austen_full.txt,0.18204052743244284,0.1253515100156747,-0.05668901741676813,3,False,arthur_conan_doyle
flash,margin_gt_1,f3,1000,1,0,1000,mark_twain,1,gutenberg_texts/74.txt,0.2253432320460954,0.09790392624813002,-0.1274393057979654,3,False,arthur_conan_doyle
flash,margin_gt_1,f3,1000,2,1000,2000,mark_twain,1,gutenberg_texts/74.txt,0.2043833550251227,0.0723634106442524,-0.13201994438087028,3,False,arthur_conan_doyle
flash,margin_gt_1,f3,1000,3,2000,3000,mark_twain,1,gutenberg_texts/74.txt,0.08485743983799146,0.08684694969211812,0.0019895098541266587,1,True,mark_twain
flash,margin_gt_1,f3,1000,4,3000,4000,mark_twain,1,gutenberg_texts/74.txt,0.2606914779701008,0.19707631713523963,-0.06361516083486116,4,False,arthur_conan_doyle
flash,margin_gt_1,f3,1000,5,4000,5000,mark_twain,1,gutenberg_texts/74.txt,0.2412986698635741,0.17171411913072737,-0.06958455073284672,3,False,mary_shelley
flash,margin_gt_1,f3,1000,1,0,1000,mark_twain,2,gutenberg_texts/76.txt,0.20803223862043196,0.07483461798205894,-0.13319762063837304,3,False,mary_shelley
flash,margin_gt_1,f3,1000,2,1000,2000,mark_twain,2,gutenberg_texts/76.txt,0.08818366647278264,0.05380919114996395,-0.03437447532281869,2,False,arthur_conan_doyle
flash,margin_gt_1,f3,1000,3,2000,3000,mark_twain,2,gutenberg_texts/76.txt,0.19479400834599697,0.19603330771654903,0.0012392993705520605,1,True,mark_twain
flash,margin_gt_1,f3,1000,4,3000,4000,mark_twain,2,gutenberg_texts/76.txt,0.245712763130801,0.24403425737443096,-0.0016785057563700467,2,False,arthur_conan_doyle
flash,margin_gt_1,f3,1000,5,4000,5000,mark_twain,2,gutenberg_texts/76.txt,0.27905199381906043,0.2567951374465909,-0.022256856372469547,2,False,mary_shelley
flash,margin_gt_1,f3,1000,1,0,1000,mark_twain,3,gutenberg_texts/74.txt,0.19876822460463986,0.13806025940269526,-0.0607079652019446,3,False,jane_austen
flash,margin_gt_1,f3,1000,2,1000,2000,mark_twain,3,gutenberg_texts/74.txt,0.31844117308711956,0.174596589321294,-0.14384458376582557,3,False,mary_shelley
flash,margin_gt_1,f3,1000,3,2000,3000,mark_twain,3,gutenberg_texts/74.txt,0.47737701689540135,0.2968975628824848,-0.18047945401291654,3,False,mary_shelley
flash,margin_gt_1,f3,1000,4,3000,4000,mark_twain,3,gutenberg_texts/74.txt,0.2734044887964077,0.15827901672159464,-0.11512547207481308,4,False,arthur_conan_doyle
flash,margin_gt_1,f3,1000,5,4000,5000,mark_twain,3,gutenberg_texts/74.txt,0.43861972855608305,0.22810469050390797,-0.21051503805217509,3,False,mary_shelley
flash,margin_gt_1,f3,1000,1,0,1000,mark_twain,4,gutenberg_texts/76.txt,0.2657054425657779,0.20472441127962557,-0.060981031286152315,4,False,mary_shelley
flash,margin_gt_1,f3,1000,2,1000,2000,mark_twain,4,gutenberg_texts/76.txt,0.2931755723058285,0.1537947490783817,-0.13938082322744683,4,False,mary_shelley
flash,margin_gt_1,f3,1000,3,2000,3000,mark_twain,4,gutenberg_texts/76.txt,0.3689348030907448,0.15411671089415846,-0.21481809219658632,3,False,mary_shelley
flash,margin_gt_1,f3,1000,4,3000,4000,mark_twain,4,gutenberg_texts/76.txt,0.37773559660413875,0.17889122967636226,-0.1988443669277765,3,False,mary_shelley
flash,margin_gt_1,f3,1000,5,4000,5000,mark_twain,4,gutenberg_texts/76.txt,0.28765746091612826,0.1443031445834354,-0.14335431633269285,3,False,mary_shelley
flash,margin_gt_1,f3,1000,1,0,1000,mark_twain,5,gutenberg_texts/74.txt,0.2466466322785246,0.17557846142911757,-0.07106817084940703,3,False,arthur_conan_doyle
flash,margin_gt_1,f3,1000,2,1000,2000,mark_twain,5,gutenberg_texts/74.txt,0.1006229874160063,0.09243392515590115,-0.008189062260105143,2,False,jane_austen
flash,margin_gt_1,f3,1000,3,2000,3000,mark_twain,5,gutenberg_texts/74.txt,0.19422821458246434,0.16455594065409826,-0.029672273928366077,3,False,jane_austen
flash,margin_gt_1,f3,1000,4,3000,4000,mark_twain,5,gutenberg_texts/74.txt,0.26910262205365426,0.2298965018481118,-0.039206120205542455,4,False,mary_shelley
flash,margin_gt_1,f3,1000,5,4000,5000,mark_twain,5,gutenberg_texts/74.txt,0.25855523448725126,0.1684730310000012,-0.09008220348725007,3,False,mary_shelley
flash,margin_gt_1,f3,1000,1,0,1000,mark_twain,6,gutenberg_texts/76.txt,0.1438304022599137,0.08328102490233671,-0.06054937735757698,3,False,arthur_conan_doyle
flash,margin_gt_1,f3,1000,2,1000,2000,mark_twain,6,gutenberg_texts/76.txt,0.17859313515559408,0.06392173487263703,-0.11467140028295705,2,False,arthur_conan_doyle
flash,margin_gt_1,f3,1000,3,2000,3000,mark_twain,6,gutenberg_texts/76.txt,0.2004149929087585,0.08488878357209584,-0.11552620933666266,2,False,arthur_conan_doyle
flash,margin_gt_1,f3,1000,4,3000,4000,mark_twain,6,gutenberg_texts/76.txt,0.14845191917611122,0.07157420196177111,-0.07687771721434011,2,False,arthur_conan_doyle
flash,margin_gt_1,f3,1000,5,4000,5000,mark_twain,6,gutenberg_texts/76.txt,0.14187322074314018,0.08720741264194898,-0.054665808101191204,2,False,arthur_conan_doyle
flash,margin_gt_1,f3,1000,1,0,1000,mark_twain,7,gutenberg_texts/74.txt,0.22526742574781516,0.15772521240384324,-0.06754221334397192,3,False,arthur_conan_doyle
flash,margin_gt_1,f3,1000,2,1000,2000,mark_twain,7,gutenberg_texts/74.txt,0.39773414359082543,0.262703838013823,-0.1350303055770024,2,False,mary_shelley
flash,margin_gt_1,f3,1000,3,2000,3000,mark_twain,7,gutenberg_texts/74.txt,0.25334699876552563,0.16003164072233603,-0.0933153580431896,3,False,mary_shelley
flash,margin_gt_1,f3,1000,4,3000,4000,mark_twain,7,gutenberg_texts/74.txt,0.24059050059693074,0.13325200547145086,-0.10733849512547988,3,False,arthur_conan_doyle
flash,margin_gt_1,f3,1000,5,4000,5000,mark_twain,7,gutenberg_texts/74.txt,0.19186613296874266,0.16497669129661596,-0.0268894416721267,3,False,jane_austen
flash,margin_gt_1,f3,1000,1,0,1000,mark_twain,8,gutenberg_texts/76.txt,0.16446663250829577,0.057595289761403205,-0.10687134274689256,3,False,jane_austen
flash,margin_gt_1,f3,1000,2,1000,2000,mark_twain,8,gutenberg_texts/76.txt,0.30165687310235234,0.2347636705068675,-0.06689320259548484,4,False,arthur_conan_doyle
flash,margin_gt_1,f3,1000,3,2000,3000,mark_twain,8,gutenberg_texts/76.txt,0.27181559837159613,0.21400983366122645,-0.05780576471036969,4,False,mary_shelley
flash,margin_gt_1,f3,1000,4,3000,4000,mark_twain,8,gutenberg_texts/76.txt,0.26263480778912396,0.2081121176181494,-0.05452269017097455,2,False,arthur_conan_doyle
flash,margin_gt_1,f3,1000,5,4000,5000,mark_twain,8,gutenberg_texts/76.txt,0.301325390716843,0.1707222508817261,-0.1306031398351169,3,False,mary_shelley
flash,margin_gt_1,f3,1000,1,0,1000,mark_twain,9,gutenberg_texts/74.txt,0.17553855514887248,0.08248969217357369,-0.0930488629752988,3,False,arthur_conan_doyle
flash,margin_gt_1,f3,1000,2,1000,2000,mark_twain,9,gutenberg_texts/74.txt,0.13271462702763875,0.11230385438966778,-0.020410772637970975,2,False,jane_austen
flash,margin_gt_1,f3,1000,3,2000,3000,mark_twain,9,gutenberg_texts/74.txt,0.13326791113062214,0.08989027733033837,-0.04337763380028377,2,False,arthur_conan_doyle
flash,margin_gt_1,f3,1000,4,3000,4000,mark_twain,9,gutenberg_texts/74.txt,0.16586443001445297,0.11634500218531729,-0.04951942782913568,3,False,arthur_conan_doyle
flash,margin_gt_1,f3,1000,5,4000,5000,mark_twain,9,gutenberg_texts/74.txt,0.20677411852506716,0.16257142509936026,-0.0442026934257069,3,False,arthur_conan_doyle
flash,margin_gt_1,f3,1000,1,0,1000,mark_twain,10,gutenberg_texts/76.txt,0.46171065905404235,0.35240104831507735,-0.109309610738965,3,False,jane_austen
flash,margin_gt_1,f3,1000,2,1000,2000,mark_twain,10,gutenberg_texts/76.txt,0.42985145778560524,0.20542797533715257,-0.22442348244845267,4,False,mary_shelley
flash,margin_gt_1,f3,1000,3,2000,3000,mark_twain,10,gutenberg_texts/76.txt,0.4444815292522593,0.27118269957186114,-0.17329882968039817,4,False,mary_shelley
flash,margin_gt_1,f3,1000,4,3000,4000,mark_twain,10,gutenberg_texts/76.txt,0.3663838234845094,0.252394579958741,-0.11398924352576839,4,False,jane_austen
flash,margin_gt_1,f3,1000,5,4000,5000,mark_twain,10,gutenberg_texts/76.txt,0.2863170922473572,0.19763760383336748,-0.0886794884139897,4,False,arthur_conan_doyle
flash,margin_gt_1,f3,1000,1,0,1000,mark_twain,11,gutenberg_texts/74.txt,0.3192081457084276,0.20012728288151657,-0.11908086282691102,3,False,mary_shelley
flash,margin_gt_1,f3,1000,2,1000,2000,mark_twain,11,gutenberg_texts/74.txt,0.17092186667290288,0.14666770444330093,-0.024254162229601944,2,False,mary_shelley
flash,margin_gt_1,f3,1000,3,2000,3000,mark_twain,11,gutenberg_texts/74.txt,0.22670519171098416,0.18607147445107988,-0.04063371725990428,3,False,mary_shelley
flash,margin_gt_1,f3,1000,4,3000,4000,mark_twain,11,gutenberg_texts/74.txt,0.18238545758921568,0.1578973160583799,-0.024488141530835783,3,False,mary_shelley
flash,margin_gt_1,f3,1000,5,4000,5000,mark_twain,11,gutenberg_texts/74.txt,0.11185555765161667,0.06546063001444956,-0.04639492763716711,2,False,arthur_conan_doyle
flash,margin_gt_1,f3,1000,1,0,1000,mark_twain,12,gutenberg_texts/76.txt,0.2257591499528359,0.12113777775184739,-0.10462137220098852,3,False,jane_austen
flash,margin_gt_1,f3,1000,2,1000,2000,mark_twain,12,gutenberg_texts/76.txt,0.13891012704197364,0.09385092649892136,-0.04505920054305228,3,False,arthur_conan_doyle
flash,margin_gt_1,f3,1000,3,2000,3000,mark_twain,12,gutenberg_texts/76.txt,0.13189007887131748,0.11864450946966139,-0.013245569401656096,2,False,jane_austen
flash,margin_gt_1,f3,1000,4,3000,4000,mark_twain,12,gutenberg_texts/76.txt,0.17432549314191798,0.12538084515503323,-0.04894464798688475,3,False,mary_shelley
flash,margin_gt_1,f3,1000,5,4000,5000,mark_twain,12,gutenberg_texts/76.txt,0.11428113557197041,0.07430443398548726,-0.03997670158648314,3,False,jane_austen
flash,margin_gt_1,f3,1000,1,0,1000,mark_twain,13,gutenberg_texts/74.txt,0.14968376946546474,0.12445078277695854,-0.02523298668850621,2,False,jane_austen
flash,margin_gt_1,f3,1000,2,1000,2000,mark_twain,13,gutenberg_texts/74.txt,0.17192197498099165,0.1179065326326602,-0.05401544234833146,2,False,arthur_conan_doyle
flash,margin_gt_1,f3,1000,3,2000,3000,mark_twain,13,gutenberg_texts/74.txt,0.19756878341937387,0.18484841392312962,-0.01272036949624425,3,False,jane_austen
flash,margin_gt_1,f3,1000,4,3000,4000,mark_twain,13,gutenberg_texts/74.txt,0.20722515621678525,0.07649319135966905,-0.1307319648571162,3,False,arthur_conan_doyle
flash,margin_gt_1,f3,1000,5,4000,5000,mark_twain,13,gutenberg_texts/74.txt,0.16693292789486466,0.09518790654411959,-0.07174502135074508,3,False,arthur_conan_doyle
flash,margin_gt_1,f3,1000,1,0,1000,mark_twain,14,gutenberg_texts/76.txt,0.2595615963640109,0.12367535822275849,-0.1358862381412524,2,False,arthur_conan_doyle
flash,margin_gt_1,f3,1000,2,1000,2000,mark_twain,14,gutenberg_texts/76.txt,0.30351824373118497,0.18178600489178898,-0.12173223883939599,2,False,arthur_conan_doyle
flash,margin_gt_1,f3,1000,3,2000,3000,mark_twain,14,gutenberg_texts/76.txt,0.21126816057256548,0.12421543119305126,-0.08705272937951422,2,False,arthur_conan_doyle
flash,margin_gt_1,f3,1000,4,3000,4000,mark_twain,14,gutenberg_texts/76.txt,0.07972515313334111,0.07976921326249478,4.406012915367241e-05,1,True,mark_twain
flash,margin_gt_1,f3,1000,5,4000,5000,mark_twain,14,gutenberg_texts/76.txt,0.1488134788849421,0.12112061494476652,-0.027692863940175574,3,False,arthur_conan_doyle
flash,margin_gt_1,f3,1000,1,0,1000,mark_twain,15,gutenberg_texts/74.txt,0.19173342746315422,0.1351723762361534,-0.05656105122700081,3,False,jane_austen
flash,margin_gt_1,f3,1000,2,1000,2000,mark_twain,15,gutenberg_texts/74.txt,0.20098127753811856,0.18190858400720233,-0.01907269353091623,2,False,jane_austen
flash,margin_gt_1,f3,1000,3,2000,3000,mark_twain,15,gutenberg_texts/74.txt,0.1690339334558844,0.12611793238876146,-0.042916001067122955,2,False,arthur_conan_doyle
flash,margin_gt_1,f3,1000,4,3000,4000,mark_twain,15,gutenberg_texts/74.txt,0.18202821148298243,0.07210320086831307,-0.10992501061466936,2,False,arthur_conan_doyle
flash,margin_gt_1,f3,1000,5,4000,5000,mark_twain,15,gutenberg_texts/74.txt,0.15321843787719652,0.05736770789715514,-0.09585072998004138,2,False,arthur_conan_doyle
flash,margin_gt_1,f3,1000,1,0,1000,mark_twain,16,gutenberg_texts/76.txt,0.2419186215222254,0.1733122839558483,-0.0686063375663771,4,False,jane_austen
flash,margin_gt_1,f3,1000,2,1000,2000,mark_twain,16,gutenberg_texts/76.txt,0.4594145040152409,0.25301036401803256,-0.20640413999720836,4,False,mary_shelley
flash,margin_gt_1,f3,1000,3,2000,3000,mark_twain,16,gutenberg_texts/76.txt,0.27296981130468173,0.17969392492484806,-0.09327588637983367,4,False,jane_austen
flash,margin_gt_1,f3,1000,4,3000,4000,mark_twain,16,gutenberg_texts/76.txt,0.2959523204819378,0.21940325281580214,-0.07654906766613567,4,False,mary_shelley
flash,margin_gt_1,f3,1000,5,4000,5000,mark_twain,16,gutenberg_texts/76.txt,0.27814138322109544,0.17550008562945718,-0.10264129759163826,3,False,mary_shelley
flash,margin_gt_1,f3,1000,1,0,1000,mark_twain,17,gutenberg_texts/74.txt,0.30163499017792744,0.15763567063718392,-0.14399931954074352,3,False,mary_shelley
flash,margin_gt_1,f3,1000,2,1000,2000,mark_twain,17,gutenberg_texts/74.txt,0.3835929283853128,0.21713894526795383,-0.16645398311735896,3,False,mary_shelley
flash,margin_gt_1,f3,1000,3,2000,3000,mark_twain,17,gutenberg_texts/74.txt,0.4017984054625394,0.21477850992987552,-0.1870198955326639,3,False,mary_shelley
flash,margin_gt_1,f3,1000,4,3000,4000,mark_twain,17,gutenberg_texts/74.txt,0.4818999276269424,0.27610549282791336,-0.20579443479902904,3,False,mary_shelley
flash,margin_gt_1,f3,1000,5,4000,5000,mark_twain,17,gutenberg_texts/74.txt,0.41746211880352313,0.23849410715140817,-0.17896801165211496,3,False,mary_shelley
flash,margin_gt_1,f3,1000,1,0,1000,mark_twain,18,gutenberg_texts/76.txt,0.31091162608114603,0.23309335857598798,-0.07781826750515805,4,False,arthur_conan_doyle
flash,margin_gt_1,f3,1000,2,1000,2000,mark_twain,18,gutenberg_texts/76.txt,0.25075229819162437,0.2033678013111534,-0.04738449688047097,3,False,arthur_conan_doyle
flash,margin_gt_1,f3,1000,3,2000,3000,mark_twain,18,gutenberg_texts/76.txt,0.2141188971943073,0.18028463731343072,-0.03383425988087657,3,False,jane_austen
flash,margin_gt_1,f3,1000,4,3000,4000,mark_twain,18,gutenberg_texts/76.txt,0.39660271680613574,0.15259294502877513,-0.2440097717773606,3,False,mary_shelley
flash,margin_gt_1,f3,1000,5,4000,5000,mark_twain,18,gutenberg_texts/76.txt,0.2489179547413775,0.1583064202871656,-0.09061153445421191,3,False,mary_shelley
flash,margin_gt_1,f3,1000,1,0,1000,mark_twain,19,gutenberg_texts/74.txt,0.1832437439543739,0.11477061217063625,-0.06847313178373765,3,False,arthur_conan_doyle
flash,margin_gt_1,f3,1000,2,1000,2000,mark_twain,19,gutenberg_texts/74.txt,0.13364783267903937,0.14611381239180607,0.012465979712766695,1,True,mark_twain
flash,margin_gt_1,f3,1000,3,2000,3000,mark_twain,19,gutenberg_texts/74.txt,0.23945355052618394,0.17816666584381696,-0.06128688468236698,3,False,arthur_conan_doyle
flash,margin_gt_1,f3,1000,4,3000,4000,mark_twain,19,gutenberg_texts/74.txt,0.24840434198644715,0.22427831333759135,-0.024126028648855796,3,False,mary_shelley
flash,margin_gt_1,f3,1000,5,4000,5000,mark_twain,19,gutenberg_texts/74.txt,0.14436162530085067,0.11399530146826287,-0.030366323832587805,3,False,arthur_conan_doyle
flash,margin_gt_1,f3,1000,1,0,1000,mark_twain,20,gutenberg_texts/76.txt,0.20655833273791577,0.14008810783162404,-0.06647022490629173,3,False,arthur_conan_doyle
flash,margin_gt_1,f3,1000,2,1000,2000,mark_twain,20,gutenberg_texts/76.txt,0.4162156414508896,0.17748470978336028,-0.2387309316675293,4,False,mary_shelley
flash,margin_gt_1,f3,1000,3,2000,3000,mark_twain,20,gutenberg_texts/76.txt,0.3532953797349069,0.1840969606905557,-0.16919841904435118,4,False,mary_shelley
flash,margin_gt_1,f3,1000,4,3000,4000,mark_twain,20,gutenberg_texts/76.txt,0.535242043152908,0.12235980552451622,-0.4128822376283918,3,False,mary_shelley
flash,margin_gt_1,f3,1000,5,4000,5000,mark_twain,20,gutenberg_texts/76.txt,0.412348399399271,0.1654362087615446,-0.24691219063772638,3,False,mary_shelley
flash,margin_gt_1,f3,1000,1,0,1000,mary_shelley,1,gutenberg_texts/84.txt,0.23387214902028405,0.4155408801033697,0.18166873108308565,1,True,mary_shelley
flash,margin_gt_1,f3,1000,2,1000,2000,mary_shelley,1,gutenberg_texts/84.txt,0.19116336972005477,0.35815790573058764,0.16699453601053288,1,True,mary_shelley
flash,margin_gt_1,f3,1000,3,2000,3000,mary_shelley,1,gutenberg_texts/84.txt,0.23170143145497935,0.38369469486115665,0.1519932634061773,1,True,mary_shelley
flash,margin_gt_1,f3,1000,4,3000,4000,mary_shelley,1,gutenberg_texts/84.txt,0.22923849639321062,0.33311461636214135,0.10387611996893073,1,True,mary_shelley
flash,margin_gt_1,f3,1000,5,4000,5000,mary_shelley,1,gutenberg_texts/84.txt,0.23681086982293512,0.24830313637743776,0.01149226655450264,1,True,mary_shelley
flash,margin_gt_1,f3,1000,1,0,1000,mary_shelley,2,gutenberg_texts/18247.txt,0.2247029316150711,0.33811212231432247,0.11340919069925137,1,True,mary_shelley
flash,margin_gt_1,f3,1000,2,1000,2000,mary_shelley,2,gutenberg_texts/18247.txt,0.22446533150721473,0.32235890494062297,0.09789357343340824,1,True,mary_shelley
flash,margin_gt_1,f3,1000,3,2000,3000,mary_shelley,2,gutenberg_texts/18247.txt,0.20953387609072535,0.33973153978240556,0.1301976636916802,1,True,mary_shelley
flash,margin_gt_1,f3,1000,4,3000,4000,mary_shelley,2,gutenberg_texts/18247.txt,0.2094579068881525,0.31075867583754935,0.10130076894939685,1,True,mary_shelley
flash,margin_gt_1,f3,1000,5,4000,5000,mary_shelley,2,gutenberg_texts/18247.txt,0.25596859334956296,0.23549427659146388,-0.020474316758099076,2,False,jane_austen
flash,margin_gt_1,f3,1000,1,0,1000,mary_shelley,3,gutenberg_texts/84.txt,0.2185014293581334,0.316650223751441,0.09814879439330756,1,True,mary_shelley
flash,margin_gt_1,f3,1000,2,1000,2000,mary_shelley,3,gutenberg_texts/84.txt,0.26562818220109985,0.44372966083468535,0.1781014786335855,1,True,mary_shelley
flash,margin_gt_1,f3,1000,3,2000,3000,mary_shelley,3,gutenberg_texts/84.txt,0.24703248224347668,0.4389363887426603,0.1919039064991836,1,True,mary_shelley
flash,margin_gt_1,f3,1000,4,3000,4000,mary_shelley,3,gutenberg_texts/84.txt,0.21489790338136153,0.3743726133427492,0.15947470996138766,1,True,mary_shelley
flash,margin_gt_1,f3,1000,5,4000,5000,mary_shelley,3,gutenberg_texts/84.txt,0.21532169196799697,0.36471152270940776,0.1493898307414108,1,True,mary_shelley
flash,margin_gt_1,f3,1000,1,0,1000,mary_shelley,4,gutenberg_texts/18247.txt,0.1493065324411924,0.19913036053786493,0.04982382809667252,1,True,mary_shelley
flash,margin_gt_1,f3,1000,2,1000,2000,mary_shelley,4,gutenberg_texts/18247.txt,0.1878223420607831,0.34650596148219204,0.15868361942140893,1,True,mary_shelley
flash,margin_gt_1,f3,1000,3,2000,3000,mary_shelley,4,gutenberg_texts/18247.txt,0.2650801782814528,0.3702793138683519,0.10519913558689908,1,True,mary_shelley
flash,margin_gt_1,f3,1000,4,3000,4000,mary_shelley,4,gutenberg_texts/18247.txt,0.20772490198943577,0.34994260644977393,0.14221770446033816,1,True,mary_shelley
flash,margin_gt_1,f3,1000,5,4000,5000,mary_shelley,4,gutenberg_texts/18247.txt,0.2522417743631554,0.3233503150543151,0.07110854069115968,1,True,mary_shelley
flash,margin_gt_1,f3,1000,1,0,1000,mary_shelley,5,gutenberg_texts/84.txt,0.19742410384779646,0.17048322269640984,-0.026940881151386625,2,False,jane_austen
flash,margin_gt_1,f3,1000,2,1000,2000,mary_shelley,5,gutenberg_texts/84.txt,0.5158937589322953,0.05997890641603086,-0.4559148525162644,4,False,arthur_conan_doyle
flash,margin_gt_1,f3,1000,3,2000,3000,mary_shelley,5,gutenberg_texts/84.txt,0.39395310246004406,0.10227018825414125,-0.2916829142059028,4,False,arthur_conan_doyle
flash,margin_gt_1,f3,1000,4,3000,4000,mary_shelley,5,gutenberg_texts/84.txt,0.3655307546728869,0.0894475003200721,-0.27608325435281483,4,False,arthur_conan_doyle
flash,margin_gt_1,f3,1000,5,4000,5000,mary_shelley,5,gutenberg_texts/84.txt,0.425021200069276,0.055145069288964704,-0.36987613078031134,4,False,arthur_conan_doyle
flash,margin_gt_1,f3,1000,1,0,1000,mary_shelley,6,gutenberg_texts/18247.txt,0.12388969228945393,0.18167997909447764,0.05779028680502371,1,True,mary_shelley
flash,margin_gt_1,f3,1000,2,1000,2000,mary_shelley,6,gutenberg_texts/18247.txt,0.1050836509324386,0.21723627480935928,0.11215262387692068,1,True,mary_shelley
flash,margin_gt_1,f3,1000,3,2000,3000,mary_shelley,6,gutenberg_texts/18247.txt,0.11641060510901842,0.1984372857023948,0.08202668059337638,1,True,mary_shelley
flash,margin_gt_1,f3,1000,4,3000,4000,mary_shelley,6,gutenberg_texts/18247.txt,0.13627323654413095,0.21136481365814838,0.07509157711401743,1,True,mary_shelley
flash,margin_gt_1,f3,1000,5,4000,5000,mary_shelley,6,gutenberg_texts/18247.txt,0.1541211579691806,0.2396595410368928,0.08553838306771219,1,True,mary_shelley
flash,margin_gt_1,f3,1000,1,0,1000,mary_shelley,7,gutenberg_texts/84.txt,0.22596005636281388,0.39425312801607715,0.16829307165326327,1,True,mary_shelley
flash,margin_gt_1,f3,1000,2,1000,2000,mary_shelley,7,gutenberg_texts/84.txt,0.1939699280985364,0.33935590121951703,0.14538597312098064,1,True,mary_shelley
flash,margin_gt_1,f3,1000,3,2000,3000,mary_shelley,7,gutenberg_texts/84.txt,0.2686965182396465,0.4596391414108453,0.19094262317119876,1,True,mary_shelley
flash,margin_gt_1,f3,1000,4,3000,4000,mary_shelley,7,gutenberg_texts/84.txt,0.22357000842502722,0.305909743170375,0.08233973474534778,1,True,mary_shelley
flash,margin_gt_1,f3,1000,5,4000,5000,mary_shelley,7,gutenberg_texts/84.txt,0.17981718695886326,0.23128239386088453,0.05146520690202128,1,True,mary_shelley
flash,margin_gt_1,f3,1000,1,0,1000,mary_shelley,8,gutenberg_texts/18247.txt,0.07456497050950708,0.1092188278687377,0.034653857359230614,1,True,mary_shelley
flash,margin_gt_1,f3,1000,2,1000,2000,mary_shelley,8,gutenberg_texts/18247.txt,0.02717667269952085,0.10508950187807628,0.07791282917855544,1,True,mary_shelley
flash,margin_gt_1,f3,1000,3,2000,3000,mary_shelley,8,gutenberg_texts/18247.txt,0.11585884026602575,0.1616686802818674,0.04580984001584165,1,True,mary_shelley
flash,margin_gt_1,f3,1000,4,3000,4000,mary_shelley,8,gutenberg_texts/18247.txt,0.13572266107864894,0.18318610421673936,0.04746344313809042,1,True,mary_shelley
flash,margin_gt_1,f3,1000,5,4000,5000,mary_shelley,8,gutenberg_texts/18247.txt,0.13238946287575795,0.21872209034811194,0.08633262747235398,1,True,mary_shelley
flash,margin_gt_1,f3,1000,1,0,1000,mary_shelley,9,gutenberg_texts/84.txt,0.21120139355948953,0.3455369203248517,0.1343355267653622,1,True,mary_shelley
flash,margin_gt_1,f3,1000,2,1000,2000,mary_shelley,9,gutenberg_texts/84.txt,0.09804699993667051,0.24696785714995192,0.1489208572132814,1,True,mary_shelley
flash,margin_gt_1,f3,1000,3,2000,3000,mary_shelley,9,gutenberg_texts/84.txt,0.1856428523804202,0.36527672753896606,0.17963387515854587,1,True,mary_shelley
flash,margin_gt_1,f3,1000,4,3000,4000,mary_shelley,9,gutenberg_texts/84.txt,0.22900528690619049,0.3565646088783293,0.12755932197213882,1,True,mary_shelley
flash,margin_gt_1,f3,1000,5,4000,5000,mary_shelley,9,gutenberg_texts/84.txt,0.1667524808761016,0.23589802574083818,0.06914554486473659,1,True,mary_shelley
flash,margin_gt_1,f3,1000,1,0,1000,mary_shelley,10,gutenberg_texts/18247.txt,0.12160922696899425,0.19207714962332828,0.07046792265433403,1,True,mary_shelley
flash,margin_gt_1,f3,1000,2,1000,2000,mary_shelley,10,gutenberg_texts/18247.txt,0.1096574533777368,0.12845720415316525,0.018799750775428448,1,True,mary_shelley
flash,margin_gt_1,f3,1000,3,2000,3000,mary_shelley,10,gutenberg_texts/18247.txt,0.17034457987399554,0.16297559216689902,-0.007368987707096514,2,False,arthur_conan_doyle
flash,margin_gt_1,f3,1000,4,3000,4000,mary_shelley,10,gutenberg_texts/18247.txt,0.15218999299286645,0.17054648229191643,0.018356489299049983,1,True,mary_shelley
flash,margin_gt_1,f3,1000,5,4000,5000,mary_shelley,10,gutenberg_texts/18247.txt,0.14958748383931095,0.08495047146143954,-0.06463701237787141,4,False,arthur_conan_doyle
flash,margin_gt_1,f3,1000,1,0,1000,mary_shelley,11,gutenberg_texts/84.txt,0.18023521759709893,0.31114236106281684,0.1309071434657179,1,True,mary_shelley
flash,margin_gt_1,f3,1000,2,1000,2000,mary_shelley,11,gutenberg_texts/84.txt,0.20924365189581168,0.3870932605880393,0.1778496086922276,1,True,mary_shelley
flash,margin_gt_1,f3,1000,3,2000,3000,mary_shelley,11,gutenberg_texts/84.txt,0.19114872290165882,0.2875298796562477,0.09638115675458889,1,True,mary_shelley
flash,margin_gt_1,f3,1000,4,3000,4000,mary_shelley,11,gutenberg_texts/84.txt,0.218828904850401,0.3154226844225358,0.0965937795721348,1,True,mary_shelley
flash,margin_gt_1,f3,1000,5,4000,5000,mary_shelley,11,gutenberg_texts/84.txt,0.2450038568988956,0.13653361055539348,-0.10847024634350211,4,False,jane_austen
flash,margin_gt_1,f3,1000,1,0,1000,mary_shelley,12,gutenberg_texts/18247.txt,0.10295558807414527,0.13681154080270821,0.03385595272856294,1,True,mary_shelley
flash,margin_gt_1,f3,1000,2,1000,2000,mary_shelley,12,gutenberg_texts/18247.txt,0.23890943759357158,0.18514342302303635,-0.05376601457053523,4,False,mark_twain
flash,margin_gt_1,f3,1000,3,2000,3000,mary_shelley,12,gutenberg_texts/18247.txt,0.31279240200079284,0.11442841437118767,-0.19836398762960517,4,False,mark_twain
flash,margin_gt_1,f3,1000,4,3000,4000,mary_shelley,12,gutenberg_texts/18247.txt,0.24589867110768537,0.2634449803015666,0.017546309193881227,1,True,mary_shelley
flash,margin_gt_1,f3,1000,5,4000,5000,mary_shelley,12,gutenberg_texts/18247.txt,0.23133722794992748,0.3582623845039213,0.1269251565539938,1,True,mary_shelley
flash,margin_gt_1,f3,1000,1,0,1000,mary_shelley,13,gutenberg_texts/84.txt,0.18098691930959795,0.289859473627895,0.10887255431829704,1,True,mary_shelley
flash,margin_gt_1,f3,1000,2,1000,2000,mary_shelley,13,gutenberg_texts/84.txt,0.22844566905404776,0.35155608028260904,0.12311041122856128,1,True,mary_shelley
flash,margin_gt_1,f3,1000,3,2000,3000,mary_shelley,13,gutenberg_texts/84.txt,0.21357220177532196,0.3427780753698337,0.12920587359451172,1,True,mary_shelley
flash,margin_gt_1,f3,1000,4,3000,4000,mary_shelley,13,gutenberg_texts/84.txt,0.14868430596127638,0.26536440409807244,0.11668009813679606,1,True,mary_shelley
flash,margin_gt_1,f3,1000,5,4000,5000,mary_shelley,13,gutenberg_texts/84.txt,0.16325573074697036,0.32844005080514227,0.1651843200581719,1,True,mary_shelley
flash,margin_gt_1,f3,1000,1,0,1000,mary_shelley,14,gutenberg_texts/18247.txt,0.1503515457919124,0.21313510012082415,0.06278355432891175,1,True,mary_shelley
flash,margin_gt_1,f3,1000,2,1000,2000,mary_shelley,14,gutenberg_texts/18247.txt,0.07575192523611274,0.24382774386331094,0.1680758186271982,1,True,mary_shelley
flash,margin_gt_1,f3,1000,3,2000,3000,mary_shelley,14,gutenberg_texts/18247.txt,0.26135273909388074,0.3757172581386921,0.11436451904481137,1,True,mary_shelley
flash,margin_gt_1,f3,1000,4,3000,4000,mary_shelley,14,gutenberg_texts/18247.txt,0.2249195800760401,0.3231526924107017,0.09823311233466162,1,True,mary_shelley
flash,margin_gt_1,f3,1000,5,4000,5000,mary_shelley,14,gutenberg_texts/18247.txt,0.23873692877642747,0.1765514817983962,-0.06218544697803127,3,False,arthur_conan_doyle
flash,margin_gt_1,f3,1000,1,0,1000,mary_shelley,15,gutenberg_texts/84.txt,0.2675378677444635,0.46264449776101735,0.19510663001655387,1,True,mary_shelley
flash,margin_gt_1,f3,1000,2,1000,2000,mary_shelley,15,gutenberg_texts/84.txt,0.08138966809184693,0.2694752879097993,0.18808561981795235,1,True,mary_shelley
flash,margin_gt_1,f3,1000,3,2000,3000,mary_shelley,15,gutenberg_texts/84.txt,0.307550758819056,0.4797152333521106,0.17216447453305456,1,True,mary_shelley
flash,margin_gt_1,f3,1000,4,3000,4000,mary_shelley,15,gutenberg_texts/84.txt,0.19389359644039325,0.27294240343233045,0.0790488069919372,1,True,mary_shelley
flash,margin_gt_1,f3,1000,5,4000,5000,mary_shelley,15,gutenberg_texts/84.txt,0.19468854318840814,0.19104917606722682,-0.0036393671211813194,2,False,jane_austen
flash,margin_gt_1,f3,1000,1,0,1000,mary_shelley,16,gutenberg_texts/18247.txt,0.12723266064914338,0.18972299386470728,0.06249033321556391,1,True,mary_shelley
flash,margin_gt_1,f3,1000,2,1000,2000,mary_shelley,16,gutenberg_texts/18247.txt,0.12414612536900321,0.1768675923933105,0.0527214670243073,1,True,mary_shelley
flash,margin_gt_1,f3,1000,3,2000,3000,mary_shelley,16,gutenberg_texts/18247.txt,0.20446457602040577,0.13233446598126627,-0.0721301100391395,4,False,arthur_conan_doyle
flash,margin_gt_1,f3,1000,4,3000,4000,mary_shelley,16,gutenberg_texts/18247.txt,0.22486632707253665,0.10989478598236727,-0.11497154109016938,4,False,arthur_conan_doyle
flash,margin_gt_1,f3,1000,5,4000,5000,mary_shelley,16,gutenberg_texts/18247.txt,0.12032296076128836,0.17342104329374278,0.05309808253245442,1,True,mary_shelley
flash,margin_gt_1,f3,1000,1,0,1000,mary_shelley,17,gutenberg_texts/84.txt,0.2132897744554981,0.3938256672299191,0.18053589277442098,1,True,mary_shelley
flash,margin_gt_1,f3,1000,2,1000,2000,mary_shelley,17,gutenberg_texts/84.txt,0.2073462326256574,0.24551115961070558,0.03816492698504817,1,True,mary_shelley
flash,margin_gt_1,f3,1000,3,2000,3000,mary_shelley,17,gutenberg_texts/84.txt,0.1944076944022214,0.2573070142272365,0.06289931982501512,1,True,mary_shelley
flash,margin_gt_1,f3,1000,4,3000,4000,mary_shelley,17,gutenberg_texts/84.txt,0.17991910107156858,0.33983209646159984,0.15991299539003126,1,True,mary_shelley
flash,margin_gt_1,f3,1000,5,4000,5000,mary_shelley,17,gutenberg_texts/84.txt,0.17933099418068874,0.2596156740037512,0.08028467982306245,1,True,mary_shelley
flash,margin_gt_1,f3,1000,1,0,1000,mary_shelley,18,gutenberg_texts/18247.txt,0.09947939333464066,0.17394593854905444,0.07446654521441377,1,True,mary_shelley
flash,margin_gt_1,f3,1000,2,1000,2000,mary_shelley,18,gutenberg_texts/18247.txt,0.08208196856899914,0.13445223181766705,0.052370263248667906,1,True,mary_shelley
flash,margin_gt_1,f3,1000,3,2000,3000,mary_shelley,18,gutenberg_texts/18247.txt,0.05464572214154159,0.06912328047680118,0.014477558335259585,1,True,mary_shelley
flash,margin_gt_1,f3,1000,4,3000,4000,mary_shelley,18,gutenberg_texts/18247.txt,0.13752512296901093,0.15500243872490335,0.017477315755892425,1,True,mary_shelley
flash,margin_gt_1,f3,1000,5,4000,5000,mary_shelley,18,gutenberg_texts/18247.txt,0.050347808099075894,0.10693503166910238,0.05658722357002649,1,True,mary_shelley
flash,margin_gt_1,f3,1000,1,0,1000,mary_shelley,19,gutenberg_texts/84.txt,0.2987622140019231,0.46302243455171743,0.16426022054979433,1,True,mary_shelley
flash,margin_gt_1,f3,1000,2,1000,2000,mary_shelley,19,gutenberg_texts/84.txt,0.2586818897883321,0.2673641345164077,0.008682244728075605,1,True,mary_shelley
flash,margin_gt_1,f3,1000,3,2000,3000,mary_shelley,19,gutenberg_texts/84.txt,0.21496237084128858,0.379335224607426,0.16437285376613744,1,True,mary_shelley
flash,margin_gt_1,f3,1000,4,3000,4000,mary_shelley,19,gutenberg_texts/84.txt,0.21913351988008095,0.3513448379615798,0.13221131808149883,1,True,mary_shelley
flash,margin_gt_1,f3,1000,5,4000,5000,mary_shelley,19,gutenberg_texts/84.txt,0.2361048527984021,0.303895880972463,0.06779102817406091,1,True,mary_shelley
flash,margin_gt_1,f3,1000,1,0,1000,mary_shelley,20,gutenberg_texts/18247.txt,0.10249200403620967,0.09653039097029655,-0.005961613065913127,2,False,jane_austen
flash,margin_gt_1,f3,1000,2,1000,2000,mary_shelley,20,gutenberg_texts/18247.txt,0.19240624745032037,0.2579585369232118,0.06555228947289143,1,True,mary_shelley
flash,margin_gt_1,f3,1000,3,2000,3000,mary_shelley,20,gutenberg_texts/18247.txt,0.3166028638064894,0.438641586503464,0.12203872269697463,1,True,mary_shelley
flash,margin_gt_1,f3,1000,4,3000,4000,mary_shelley,20,gutenberg_texts/18247.txt,0.20023442792175133,0.17730167221348342,-0.022932755708267916,2,False,jane_austen
flash,margin_gt_1,f3,1000,5,4000,5000,mary_shelley,20,gutenberg_texts/18247.txt,0.2597596109348477,0.3064358498988768,0.046676238964029115,1,True,mary_shelley
pro,margin_gt_1,f1,1000,1,0,1000,arthur_conan_doyle,1,gutenberg_texts/1661.txt,0.017595052162679765,0.10521887094193151,0.08762381877925174,1,True,arthur_conan_doyle
pro,margin_gt_1,f1,1000,2,1000,2000,arthur_conan_doyle,1,gutenberg_texts/1661.txt,0.023306781289151392,0.05565979590866668,0.032353014619515286,1,True,arthur_conan_doyle
pro,margin_gt_1,f1,1000,3,2000,3000,arthur_conan_doyle,1,gutenberg_texts/1661.txt,0.040087795286929545,0.12670529621639376,0.08661750092946421,1,True,arthur_conan_doyle
pro,margin_gt_1,f1,1000,4,3000,4000,arthur_conan_doyle,1,gutenberg_texts/1661.txt,0.030752265059612607,0.04606271172635766,0.015310446666745053,1,True,arthur_conan_doyle
pro,margin_gt_1,f1,1000,5,4000,5000,arthur_conan_doyle,1,gutenberg_texts/1661.txt,0.09880919310614422,0.1793044776625498,0.08049528455640559,1,True,arthur_conan_doyle
pro,margin_gt_1,f1,1000,1,0,1000,arthur_conan_doyle,2,gutenberg_texts/244.txt,0.15259499627048112,0.12600037676563217,-0.026594619504848954,3,False,mary_shelley
pro,margin_gt_1,f1,1000,2,1000,2000,arthur_conan_doyle,2,gutenberg_texts/244.txt,0.1997368421141392,0.1925555071680455,-0.007181334946093687,2,False,mary_shelley
pro,margin_gt_1,f1,1000,3,2000,3000,arthur_conan_doyle,2,gutenberg_texts/244.txt,0.2461662935774891,0.21988971058665802,-0.026276582990831077,2,False,mary_shelley
pro,margin_gt_1,f1,1000,4,3000,4000,arthur_conan_doyle,2,gutenberg_texts/244.txt,0.13599579973621662,0.1121554900545776,-0.023840309681639013,4,False,mark_twain
pro,margin_gt_1,f1,1000,5,4000,5000,arthur_conan_doyle,2,gutenberg_texts/244.txt,0.2663182568838018,0.12712066149971857,-0.13919759538408322,4,False,mary_shelley
pro,margin_gt_1,f1,1000,1,0,1000,arthur_conan_doyle,3,gutenberg_texts/2852.txt,0.0573928192898827,0.12027813263726721,0.06288531334738451,1,True,arthur_conan_doyle
pro,margin_gt_1,f1,1000,2,1000,2000,arthur_conan_doyle,3,gutenberg_texts/2852.txt,0.06621236038355675,0.15811543049986415,0.0919030701163074,1,True,arthur_conan_doyle
pro,margin_gt_1,f1,1000,3,2000,3000,arthur_conan_doyle,3,gutenberg_texts/2852.txt,0.036432806114520225,0.12047122967868065,0.08403842356416043,1,True,arthur_conan_doyle
pro,margin_gt_1,f1,1000,4,3000,4000,arthur_conan_doyle,3,gutenberg_texts/2852.txt,0.04232043817849438,0.13138095977395084,0.08906052159545647,1,True,arthur_conan_doyle
pro,margin_gt_1,f1,1000,5,4000,5000,arthur_conan_doyle,3,gutenberg_texts/2852.txt,0.06939667794781398,0.14798527214955534,0.07858859420174136,1,True,arthur_conan_doyle
pro,margin_gt_1,f1,1000,1,0,1000,arthur_conan_doyle,4,gutenberg_texts/1661.txt,0.0043012536197191914,0.08768833635834554,0.08338708273862634,1,True,arthur_conan_doyle
pro,margin_gt_1,f1,1000,2,1000,2000,arthur_conan_doyle,4,gutenberg_texts/1661.txt,0.021722805814018697,0.11664030420935073,0.09491749839533203,1,True,arthur_conan_doyle
pro,margin_gt_1,f1,1000,3,2000,3000,arthur_conan_doyle,4,gutenberg_texts/1661.txt,0.03043464321765787,0.06502161681425651,0.03458697359659864,1,True,arthur_conan_doyle
pro,margin_gt_1,f1,1000,4,3000,4000,arthur_conan_doyle,4,gutenberg_texts/1661.txt,0.0553036911251497,0.1664124301503061,0.1111087390251564,1,True,arthur_conan_doyle
pro,margin_gt_1,f1,1000,5,4000,5000,arthur_conan_doyle,4,gutenberg_texts/1661.txt,0.12577994601378564,0.11584225445199461,-0.009937691561791029,3,False,mary_shelley
pro,margin_gt_1,f1,1000,1,0,1000,arthur_conan_doyle,5,gutenberg_texts/244.txt,0.08942948078160276,0.1189069099109141,0.02947742912931134,1,True,arthur_conan_doyle
pro,margin_gt_1,f1,1000,2,1000,2000,arthur_conan_doyle,5,gutenberg_texts/244.txt,0.0901790975490327,0.08941050181370278,-0.0007685957353299189,2,False,mark_twain
pro,margin_gt_1,f1,1000,3,2000,3000,arthur_conan_doyle,5,gutenberg_texts/244.txt,0.10481486656732407,0.12989871696316257,0.025083850395838506,1,True,arthur_conan_doyle
pro,margin_gt_1,f1,1000,4,3000,4000,arthur_conan_doyle,5,gutenberg_texts/244.txt,0.1412260032770287,0.14833860271911334,0.007112599442084644,1,True,arthur_conan_doyle
pro,margin_gt_1,f1,1000,5,4000,5000,arthur_conan_doyle,5,gutenberg_texts/244.txt,0.1270431357437541,0.14114224843363282,0.014099112689878734,1,True,arthur_conan_doyle
pro,margin_gt_1,f1,1000,1,0,1000,arthur_conan_doyle,6,gutenberg_texts/2852.txt,0.025691953792688307,0.11224669929041109,0.08655474549772278,1,True,arthur_conan_doyle
pro,margin_gt_1,f1,1000,2,1000,2000,arthur_conan_doyle,6,gutenberg_texts/2852.txt,0.12323511050502835,0.15431152803471973,0.031076417529691383,1,True,arthur_conan_doyle
pro,margin_gt_1,f1,1000,3,2000,3000,arthur_conan_doyle,6,gutenberg_texts/2852.txt,0.16194020284478994,0.20378989366054778,0.041849690815757845,1,True,arthur_conan_doyle
pro,margin_gt_1,f1,1000,4,3000,4000,arthur_conan_doyle,6,gutenberg_texts/2852.txt,0.19126266701096792,0.26708926426601914,0.07582659725505123,1,True,arthur_conan_doyle
pro,margin_gt_1,f1,1000,5,4000,5000,arthur_conan_doyle,6,gutenberg_texts/2852.txt,0.3058461580737386,0.21092718928942278,-0.09491896878431583,4,False,mary_shelley
pro,margin_gt_1,f1,1000,1,0,1000,arthur_conan_doyle,7,gutenberg_texts/1661.txt,0.013328126501180561,0.10739094142978946,0.09406281492860889,1,True,arthur_conan_doyle
pro,margin_gt_1,f1,1000,2,1000,2000,arthur_conan_doyle,7,gutenberg_texts/1661.txt,0.027096562131471942,0.1148768388564926,0.08778027672502065,1,True,arthur_conan_doyle
pro,margin_gt_1,f1,1000,3,2000,3000,arthur_conan_doyle,7,gutenberg_texts/1661.txt,0.07205589573586982,0.12659354016693317,0.05453764443106335,1,True,arthur_conan_doyle
pro,margin_gt_1,f1,1000,4,3000,4000,arthur_conan_doyle,7,gutenberg_texts/1661.txt,0.057002832458076795,0.1430544710571477,0.08605163859907089,1,True,arthur_conan_doyle
pro,margin_gt_1,f1,1000,5,4000,5000,arthur_conan_doyle,7,gutenberg_texts/1661.txt,0.04772959505618159,0.09119732241278314,0.04346772735660155,1,True,arthur_conan_doyle
pro,margin_gt_1,f1,1000,1,0,1000,arthur_conan_doyle,8,gutenberg_texts/244.txt,0.09947510742609617,0.1221203143070534,0.02264520688095724,1,True,arthur_conan_doyle
pro,margin_gt_1,f1,1000,2,1000,2000,arthur_conan_doyle,8,gutenberg_texts/244.txt,0.11071919024032313,0.10361485562590249,-0.007104334614420643,2,False,jane_austen
pro,margin_gt_1,f1,1000,3,2000,3000,arthur_conan_doyle,8,gutenberg_texts/244.txt,0.0854445572779877,0.08653086636568776,0.0010863090877000492,1,True,arthur_conan_doyle
pro,margin_gt_1,f1,1000,4,3000,4000,arthur_conan_doyle,8,gutenberg_texts/244.txt,0.0730549244315385,0.12275483399216246,0.04969990956062395,1,True,arthur_conan_doyle
pro,margin_gt_1,f1,1000,5,4000,5000,arthur_conan_doyle,8,gutenberg_texts/244.txt,0.13566299813727653,0.16617205375139424,0.03050905561411771,1,True,arthur_conan_doyle
pro,margin_gt_1,f1,1000,1,0,1000,arthur_conan_doyle,9,gutenberg_texts/2852.txt,0.0498011843716509,0.1260076007764655,0.0762064164048146,1,True,arthur_conan_doyle
pro,margin_gt_1,f1,1000,2,1000,2000,arthur_conan_doyle,9,gutenberg_texts/2852.txt,0.18706140812827474,0.18012659872921233,-0.006934809399062408,2,False,mary_shelley
pro,margin_gt_1,f1,1000,3,2000,3000,arthur_conan_doyle,9,gutenberg_texts/2852.txt,0.14320444613409003,0.20586081588497002,0.06265636975087999,1,True,arthur_conan_doyle
pro,margin_gt_1,f1,1000,4,3000,4000,arthur_conan_doyle,9,gutenberg_texts/2852.txt,0.14206047866421234,0.1932874132696804,0.051226934605468066,1,True,arthur_conan_doyle
pro,margin_gt_1,f1,1000,5,4000,5000,arthur_conan_doyle,9,gutenberg_texts/2852.txt,0.15477425515344914,0.1514028042707735,-0.003371450882675653,2,False,mark_twain
pro,margin_gt_1,f1,1000,1,0,1000,arthur_conan_doyle,10,gutenberg_texts/1661.txt,0.011443585826092697,0.09311325760628698,0.08166967178019428,1,True,arthur_conan_doyle
pro,margin_gt_1,f1,1000,2,1000,2000,arthur_conan_doyle,10,gutenberg_texts/1661.txt,0.0678799299044192,0.15365225848882028,0.08577232858440108,1,True,arthur_conan_doyle
pro,margin_gt_1,f1,1000,3,2000,3000,arthur_conan_doyle,10,gutenberg_texts/1661.txt,0.026588339220393088,0.058942725205900826,0.03235438598550774,1,True,arthur_conan_doyle
pro,margin_gt_1,f1,1000,4,3000,4000,arthur_conan_doyle,10,gutenberg_texts/1661.txt,0.06093455579109813,0.10197613005821886,0.041041574267120726,1,True,arthur_conan_doyle
pro,margin_gt_1,f1,1000,5,4000,5000,arthur_conan_doyle,10,gutenberg_texts/1661.txt,0.17783002914231053,0.20272392021355773,0.024893891071247204,1,True,arthur_conan_doyle
pro,margin_gt_1,f1,1000,1,0,1000,jane_austen,1,full_books/jane_austen_full.txt,0.0632290130601697,0.021506317934822137,-0.04172269512534757,3,False,mark_twain
pro,margin_gt_1,f1,1000,2,1000,2000,jane_austen,1,full_books/jane_austen_full.txt,0.17900486510406494,0.07888448866161513,-0.10012037644244981,3,False,arthur_conan_doyle
pro,margin_gt_1,f1,1000,3,2000,3000,jane_austen,1,full_books/jane_austen_full.txt,0.41567510707320154,0.3050532852420822,-0.11062182183111935,4,False,mary_shelley
pro,margin_gt_1,f1,1000,4,3000,4000,jane_austen,1,full_books/jane_austen_full.txt,0.32914441933080074,0.1994811141532234,-0.12966330517757735,4,False,arthur_conan_doyle
pro,margin_gt_1,f1,1000,5,4000,5000,jane_austen,1,full_books/jane_austen_full.txt,0.19400573515728117,0.06392361055703566,-0.1300821246002455,3,False,arthur_conan_doyle
pro,margin_gt_1,f1,1000,1,0,1000,jane_austen,2,full_books/jane_austen_full.txt,0.10862401978798822,0.017240668169075428,-0.09138335161891278,3,False,arthur_conan_doyle
pro,margin_gt_1,f1,1000,2,1000,2000,jane_austen,2,full_books/jane_austen_full.txt,0.15080127504100235,0.07898702370121916,-0.0718142513397832,3,False,arthur_conan_doyle
pro,margin_gt_1,f1,1000,3,2000,3000,jane_austen,2,full_books/jane_austen_full.txt,0.13959005634618396,0.05856499885019847,-0.08102505749598549,3,False,arthur_conan_doyle
pro,margin_gt_1,f1,1000,4,3000,4000,jane_austen,2,full_books/jane_austen_full.txt,0.1695745051191206,0.08665260534062975,-0.08292189977849083,3,False,arthur_conan_doyle
pro,margin_gt_1,f1,1000,5,4000,5000,jane_austen,2,full_books/jane_austen_full.txt,0.12255988700650798,0.08481273133619338,-0.0377471556703146,3,False,mark_twain
pro,margin_gt_1,f1,1000,1,0,1000,jane_austen,3,gutenberg_texts/161.txt,0.08223023217203562,0.026010039817084336,-0.056220192354951286,3,False,arthur_conan_doyle
pro,margin_gt_1,f1,1000,2,1000,2000,jane_austen,3,gutenberg_texts/161.txt,0.13197177162183324,0.024086456804928096,-0.10788531481690514,3,False,arthur_conan_doyle
pro,margin_gt_1,f1,1000,3,2000,3000,jane_austen,3,gutenberg_texts/161.txt,0.16568456306171972,0.06255738506870426,-0.10312717799301546,3,False,arthur_conan_doyle
pro,margin_gt_1,f1,1000,4,3000,4000,jane_austen,3,gutenberg_texts/161.txt,0.180027696847523,0.0892386653443691,-0.09078903150315391,3,False,arthur_conan_doyle
pro,margin_gt_1,f1,1000,5,4000,5000,jane_austen,3,gutenberg_texts/161.txt,0.20553109861816682,0.12842493254614848,-0.07710616607201834,3,False,arthur_conan_doyle
pro,margin_gt_1,f1,1000,1,0,1000,jane_austen,4,full_books/jane_austen_full.txt,0.06960013000602383,0.029392697455424735,-0.040207432550599095,3,False,mark_twain
pro,margin_gt_1,f1,1000,2,1000,2000,jane_austen,4,full_books/jane_austen_full.txt,0.13996041199187428,0.03341190701653117,-0.10654850497534311,3,False,arthur_conan_doyle
pro,margin_gt_1,f1,1000,3,2000,3000,jane_austen,4,full_books/jane_austen_full.txt,0.13900070768361664,0.052206939082929504,-0.08679376860068713,3,False,arthur_conan_doyle
pro,margin_gt_1,f1,1000,4,3000,4000,jane_austen,4,full_books/jane_austen_full.txt,0.16715053546446287,0.07565995377669674,-0.09149058168776614,3,False,arthur_conan_doyle
pro,margin_gt_1,f1,1000,5,4000,5000,jane_austen,4,full_books/jane_austen_full.txt,0.2010845534010482,0.08191357209429022,-0.11917098130675798,3,False,arthur_conan_doyle
pro,margin_gt_1,f1,1000,1,0,1000,jane_austen,5,full_books/jane_austen_full.txt,0.06083097421590017,0.03509769177772757,-0.0257332824381726,3,False,arthur_conan_doyle
pro,margin_gt_1,f1,1000,2,1000,2000,jane_austen,5,full_books/jane_austen_full.txt,0.16903105736515264,0.02606695800632282,-0.1429640993588298,3,False,arthur_conan_doyle
pro,margin_gt_1,f1,1000,3,2000,3000,jane_austen,5,full_books/jane_austen_full.txt,0.15316347931980542,0.031049061206119846,-0.12211441811368558,3,False,arthur_conan_doyle
pro,margin_gt_1,f1,1000,4,3000,4000,jane_austen,5,full_books/jane_austen_full.txt,0.13237718516911984,0.017352887558790643,-0.1150242976103292,3,False,arthur_conan_doyle
pro,margin_gt_1,f1,1000,5,4000,5000,jane_austen,5,full_books/jane_austen_full.txt,0.13263159669265948,0.027291188390229967,-0.10534040830242951,3,False,arthur_conan_doyle
pro,margin_gt_1,f1,1000,1,0,1000,jane_austen,6,gutenberg_texts/161.txt,0.05007165951520942,0.029933263396454725,-0.020138396118754696,3,False,arthur_conan_doyle
pro,margin_gt_1,f1,1000,2,1000,2000,jane_austen,6,gutenberg_texts/161.txt,0.1426473249809644,0.03407905239137069,-0.10856827258959373,3,False,arthur_conan_doyle
pro,margin_gt_1,f1,1000,3,2000,3000,jane_austen,6,gutenberg_texts/161.txt,0.139641732611351,0.07488530010632519,-0.0647564325050258,3,False,arthur_conan_doyle
pro,margin_gt_1,f1,1000,4,3000,4000,jane_austen,6,gutenberg_texts/161.txt,0.15831832548505018,0.052014186336976166,-0.10630413914807402,3,False,arthur_conan_doyle
pro,margin_gt_1,f1,1000,5,4000,5000,jane_austen,6,gutenberg_texts/161.txt,0.1365332292226285,0.03923934978908288,-0.09729387943354562,3,False,arthur_conan_doyle
pro,margin_gt_1,f1,1000,1,0,1000,jane_austen,7,full_books/jane_austen_full.txt,0.07538298786057547,0.02372378899213804,-0.05165919886843743,3,False,mark_twain
pro,margin_gt_1,f1,1000,2,1000,2000,jane_austen,7,full_books/jane_austen_full.txt,0.15882050417408722,0.034015289182094295,-0.12480521499199293,3,False,arthur_conan_doyle
pro,margin_gt_1,f1,1000,3,2000,3000,jane_austen,7,full_books/jane_austen_full.txt,0.16901402834512222,0.01844863526537721,-0.150565393079745,3,False,arthur_conan_doyle
pro,margin_gt_1,f1,1000,4,3000,4000,jane_austen,7,full_books/jane_austen_full.txt,0.2049849561952853,0.044555916315557324,-0.16042903987972798,3,False,arthur_conan_doyle
pro,margin_gt_1,f1,1000,5,4000,5000,jane_austen,7,full_books/jane_austen_full.txt,0.22275751013828302,0.10044405557578855,-0.12231345456249447,3,False,arthur_conan_doyle
pro,margin_gt_1,f1,1000,1,0,1000,jane_austen,8,full_books/jane_austen_full.txt,0.09538758724958397,0.007723816377928321,-0.08766377087165565,3,False,arthur_conan_doyle
pro,margin_gt_1,f1,1000,2,1000,2000,jane_austen,8,full_books/jane_austen_full.txt,0.13925287239435577,0.04685538511834261,-0.09239748727601316,3,False,arthur_conan_doyle
pro,margin_gt_1,f1,1000,3,2000,3000,jane_austen,8,full_books/jane_austen_full.txt,0.055153917109343156,0.02324318782241712,-0.03191072928692604,3,False,arthur_conan_doyle
pro,margin_gt_1,f1,1000,4,3000,4000,jane_austen,8,full_books/jane_austen_full.txt,0.14612875587651483,0.059316758143212786,-0.08681199773330205,3,False,arthur_conan_doyle
pro,margin_gt_1,f1,1000,5,4000,5000,jane_austen,8,full_books/jane_austen_full.txt,0.14882355594034463,0.07035500220644388,-0.07846855373390076,3,False,arthur_conan_doyle
pro,margin_gt_1,f1,1000,1,0,1000,jane_austen,9,gutenberg_texts/161.txt,0.09750099665846662,0.01338397801253414,-0.08411701864593248,3,False,arthur_conan_doyle
pro,margin_gt_1,f1,1000,2,1000,2000,jane_austen,9,gutenberg_texts/161.txt,0.13006804952032594,0.03574088202480036,-0.09432716749552558,3,False,arthur_conan_doyle
pro,margin_gt_1,f1,1000,3,2000,3000,jane_austen,9,gutenberg_texts/161.txt,0.08345815710319161,0.07210996936070112,-0.011348187742490495,2,False,arthur_conan_doyle
pro,margin_gt_1,f1,1000,4,3000,4000,jane_austen,9,gutenberg_texts/161.txt,0.18150168533612482,0.0850152088010715,-0.09648647653505332,3,False,arthur_conan_doyle
pro,margin_gt_1,f1,1000,5,4000,5000,jane_austen,9,gutenberg_texts/161.txt,0.09957487832394345,0.0724616210518271,-0.027113257272116345,2,False,arthur_conan_doyle
pro,margin_gt_1,f1,1000,1,0,1000,jane_austen,10,full_books/jane_austen_full.txt,0.10909764942691152,0.01612289363786209,-0.09297475578904943,3,False,arthur_conan_doyle
pro,margin_gt_1,f1,1000,2,1000,2000,jane_austen,10,full_books/jane_austen_full.txt,0.178831452252644,0.035166752974583715,-0.14366469927806028,3,False,arthur_conan_doyle
pro,margin_gt_1,f1,1000,3,2000,3000,jane_austen,10,full_books/jane_austen_full.txt,0.1982313573468268,0.05097851018034927,-0.14725284716647752,3,False,arthur_conan_doyle
pro,margin_gt_1,f1,1000,4,3000,4000,jane_austen,10,full_books/jane_austen_full.txt,0.25161351381222646,0.13608493146290587,-0.11552858234932059,3,False,arthur_conan_doyle
pro,margin_gt_1,f1,1000,5,4000,5000,jane_austen,10,full_books/jane_austen_full.txt,0.1306314385641323,0.09648419535452998,-0.03414724320960233,4,False,mark_twain
pro,margin_gt_1,f1,1000,1,0,1000,mark_twain,1,gutenberg_texts/74.txt,0.10075893028149717,0.03767693044354663,-0.06308199983795054,3,False,arthur_conan_doyle
pro,margin_gt_1,f1,1000,2,1000,2000,mark_twain,1,gutenberg_texts/74.txt,0.15635827742274339,0.04907662810944946,-0.10728164931329393,2,False,arthur_conan_doyle
pro,margin_gt_1,f1,1000,3,2000,3000,mark_twain,1,gutenberg_texts/74.txt,0.12892780544908536,0.09837871123034397,-0.030549094218741385,2,False,arthur_conan_doyle
pro,margin_gt_1,f1,1000,4,3000,4000,mark_twain,1,gutenberg_texts/74.txt,0.19269272123663253,0.14579037905034897,-0.04690234218628356,2,False,arthur_conan_doyle
pro,margin_gt_1,f1,1000,5,4000,5000,mark_twain,1,gutenberg_texts/74.txt,0.19322369244046403,0.1370558759784018,-0.05616781646206223,2,False,arthur_conan_doyle
pro,margin_gt_1,f1,1000,1,0,1000,mark_twain,2,gutenberg_texts/76.txt,0.06454367657111287,0.05093519947938803,-0.013608477091724844,2,False,arthur_conan_doyle
pro,margin_gt_1,f1,1000,2,1000,2000,mark_twain,2,gutenberg_texts/76.txt,0.13906533857005346,0.11317331546274907,-0.025892023107304388,2,False,arthur_conan_doyle
pro,margin_gt_1,f1,1000,3,2000,3000,mark_twain,2,gutenberg_texts/76.txt,0.12693815808272688,0.09977253882327686,-0.02716561925945002,2,False,arthur_conan_doyle
pro,margin_gt_1,f1,1000,4,3000,4000,mark_twain,2,gutenberg_texts/76.txt,0.13109370611465995,0.1365656765133629,0.005471970398702952,1,True,mark_twain
pro,margin_gt_1,f1,1000,5,4000,5000,mark_twain,2,gutenberg_texts/76.txt,0.145986747561216,0.12256461533450692,-0.023422132226709066,2,False,arthur_conan_doyle
pro,margin_gt_1,f1,1000,1,0,1000,mark_twain,3,gutenberg_texts/74.txt,0.09860344873139547,0.010954582693562954,-0.0876488660378325,2,False,arthur_conan_doyle
pro,margin_gt_1,f1,1000,2,1000,2000,mark_twain,3,gutenberg_texts/74.txt,0.17639459360517165,0.0609515138747872,-0.11544307973038445,2,False,arthur_conan_doyle
pro,margin_gt_1,f1,1000,3,2000,3000,mark_twain,3,gutenberg_texts/74.txt,0.098205289860065,0.05358354436183336,-0.04462174549823165,2,False,arthur_conan_doyle
pro,margin_gt_1,f1,1000,4,3000,4000,mark_twain,3,gutenberg_texts/74.txt,0.09991682242145043,0.08575111803106142,-0.014165704390389014,2,False,arthur_conan_doyle
pro,margin_gt_1,f1,1000,5,4000,5000,mark_twain,3,gutenberg_texts/74.txt,0.10608552917657275,0.056167078077587675,-0.04991845109898508,2,False,arthur_conan_doyle
pro,margin_gt_1,f1,1000,1,0,1000,mark_twain,4,gutenberg_texts/76.txt,0.18012977112431489,0.12834459042096327,-0.05178518070335161,2,False,arthur_conan_doyle
pro,margin_gt_1,f1,1000,2,1000,2000,mark_twain,4,gutenberg_texts/76.txt,0.15573035027883128,0.16468896770327432,0.008958617424443038,1,True,mark_twain
pro,margin_gt_1,f1,1000,3,2000,3000,mark_twain,4,gutenberg_texts/76.txt,0.3708744138612468,0.38223034721540255,0.011355933354155745,1,True,mark_twain
pro,margin_gt_1,f1,1000,4,3000,4000,mark_twain,4,gutenberg_texts/76.txt,0.5149174912105873,0.4678002605069872,-0.04711723070360008,3,False,mary_shelley
pro,margin_gt_1,f1,1000,5,4000,5000,mark_twain,4,gutenberg_texts/76.txt,0.1726394018218491,0.16901095476362069,-0.003628447058228401,2,False,arthur_conan_doyle
pro,margin_gt_1,f1,1000,1,0,1000,mark_twain,5,gutenberg_texts/74.txt,0.11102655695247338,0.01682344257956425,-0.09420311437290912,2,False,arthur_conan_doyle
pro,margin_gt_1,f1,1000,2,1000,2000,mark_twain,5,gutenberg_texts/74.txt,0.22721513956952694,0.10555576644332346,-0.12165937312620348,2,False,arthur_conan_doyle
pro,margin_gt_1,f1,1000,3,2000,3000,mark_twain,5,gutenberg_texts/74.txt,0.14602057707678004,0.11008001139795615,-0.035940565678823894,2,False,arthur_conan_doyle
pro,margin_gt_1,f1,1000,4,3000,4000,mark_twain,5,gutenberg_texts/74.txt,0.1358478722184714,0.09721353471219045,-0.03863433750628094,2,False,arthur_conan_doyle
pro,margin_gt_1,f1,1000,5,4000,5000,mark_twain,5,gutenberg_texts/74.txt,0.09865000444416791,0.07366032145085791,-0.024989682993310003,2,False,arthur_conan_doyle
pro,margin_gt_1,f1,1000,1,0,1000,mark_twain,6,gutenberg_texts/76.txt,0.15740688013824228,0.11832642605163474,-0.03908045408660754,2,False,arthur_conan_doyle
pro,margin_gt_1,f1,1000,2,1000,2000,mark_twain,6,gutenberg_texts/76.txt,0.14663828762956022,0.12637656560118227,-0.02026172202837795,2,False,arthur_conan_doyle
pro,margin_gt_1,f1,1000,3,2000,3000,mark_twain,6,gutenberg_texts/76.txt,0.1486566969858033,0.11859511717710122,-0.030061579808702082,2,False,arthur_conan_doyle
pro,margin_gt_1,f1,1000,4,3000,4000,mark_twain,6,gutenberg_texts/76.txt,0.1769653527737311,0.11259540188932926,-0.06436995088440184,2,False,arthur_conan_doyle
pro,margin_gt_1,f1,1000,5,4000,5000,mark_twain,6,gutenberg_texts/76.txt,0.05528025303164763,0.0593499819115798,0.00406972887993217,1,True,mark_twain
pro,margin_gt_1,f1,1000,1,0,1000,mark_twain,7,gutenberg_texts/74.txt,0.11336176779038155,0.03473022270903173,-0.07863154508134983,2,False,arthur_conan_doyle
pro,margin_gt_1,f1,1000,2,1000,2000,mark_twain,7,gutenberg_texts/74.txt,0.17615679096844294,0.07074310050452588,-0.10541369046391706,2,False,arthur_conan_doyle
pro,margin_gt_1,f1,1000,3,2000,3000,mark_twain,7,gutenberg_texts/74.txt,0.1278433984598999,0.0921321186565597,-0.0357112798033402,2,False,arthur_conan_doyle
pro,margin_gt_1,f1,1000,4,3000,4000,mark_twain,7,gutenberg_texts/74.txt,0.15342847012941813,0.08511178720277097,-0.06831668292664715,2,False,arthur_conan_doyle
pro,margin_gt_1,f1,1000,5,4000,5000,mark_twain,7,gutenberg_texts/74.txt,0.0698731186794121,0.05262552147972843,-0.017247597199683662,3,False,arthur_conan_doyle
pro,margin_gt_1,f1,1000,1,0,1000,mark_twain,8,gutenberg_texts/76.txt,0.0746903869066854,0.054852837860543374,-0.01983754904614203,2,False,arthur_conan_doyle
pro,margin_gt_1,f1,1000,2,1000,2000,mark_twain,8,gutenberg_texts/76.txt,0.16666340357198536,0.13864364219679476,-0.028019761375190605,2,False,arthur_conan_doyle
pro,margin_gt_1,f1,1000,3,2000,3000,mark_twain,8,gutenberg_texts/76.txt,0.1151723401841716,0.11678148296320233,0.0016091427790307228,1,True,mark_twain
pro,margin_gt_1,f1,1000,4,3000,4000,mark_twain,8,gutenberg_texts/76.txt,0.1900064232939977,0.1630649197951844,-0.026941503498813302,2,False,mary_shelley
pro,margin_gt_1,f1,1000,5,4000,5000,mark_twain,8,gutenberg_texts/76.txt,0.24678896072002038,0.2583089872356279,0.011520026515607518,1,True,mark_twain
pro,margin_gt_1,f1,1000,1,0,1000,mark_twain,9,gutenberg_texts/74.txt,0.11249327889235171,0.018590875437959592,-0.09390240345439212,2,False,arthur_conan_doyle
pro,margin_gt_1,f1,1000,2,1000,2000,mark_twain,9,gutenberg_texts/74.txt,0.10779696851093672,0.11067386722490434,0.002876898713967624,1,True,mark_twain
pro,margin_gt_1,f1,1000,3,2000,3000,mark_twain,9,gutenberg_texts/74.txt,0.12699421774090056,0.11529340126971506,-0.011700816471185496,3,False,jane_austen
pro,margin_gt_1,f1,1000,4,3000,4000,mark_twain,9,gutenberg_texts/74.txt,0.1051313553495358,0.10591086369796,0.0007795083484242044,1,True,mark_twain
pro,margin_gt_1,f1,1000,5,4000,5000,mark_twain,9,gutenberg_texts/74.txt,0.16410512224211865,0.1313423641912793,-0.03276275805083936,2,False,arthur_conan_doyle
pro,margin_gt_1,f1,1000,1,0,1000,mark_twain,10,gutenberg_texts/76.txt,0.12887512932621753,0.06491038390994974,-0.06396474541626779,2,False,arthur_conan_doyle
pro,margin_gt_1,f1,1000,2,1000,2000,mark_twain,10,gutenberg_texts/76.txt,0.14221106379133427,0.11667129952897007,-0.025539764262364206,2,False,arthur_conan_doyle
pro,margin_gt_1,f1,1000,3,2000,3000,mark_twain,10,gutenberg_texts/76.txt,0.22804546902700779,0.16502350007750188,-0.0630219689495059,2,False,arthur_conan_doyle
pro,margin_gt_1,f1,1000,4,3000,4000,mark_twain,10,gutenberg_texts/76.txt,0.10985733627138668,0.11627298026621063,0.006415643994823958,1,True,mark_twain
pro,margin_gt_1,f1,1000,5,4000,5000,mark_twain,10,gutenberg_texts/76.txt,0.13746688068823562,0.14425313008215393,0.006786249393918309,1,True,mark_twain
pro,margin_gt_1,f1,1000,1,0,1000,mary_shelley,1,gutenberg_texts/84.txt,0.15907971261128043,0.24042676091669218,0.08134704830541176,1,True,mary_shelley
pro,margin_gt_1,f1,1000,2,1000,2000,mary_shelley,1,gutenberg_texts/84.txt,0.13686258141752378,0.1929928468435562,0.056130265426032416,1,True,mary_shelley
pro,margin_gt_1,f1,1000,3,2000,3000,mary_shelley,1,gutenberg_texts/84.txt,0.18109633073391784,0.1446269134127225,-0.03646941732119535,4,False,arthur_conan_doyle
pro,margin_gt_1,f1,1000,4,3000,4000,mary_shelley,1,gutenberg_texts/84.txt,0.2370825940339024,0.11398504321677351,-0.12309755081712888,4,False,arthur_conan_doyle
pro,margin_gt_1,f1,1000,5,4000,5000,mary_shelley,1,gutenberg_texts/84.txt,0.2559450584917652,0.1481939906159851,-0.1077510678757801,4,False,arthur_conan_doyle
pro,margin_gt_1,f1,1000,1,0,1000,mary_shelley,2,gutenberg_texts/18247.txt,0.039434948023629846,0.0360106851063042,-0.0034242629173256434,2,False,jane_austen
pro,margin_gt_1,f1,1000,2,1000,2000,mary_shelley,2,gutenberg_texts/18247.txt,0.06134821078142719,0.11639268730943081,0.05504447652800362,1,True,mary_shelley
pro,margin_gt_1,f1,1000,3,2000,3000,mary_shelley,2,gutenberg_texts/18247.txt,0.12159505387179172,0.09206396084663657,-0.02953109302515515,2,False,arthur_conan_doyle
pro,margin_gt_1,f1,1000,4,3000,4000,mary_shelley,2,gutenberg_texts/18247.txt,0.09393939543966592,0.10518501614525694,0.011245620705591014,1,True,mary_shelley
pro,margin_gt_1,f1,1000,5,4000,5000,mary_shelley,2,gutenberg_texts/18247.txt,0.19423321342344382,0.12463585589594119,-0.06959735752750264,2,False,arthur_conan_doyle
pro,margin_gt_1,f1,1000,1,0,1000,mary_shelley,3,gutenberg_texts/84.txt,0.17432013504019356,0.05032148369001972,-0.12399865135017384,4,False,arthur_conan_doyle
pro,margin_gt_1,f1,1000,2,1000,2000,mary_shelley,3,gutenberg_texts/84.txt,0.14202130910532298,0.06300212695096037,-0.07901918215436261,4,False,arthur_conan_doyle
pro,margin_gt_1,f1,1000,3,2000,3000,mary_shelley,3,gutenberg_texts/84.txt,0.152918231959208,0.06203653582231593,-0.09088169613689208,4,False,arthur_conan_doyle
pro,margin_gt_1,f1,1000,4,3000,4000,mary_shelley,3,gutenberg_texts/84.txt,0.26013447857445077,0.0680743608505669,-0.19206011772388387,4,False,arthur_conan_doyle
pro,margin_gt_1,f1,1000,5,4000,5000,mary_shelley,3,gutenberg_texts/84.txt,0.171941278077939,0.13072741460113194,-0.041213863476807056,4,False,mark_twain
pro,margin_gt_1,f1,1000,1,0,1000,mary_shelley,4,gutenberg_texts/18247.txt,0.07572537536346743,0.08682173684204876,0.011096361478581326,1,True,mary_shelley
pro,margin_gt_1,f1,1000,2,1000,2000,mary_shelley,4,gutenberg_texts/18247.txt,0.07641984668893552,0.18158289301995317,0.10516304633101765,1,True,mary_shelley
pro,margin_gt_1,f1,1000,3,2000,3000,mary_shelley,4,gutenberg_texts/18247.txt,0.14966699459143853,0.08791388247974116,-0.06175311211169737,2,False,arthur_conan_doyle
pro,margin_gt_1,f1,1000,4,3000,4000,mary_shelley,4,gutenberg_texts/18247.txt,0.2448852609414064,0.329926261125301,0.0850410001838946,1,True,mary_shelley
pro,margin_gt_1,f1,1000,5,4000,5000,mary_shelley,4,gutenberg_texts/18247.txt,0.2523284495744903,0.277850660139561,0.025522210565070702,1,True,mary_shelley
pro,margin_gt_1,f1,1000,1,0,1000,mary_shelley,5,gutenberg_texts/84.txt,0.16975214540797048,0.053729961636032914,-0.11602218377193757,4,False,arthur_conan_doyle
pro,margin_gt_1,f1,1000,2,1000,2000,mary_shelley,5,gutenberg_texts/84.txt,0.19052835532056167,0.18672193605882048,-0.0038064192617411896,2,False,arthur_conan_doyle
pro,margin_gt_1,f1,1000,3,2000,3000,mary_shelley,5,gutenberg_texts/84.txt,0.27428072948035254,0.09512143306088275,-0.1791592964194698,4,False,arthur_conan_doyle
pro,margin_gt_1,f1,1000,4,3000,4000,mary_shelley,5,gutenberg_texts/84.txt,0.19405195761888236,0.11866565830788894,-0.07538629931099342,4,False,mark_twain
pro,margin_gt_1,f1,1000,5,4000,5000,mary_shelley,5,gutenberg_texts/84.txt,0.3196516948544231,0.06221121564908205,-0.257440479205341,4,False,arthur_conan_doyle
pro,margin_gt_1,f1,1000,1,0,1000,mary_shelley,6,gutenberg_texts/18247.txt,0.034115068758853395,0.04852822010159972,0.014413151342746323,1,True,mary_shelley
pro,margin_gt_1,f1,1000,2,1000,2000,mary_shelley,6,gutenberg_texts/18247.txt,0.13903459431027018,0.1282992287251339,-0.01073536558513627,2,False,arthur_conan_doyle
pro,margin_gt_1,f1,1000,3,2000,3000,mary_shelley,6,gutenberg_texts/18247.txt,0.07958090369958495,0.12870264831716458,0.04912174461757962,1,True,mary_shelley
pro,margin_gt_1,f1,1000,4,3000,4000,mary_shelley,6,gutenberg_texts/18247.txt,0.206065539120741,0.11998756507683041,-0.08607797404391059,3,False,arthur_conan_doyle
pro,margin_gt_1,f1,1000,5,4000,5000,mary_shelley,6,gutenberg_texts/18247.txt,0.10228690393114964,0.11588614170825626,0.013599237777106615,1,True,mary_shelley
pro,margin_gt_1,f1,1000,1,0,1000,mary_shelley,7,gutenberg_texts/84.txt,0.15264321991614488,0.10349134314169034,-0.04915187677445454,4,False,arthur_conan_doyle
pro,margin_gt_1,f1,1000,2,1000,2000,mary_shelley,7,gutenberg_texts/84.txt,0.1334369951787556,0.07988976059656296,-0.05354723458219264,4,False,arthur_conan_doyle
pro,margin_gt_1,f1,1000,3,2000,3000,mary_shelley,7,gutenberg_texts/84.txt,0.1849175262121409,0.040522182482422835,-0.14439534372971805,4,False,arthur_conan_doyle
pro,margin_gt_1,f1,1000,4,3000,4000,mary_shelley,7,gutenberg_texts/84.txt,0.19412471635175862,0.08176237139283915,-0.11236234495891947,4,False,arthur_conan_doyle
pro,margin_gt_1,f1,1000,5,4000,5000,mary_shelley,7,gutenberg_texts/84.txt,0.2812438931695633,0.11272807346026792,-0.16851581970929536,4,False,arthur_conan_doyle
pro,margin_gt_1,f1,1000,1,0,1000,mary_shelley,8,gutenberg_texts/18247.txt,0.02307896944109036,0.04838342459402729,0.025304455152936927,1,True,mary_shelley
pro,margin_gt_1,f1,1000,2,1000,2000,mary_shelley,8,gutenberg_texts/18247.txt,0.059438202973510525,0.10610312470869256,0.04666492173518203,1,True,mary_shelley
pro,margin_gt_1,f1,1000,3,2000,3000,mary_shelley,8,gutenberg_texts/18247.txt,0.14953906877905201,0.18896896926871057,0.039429900489658554,1,True,mary_shelley
pro,margin_gt_1,f1,1000,4,3000,4000,mary_shelley,8,gutenberg_texts/18247.txt,0.14138448853148972,0.15402271902132095,0.012638230489831231,1,True,mary_shelley
pro,margin_gt_1,f1,1000,5,4000,5000,mary_shelley,8,gutenberg_texts/18247.txt,0.11469390651174381,0.15621411171459026,0.04152020520284645,1,True,mary_shelley
pro,margin_gt_1,f1,1000,1,0,1000,mary_shelley,9,gutenberg_texts/84.txt,0.17608334166523465,0.08525408765541864,-0.09082925400981601,4,False,arthur_conan_doyle
pro,margin_gt_1,f1,1000,2,1000,2000,mary_shelley,9,gutenberg_texts/84.txt,0.2148149484987618,0.08036641356189525,-0.13444853493686654,4,False,arthur_conan_doyle
pro,margin_gt_1,f1,1000,3,2000,3000,mary_shelley,9,gutenberg_texts/84.txt,0.21962279276020946,0.05181981186480528,-0.16780298089540419,4,False,arthur_conan_doyle
pro,margin_gt_1,f1,1000,4,3000,4000,mary_shelley,9,gutenberg_texts/84.txt,0.2196532300543311,0.07911934138096416,-0.14053388867336694,4,False,arthur_conan_doyle
pro,margin_gt_1,f1,1000,5,4000,5000,mary_shelley,9,gutenberg_texts/84.txt,0.25895303881117804,0.10271184738838522,-0.1562411914227928,4,False,arthur_conan_doyle
pro,margin_gt_1,f1,1000,1,0,1000,mary_shelley,10,gutenberg_texts/18247.txt,0.08554569786377995,0.04861661885865487,-0.036929079005125084,4,False,arthur_conan_doyle
pro,margin_gt_1,f1,1000,2,1000,2000,mary_shelley,10,gutenberg_texts/18247.txt,0.16815020557803934,0.052092374007149944,-0.11605783157088939,4,False,arthur_conan_doyle
pro,margin_gt_1,f1,1000,3,2000,3000,mary_shelley,10,gutenberg_texts/18247.txt,0.11824657036503142,0.04034796943229733,-0.0778986009327341,4,False,arthur_conan_doyle
pro,margin_gt_1,f1,1000,4,3000,4000,mary_shelley,10,gutenberg_texts/18247.txt,0.06037197342398079,0.08298160731446777,0.02260963389048698,1,True,mary_shelley
pro,margin_gt_1,f1,1000,5,4000,5000,mary_shelley,10,gutenberg_texts/18247.txt,0.12476714983302209,0.11556581695730683,-0.009201332875715257,2,False,arthur_conan_doyle
pro,margin_gt_1,f3,1000,1,0,1000,arthur_conan_doyle,1,gutenberg_texts/1661.txt,0.05008409431595607,0.1991661436329156,0.14908204931695954,1,True,arthur_conan_doyle
pro,margin_gt_1,f3,1000,2,1000,2000,arthur_conan_doyle,1,gutenberg_texts/1661.txt,0.0642224248122136,0.14008992858656613,0.07586750377435253,1,True,arthur_conan_doyle
pro,margin_gt_1,f3,1000,3,2000,3000,arthur_conan_doyle,1,gutenberg_texts/1661.txt,0.1013837863095688,0.17776003636900142,0.07637625005943262,1,True,arthur_conan_doyle
pro,margin_gt_1,f3,1000,4,3000,4000,arthur_conan_doyle,1,gutenberg_texts/1661.txt,0.08753388021909518,0.14351281547551165,0.055978935256416465,1,True,arthur_conan_doyle
pro,margin_gt_1,f3,1000,5,4000,5000,arthur_conan_doyle,1,gutenberg_texts/1661.txt,0.19220083121291065,0.25772475419721036,0.06552392298429971,1,True,arthur_conan_doyle
pro,margin_gt_1,f3,1000,1,0,1000,arthur_conan_doyle,2,gutenberg_texts/244.txt,0.25625495348494126,0.23355937927258957,-0.022695574212351688,4,False,mary_shelley
pro,margin_gt_1,f3,1000,2,1000,2000,arthur_conan_doyle,2,gutenberg_texts/244.txt,0.36130570714335547,0.3006508082275875,-0.060654898915767974,4,False,mary_shelley
pro,margin_gt_1,f3,1000,3,2000,3000,arthur_conan_doyle,2,gutenberg_texts/244.txt,0.46346107921000057,0.4316059789632826,-0.03185510024671795,3,False,mark_twain
pro,margin_gt_1,f3,1000,4,3000,4000,arthur_conan_doyle,2,gutenberg_texts/244.txt,0.31594848470464487,0.23208991158856182,-0.08385857311608305,3,False,mark_twain
pro,margin_gt_1,f3,1000,5,4000,5000,arthur_conan_doyle,2,gutenberg_texts/244.txt,0.4756299612251884,0.31417492153628335,-0.16145503968890507,4,False,mary_shelley
pro,margin_gt_1,f3,1000,1,0,1000,arthur_conan_doyle,3,gutenberg_texts/2852.txt,0.11480677901529797,0.16775035517779047,0.0529435761624925,1,True,arthur_conan_doyle
pro,margin_gt_1,f3,1000,2,1000,2000,arthur_conan_doyle,3,gutenberg_texts/2852.txt,0.13786330456520932,0.19333829078937387,0.05547498622416455,1,True,arthur_conan_doyle
pro,margin_gt_1,f3,1000,3,2000,3000,arthur_conan_doyle,3,gutenberg_texts/2852.txt,0.086923094424341,0.19508369409664353,0.10816059967230253,1,True,arthur_conan_doyle
pro,margin_gt_1,f3,1000,4,3000,4000,arthur_conan_doyle,3,gutenberg_texts/2852.txt,0.09891173083321947,0.20268454681742243,0.10377281598420296,1,True,arthur_conan_doyle
pro,margin_gt_1,f3,1000,5,4000,5000,arthur_conan_doyle,3,gutenberg_texts/2852.txt,0.17486650293904557,0.26649963746327,0.09163313452422442,1,True,arthur_conan_doyle
pro,margin_gt_1,f3,1000,1,0,1000,arthur_conan_doyle,4,gutenberg_texts/1661.txt,0.03735804736434512,0.19078982480311402,0.1534317774387689,1,True,arthur_conan_doyle
pro,margin_gt_1,f3,1000,2,1000,2000,arthur_conan_doyle,4,gutenberg_texts/1661.txt,0.06507096619481965,0.21094695191085416,0.1458759857160345,1,True,arthur_conan_doyle
pro,margin_gt_1,f3,1000,3,2000,3000,arthur_conan_doyle,4,gutenberg_texts/1661.txt,0.10206778749948871,0.1688733215749087,0.06680553407541999,1,True,arthur_conan_doyle
pro,margin_gt_1,f3,1000,4,3000,4000,arthur_conan_doyle,4,gutenberg_texts/1661.txt,0.11823822779171571,0.21976687949864673,0.10152865170693103,1,True,arthur_conan_doyle
pro,margin_gt_1,f3,1000,5,4000,5000,arthur_conan_doyle,4,gutenberg_texts/1661.txt,0.22544027698136732,0.20920478451463717,-0.016235492466730145,2,False,mark_twain
pro,margin_gt_1,f3,1000,1,0,1000,arthur_conan_doyle,5,gutenberg_texts/244.txt,0.1833140083319567,0.19731306472163015,0.013999056389673442,1,True,arthur_conan_doyle
pro,margin_gt_1,f3,1000,2,1000,2000,arthur_conan_doyle,5,gutenberg_texts/244.txt,0.19751035629806016,0.18057763483541875,-0.01693272146264141,2,False,mark_twain
pro,margin_gt_1,f3,1000,3,2000,3000,arthur_conan_doyle,5,gutenberg_texts/244.txt,0.25433309266693294,0.26611640614416354,0.011783313477230606,1,True,arthur_conan_doyle
pro,margin_gt_1,f3,1000,4,3000,4000,arthur_conan_doyle,5,gutenberg_texts/244.txt,0.3142379980510019,0.2747236809906617,-0.0395143170603402,2,False,mark_twain
pro,margin_gt_1,f3,1000,5,4000,5000,arthur_conan_doyle,5,gutenberg_texts/244.txt,0.2851086383498802,0.2665461606083494,-0.018562477741530803,2,False,mark_twain
pro,margin_gt_1,f3,1000,1,0,1000,arthur_conan_doyle,6,gutenberg_texts/2852.txt,0.06043782522364847,0.18710427239809155,0.1266664471744431,1,True,arthur_conan_doyle
pro,margin_gt_1,f3,1000,2,1000,2000,arthur_conan_doyle,6,gutenberg_texts/2852.txt,0.25747345324216975,0.2189547385484315,-0.03851871469373824,4,False,mark_twain
pro,margin_gt_1,f3,1000,3,2000,3000,arthur_conan_doyle,6,gutenberg_texts/2852.txt,0.3250160664312277,0.3254893307159066,0.00047326428467886483,1,True,arthur_conan_doyle
pro,margin_gt_1,f3,1000,4,3000,4000,arthur_conan_doyle,6,gutenberg_texts/2852.txt,0.3430485348574912,0.35052032321350624,0.00747178835601503,1,True,arthur_conan_doyle
pro,margin_gt_1,f3,1000,5,4000,5000,arthur_conan_doyle,6,gutenberg_texts/2852.txt,0.6274306645475158,0.49382371604752795,-0.1336069484999879,4,False,mark_twain
pro,margin_gt_1,f3,1000,1,0,1000,arthur_conan_doyle,7,gutenberg_texts/1661.txt,0.05184750414796126,0.21254682355388582,0.16069931940592458,1,True,arthur_conan_doyle
pro,margin_gt_1,f3,1000,2,1000,2000,arthur_conan_doyle,7,gutenberg_texts/1661.txt,0.061097643808163925,0.2028727978685368,0.14177515406037286,1,True,arthur_conan_doyle
pro,margin_gt_1,f3,1000,3,2000,3000,arthur_conan_doyle,7,gutenberg_texts/1661.txt,0.1407383517483174,0.2254337554974424,0.08469540374912501,1,True,arthur_conan_doyle
pro,margin_gt_1,f3,1000,4,3000,4000,arthur_conan_doyle,7,gutenberg_texts/1661.txt,0.10400889454529104,0.21659912660789118,0.11259023206260015,1,True,arthur_conan_doyle
pro,margin_gt_1,f3,1000,5,4000,5000,arthur_conan_doyle,7,gutenberg_texts/1661.txt,0.13115065866302056,0.21801643868432471,0.08686578002130416,1,True,arthur_conan_doyle
pro,margin_gt_1,f3,1000,1,0,1000,arthur_conan_doyle,8,gutenberg_texts/244.txt,0.18595899625057974,0.22709956580711965,0.04114056955653991,1,True,arthur_conan_doyle
pro,margin_gt_1,f3,1000,2,1000,2000,arthur_conan_doyle,8,gutenberg_texts/244.txt,0.20811105500393431,0.19034679978898864,-0.01776425521494568,3,False,mark_twain
pro,margin_gt_1,f3,1000,3,2000,3000,arthur_conan_doyle,8,gutenberg_texts/244.txt,0.21096134601840005,0.20917739994011883,-0.0017839460782812233,2,False,mark_twain
pro,margin_gt_1,f3,1000,4,3000,4000,arthur_conan_doyle,8,gutenberg_texts/244.txt,0.16928753921959652,0.24058969798991459,0.07130215877031806,1,True,arthur_conan_doyle
pro,margin_gt_1,f3,1000,5,4000,5000,arthur_conan_doyle,8,gutenberg_texts/244.txt,0.2800533164111698,0.30814504909695606,0.02809173268578624,1,True,arthur_conan_doyle
pro,margin_gt_1,f3,1000,1,0,1000,arthur_conan_doyle,9,gutenberg_texts/2852.txt,0.09476500959322333,0.1913731501767299,0.09660814058350657,1,True,arthur_conan_doyle
pro,margin_gt_1,f3,1000,2,1000,2000,arthur_conan_doyle,9,gutenberg_texts/2852.txt,0.34877308544532215,0.23742210812715617,-0.11135097731816598,4,False,mary_shelley
pro,margin_gt_1,f3,1000,3,2000,3000,arthur_conan_doyle,9,gutenberg_texts/2852.txt,0.31317485371711773,0.33889506772291156,0.02572021400579383,1,True,arthur_conan_doyle
pro,margin_gt_1,f3,1000,4,3000,4000,arthur_conan_doyle,9,gutenberg_texts/2852.txt,0.3332558476424172,0.3695510717112679,0.03629522406885066,1,True,arthur_conan_doyle
pro,margin_gt_1,f3,1000,5,4000,5000,arthur_conan_doyle,9,gutenberg_texts/2852.txt,0.35200611402391135,0.2968141112242818,-0.05519200279962955,2,False,mark_twain
pro,margin_gt_1,f3,1000,1,0,1000,arthur_conan_doyle,10,gutenberg_texts/1661.txt,0.04680202561190112,0.19621180525129692,0.1494097796393958,1,True,arthur_conan_doyle
pro,margin_gt_1,f3,1000,2,1000,2000,arthur_conan_doyle,10,gutenberg_texts/1661.txt,0.1263421726355903,0.20483002717079307,0.07848785453520277,1,True,arthur_conan_doyle
pro,margin_gt_1,f3,1000,3,2000,3000,arthur_conan_doyle,10,gutenberg_texts/1661.txt,0.0924935816091501,0.19717516545976893,0.10468158385061883,1,True,arthur_conan_doyle
pro,margin_gt_1,f3,1000,4,3000,4000,arthur_conan_doyle,10,gutenberg_texts/1661.txt,0.16570370580236443,0.2620069250605178,0.09630321925815338,1,True,arthur_conan_doyle
pro,margin_gt_1,f3,1000,5,4000,5000,arthur_conan_doyle,10,gutenberg_texts/1661.txt,0.42431045050603095,0.44007619000005116,0.015765739494020214,1,True,arthur_conan_doyle
pro,margin_gt_1,f3,1000,1,0,1000,jane_austen,1,full_books/jane_austen_full.txt,0.159756850674512,0.10604117715719198,-0.053715673517320026,3,False,mark_twain
pro,margin_gt_1,f3,1000,2,1000,2000,jane_austen,1,full_books/jane_austen_full.txt,0.31137390463254,0.14543859029278236,-0.16593531433975764,3,False,arthur_conan_doyle
pro,margin_gt_1,f3,1000,3,2000,3000,jane_austen,1,full_books/jane_austen_full.txt,0.9421513818824157,0.6464644404064059,-0.2956869414760097,4,False,mark_twain
pro,margin_gt_1,f3,1000,4,3000,4000,jane_austen,1,full_books/jane_austen_full.txt,0.6911357882527215,0.43338868092876853,-0.25774710732395295,4,False,mark_twain
pro,margin_gt_1,f3,1000,5,4000,5000,jane_austen,1,full_books/jane_austen_full.txt,0.33392279329753305,0.15935608317001354,-0.1745667101275195,3,False,arthur_conan_doyle
pro,margin_gt_1,f3,1000,1,0,1000,jane_austen,2,full_books/jane_austen_full.txt,0.1937681992161131,0.06299235271187015,-0.13077584650424295,3,False,arthur_conan_doyle
pro,margin_gt_1,f3,1000,2,1000,2000,jane_austen,2,full_books/jane_austen_full.txt,0.26361490919809255,0.1494384930783226,-0.11417641611976995,3,False,arthur_conan_doyle
pro,margin_gt_1,f3,1000,3,2000,3000,jane_austen,2,full_books/jane_austen_full.txt,0.1990613639147997,0.11074100681506203,-0.08832035709973766,3,False,arthur_conan_doyle
pro,margin_gt_1,f3,1000,4,3000,4000,jane_austen,2,full_books/jane_austen_full.txt,0.37177992669326954,0.19621247114648313,-0.1755674555467864,3,False,arthur_conan_doyle
pro,margin_gt_1,f3,1000,5,4000,5000,jane_austen,2,full_books/jane_austen_full.txt,0.28764110195786974,0.17200724306993426,-0.11563385888793548,4,False,mark_twain
pro,margin_gt_1,f3,1000,1,0,1000,jane_austen,3,gutenberg_texts/161.txt,0.17069919314755103,0.08884638268336115,-0.08185281046418988,3,False,arthur_conan_doyle
pro,margin_gt_1,f3,1000,2,1000,2000,jane_austen,3,gutenberg_texts/161.txt,0.23335215374394142,0.0941338183306329,-0.13921833541330852,3,False,arthur_conan_doyle
pro,margin_gt_1,f3,1000,3,2000,3000,jane_austen,3,gutenberg_texts/161.txt,0.2651984946648443,0.16053844076010934,-0.10466005390473496,3,False,arthur_conan_doyle
pro,margin_gt_1,f3,1000,4,3000,4000,jane_austen,3,gutenberg_texts/161.txt,0.30609432650664714,0.20127480002864592,-0.10481952647800122,3,False,arthur_conan_doyle
pro,margin_gt_1,f3,1000,5,4000,5000,jane_austen,3,gutenberg_texts/161.txt,0.38673273914397943,0.28049474422160253,-0.1062379949223769,3,False,arthur_conan_doyle
pro,margin_gt_1,f3,1000,1,0,1000,jane_austen,4,full_books/jane_austen_full.txt,0.17508387169987827,0.11615132468016492,-0.058932547019713344,3,False,mark_twain
pro,margin_gt_1,f3,1000,2,1000,2000,jane_austen,4,full_books/jane_austen_full.txt,0.2563722016870816,0.0918131752914535,-0.16455902639562808,3,False,arthur_conan_doyle
pro,margin_gt_1,f3,1000,3,2000,3000,jane_austen,4,full_books/jane_austen_full.txt,0.2516433057719335,0.11113739645751047,-0.14050590931442303,3,False,arthur_conan_doyle
pro,margin_gt_1,f3,1000,4,3000,4000,jane_austen,4,full_books/jane_austen_full.txt,0.3748682954943803,0.1767686640133416,-0.19809963148103868,3,False,arthur_conan_doyle
pro,margin_gt_1,f3,1000,5,4000,5000,jane_austen,4,full_books/jane_austen_full.txt,0.37758147612014625,0.19391977795573753,-0.18366169816440872,3,False,arthur_conan_doyle
pro,margin_gt_1,f3,1000,1,0,1000,jane_austen,5,full_books/jane_austen_full.txt,0.15881498309733183,0.1225408690755652,-0.036274114021766626,3,False,mark_twain
pro,margin_gt_1,f3,1000,2,1000,2000,jane_austen,5,full_books/jane_austen_full.txt,0.3098910963807429,0.08141867131288487,-0.22847242506785803,3,False,arthur_conan_doyle
pro,margin_gt_1,f3,1000,3,2000,3000,jane_austen,5,full_books/jane_austen_full.txt,0.2317866793996978,0.08580031115228828,-0.14598636824740951,3,False,arthur_conan_doyle
pro,margin_gt_1,f3,1000,4,3000,4000,jane_austen,5,full_books/jane_austen_full.txt,0.2877482169030364,0.07573144906564747,-0.21201676783738896,3,False,arthur_conan_doyle
pro,margin_gt_1,f3,1000,5,4000,5000,jane_austen,5,full_books/jane_austen_full.txt,0.2821221802013954,0.08012965350572246,-0.20199252669567294,3,False,arthur_conan_doyle
pro,margin_gt_1,f3,1000,1,0,1000,jane_austen,6,gutenberg_texts/161.txt,0.14168203724422082,0.10371439470861382,-0.037967642535607,3,False,arthur_conan_doyle
pro,margin_gt_1,f3,1000,2,1000,2000,jane_austen,6,gutenberg_texts/161.txt,0.24309792374336905,0.10048203390974358,-0.14261588983362547,3,False,arthur_conan_doyle
pro,margin_gt_1,f3,1000,3,2000,3000,jane_austen,6,gutenberg_texts/161.txt,0.24972556386700834,0.15484477302588504,-0.0948807908411233,3,False,arthur_conan_doyle
pro,margin_gt_1,f3,1000,4,3000,4000,jane_austen,6,gutenberg_texts/161.txt,0.21629075169300246,0.12061166796056541,-0.09567908373243705,3,False,arthur_conan_doyle
pro,margin_gt_1,f3,1000,5,4000,5000,jane_austen,6,gutenberg_texts/161.txt,0.2865645946502732,0.0957409584165252,-0.19082363623374798,3,False,arthur_conan_doyle
pro,margin_gt_1,f3,1000,1,0,1000,jane_austen,7,full_books/jane_austen_full.txt,0.23018641582303395,0.14382788708592265,-0.0863585287371113,3,False,mark_twain
pro,margin_gt_1,f3,1000,2,1000,2000,jane_austen,7,full_books/jane_austen_full.txt,0.2700231065192931,0.07878833922154284,-0.1912347672977503,3,False,arthur_conan_doyle
pro,margin_gt_1,f3,1000,3,2000,3000,jane_austen,7,full_books/jane_austen_full.txt,0.25960005623839216,0.07636694049194646,-0.18323311574644569,3,False,arthur_conan_doyle
pro,margin_gt_1,f3,1000,4,3000,4000,jane_austen,7,full_books/jane_austen_full.txt,0.3386935327388309,0.11844901203684002,-0.22024452070199088,3,False,arthur_conan_doyle
pro,margin_gt_1,f3,1000,5,4000,5000,jane_austen,7,full_books/jane_austen_full.txt,0.3751253528891259,0.23232838124794308,-0.14279697164118282,3,False,arthur_conan_doyle
pro,margin_gt_1,f3,1000,1,0,1000,jane_austen,8,full_books/jane_austen_full.txt,0.20874573350092385,0.058635866605983286,-0.15010986689494055,3,False,arthur_conan_doyle
pro,margin_gt_1,f3,1000,2,1000,2000,jane_austen,8,full_books/jane_austen_full.txt,0.22425481431784686,0.10108566486697293,-0.12316914945087393,3,False,arthur_conan_doyle
pro,margin_gt_1,f3,1000,3,2000,3000,jane_austen,8,full_books/jane_austen_full.txt,0.15496175308152252,0.08578088667860849,-0.06918086640291403,3,False,arthur_conan_doyle
pro,margin_gt_1,f3,1000,4,3000,4000,jane_austen,8,full_books/jane_austen_full.txt,0.2752477262950373,0.13565638647608091,-0.13959133981895638,3,False,arthur_conan_doyle
pro,margin_gt_1,f3,1000,5,4000,5000,jane_austen,8,full_books/jane_austen_full.txt,0.3536705362441348,0.1748669102944725,-0.17880362594966231,3,False,arthur_conan_doyle
pro,margin_gt_1,f3,1000,1,0,1000,jane_austen,9,gutenberg_texts/161.txt,0.21722771442720565,0.07680570978883211,-0.14042200463837354,3,False,arthur_conan_doyle
pro,margin_gt_1,f3,1000,2,1000,2000,jane_austen,9,gutenberg_texts/161.txt,0.22738170513817868,0.08548662182800984,-0.14189508331016884,3,False,arthur_conan_doyle
pro,margin_gt_1,f3,1000,3,2000,3000,jane_austen,9,gutenberg_texts/161.txt,0.1984434882474052,0.1764464025476486,-0.021997085699756613,3,False,mark_twain
pro,margin_gt_1,f3,1000,4,3000,4000,jane_austen,9,gutenberg_texts/161.txt,0.26653577914692106,0.18909755522767546,-0.0774382239192456,3,False,arthur_conan_doyle
pro,margin_gt_1,f3,1000,5,4000,5000,jane_austen,9,gutenberg_texts/161.txt,0.18484555731100302,0.15773017858806446,-0.027115378722938566,3,False,arthur_conan_doyle
pro,margin_gt_1,f3,1000,1,0,1000,jane_austen,10,full_books/jane_austen_full.txt,0.25759459645142807,0.10059684651150656,-0.1569977499399215,3,False,arthur_conan_doyle
pro,margin_gt_1,f3,1000,2,1000,2000,jane_austen,10,full_books/jane_austen_full.txt,0.38729517099366084,0.11079621904687686,-0.276498951946784,3,False,arthur_conan_doyle
pro,margin_gt_1,f3,1000,3,2000,3000,jane_austen,10,full_books/jane_austen_full.txt,0.3692391626455871,0.13678832308092784,-0.23245083956465926,3,False,arthur_conan_doyle
pro,margin_gt_1,f3,1000,4,3000,4000,jane_austen,10,full_books/jane_austen_full.txt,0.45094969745543984,0.27646729700365497,-0.17448240045178487,3,False,arthur_conan_doyle
pro,margin_gt_1,f3,1000,5,4000,5000,jane_austen,10,full_books/jane_austen_full.txt,0.3005173027861986,0.18101264436464035,-0.11950465842155825,4,False,mark_twain
pro,margin_gt_1,f3,1000,1,0,1000,mark_twain,1,gutenberg_texts/74.txt,0.2198461887505245,0.08486959620632521,-0.1349765925441993,3,False,arthur_conan_doyle
pro,margin_gt_1,f3,1000,2,1000,2000,mark_twain,1,gutenberg_texts/74.txt,0.27782624128272937,0.12760558900363847,-0.1502206522790909,2,False,arthur_conan_doyle
pro,margin_gt_1,f3,1000,3,2000,3000,mark_twain,1,gutenberg_texts/74.txt,0.30032297658936585,0.2368811569242468,-0.06344181966511905,2,False,arthur_conan_doyle
pro,margin_gt_1,f3,1000,4,3000,4000,mark_twain,1,gutenberg_texts/74.txt,0.46291936107445913,0.3995671243438826,-0.06335223673057655,2,False,arthur_conan_doyle
pro,margin_gt_1,f3,1000,5,4000,5000,mark_twain,1,gutenberg_texts/74.txt,0.4823513064046504,0.373057085447401,-0.10929422095724939,2,False,arthur_conan_doyle
pro,margin_gt_1,f3,1000,1,0,1000,mark_twain,2,gutenberg_texts/76.txt,0.16987234082483157,0.14789508832083018,-0.0219772525040014,2,False,arthur_conan_doyle
pro,margin_gt_1,f3,1000,2,1000,2000,mark_twain,2,gutenberg_texts/76.txt,0.2566408412243931,0.2684991325241525,0.01185829129975935,1,True,mark_twain
pro,margin_gt_1,f3,1000,3,2000,3000,mark_twain,2,gutenberg_texts/76.txt,0.23169030804930607,0.2390169638392137,0.007326655789907627,1,True,mark_twain
pro,margin_gt_1,f3,1000,4,3000,4000,mark_twain,2,gutenberg_texts/76.txt,0.2798511212775005,0.34517837112685157,0.06532724984935107,1,True,mark_twain
pro,margin_gt_1,f3,1000,5,4000,5000,mark_twain,2,gutenberg_texts/76.txt,0.275971103471683,0.29103207900844835,0.01506097553676533,1,True,mark_twain
pro,margin_gt_1,f3,1000,1,0,1000,mark_twain,3,gutenberg_texts/74.txt,0.24632078070710606,0.06875954422980048,-0.1775612364773056,3,False,arthur_conan_doyle
pro,margin_gt_1,f3,1000,2,1000,2000,mark_twain,3,gutenberg_texts/74.txt,0.2530256605559741,0.13738069894270738,-0.1156449616132667,2,False,arthur_conan_doyle
pro,margin_gt_1,f3,1000,3,2000,3000,mark_twain,3,gutenberg_texts/74.txt,0.23177091675478867,0.14830269623768016,-0.0834682205171085,2,False,arthur_conan_doyle
pro,margin_gt_1,f3,1000,4,3000,4000,mark_twain,3,gutenberg_texts/74.txt,0.2230235610068835,0.18463959944464398,-0.03838396156223953,2,False,arthur_conan_doyle
pro,margin_gt_1,f3,1000,5,4000,5000,mark_twain,3,gutenberg_texts/74.txt,0.2591902774534504,0.16765713898133563,-0.09153313847211478,2,False,arthur_conan_doyle
pro,margin_gt_1,f3,1000,1,0,1000,mark_twain,4,gutenberg_texts/76.txt,0.2966501563622202,0.27898310451313296,-0.017667051849087234,2,False,arthur_conan_doyle
pro,margin_gt_1,f3,1000,2,1000,2000,mark_twain,4,gutenberg_texts/76.txt,0.32154667226507166,0.3877178779571566,0.06617120569208496,1,True,mark_twain
pro,margin_gt_1,f3,1000,3,2000,3000,mark_twain,4,gutenberg_texts/76.txt,0.7450906378001322,0.8950830892067175,0.14999245140658535,1,True,mark_twain
pro,margin_gt_1,f3,1000,4,3000,4000,mark_twain,4,gutenberg_texts/76.txt,0.8585106827140906,0.9742347870663479,0.11572410435225733,1,True,mark_twain
pro,margin_gt_1,f3,1000,5,4000,5000,mark_twain,4,gutenberg_texts/76.txt,0.3430220693690653,0.41381689516695896,0.07079482579789365,1,True,mark_twain
pro,margin_gt_1,f3,1000,1,0,1000,mark_twain,5,gutenberg_texts/74.txt,0.2249069554011826,0.059652175739587004,-0.1652547796615956,2,False,arthur_conan_doyle
pro,margin_gt_1,f3,1000,2,1000,2000,mark_twain,5,gutenberg_texts/74.txt,0.31859212394393177,0.21980879056361424,-0.09878333338031753,2,False,arthur_conan_doyle
pro,margin_gt_1,f3,1000,3,2000,3000,mark_twain,5,gutenberg_texts/74.txt,0.3522315711926713,0.26298893797282535,-0.08924263321984593,2,False,arthur_conan_doyle
pro,margin_gt_1,f3,1000,4,3000,4000,mark_twain,5,gutenberg_texts/74.txt,0.35010254349650327,0.25218152916156106,-0.09792101433494221,2,False,arthur_conan_doyle
pro,margin_gt_1,f3,1000,5,4000,5000,mark_twain,5,gutenberg_texts/74.txt,0.25180474494119337,0.18615191472586115,-0.06565283021533222,2,False,arthur_conan_doyle
pro,margin_gt_1,f3,1000,1,0,1000,mark_twain,6,gutenberg_texts/76.txt,0.2697664838713451,0.28179869926421425,0.012032215392869139,1,True,mark_twain
pro,margin_gt_1,f3,1000,2,1000,2000,mark_twain,6,gutenberg_texts/76.txt,0.27546782170398615,0.2890289484827005,0.01356112677871435,1,True,mark_twain
pro,margin_gt_1,f3,1000,3,2000,3000,mark_twain,6,gutenberg_texts/76.txt,0.28634760968934647,0.28980633840346715,0.0034587287141206735,1,True,mark_twain
pro,margin_gt_1,f3,1000,4,3000,4000,mark_twain,6,gutenberg_texts/76.txt,0.2687084040228328,0.2455923041998716,-0.0231160998229612,2,False,arthur_conan_doyle
pro,margin_gt_1,f3,1000,5,4000,5000,mark_twain,6,gutenberg_texts/76.txt,0.13583712337019657,0.15053612662374777,0.014699003253551196,1,True,mark_twain
pro,margin_gt_1,f3,1000,1,0,1000,mark_twain,7,gutenberg_texts/74.txt,0.24324210810348723,0.08200814214188848,-0.16123396596159875,2,False,arthur_conan_doyle
pro,margin_gt_1,f3,1000,2,1000,2000,mark_twain,7,gutenberg_texts/74.txt,0.2905466937435137,0.15373902053327146,-0.13680767321024226,2,False,arthur_conan_doyle
pro,margin_gt_1,f3,1000,3,2000,3000,mark_twain,7,gutenberg_texts/74.txt,0.24689157540510925,0.21679561439176237,-0.030095961013346884,2,False,arthur_conan_doyle
pro,margin_gt_1,f3,1000,4,3000,4000,mark_twain,7,gutenberg_texts/74.txt,0.2014744408627495,0.15571588351241558,-0.045758557350333906,2,False,arthur_conan_doyle
pro,margin_gt_1,f3,1000,5,4000,5000,mark_twain,7,gutenberg_texts/74.txt,0.15496663686241438,0.12310679942036877,-0.03185983744204561,2,False,arthur_conan_doyle
pro,margin_gt_1,f3,1000,1,0,1000,mark_twain,8,gutenberg_texts/76.txt,0.1491031525824771,0.14920789414568494,0.00010474156320783301,1,True,mark_twain
pro,margin_gt_1,f3,1000,2,1000,2000,mark_twain,8,gutenberg_texts/76.txt,0.30161778718367344,0.3245697224219491,0.022951935238275656,1,True,mark_twain
pro,margin_gt_1,f3,1000,3,2000,3000,mark_twain,8,gutenberg_texts/76.txt,0.27840767899438007,0.3075353203502234,0.029127641355843337,1,True,mark_twain
pro,margin_gt_1,f3,1000,4,3000,4000,mark_twain,8,gutenberg_texts/76.txt,0.26713354443561377,0.3731043045797611,0.10597076014414736,1,True,mark_twain
pro,margin_gt_1,f3,1000,5,4000,5000,mark_twain,8,gutenberg_texts/76.txt,0.4701176568541301,0.5784178123077255,0.10830015545359539,1,True,mark_twain
pro,margin_gt_1,f3,1000,1,0,1000,mark_twain,9,gutenberg_texts/74.txt,0.25371861990861594,0.06040825731798029,-0.19331036259063566,2,False,arthur_conan_doyle
pro,margin_gt_1,f3,1000,2,1000,2000,mark_twain,9,gutenberg_texts/74.txt,0.2058418516422756,0.2243570932570762,0.018515241614800615,1,True,mark_twain
pro,margin_gt_1,f3,1000,3,2000,3000,mark_twain,9,gutenberg_texts/74.txt,0.22384959457805798,0.24078473659581953,0.016935142017761556,1,True,mark_twain
pro,margin_gt_1,f3,1000,4,3000,4000,mark_twain,9,gutenberg_texts/74.txt,0.23932310980551025,0.22384330801960237,-0.015479801785907882,2,False,arthur_conan_doyle
pro,margin_gt_1,f3,1000,5,4000,5000,mark_twain,9,gutenberg_texts/74.txt,0.39441744249113975,0.32684688756301844,-0.0675705549281213,2,False,arthur_conan_doyle
pro,margin_gt_1,f3,1000,1,0,1000,mark_twain,10,gutenberg_texts/76.txt,0.2166595441813945,0.1615159587016279,-0.05514358547976658,2,False,arthur_conan_doyle
pro,margin_gt_1,f3,1000,2,1000,2000,mark_twain,10,gutenberg_texts/76.txt,0.23023158870687413,0.24702387864507316,0.016792289938199034,1,True,mark_twain
pro,margin_gt_1,f3,1000,3,2000,3000,mark_twain,10,gutenberg_texts/76.txt,0.3638618144462706,0.35749687486284515,-0.006364939583425433,2,False,arthur_conan_doyle
pro,margin_gt_1,f3,1000,4,3000,4000,mark_twain,10,gutenberg_texts/76.txt,0.24817890783278607,0.28525308252972753,0.037074174696941464,1,True,mark_twain
pro,margin_gt_1,f3,1000,5,4000,5000,mark_twain,10,gutenberg_texts/76.txt,0.31458090467323596,0.36084943904053124,0.04626853436729528,1,True,mark_twain
pro,margin_gt_1,f3,1000,1,0,1000,mary_shelley,1,gutenberg_texts/84.txt,0.30367837706499107,0.43465027931085826,0.1309719022458672,1,True,mary_shelley
pro,margin_gt_1,f3,1000,2,1000,2000,mary_shelley,1,gutenberg_texts/84.txt,0.32552370024330873,0.3690814070901183,0.04355770684680954,1,True,mary_shelley
pro,margin_gt_1,f3,1000,3,2000,3000,mary_shelley,1,gutenberg_texts/84.txt,0.42703684231629185,0.27946376490579306,-0.1475730774104988,4,False,mark_twain
pro,margin_gt_1,f3,1000,4,3000,4000,mary_shelley,1,gutenberg_texts/84.txt,0.36250182440227335,0.22420654999001716,-0.1382952744122562,4,False,arthur_conan_doyle
pro,margin_gt_1,f3,1000,5,4000,5000,mary_shelley,1,gutenberg_texts/84.txt,0.4131677759810996,0.28797306942455053,-0.12519470655654907,4,False,arthur_conan_doyle
pro,margin_gt_1,f3,1000,1,0,1000,mary_shelley,2,gutenberg_texts/18247.txt,0.10509551824201196,0.11617888304905429,0.01108336480704232,1,True,mary_shelley
pro,margin_gt_1,f3,1000,2,1000,2000,mary_shelley,2,gutenberg_texts/18247.txt,0.11921850249060438,0.20707911843984317,0.08786061594923879,1,True,mary_shelley
pro,margin_gt_1,f3,1000,3,2000,3000,mary_shelley,2,gutenberg_texts/18247.txt,0.2288539266434564,0.19144508411394587,-0.037408842529510544,2,False,arthur_conan_doyle
pro,margin_gt_1,f3,1000,4,3000,4000,mary_shelley,2,gutenberg_texts/18247.txt,0.17542756719685082,0.1881814161171851,0.012753848920334293,1,True,mary_shelley
pro,margin_gt_1,f3,1000,5,4000,5000,mary_shelley,2,gutenberg_texts/18247.txt,0.26266675000941675,0.23273782352286443,-0.02992892648655232,3,False,arthur_conan_doyle
pro,margin_gt_1,f3,1000,1,0,1000,mary_shelley,3,gutenberg_texts/84.txt,0.3692172022507533,0.11272265012395076,-0.2564945521268025,4,False,arthur_conan_doyle
pro,margin_gt_1,f3,1000,2,1000,2000,mary_shelley,3,gutenberg_texts/84.txt,0.32610813514918763,0.1375339256668439,-0.18857420948234374,4,False,arthur_conan_doyle
pro,margin_gt_1,f3,1000,3,2000,3000,mary_shelley,3,gutenberg_texts/84.txt,0.3244993904289541,0.1257856151276834,-0.19871377530127068,4,False,arthur_conan_doyle
pro,margin_gt_1,f3,1000,4,3000,4000,mary_shelley,3,gutenberg_texts/84.txt,0.5033491861177758,0.14737457319778308,-0.3559746129199927,4,False,arthur_conan_doyle
pro,margin_gt_1,f3,1000,5,4000,5000,mary_shelley,3,gutenberg_texts/84.txt,0.43512438759423155,0.26746263616341187,-0.16766175143081968,4,False,mark_twain
pro,margin_gt_1,f3,1000,1,0,1000,mary_shelley,4,gutenberg_texts/18247.txt,0.1678732007276965,0.19483207895915322,0.026958878231456734,1,True,mary_shelley
pro,margin_gt_1,f3,1000,2,1000,2000,mary_shelley,4,gutenberg_texts/18247.txt,0.19123203680729406,0.34991586693663684,0.15868383012934278,1,True,mary_shelley
pro,margin_gt_1,f3,1000,3,2000,3000,mary_shelley,4,gutenberg_texts/18247.txt,0.42792629996277937,0.277214069931763,-0.15071223003101636,3,False,arthur_conan_doyle
pro,margin_gt_1,f3,1000,4,3000,4000,mary_shelley,4,gutenberg_texts/18247.txt,0.6280282755008727,0.6237834129789388,-0.004244862521933901,2,False,mark_twain
pro,margin_gt_1,f3,1000,5,4000,5000,mary_shelley,4,gutenberg_texts/18247.txt,0.6768660750761705,0.6123631050768354,-0.06450296999933502,2,False,mark_twain
pro,margin_gt_1,f3,1000,1,0,1000,mary_shelley,5,gutenberg_texts/84.txt,0.32238782694848844,0.047342230679044355,-0.2750455962694441,4,False,arthur_conan_doyle
pro,margin_gt_1,f3,1000,2,1000,2000,mary_shelley,5,gutenberg_texts/84.txt,0.26484465873462315,0.2994920421611633,0.03464738342654017,1,True,mary_shelley
pro,margin_gt_1,f3,1000,3,2000,3000,mary_shelley,5,gutenberg_texts/84.txt,0.4630688577865388,0.17077181073324563,-0.2922970470532932,4,False,arthur_conan_doyle
pro,margin_gt_1,f3,1000,4,3000,4000,mary_shelley,5,gutenberg_texts/84.txt,0.4739955480391296,0.2463213131197014,-0.22767423491942818,4,False,mark_twain
pro,margin_gt_1,f3,1000,5,4000,5000,mary_shelley,5,gutenberg_texts/84.txt,0.5478950453507833,0.13932126977206097,-0.4085737755787223,4,False,arthur_conan_doyle
pro,margin_gt_1,f3,1000,1,0,1000,mary_shelley,6,gutenberg_texts/18247.txt,0.08674080516669579,0.13645999362903052,0.04971918846233474,1,True,mary_shelley
pro,margin_gt_1,f3,1000,2,1000,2000,mary_shelley,6,gutenberg_texts/18247.txt,0.20980307302379242,0.24029586349877252,0.030492790474980103,1,True,mary_shelley
pro,margin_gt_1,f3,1000,3,2000,3000,mary_shelley,6,gutenberg_texts/18247.txt,0.14536307542094934,0.19935100721072496,0.05398793178977562,1,True,mary_shelley
pro,margin_gt_1,f3,1000,4,3000,4000,mary_shelley,6,gutenberg_texts/18247.txt,0.35733032993319913,0.2692255900082045,-0.08810473992499462,3,False,arthur_conan_doyle
pro,margin_gt_1,f3,1000,5,4000,5000,mary_shelley,6,gutenberg_texts/18247.txt,0.25894822906801657,0.27002848796599244,0.01108025889797587,1,True,mary_shelley
pro,margin_gt_1,f3,1000,1,0,1000,mary_shelley,7,gutenberg_texts/84.txt,0.30765075196998254,0.19116032491601306,-0.11649042705396948,4,False,arthur_conan_doyle
pro,margin_gt_1,f3,1000,2,1000,2000,mary_shelley,7,gutenberg_texts/84.txt,0.320574731281839,0.17916457191220522,-0.14141015936963378,4,False,mark_twain
pro,margin_gt_1,f3,1000,3,2000,3000,mary_shelley,7,gutenberg_texts/84.txt,0.4277299872284139,0.11906300365281137,-0.3086669835756025,4,False,arthur_conan_doyle
pro,margin_gt_1,f3,1000,4,3000,4000,mary_shelley,7,gutenberg_texts/84.txt,0.43737353152876884,0.17695177942709375,-0.26042175210167506,4,False,mark_twain
pro,margin_gt_1,f3,1000,5,4000,5000,mary_shelley,7,gutenberg_texts/84.txt,0.6697805694639206,0.28329433589121666,-0.38648623357270395,4,False,arthur_conan_doyle
pro,margin_gt_1,f3,1000,1,0,1000,mary_shelley,8,gutenberg_texts/18247.txt,0.08114199665957605,0.15585943149735634,0.07471743483778029,1,True,mary_shelley
pro,margin_gt_1,f3,1000,2,1000,2000,mary_shelley,8,gutenberg_texts/18247.txt,0.121128775507631,0.19310863596281422,0.07197986045518322,1,True,mary_shelley
pro,margin_gt_1,f3,1000,3,2000,3000,mary_shelley,8,gutenberg_texts/18247.txt,0.4224627779838366,0.41500779301511986,-0.007454984968716716,2,False,mark_twain
pro,margin_gt_1,f3,1000,4,3000,4000,mary_shelley,8,gutenberg_texts/18247.txt,0.37426248512736954,0.33889828391286647,-0.035364201214503066,3,False,mark_twain
pro,margin_gt_1,f3,1000,5,4000,5000,mary_shelley,8,gutenberg_texts/18247.txt,0.2759128006756649,0.29843065483205744,0.022517854156392514,1,True,mary_shelley
pro,margin_gt_1,f3,1000,1,0,1000,mary_shelley,9,gutenberg_texts/84.txt,0.35986411732118956,0.17151547082150573,-0.18834864649968383,4,False,arthur_conan_doyle
pro,margin_gt_1,f3,1000,2,1000,2000,mary_shelley,9,gutenberg_texts/84.txt,0.5042166871940824,0.19798561903851167,-0.3062310681555708,4,False,arthur_conan_doyle
pro,margin_gt_1,f3,1000,3,2000,3000,mary_shelley,9,gutenberg_texts/84.txt,0.4821022635990841,0.12686300240638193,-0.35523926119270216,4,False,arthur_conan_doyle
pro,margin_gt_1,f3,1000,4,3000,4000,mary_shelley,9,gutenberg_texts/84.txt,0.5218082005628464,0.19526954908856564,-0.32653865147428074,4,False,arthur_conan_doyle
pro,margin_gt_1,f3,1000,5,4000,5000,mary_shelley,9,gutenberg_texts/84.txt,0.6141220712203881,0.24996746757763796,-0.3641546036427501,4,False,arthur_conan_doyle
pro,margin_gt_1,f3,1000,1,0,1000,mary_shelley,10,gutenberg_texts/18247.txt,0.17868888476818892,0.1354765130492461,-0.04321237171894282,3,False,arthur_conan_doyle
pro,margin_gt_1,f3,1000,2,1000,2000,mary_shelley,10,gutenberg_texts/18247.txt,0.31606959376563926,0.12683916904583825,-0.189230424719801,4,False,arthur_conan_doyle
pro,margin_gt_1,f3,1000,3,2000,3000,mary_shelley,10,gutenberg_texts/18247.txt,0.27866048066149657,0.1362028958750651,-0.14245758478643147,4,False,arthur_conan_doyle
pro,margin_gt_1,f3,1000,4,3000,4000,mary_shelley,10,gutenberg_texts/18247.txt,0.16066682554970976,0.16037289804747168,-0.00029392750223808384,2,False,mark_twain
pro,margin_gt_1,f3,1000,5,4000,5000,mary_shelley,10,gutenberg_texts/18247.txt,0.33270097165961865,0.30740457740153004,-0.025296394258088606,3,False,mark_twain
